platform,record_a,record_b,match_type,breakdown
BBM,BBM:F002025,BBM:F002026,similar,06
BBM,BBM:F002042,BBM:F002045,strict,06
BBM,BBM:F002058,BBM:F002059,similar,06
BBM,BBM:F002069,BBM:F002072,similar,06
BBM,BBM:F002076,BBM:F002078,similar,06
BBM,BBM:F002084,BBM:F002088,similar,06
BBM,BBM:F012426,BBM:F012429,similar,06
BBM,BBM:F012426,BBM:F012430,similar,06
BBM,BBM:F012426,BBM:F013243,similar,06
BBM,BBM:F012429,BBM:F012430,similar,06
BBM,BBM:F012429,BBM:F013243,similar,06
BBM,BBM:F012430,BBM:F013243,similar,06
BBM,BBM:F000003,BBM:F021720,similar,06
BBM,BBM:F000003,BBM:F021791,similar,06
BBM,BBM:F021720,BBM:F021791,similar,06
BBM,BBM:F004663,BBM:F004664,strict,06
BBM,BBM:F004663,BBM:F004665,strict,06
BBM,BBM:F004664,BBM:F004665,strict,06
BBM,BBM:F004668,BBM:F010049,similar,06
BBM,BBM:F004671,BBM:F004673,strict,06
BBM,BBM:F004678,BBM:F004679,strict,06
BBM,BBM:F004682,BBM:F004683,strict,06
BBM,BBM:F004684,BBM:F004685,strict,06
BBM,BBM:F004689,BBM:F004692,similar,06
BBM,BBM:F004690,BBM:F004691,strict,06
BBM,BBM:F010019,BBM:F010020,strict,06
BBM,BBM:F010019,BBM:F010021,strict,06
BBM,BBM:F010019,BBM:F010022,strict,06
BBM,BBM:F010020,BBM:F010021,strict,06
BBM,BBM:F010020,BBM:F010022,strict,06
BBM,BBM:F010021,BBM:F010022,strict,06
BBM,BBM:F013449,BBM:F013450,strict,06
BBM,BBM:F013449,BBM:F013451,strict,06
BBM,BBM:F013449,BBM:F013452,strict,06
BBM,BBM:F013450,BBM:F013451,strict,06
BBM,BBM:F013450,BBM:F013452,strict,06
BBM,BBM:F013451,BBM:F013452,strict,06
BBM,BBM:F013473,BBM:F013474,strict,06
BBM,BBM:F013862,BBM:F013863,similar,06
BBM,BBM:F013862,BBM:F028551,similar,06
BBM,BBM:F013863,BBM:F028551,similar,06
BBM,BBM:F016920,BBM:F021255,similar,06
BBM,BBM:F018363,BBM:F021817,similar,06
BBM,BBM:F021403,BBM:F021459,strict,06
BBM,BBM:F032937,BBM:F032990,strict,06
BBM,BBM:F005850,BBM:F005855,similar,06
BBM,BBM:F005850,BBM:F005859,similar,06
BBM,BBM:F005855,BBM:F005859,similar,06
BBM,BBM:F005883,BBM:F005885,similar,06
BBM,BBM:F005889,BBM:F005892,similar,06
BBM,BBM:F005890,BBM:F005897,similar,06
BBM,BBM:F002981,BBM:F002985,strict,06
BBM,BBM:F015944,BBM:F016006,similar,06
BBM,BBM:F015944,BBM:F016024,similar,06
BBM,BBM:F016006,BBM:F016024,similar,06
BBM,BBM:F030368,BBM:F030369,strict,06
BBM,BBM:F030510,BBM:F030594,similar,06
BBM,BBM:F030593,BBM:F033116,strict,06
BBM,BBM:F012346,BBM:F012348,strict,06
BBM,BBM:F000945,BBM:F000966,similar,06
BBM,BBM:F000945,BBM:F010173,similar,06
BBM,BBM:F000966,BBM:F010173,similar,06
BBM,BBM:F002511,BBM:F004729,similar,06
BBM,BBM:F004731,BBM:F004741,similar,06
BBM,BBM:F004732,BBM:F034110,similar,06
BBM,BBM:F004742,BBM:F004743,strict,06
BBM,BBM:F004753,BBM:F034379,similar,06
BBM,BBM:F004753,BBM:F034805,similar,06
BBM,BBM:F004753,BBM:F035185,similar,06
BBM,BBM:F034379,BBM:F034805,similar,06
BBM,BBM:F034379,BBM:F035185,similar,06
BBM,BBM:F034805,BBM:F035185,similar,06
BBM,BBM:F004755,BBM:F004758,similar,06
BBM,BBM:F004755,BBM:F004759,similar,06
BBM,BBM:F004758,BBM:F004759,similar,06
BBM,BBM:F013203,BBM:F034006,similar,06
BBM,BBM:F013203,BBM:F034007,similar,06
BBM,BBM:F034006,BBM:F034007,similar,06
BBM,BBM:F024155,BBM:F024778,similar,06
BBM,BBM:F026797,BBM:F027304,similar,06
BBM,BBM:F000012,BBM:F000013,similar,06
BBM,BBM:F000012,BBM:F000014,similar,06
BBM,BBM:F000013,BBM:F000014,similar,06
BBM,BBM:F005477,BBM:F021952,strict,06
BBM,BBM:F005491,BBM:F005494,strict,06
BBM,BBM:F005492,BBM:F005493,strict,06
BBM,BBM:F005500,BBM:F005501,strict,06
BBM,BBM:F021946,BBM:F021947,strict,06
BBM,BBM:F021946,BBM:F021948,strict,06
BBM,BBM:F021947,BBM:F021948,strict,06
BBM,BBM:F021960,BBM:F021961,similar,06
BBM,BBM:F021960,BBM:F021964,similar,06
BBM,BBM:F021961,BBM:F021964,similar,06
BBM,BBM:F021967,BBM:F021968,strict,06
BBM,BBM:F024482,BBM:F034722,similar,06
BBM,BBM:F024482,BBM:F034847,similar,06
BBM,BBM:F034722,BBM:F034847,similar,06
mo,MO:204760,MO:226534,similar,06
mo,MO:204760,MO:285455,similar,06
mo,MO:226534,MO:285455,similar,06
BBM,BBM:F000017,BBM:F000018,strict,06
BBM,BBM:F000017,BBM:F000019,strict,06
BBM,BBM:F000018,BBM:F000019,strict,06
BBM,BBM:F000021,BBM:F000022,similar,06
BBM,BBM:F000024,BBM:F000025,strict,06
BBM,BBM:F000026,BBM:F012388,similar,06
BBM,BBM:F000460,BBM:F000461,strict,06
BBM,BBM:F000462,BBM:F005583,similar,06
BBM,BBM:F000466,BBM:F013748,similar,06
BBM,BBM:F000469,BBM:F000470,similar,06
BBM,BBM:F000469,BBM:F000482,similar,06
BBM,BBM:F000470,BBM:F000482,similar,06
BBM,BBM:F000471,BBM:F000475,strict,06
BBM,BBM:F000471,BBM:F000480,strict,06
BBM,BBM:F000475,BBM:F000480,strict,06
BBM,BBM:F000472,BBM:F000478,strict,06
BBM,BBM:F000474,BBM:F000477,similar,06
BBM,BBM:F005513,BBM:F005514,strict,06
BBM,BBM:F005513,BBM:F005515,strict,06
BBM,BBM:F005513,BBM:F005528,strict,06
BBM,BBM:F005514,BBM:F005515,strict,06
BBM,BBM:F005514,BBM:F005528,strict,06
BBM,BBM:F005515,BBM:F005528,strict,06
BBM,BBM:F005523,BBM:F005531,similar,06
BBM,BBM:F005534,BBM:F005535,similar,06
BBM,BBM:F005538,BBM:F005539,similar,06
BBM,BBM:F005538,BBM:F005541,similar,06
BBM,BBM:F005538,BBM:F005542,similar,06
BBM,BBM:F005539,BBM:F005541,similar,06
BBM,BBM:F005539,BBM:F005542,similar,06
BBM,BBM:F005541,BBM:F005542,similar,06
BBM,BBM:F005543,BBM:F005544,similar,06
BBM,BBM:F005547,BBM:F005550,similar,06
BBM,BBM:F005547,BBM:F035013,similar,06
BBM,BBM:F005550,BBM:F035013,similar,06
BBM,BBM:F005549,BBM:F005552,similar,06
BBM,BBM:F005549,BBM:F005562,similar,06
BBM,BBM:F005549,BBM:F005564,similar,06
BBM,BBM:F005549,BBM:F005567,similar,06
BBM,BBM:F005549,BBM:F005569,similar,06
BBM,BBM:F005552,BBM:F005562,similar,06
BBM,BBM:F005552,BBM:F005564,similar,06
BBM,BBM:F005552,BBM:F005567,similar,06
BBM,BBM:F005552,BBM:F005569,similar,06
BBM,BBM:F005562,BBM:F005564,similar,06
BBM,BBM:F005562,BBM:F005567,similar,06
BBM,BBM:F005562,BBM:F005569,similar,06
BBM,BBM:F005564,BBM:F005567,similar,06
BBM,BBM:F005564,BBM:F005569,similar,06
BBM,BBM:F005567,BBM:F005569,similar,06
BBM,BBM:F005553,BBM:F005585,similar,06
BBM,BBM:F005553,BBM:F005586,similar,06
BBM,BBM:F005585,BBM:F005586,similar,06
BBM,BBM:F005554,BBM:F005561,similar,06
BBM,BBM:F005555,BBM:F005557,similar,06
BBM,BBM:F005556,BBM:F005560,similar,06
BBM,BBM:F005558,BBM:F005579,similar,06
BBM,BBM:F005568,BBM:F005575,similar,06
BBM,BBM:F005568,BBM:F035297,similar,06
BBM,BBM:F005575,BBM:F035297,similar,06
BBM,BBM:F005570,BBM:F005581,strict,06
BBM,BBM:F005572,BBM:F005582,strict,06
BBM,BBM:F005574,BBM:F005576,similar,06
BBM,BBM:F005574,BBM:F005584,similar,06
BBM,BBM:F005576,BBM:F005584,similar,06
BBM,BBM:F005597,BBM:F028658,similar,06
BBM,BBM:F005609,BBM:F005610,strict,06
BBM,BBM:F005612,BBM:F005619,strict,06
BBM,BBM:F005614,BBM:F005663,similar,06
BBM,BBM:F005615,BBM:F035607,similar,06
BBM,BBM:F005617,BBM:F005631,similar,06
BBM,BBM:F005617,BBM:F005632,similar,06
BBM,BBM:F005631,BBM:F005632,similar,06
BBM,BBM:F005618,BBM:F005621,similar,06
BBM,BBM:F005618,BBM:F005622,similar,06
BBM,BBM:F005618,BBM:F005624,similar,06
BBM,BBM:F005618,BBM:F005651,similar,06
BBM,BBM:F005618,BBM:F005652,similar,06
BBM,BBM:F005618,BBM:F005653,similar,06
BBM,BBM:F005618,BBM:F013424,similar,06
BBM,BBM:F005618,BBM:F013426,similar,06
BBM,BBM:F005621,BBM:F005622,similar,06
BBM,BBM:F005621,BBM:F005624,similar,06
BBM,BBM:F005621,BBM:F005651,similar,06
BBM,BBM:F005621,BBM:F005652,similar,06
BBM,BBM:F005621,BBM:F005653,similar,06
BBM,BBM:F005621,BBM:F013424,similar,06
BBM,BBM:F005621,BBM:F013426,similar,06
BBM,BBM:F005622,BBM:F005624,similar,06
BBM,BBM:F005622,BBM:F005651,similar,06
BBM,BBM:F005622,BBM:F005652,similar,06
BBM,BBM:F005622,BBM:F005653,similar,06
BBM,BBM:F005622,BBM:F013424,similar,06
BBM,BBM:F005622,BBM:F013426,similar,06
BBM,BBM:F005624,BBM:F005651,similar,06
BBM,BBM:F005624,BBM:F005652,similar,06
BBM,BBM:F005624,BBM:F005653,similar,06
BBM,BBM:F005624,BBM:F013424,similar,06
BBM,BBM:F005624,BBM:F013426,similar,06
BBM,BBM:F005651,BBM:F005652,similar,06
BBM,BBM:F005651,BBM:F005653,similar,06
BBM,BBM:F005651,BBM:F013424,similar,06
BBM,BBM:F005651,BBM:F013426,similar,06
BBM,BBM:F005652,BBM:F005653,similar,06
BBM,BBM:F005652,BBM:F013424,similar,06
BBM,BBM:F005652,BBM:F013426,similar,06
BBM,BBM:F005653,BBM:F013424,similar,06
BBM,BBM:F005653,BBM:F013426,similar,06
BBM,BBM:F013424,BBM:F013426,similar,06
BBM,BBM:F005626,BBM:F005638,similar,06
BBM,BBM:F005629,BBM:F005645,strict,06
BBM,BBM:F005630,BBM:F013430,similar,06
BBM,BBM:F005636,BBM:F005657,similar,06
BBM,BBM:F005639,BBM:F005641,strict,06
BBM,BBM:F005639,BBM:F005643,strict,06
BBM,BBM:F005641,BBM:F005643,strict,06
BBM,BBM:F005640,BBM:F005648,strict,06
BBM,BBM:F005640,BBM:F005649,strict,06
BBM,BBM:F005648,BBM:F005649,strict,06
BBM,BBM:F005642,BBM:F005650,strict,06
BBM,BBM:F005644,BBM:F005647,similar,06
BBM,BBM:F005644,BBM:F005654,similar,06
BBM,BBM:F005647,BBM:F005654,similar,06
BBM,BBM:F005666,BBM:F005667,similar,06
BBM,BBM:F005666,BBM:F005668,similar,06
BBM,BBM:F005666,BBM:F005669,similar,06
BBM,BBM:F005667,BBM:F005668,similar,06
BBM,BBM:F005667,BBM:F005669,similar,06
BBM,BBM:F005668,BBM:F005669,similar,06
BBM,BBM:F005671,BBM:F005673,strict,06
BBM,BBM:F005677,BBM:F005679,similar,06
BBM,BBM:F011852,BBM:F011855,strict,06
BBM,BBM:F011857,BBM:F034688,similar,06
BBM,BBM:F011857,BBM:F035315,similar,06
BBM,BBM:F034688,BBM:F035315,similar,06
BBM,BBM:F011859,BBM:F012306,similar,06
BBM,BBM:F011859,BBM:F013761,similar,06
BBM,BBM:F011859,BBM:F013762,similar,06
BBM,BBM:F012306,BBM:F013761,similar,06
BBM,BBM:F012306,BBM:F013762,similar,06
BBM,BBM:F013761,BBM:F013762,similar,06
BBM,BBM:F012196,BBM:F012198,similar,06
BBM,BBM:F012196,BBM:F012202,similar,06
BBM,BBM:F012198,BBM:F012202,similar,06
BBM,BBM:F012197,BBM:F012199,strict,06
BBM,BBM:F012305,BBM:F012307,strict,06
BBM,BBM:F012320,BBM:F012337,similar,06
BBM,BBM:F012330,BBM:F012331,strict,06
BBM,BBM:F012926,BBM:F013441,strict,06
BBM,BBM:F013432,BBM:F013433,similar,06
BBM,BBM:F013434,BBM:F013435,similar,06
BBM,BBM:F013434,BBM:F013760,similar,06
BBM,BBM:F013435,BBM:F013760,similar,06
BBM,BBM:F013438,BBM:F013439,similar,06
BBM,BBM:F013438,BBM:F013440,similar,06
BBM,BBM:F013439,BBM:F013440,similar,06
BBM,BBM:F013443,BBM:F013444,similar,06
BBM,BBM:F013443,BBM:F013777,similar,06
BBM,BBM:F013444,BBM:F013777,similar,06
BBM,BBM:F013445,BBM:F013700,similar,06
BBM,BBM:F013445,BBM:F013701,similar,06
BBM,BBM:F013445,BBM:F013771,similar,06
BBM,BBM:F013445,BBM:F013772,similar,06
BBM,BBM:F013445,BBM:F013773,similar,06
BBM,BBM:F013445,BBM:F013774,similar,06
BBM,BBM:F013700,BBM:F013701,similar,06
BBM,BBM:F013700,BBM:F013771,similar,06
BBM,BBM:F013700,BBM:F013772,similar,06
BBM,BBM:F013700,BBM:F013773,similar,06
BBM,BBM:F013700,BBM:F013774,similar,06
BBM,BBM:F013701,BBM:F013771,similar,06
BBM,BBM:F013701,BBM:F013772,similar,06
BBM,BBM:F013701,BBM:F013773,similar,06
BBM,BBM:F013701,BBM:F013774,similar,06
BBM,BBM:F013771,BBM:F013772,similar,06
BBM,BBM:F013771,BBM:F013773,similar,06
BBM,BBM:F013771,BBM:F013774,similar,06
BBM,BBM:F013772,BBM:F013773,similar,06
BBM,BBM:F013772,BBM:F013774,similar,06
BBM,BBM:F013773,BBM:F013774,similar,06
BBM,BBM:F013446,BBM:F013704,similar,06
BBM,BBM:F013448,BBM:F013787,similar,06
BBM,BBM:F013453,BBM:F013454,strict,06
BBM,BBM:F013463,BBM:F013464,strict,06
BBM,BBM:F013463,BBM:F013794,strict,06
BBM,BBM:F013463,BBM:F013795,strict,06
BBM,BBM:F013464,BBM:F013794,strict,06
BBM,BBM:F013464,BBM:F013795,strict,06
BBM,BBM:F013794,BBM:F013795,strict,06
BBM,BBM:F013465,BBM:F013796,strict,06
BBM,BBM:F013466,BBM:F013467,strict,06
BBM,BBM:F013466,BBM:F013468,strict,06
BBM,BBM:F013467,BBM:F013468,strict,06
BBM,BBM:F013476,BBM:F013478,similar,06
BBM,BBM:F013705,BBM:F028643,similar,06
BBM,BBM:F013743,BBM:F013744,similar,06
BBM,BBM:F013751,BBM:F013752,strict,06
BBM,BBM:F013775,BBM:F015208,strict,06
BBM,BBM:F013797,BBM:F013798,strict,06
BBM,BBM:F013804,BBM:F013805,strict,06
BBM,BBM:F013823,BBM:F013825,similar,06
BBM,BBM:F013826,BBM:F013909,strict,06
BBM,BBM:F013826,BBM:F013911,strict,06
BBM,BBM:F013909,BBM:F013911,strict,06
BBM,BBM:F024176,BBM:F024863,similar,06
BBM,BBM:F024963,BBM:F027698,similar,06
mo,MO:87050,MO:88596,strict,06
BBM,BBM:F026509,BBM:F029675,similar,06
BBM,BBM:F026702,BBM:F026703,strict,06
BBM,BBM:F026717,BBM:F027248,similar,06
BBM,BBM:F026717,BBM:F027354,similar,06
BBM,BBM:F027248,BBM:F027354,similar,06
BBM,BBM:F028510,BBM:F028566,similar,06
BBM,BBM:F028511,BBM:F028638,similar,06
BBM,BBM:F028523,BBM:F028617,similar,06
BBM,BBM:F028523,BBM:F028622,similar,06
BBM,BBM:F028617,BBM:F028622,similar,06
BBM,BBM:F028528,BBM:F028580,similar,06
BBM,BBM:F028530,BBM:F028582,similar,06
BBM,BBM:F028530,BBM:F028586,similar,06
BBM,BBM:F028530,BBM:F028678,similar,06
BBM,BBM:F028530,BBM:F028682,similar,06
BBM,BBM:F028530,BBM:F028688,similar,06
BBM,BBM:F028530,BBM:F028695,similar,06
BBM,BBM:F028582,BBM:F028586,similar,06
BBM,BBM:F028582,BBM:F028678,similar,06
BBM,BBM:F028582,BBM:F028682,similar,06
BBM,BBM:F028582,BBM:F028688,similar,06
BBM,BBM:F028582,BBM:F028695,similar,06
BBM,BBM:F028586,BBM:F028678,similar,06
BBM,BBM:F028586,BBM:F028682,similar,06
BBM,BBM:F028586,BBM:F028688,similar,06
BBM,BBM:F028586,BBM:F028695,similar,06
BBM,BBM:F028678,BBM:F028682,similar,06
BBM,BBM:F028678,BBM:F028688,similar,06
BBM,BBM:F028678,BBM:F028695,similar,06
BBM,BBM:F028682,BBM:F028688,similar,06
BBM,BBM:F028682,BBM:F028695,similar,06
BBM,BBM:F028688,BBM:F028695,similar,06
BBM,BBM:F028541,BBM:F028542,strict,06
BBM,BBM:F028585,BBM:F028587,similar,06
BBM,BBM:F028588,BBM:F028689,similar,06
BBM,BBM:F028591,BBM:F028592,similar,06
BBM,BBM:F028610,BBM:F028612,similar,06
BBM,BBM:F028618,BBM:F028620,similar,06
BBM,BBM:F028618,BBM:F028621,similar,06
BBM,BBM:F028620,BBM:F028621,similar,06
BBM,BBM:F028629,BBM:F028630,similar,06
BBM,BBM:F028637,BBM:F028680,similar,06
BBM,BBM:F028653,BBM:F028681,similar,06
BBM,BBM:F028656,BBM:F028657,similar,06
BBM,BBM:F028656,BBM:F028683,similar,06
BBM,BBM:F028657,BBM:F028683,similar,06
BBM,BBM:F028674,BBM:F028676,similar,06
BBM,BBM:F028674,BBM:F028677,similar,06
BBM,BBM:F028676,BBM:F028677,similar,06
BBM,BBM:F028686,BBM:F028687,similar,06
BBM,BBM:F029040,BBM:F029057,similar,06
BBM,BBM:F029201,BBM:F029551,similar,06
BBM,BBM:F031455,BBM:F031636,similar,06
mo,MO:238405,MO:264931,similar,06
BBM,BBM:F007523,BBM:F007524,strict,06
BBM,BBM:F005130,BBM:F016565,similar,06
BBM,BBM:F007859,BBM:F007860,strict,06
BBM,BBM:F007873,BBM:F007874,strict,06
BBM,BBM:F013173,BBM:F013179,similar,06
BBM,BBM:F013183,BBM:F013215,similar,06
BBM,BBM:F013330,BBM:F013349,similar,06
BBM,BBM:F013330,BBM:F013350,similar,06
BBM,BBM:F013349,BBM:F013350,similar,06
BBM,BBM:F013657,BBM:F013659,similar,06
BBM,BBM:F013952,BBM:F013981,similar,06
BBM,BBM:F014619,BBM:F021691,similar,06
BBM,BBM:F014843,BBM:F014851,similar,06
BBM,BBM:F014843,BBM:F014852,similar,06
BBM,BBM:F014851,BBM:F014852,similar,06
BBM,BBM:F014884,BBM:F014900,similar,06
BBM,BBM:F014884,BBM:F034212,similar,06
BBM,BBM:F014900,BBM:F034212,similar,06
BBM,BBM:F015075,BBM:F015076,strict,06
BBM,BBM:F015641,BBM:F015663,similar,06
BBM,BBM:F015641,BBM:F015758,similar,06
BBM,BBM:F015663,BBM:F015758,similar,06
BBM,BBM:F015699,BBM:F015709,similar,06
BBM,BBM:F015699,BBM:F015777,similar,06
BBM,BBM:F015699,BBM:F015796,similar,06
BBM,BBM:F015709,BBM:F015777,similar,06
BBM,BBM:F015709,BBM:F015796,similar,06
BBM,BBM:F015777,BBM:F015796,similar,06
BBM,BBM:F015794,BBM:F015795,strict,06
BBM,BBM:F016604,BBM:F030765,similar,06
BBM,BBM:F018317,BBM:F018318,strict,06
BBM,BBM:F020617,BBM:F021090,similar,06
BBM,BBM:F020634,BBM:F020671,similar,06
BBM,BBM:F020634,BBM:F020931,similar,06
BBM,BBM:F020634,BBM:F021081,similar,06
BBM,BBM:F020671,BBM:F020931,similar,06
BBM,BBM:F020671,BBM:F021081,similar,06
BBM,BBM:F020931,BBM:F021081,similar,06
BBM,BBM:F020643,BBM:F020799,similar,06
BBM,BBM:F020684,BBM:F020689,similar,06
BBM,BBM:F020684,BBM:F021074,similar,06
BBM,BBM:F020689,BBM:F021074,similar,06
BBM,BBM:F020816,BBM:F020933,similar,06
BBM,BBM:F021097,BBM:F021124,strict,06
BBM,BBM:F021137,BBM:F021197,strict,06
BBM,BBM:F021285,BBM:F021794,similar,06
BBM,BBM:F021285,BBM:F022189,similar,06
BBM,BBM:F021794,BBM:F022189,similar,06
BBM,BBM:F021478,BBM:F021479,strict,06
BBM,BBM:F021569,BBM:F021692,similar,06
BBM,BBM:F021650,BBM:F021747,similar,06
BBM,BBM:F022390,BBM:F022427,similar,06
BBM,BBM:F022617,BBM:F022619,similar,06
BBM,BBM:F022617,BBM:F022633,similar,06
BBM,BBM:F022619,BBM:F022633,similar,06
BBM,BBM:F030645,BBM:F030803,similar,06
mo,MO:185352,MO:285079,similar,06
BBM,BBM:F000029,BBM:F012056,similar,06
BBM,BBM:F001397,BBM:F008166,similar,06
BBM,BBM:F008146,BBM:F034107,similar,06
BBM,BBM:F008150,BBM:F008151,strict,06
BBM,BBM:F008170,BBM:F035545,similar,06
BBM,BBM:F010204,BBM:F010205,strict,06
BBM,BBM:F015002,BBM:F034945,similar,06
BBM,BBM:F015002,BBM:F035632,similar,06
BBM,BBM:F034945,BBM:F035632,similar,06
BBM,BBM:F016234,BBM:F016240,similar,06
BBM,BBM:F016234,BBM:F034820,similar,06
BBM,BBM:F016240,BBM:F034820,similar,06
BBM,BBM:F020614,BBM:F020619,strict,06
BBM,BBM:F021215,BBM:F021323,similar,06
BBM,BBM:F022119,BBM:F027583,similar,06
BBM,BBM:F024605,BBM:F034637,similar,06
BBM,BBM:F024605,BBM:F035403,similar,06
BBM,BBM:F024605,BBM:F035486,similar,06
BBM,BBM:F024605,BBM:F035490,similar,06
BBM,BBM:F034637,BBM:F035403,similar,06
BBM,BBM:F034637,BBM:F035486,similar,06
BBM,BBM:F034637,BBM:F035490,similar,06
BBM,BBM:F035403,BBM:F035486,similar,06
BBM,BBM:F035403,BBM:F035490,similar,06
BBM,BBM:F035486,BBM:F035490,similar,06
BBM,BBM:F024663,BBM:F024686,similar,06
BBM,BBM:F024663,BBM:F035242,similar,06
BBM,BBM:F024663,BBM:F035285,similar,06
BBM,BBM:F024663,BBM:F035568,similar,06
BBM,BBM:F024663,BBM:F035615,similar,06
BBM,BBM:F024686,BBM:F035242,similar,06
BBM,BBM:F024686,BBM:F035285,similar,06
BBM,BBM:F024686,BBM:F035568,similar,06
BBM,BBM:F024686,BBM:F035615,similar,06
BBM,BBM:F035242,BBM:F035285,similar,06
BBM,BBM:F035242,BBM:F035568,similar,06
BBM,BBM:F035242,BBM:F035615,similar,06
BBM,BBM:F035285,BBM:F035568,similar,06
BBM,BBM:F035285,BBM:F035615,similar,06
BBM,BBM:F035568,BBM:F035615,similar,06
BBM,BBM:F025273,BBM:F035263,similar,06
BBM,BBM:F025273,BBM:F035588,similar,06
BBM,BBM:F035263,BBM:F035588,similar,06
BBM,BBM:F026137,BBM:F026193,similar,06
BBM,BBM:F027018,BBM:F027125,similar,06
BBM,BBM:F027018,BBM:F027227,similar,06
BBM,BBM:F027125,BBM:F027227,similar,06
BBM,BBM:F028895,BBM:F028904,similar,06
BBM,BBM:F029302,BBM:F029366,similar,06
BBM,BBM:F029302,BBM:F029459,similar,06
BBM,BBM:F029302,BBM:F029499,similar,06
BBM,BBM:F029302,BBM:F029655,similar,06
BBM,BBM:F029366,BBM:F029459,similar,06
BBM,BBM:F029366,BBM:F029499,similar,06
BBM,BBM:F029366,BBM:F029655,similar,06
BBM,BBM:F029459,BBM:F029499,similar,06
BBM,BBM:F029459,BBM:F029655,similar,06
BBM,BBM:F029499,BBM:F029655,similar,06
BBM,BBM:F029398,BBM:F029556,similar,06
BBM,BBM:F029486,BBM:F029495,similar,06
BBM,BBM:F029486,BBM:F029496,similar,06
BBM,BBM:F029495,BBM:F029496,similar,06
BBM,BBM:F029487,BBM:F029497,similar,06
BBM,BBM:F029498,BBM:F029637,similar,06
BBM,BBM:F029498,BBM:F029654,similar,06
BBM,BBM:F029637,BBM:F029654,similar,06
BBM,BBM:F029799,BBM:F029917,similar,06
BBM,BBM:F029799,BBM:F029953,similar,06
BBM,BBM:F029917,BBM:F029953,similar,06
BBM,BBM:F029839,BBM:F029988,similar,06
BBM,BBM:F029871,BBM:F029933,similar,06
BBM,BBM:F031039,BBM:F031040,strict,06
BBM,BBM:F031477,BBM:F031552,similar,06
BBM,BBM:F031786,BBM:F031824,similar,06
BBM,BBM:F032197,BBM:F032235,similar,06
BBM,BBM:F033265,BBM:F033282,similar,06
BBM,BBM:F033526,BBM:F033527,strict,06
mo,MO:261317,MO:262397,similar,06
mo,MO:261317,MO:262707,similar,06
mo,MO:262397,MO:262707,similar,06
mo,MO:261556,MO:263310,similar,06
mo,MO:387882,MO:387891,strict,06
mo,MO:387882,MO:387970,strict,06
mo,MO:387882,MO:387973,strict,06
mo,MO:387882,MO:387982,strict,06
mo,MO:387891,MO:387970,strict,06
mo,MO:387891,MO:387973,strict,06
mo,MO:387891,MO:387982,strict,06
mo,MO:387970,MO:387973,strict,06
mo,MO:387970,MO:387982,strict,06
mo,MO:387973,MO:387982,strict,06
BBM,BBM:F008180,BBM:F033737,similar,06
BBM,BBM:F008180,BBM:F034674,similar,06
BBM,BBM:F033737,BBM:F034674,similar,06
BBM,BBM:F008186,BBM:F008188,similar,06
BBM,BBM:F008186,BBM:F008189,similar,06
BBM,BBM:F008188,BBM:F008189,similar,06
BBM,BBM:F015241,BBM:F015308,strict,06
BBM,BBM:F015966,BBM:F035413,similar,06
BBM,BBM:F020650,BBM:F020678,similar,06
BBM,BBM:F020650,BBM:F020921,similar,06
BBM,BBM:F020678,BBM:F020921,similar,06
BBM,BBM:F022127,BBM:F022128,similar,06
BBM,BBM:F022607,BBM:F022632,similar,06
BBM,BBM:F022607,BBM:F022635,similar,06
BBM,BBM:F022632,BBM:F022635,similar,06
BBM,BBM:F022654,BBM:F022706,similar,06
BBM,BBM:F027096,BBM:F027229,similar,06
BBM,BBM:F028970,BBM:F033084,similar,06
BBM,BBM:F029800,BBM:F029918,similar,06
BBM,BBM:F033389,BBM:F033430,similar,06
mo,MO:244554,MO:260890,similar,06
BBM,BBM:F008473,BBM:F008475,similar,06
mo,MO:234913,MO:244282,similar,06
BBM,BBM:F000625,BBM:F035330,similar,06
BBM,BBM:F000625,BBM:F035598,similar,06
BBM,BBM:F000625,BBM:F035669,similar,06
BBM,BBM:F035330,BBM:F035598,similar,06
BBM,BBM:F035330,BBM:F035669,similar,06
BBM,BBM:F035598,BBM:F035669,similar,06
BBM,BBM:F008763,BBM:F008764,strict,06
BBM,BBM:F008763,BBM:F008766,strict,06
BBM,BBM:F008764,BBM:F008766,strict,06
BBM,BBM:F008770,BBM:F008775,strict,06
BBM,BBM:F008786,BBM:F008787,strict,06
BBM,BBM:F008794,BBM:F008795,strict,06
BBM,BBM:F024152,BBM:F024178,similar,06
BBM,BBM:F024152,BBM:F024288,similar,06
BBM,BBM:F024152,BBM:F024746,similar,06
BBM,BBM:F024152,BBM:F024808,similar,06
BBM,BBM:F024152,BBM:F024850,similar,06
BBM,BBM:F024178,BBM:F024288,similar,06
BBM,BBM:F024178,BBM:F024746,similar,06
BBM,BBM:F024178,BBM:F024808,similar,06
BBM,BBM:F024178,BBM:F024850,similar,06
BBM,BBM:F024288,BBM:F024746,similar,06
BBM,BBM:F024288,BBM:F024808,similar,06
BBM,BBM:F024288,BBM:F024850,similar,06
BBM,BBM:F024746,BBM:F024808,similar,06
BBM,BBM:F024746,BBM:F024850,similar,06
BBM,BBM:F024808,BBM:F024850,similar,06
BBM,BBM:F024254,BBM:F035317,similar,06
BBM,BBM:F024745,BBM:F027472,similar,06
BBM,BBM:F024745,BBM:F035346,similar,06
BBM,BBM:F024745,BBM:F035754,similar,06
BBM,BBM:F027472,BBM:F035346,similar,06
BBM,BBM:F027472,BBM:F035754,similar,06
BBM,BBM:F035346,BBM:F035754,similar,06
BBM,BBM:F024878,BBM:F025264,similar,06
BBM,BBM:F025413,BBM:F025435,similar,06
BBM,BBM:F025413,BBM:F025444,similar,06
BBM,BBM:F025435,BBM:F025444,similar,06
BBM,BBM:F026439,BBM:F029942,similar,06
BBM,BBM:F026464,BBM:F026482,similar,06
BBM,BBM:F026464,BBM:F026499,similar,06
BBM,BBM:F026464,BBM:F026592,similar,06
BBM,BBM:F026482,BBM:F026499,similar,06
BBM,BBM:F026482,BBM:F026592,similar,06
BBM,BBM:F026499,BBM:F026592,similar,06
BBM,BBM:F026661,BBM:F026679,similar,06
BBM,BBM:F026661,BBM:F026707,similar,06
BBM,BBM:F026661,BBM:F026719,similar,06
BBM,BBM:F026661,BBM:F026749,similar,06
BBM,BBM:F026661,BBM:F027324,similar,06
BBM,BBM:F026679,BBM:F026707,similar,06
BBM,BBM:F026679,BBM:F026719,similar,06
BBM,BBM:F026679,BBM:F026749,similar,06
BBM,BBM:F026679,BBM:F027324,similar,06
BBM,BBM:F026707,BBM:F026719,similar,06
BBM,BBM:F026707,BBM:F026749,similar,06
BBM,BBM:F026707,BBM:F027324,similar,06
BBM,BBM:F026719,BBM:F026749,similar,06
BBM,BBM:F026719,BBM:F027324,similar,06
BBM,BBM:F026749,BBM:F027324,similar,06
BBM,BBM:F026718,BBM:F026837,similar,06
BBM,BBM:F026718,BBM:F027303,similar,06
BBM,BBM:F026718,BBM:F027323,similar,06
BBM,BBM:F026837,BBM:F027303,similar,06
BBM,BBM:F026837,BBM:F027323,similar,06
BBM,BBM:F027303,BBM:F027323,similar,06
BBM,BBM:F029101,BBM:F029113,similar,06
BBM,BBM:F029101,BBM:F029145,similar,06
BBM,BBM:F029101,BBM:F029166,similar,06
BBM,BBM:F029101,BBM:F029171,similar,06
BBM,BBM:F029101,BBM:F029269,similar,06
BBM,BBM:F029101,BBM:F032411,similar,06
BBM,BBM:F029113,BBM:F029145,similar,06
BBM,BBM:F029113,BBM:F029166,similar,06
BBM,BBM:F029113,BBM:F029171,similar,06
BBM,BBM:F029113,BBM:F029269,similar,06
BBM,BBM:F029113,BBM:F032411,similar,06
BBM,BBM:F029145,BBM:F029166,similar,06
BBM,BBM:F029145,BBM:F029171,similar,06
BBM,BBM:F029145,BBM:F029269,similar,06
BBM,BBM:F029145,BBM:F032411,similar,06
BBM,BBM:F029166,BBM:F029171,similar,06
BBM,BBM:F029166,BBM:F029269,similar,06
BBM,BBM:F029166,BBM:F032411,similar,06
BBM,BBM:F029171,BBM:F029269,similar,06
BBM,BBM:F029171,BBM:F032411,similar,06
BBM,BBM:F029269,BBM:F032411,similar,06
BBM,BBM:F029128,BBM:F029650,similar,06
BBM,BBM:F034992,BBM:F035028,similar,06
mo,MO:231212,MO:311027,similar,06
mo,MO:302590,MO:315634,similar,06
BBM,BBM:F000038,BBM:F000039,strict,06
BBM,BBM:F009062,BBM:F009070,similar,06
BBM,BBM:F009065,BBM:F009068,strict,06
BBM,BBM:F009066,BBM:F009067,strict,06
BBM,BBM:F009072,BBM:F009073,strict,06
BBM,BBM:F009075,BBM:F009079,strict,06
mo,MO:123182,MO:123183,similar,06
mo,MO:123182,MO:123184,similar,06
mo,MO:123182,MO:123185,similar,06
mo,MO:123182,MO:319030,similar,06
mo,MO:123182,MO:333047,similar,06
mo,MO:123182,MO:382985,similar,06
mo,MO:123182,MO:399076,similar,06
mo,MO:123183,MO:123184,similar,06
mo,MO:123183,MO:123185,similar,06
mo,MO:123183,MO:319030,similar,06
mo,MO:123183,MO:333047,similar,06
mo,MO:123183,MO:382985,similar,06
mo,MO:123183,MO:399076,similar,06
mo,MO:123184,MO:123185,similar,06
mo,MO:123184,MO:319030,similar,06
mo,MO:123184,MO:333047,similar,06
mo,MO:123184,MO:382985,similar,06
mo,MO:123184,MO:399076,similar,06
mo,MO:123185,MO:319030,similar,06
mo,MO:123185,MO:333047,similar,06
mo,MO:123185,MO:382985,similar,06
mo,MO:123185,MO:399076,similar,06
mo,MO:319030,MO:333047,similar,06
mo,MO:319030,MO:382985,similar,06
mo,MO:319030,MO:399076,similar,06
mo,MO:333047,MO:382985,similar,06
mo,MO:333047,MO:399076,similar,06
mo,MO:382985,MO:399076,similar,06
BBM,BBM:F009220,BBM:F034713,similar,06
BBM,BBM:F009220,BBM:F035300,similar,06
BBM,BBM:F034713,BBM:F035300,similar,06
BBM,BBM:F009222,BBM:F009244,similar,06
BBM,BBM:F009239,BBM:F009240,strict,06
BBM,BBM:F015239,BBM:F034159,similar,06
BBM,BBM:F015239,BBM:F034626,similar,06
BBM,BBM:F034159,BBM:F034626,similar,06
BBM,BBM:F024113,BBM:F024134,similar,06
BBM,BBM:F024113,BBM:F024208,similar,06
BBM,BBM:F024113,BBM:F024292,similar,06
BBM,BBM:F024134,BBM:F024208,similar,06
BBM,BBM:F024134,BBM:F024292,similar,06
BBM,BBM:F024208,BBM:F024292,similar,06
BBM,BBM:F025802,BBM:F025828,similar,06
BBM,BBM:F026435,BBM:F029690,similar,06
BBM,BBM:F026735,BBM:F027226,similar,06
BBM,BBM:F029005,BBM:F032483,similar,06
mo,MO:364631,MO:367689,strict,06
BBM,BBM:F009388,BBM:F009449,similar,06
BBM,BBM:F009396,BBM:F009397,similar,06
BBM,BBM:F009406,BBM:F009408,similar,06
BBM,BBM:F009412,BBM:F009413,similar,06
BBM,BBM:F009418,BBM:F009421,strict,06
BBM,BBM:F009422,BBM:F009423,strict,06
BBM,BBM:F009424,BBM:F009425,similar,06
BBM,BBM:F009424,BBM:F009426,similar,06
BBM,BBM:F009424,BBM:F009427,similar,06
BBM,BBM:F009424,BBM:F009432,similar,06
BBM,BBM:F009425,BBM:F009426,similar,06
BBM,BBM:F009425,BBM:F009427,similar,06
BBM,BBM:F009425,BBM:F009432,similar,06
BBM,BBM:F009426,BBM:F009427,similar,06
BBM,BBM:F009426,BBM:F009432,similar,06
BBM,BBM:F009427,BBM:F009432,similar,06
BBM,BBM:F009430,BBM:F009431,strict,06
BBM,BBM:F009445,BBM:F035295,similar,06
BBM,BBM:F009453,BBM:F009454,strict,06
BBM,BBM:F009455,BBM:F034894,similar,06
BBM,BBM:F009455,BBM:F035737,similar,06
BBM,BBM:F034894,BBM:F035737,similar,06
BBM,BBM:F009458,BBM:F009460,strict,06
BBM,BBM:F009461,BBM:F009462,similar,06
BBM,BBM:F009468,BBM:F009469,strict,06
BBM,BBM:F009473,BBM:F009480,similar,06
BBM,BBM:F009473,BBM:F009481,similar,06
BBM,BBM:F009480,BBM:F009481,similar,06
BBM,BBM:F009477,BBM:F009478,strict,06
BBM,BBM:F009485,BBM:F009486,strict,06
BBM,BBM:F009495,BBM:F009496,similar,06
BBM,BBM:F009505,BBM:F009506,strict,06
BBM,BBM:F009522,BBM:F009523,similar,06
BBM,BBM:F009522,BBM:F009524,similar,06
BBM,BBM:F009522,BBM:F009525,similar,06
BBM,BBM:F009523,BBM:F009524,similar,06
BBM,BBM:F009523,BBM:F009525,similar,06
BBM,BBM:F009524,BBM:F009525,similar,06
BBM,BBM:F015910,BBM:F015977,similar,06
BBM,BBM:F024146,BBM:F024194,similar,06
BBM,BBM:F024147,BBM:F024276,similar,06
BBM,BBM:F024147,BBM:F024277,similar,06
BBM,BBM:F024276,BBM:F024277,similar,06
BBM,BBM:F024193,BBM:F024480,similar,06
BBM,BBM:F024320,BBM:F024421,similar,06
BBM,BBM:F024320,BBM:F027473,similar,06
BBM,BBM:F024421,BBM:F027473,similar,06
BBM,BBM:F024870,BBM:F024886,similar,06
BBM,BBM:F024870,BBM:F024910,similar,06
BBM,BBM:F024870,BBM:F024946,similar,06
BBM,BBM:F024870,BBM:F024961,similar,06
BBM,BBM:F024870,BBM:F025050,similar,06
BBM,BBM:F024886,BBM:F024910,similar,06
BBM,BBM:F024886,BBM:F024946,similar,06
BBM,BBM:F024886,BBM:F024961,similar,06
BBM,BBM:F024886,BBM:F025050,similar,06
BBM,BBM:F024910,BBM:F024946,similar,06
BBM,BBM:F024910,BBM:F024961,similar,06
BBM,BBM:F024910,BBM:F025050,similar,06
BBM,BBM:F024946,BBM:F024961,similar,06
BBM,BBM:F024946,BBM:F025050,similar,06
BBM,BBM:F024961,BBM:F025050,similar,06
BBM,BBM:F024947,BBM:F025051,similar,06
BBM,BBM:F025003,BBM:F025004,strict,06
BBM,BBM:F025381,BBM:F025442,similar,06
BBM,BBM:F025857,BBM:F028130,similar,06
BBM,BBM:F025858,BBM:F028375,similar,06
mo,MO:67868,MO:164800,strict,06
BBM,BBM:F026527,BBM:F026598,similar,06
BBM,BBM:F026527,BBM:F026611,similar,06
BBM,BBM:F026598,BBM:F026611,similar,06
BBM,BBM:F026673,BBM:F026738,similar,06
BBM,BBM:F026673,BBM:F026780,similar,06
BBM,BBM:F026738,BBM:F026780,similar,06
BBM,BBM:F026727,BBM:F027345,similar,06
BBM,BBM:F029084,BBM:F029098,similar,06
BBM,BBM:F029084,BBM:F029099,similar,06
BBM,BBM:F029084,BBM:F029139,similar,06
BBM,BBM:F029084,BBM:F029197,similar,06
BBM,BBM:F029098,BBM:F029099,similar,06
BBM,BBM:F029098,BBM:F029139,similar,06
BBM,BBM:F029098,BBM:F029197,similar,06
BBM,BBM:F029099,BBM:F029139,similar,06
BBM,BBM:F029099,BBM:F029197,similar,06
BBM,BBM:F029139,BBM:F029197,similar,06
mo,MO:168398,MO:168455,similar,06
BBM,BBM:F032662,BBM:F032680,similar,06
BBM,BBM:F033541,BBM:F033597,similar,06
BBM,BBM:F033562,BBM:F033563,strict,06
BBM,BBM:F033567,BBM:F033568,strict,06
BBM,BBM:F033575,BBM:F033576,strict,06
mo,MO:159221,MO:193942,similar,06
mo,MO:274822,MO:276755,similar,06
BBM,BBM:F010452,BBM:F010457,similar,06
BBM,BBM:F010453,BBM:F010456,similar,06
BBM,BBM:F010454,BBM:F010455,similar,06
BBM,BBM:F010454,BBM:F010458,similar,06
BBM,BBM:F010455,BBM:F010458,similar,06
BBM,BBM:F024175,BBM:F024237,similar,06
BBM,BBM:F024175,BBM:F024284,similar,06
BBM,BBM:F024237,BBM:F024284,similar,06
BBM,BBM:F024462,BBM:F024794,similar,06
BBM,BBM:F024462,BBM:F035038,similar,06
BBM,BBM:F024794,BBM:F035038,similar,06
BBM,BBM:F024933,BBM:F024934,strict,06
BBM,BBM:F024953,BBM:F024954,strict,06
BBM,BBM:F025993,BBM:F034612,similar,06
BBM,BBM:F025063,BBM:F025064,strict,06
BBM,BBM:F000587,BBM:F003274,similar,06
BBM,BBM:F001345,BBM:F003279,strict,06
BBM,BBM:F003210,BBM:F003215,similar,06
BBM,BBM:F003211,BBM:F003213,similar,06
BBM,BBM:F003248,BBM:F003257,strict,06
BBM,BBM:F003249,BBM:F003254,similar,06
BBM,BBM:F003249,BBM:F003261,similar,06
BBM,BBM:F003254,BBM:F003261,similar,06
BBM,BBM:F003250,BBM:F003251,similar,06
BBM,BBM:F003253,BBM:F003260,similar,06
BBM,BBM:F003255,BBM:F003263,strict,06
BBM,BBM:F003256,BBM:F034668,similar,06
BBM,BBM:F003285,BBM:F003288,similar,06
BBM,BBM:F003285,BBM:F003291,similar,06
BBM,BBM:F003288,BBM:F003291,similar,06
BBM,BBM:F015997,BBM:F016132,similar,06
BBM,BBM:F020640,BBM:F020900,similar,06
BBM,BBM:F020640,BBM:F021000,similar,06
BBM,BBM:F020900,BBM:F021000,similar,06
BBM,BBM:F021657,BBM:F021729,similar,06
BBM,BBM:F024631,BBM:F034892,similar,06
BBM,BBM:F024631,BBM:F035459,similar,06
BBM,BBM:F024631,BBM:F035699,similar,06
BBM,BBM:F034892,BBM:F035459,similar,06
BBM,BBM:F034892,BBM:F035699,similar,06
BBM,BBM:F035459,BBM:F035699,similar,06
BBM,BBM:F026218,BBM:F026283,similar,06
BBM,BBM:F026218,BBM:F026284,similar,06
BBM,BBM:F026218,BBM:F026285,similar,06
BBM,BBM:F026218,BBM:F026350,similar,06
BBM,BBM:F026218,BBM:F026351,similar,06
BBM,BBM:F026218,BBM:F026352,similar,06
BBM,BBM:F026218,BBM:F026353,similar,06
BBM,BBM:F026218,BBM:F026378,similar,06
BBM,BBM:F026218,BBM:F026407,similar,06
BBM,BBM:F026218,BBM:F026408,similar,06
BBM,BBM:F026283,BBM:F026284,similar,06
BBM,BBM:F026283,BBM:F026285,similar,06
BBM,BBM:F026283,BBM:F026350,similar,06
BBM,BBM:F026283,BBM:F026351,similar,06
BBM,BBM:F026283,BBM:F026352,similar,06
BBM,BBM:F026283,BBM:F026353,similar,06
BBM,BBM:F026283,BBM:F026378,similar,06
BBM,BBM:F026283,BBM:F026407,similar,06
BBM,BBM:F026283,BBM:F026408,similar,06
BBM,BBM:F026284,BBM:F026285,similar,06
BBM,BBM:F026284,BBM:F026350,similar,06
BBM,BBM:F026284,BBM:F026351,similar,06
BBM,BBM:F026284,BBM:F026352,similar,06
BBM,BBM:F026284,BBM:F026353,similar,06
BBM,BBM:F026284,BBM:F026378,similar,06
BBM,BBM:F026284,BBM:F026407,similar,06
BBM,BBM:F026284,BBM:F026408,similar,06
BBM,BBM:F026285,BBM:F026350,similar,06
BBM,BBM:F026285,BBM:F026351,similar,06
BBM,BBM:F026285,BBM:F026352,similar,06
BBM,BBM:F026285,BBM:F026353,similar,06
BBM,BBM:F026285,BBM:F026378,similar,06
BBM,BBM:F026285,BBM:F026407,similar,06
BBM,BBM:F026285,BBM:F026408,similar,06
BBM,BBM:F026350,BBM:F026351,similar,06
BBM,BBM:F026350,BBM:F026352,similar,06
BBM,BBM:F026350,BBM:F026353,similar,06
BBM,BBM:F026350,BBM:F026378,similar,06
BBM,BBM:F026350,BBM:F026407,similar,06
BBM,BBM:F026350,BBM:F026408,similar,06
BBM,BBM:F026351,BBM:F026352,similar,06
BBM,BBM:F026351,BBM:F026353,similar,06
BBM,BBM:F026351,BBM:F026378,similar,06
BBM,BBM:F026351,BBM:F026407,similar,06
BBM,BBM:F026351,BBM:F026408,similar,06
BBM,BBM:F026352,BBM:F026353,similar,06
BBM,BBM:F026352,BBM:F026378,similar,06
BBM,BBM:F026352,BBM:F026407,similar,06
BBM,BBM:F026352,BBM:F026408,similar,06
BBM,BBM:F026353,BBM:F026378,similar,06
BBM,BBM:F026353,BBM:F026407,similar,06
BBM,BBM:F026353,BBM:F026408,similar,06
BBM,BBM:F026378,BBM:F026407,similar,06
BBM,BBM:F026378,BBM:F026408,similar,06
BBM,BBM:F026407,BBM:F026408,similar,06
BBM,BBM:F026571,BBM:F026579,similar,06
BBM,BBM:F031399,BBM:F031572,similar,06
mo,MO:64001,MO:65181,similar,06
mo,MO:387877,MO:405858,similar,06
BBM,BBM:F000555,BBM:F000556,strict,06
BBM,BBM:F007615,BBM:F007616,strict,06
BBM,BBM:F007625,BBM:F007626,strict,06
BBM,BBM:F007679,BBM:F007682,strict,06
BBM,BBM:F007684,BBM:F007685,similar,06
BBM,BBM:F007686,BBM:F007687,similar,06
BBM,BBM:F012564,BBM:F012652,strict,06
BBM,BBM:F008415,BBM:F034255,similar,06
BBM,BBM:F008415,BBM:F035806,similar,06
BBM,BBM:F034255,BBM:F035806,similar,06
BBM,BBM:F008424,BBM:F034158,similar,06
BBM,BBM:F016595,BBM:F020504,strict,06
BBM,BBM:F019708,BBM:F019734,strict,06
BBM,BBM:F020631,BBM:F021183,similar,06
BBM,BBM:F024585,BBM:F034887,similar,06
BBM,BBM:F024585,BBM:F035251,similar,06
BBM,BBM:F034887,BBM:F035251,similar,06
BBM,BBM:F025124,BBM:F025152,similar,06
BBM,BBM:F025124,BBM:F027809,similar,06
BBM,BBM:F025152,BBM:F027809,similar,06
BBM,BBM:F025218,BBM:F034718,similar,06
BBM,BBM:F025312,BBM:F035241,similar,06
BBM,BBM:F025312,BBM:F035246,similar,06
BBM,BBM:F035241,BBM:F035246,similar,06
BBM,BBM:F025362,BBM:F025648,similar,06
BBM,BBM:F025362,BBM:F025649,similar,06
BBM,BBM:F025648,BBM:F025649,similar,06
BBM,BBM:F025433,BBM:F025455,similar,06
BBM,BBM:F025433,BBM:F035073,similar,06
BBM,BBM:F025433,BBM:F035367,similar,06
BBM,BBM:F025455,BBM:F035073,similar,06
BBM,BBM:F025455,BBM:F035367,similar,06
BBM,BBM:F035073,BBM:F035367,similar,06
BBM,BBM:F026494,BBM:F029937,similar,06
BBM,BBM:F026494,BBM:F029959,similar,06
BBM,BBM:F029937,BBM:F029959,similar,06
BBM,BBM:F026927,BBM:F026948,similar,06
BBM,BBM:F027104,BBM:F027136,similar,06
BBM,BBM:F027135,BBM:F027153,similar,06
BBM,BBM:F028093,BBM:F028094,strict,06
BBM,BBM:F028810,BBM:F028913,similar,06
BBM,BBM:F028925,BBM:F029036,similar,06
BBM,BBM:F028959,BBM:F032519,similar,06
BBM,BBM:F029037,BBM:F035112,similar,06
BBM,BBM:F029260,BBM:F029275,similar,06
BBM,BBM:F029437,BBM:F029438,strict,06
BBM,BBM:F029577,BBM:F029640,similar,06
BBM,BBM:F031493,BBM:F031580,similar,06
BBM,BBM:F032179,BBM:F032215,similar,06
BBM,BBM:F034829,BBM:F035245,similar,06
mo,MO:303546,MO:389100,similar,06
mo,MO:153701,MO:302607,similar,06
mo,MO:153701,MO:398623,similar,06
mo,MO:302607,MO:398623,similar,06
mo,MO:65173,MO:172842,strict,06
mo,MO:119344,MO:130358,similar,06
mo,MO:211818,MO:212044,similar,06
mo,MO:242926,MO:265295,similar,06
mo,MO:251491,MO:253244,similar,06
mo,MO:317057,MO:319674,similar,06
mo,MO:317057,MO:321413,similar,06
mo,MO:317057,MO:334781,similar,06
mo,MO:317057,MO:400492,similar,06
mo,MO:319674,MO:321413,similar,06
mo,MO:319674,MO:334781,similar,06
mo,MO:319674,MO:400492,similar,06
mo,MO:321413,MO:334781,similar,06
mo,MO:321413,MO:400492,similar,06
mo,MO:334781,MO:400492,similar,06
mo,MO:351372,MO:355505,similar,06
mo,MO:374798,MO:376540,similar,06
mo,MO:374798,MO:414257,similar,06
mo,MO:376540,MO:414257,similar,06
BBM,BBM:F006282,BBM:F006283,similar,06
BBM,BBM:F006299,BBM:F006312,similar,06
BBM,BBM:F006348,BBM:F006349,similar,06
BBM,BBM:F006363,BBM:F006364,similar,06
BBM,BBM:F006372,BBM:F006373,similar,06
BBM,BBM:F006388,BBM:F006389,strict,06
BBM,BBM:F006407,BBM:F006417,strict,06
BBM,BBM:F006413,BBM:F006414,strict,06
BBM,BBM:F006437,BBM:F006438,similar,06
BBM,BBM:F006480,BBM:F006508,strict,06
BBM,BBM:F006493,BBM:F006495,similar,06
BBM,BBM:F006499,BBM:F006502,similar,06
BBM,BBM:F006513,BBM:F006514,strict,06
BBM,BBM:F006530,BBM:F006531,strict,06
BBM,BBM:F006544,BBM:F006548,similar,06
BBM,BBM:F006578,BBM:F006579,similar,06
BBM,BBM:F006599,BBM:F006600,strict,06
BBM,BBM:F006599,BBM:F006601,strict,06
BBM,BBM:F006599,BBM:F006602,strict,06
BBM,BBM:F006600,BBM:F006601,strict,06
BBM,BBM:F006600,BBM:F006602,strict,06
BBM,BBM:F006601,BBM:F006602,strict,06
BBM,BBM:F006617,BBM:F006618,similar,06
BBM,BBM:F006622,BBM:F006633,strict,06
BBM,BBM:F006643,BBM:F006644,similar,06
BBM,BBM:F006645,BBM:F006647,similar,06
BBM,BBM:F006673,BBM:F006677,similar,06
BBM,BBM:F006699,BBM:F006709,strict,06
BBM,BBM:F006710,BBM:F006711,similar,06
BBM,BBM:F006729,BBM:F006730,similar,06
BBM,BBM:F006736,BBM:F006739,strict,06
BBM,BBM:F006768,BBM:F013085,similar,06
BBM,BBM:F006796,BBM:F006797,similar,06
BBM,BBM:F006801,BBM:F006803,strict,06
BBM,BBM:F006880,BBM:F006881,similar,06
BBM,BBM:F006882,BBM:F006884,similar,06
BBM,BBM:F006896,BBM:F006897,similar,06
BBM,BBM:F006917,BBM:F006920,similar,06
BBM,BBM:F006924,BBM:F006929,similar,06
BBM,BBM:F006967,BBM:F006974,similar,06
BBM,BBM:F006968,BBM:F006979,similar,06
BBM,BBM:F007000,BBM:F007013,strict,06
BBM,BBM:F007045,BBM:F007050,similar,06
BBM,BBM:F007061,BBM:F007062,similar,06
BBM,BBM:F007126,BBM:F007128,similar,06
BBM,BBM:F010050,BBM:F010051,similar,06
BBM,BBM:F012544,BBM:F012639,similar,06
BBM,BBM:F012557,BBM:F012682,strict,06
BBM,BBM:F012636,BBM:F012641,strict,06
BBM,BBM:F012645,BBM:F012647,similar,06
BBM,BBM:F012648,BBM:F012649,similar,06
BBM,BBM:F012665,BBM:F012666,strict,06
BBM,BBM:F012713,BBM:F012714,similar,06
BBM,BBM:F022824,BBM:F034112,similar,06
BBM,BBM:F000053,BBM:F000073,strict,06
BBM,BBM:F000081,BBM:F000082,similar,06
BBM,BBM:F000081,BBM:F000086,similar,06
BBM,BBM:F000082,BBM:F000086,similar,06
BBM,BBM:F033802,BBM:F033804,similar,06
BBM,BBM:F000113,BBM:F000120,similar,06
BBM,BBM:F000114,BBM:F000115,similar,06
BBM,BBM:F000122,BBM:F000123,similar,06
BBM,BBM:F000137,BBM:F000138,strict,06
BBM,BBM:F000141,BBM:F000143,strict,06
BBM,BBM:F000164,BBM:F000173,similar,06
BBM,BBM:F000218,BBM:F000219,similar,06
BBM,BBM:F000220,BBM:F000229,strict,06
BBM,BBM:F000220,BBM:F000235,strict,06
BBM,BBM:F000229,BBM:F000235,strict,06
BBM,BBM:F000222,BBM:F000238,strict,06
BBM,BBM:F000232,BBM:F000236,similar,06
BBM,BBM:F000234,BBM:F000245,similar,06
BBM,BBM:F000209,BBM:F004995,strict,06
BBM,BBM:F004997,BBM:F005003,strict,06
BBM,BBM:F004997,BBM:F005005,strict,06
BBM,BBM:F004997,BBM:F005006,strict,06
BBM,BBM:F004997,BBM:F005007,strict,06
BBM,BBM:F004997,BBM:F005008,strict,06
BBM,BBM:F005003,BBM:F005005,strict,06
BBM,BBM:F005003,BBM:F005006,strict,06
BBM,BBM:F005003,BBM:F005007,strict,06
BBM,BBM:F005003,BBM:F005008,strict,06
BBM,BBM:F005005,BBM:F005006,strict,06
BBM,BBM:F005005,BBM:F005007,strict,06
BBM,BBM:F005005,BBM:F005008,strict,06
BBM,BBM:F005006,BBM:F005007,strict,06
BBM,BBM:F005006,BBM:F005008,strict,06
BBM,BBM:F005007,BBM:F005008,strict,06
BBM,BBM:F004998,BBM:F005000,similar,06
BBM,BBM:F010007,BBM:F010008,strict,06
BBM,BBM:F000257,BBM:F000268,similar,06
BBM,BBM:F000270,BBM:F000281,similar,06
BBM,BBM:F000318,BBM:F000321,strict,06
mo,MO:248198,MO:248890,similar,06
mo,MO:261394,MO:262315,similar,06
BBM,BBM:F000346,BBM:F000355,strict,06
BBM,BBM:F000349,BBM:F000350,similar,06
BBM,BBM:F000353,BBM:F000359,strict,06
BBM,BBM:F000389,BBM:F000420,similar,06
BBM,BBM:F000391,BBM:F000399,similar,06
BBM,BBM:F000391,BBM:F000409,similar,06
BBM,BBM:F000391,BBM:F000436,similar,06
BBM,BBM:F000399,BBM:F000409,similar,06
BBM,BBM:F000399,BBM:F000436,similar,06
BBM,BBM:F000409,BBM:F000436,similar,06
BBM,BBM:F000400,BBM:F000406,similar,06
BBM,BBM:F000429,BBM:F000450,strict,06
BBM,BBM:F000430,BBM:F000448,similar,06
BBM,BBM:F015037,BBM:F015038,strict,06
mo,MO:400073,MO:422688,similar,06
BBM,BBM:F000814,BBM:F000844,similar,06
BBM,BBM:F000814,BBM:F000845,similar,06
BBM,BBM:F000814,BBM:F000846,similar,06
BBM,BBM:F000814,BBM:F000916,similar,06
BBM,BBM:F000814,BBM:F004929,similar,06
BBM,BBM:F000844,BBM:F000845,similar,06
BBM,BBM:F000844,BBM:F000846,similar,06
BBM,BBM:F000844,BBM:F000916,similar,06
BBM,BBM:F000844,BBM:F004929,similar,06
BBM,BBM:F000845,BBM:F000846,similar,06
BBM,BBM:F000845,BBM:F000916,similar,06
BBM,BBM:F000845,BBM:F004929,similar,06
BBM,BBM:F000846,BBM:F000916,similar,06
BBM,BBM:F000846,BBM:F004929,similar,06
BBM,BBM:F000916,BBM:F004929,similar,06
BBM,BBM:F000816,BBM:F000882,similar,06
BBM,BBM:F000817,BBM:F010136,similar,06
BBM,BBM:F000818,BBM:F000854,similar,06
BBM,BBM:F000818,BBM:F000855,similar,06
BBM,BBM:F000818,BBM:F000856,similar,06
BBM,BBM:F000818,BBM:F000857,similar,06
BBM,BBM:F000818,BBM:F000880,similar,06
BBM,BBM:F000854,BBM:F000855,similar,06
BBM,BBM:F000854,BBM:F000856,similar,06
BBM,BBM:F000854,BBM:F000857,similar,06
BBM,BBM:F000854,BBM:F000880,similar,06
BBM,BBM:F000855,BBM:F000856,similar,06
BBM,BBM:F000855,BBM:F000857,similar,06
BBM,BBM:F000855,BBM:F000880,similar,06
BBM,BBM:F000856,BBM:F000857,similar,06
BBM,BBM:F000856,BBM:F000880,similar,06
BBM,BBM:F000857,BBM:F000880,similar,06
BBM,BBM:F000824,BBM:F000826,similar,06
BBM,BBM:F000841,BBM:F004937,strict,06
BBM,BBM:F000852,BBM:F000853,similar,06
BBM,BBM:F000935,BBM:F004945,strict,06
BBM,BBM:F000939,BBM:F001059,strict,06
BBM,BBM:F004269,BBM:F004270,similar,06
BBM,BBM:F004272,BBM:F004273,strict,06
BBM,BBM:F004275,BBM:F004276,similar,06
BBM,BBM:F004917,BBM:F004918,strict,06
BBM,BBM:F004919,BBM:F004923,similar,06
BBM,BBM:F004932,BBM:F004933,similar,06
BBM,BBM:F004942,BBM:F032529,strict,06
BBM,BBM:F013457,BBM:F013459,similar,06
BBM,BBM:F021917,BBM:F021918,strict,06
BBM,BBM:F024131,BBM:F027463,similar,06
BBM,BBM:F024716,BBM:F034544,similar,06
BBM,BBM:F024883,BBM:F024940,similar,06
BBM,BBM:F024883,BBM:F025016,similar,06
BBM,BBM:F024940,BBM:F025016,similar,06
BBM,BBM:F024980,BBM:F025267,similar,06
BBM,BBM:F024980,BBM:F025331,similar,06
BBM,BBM:F025267,BBM:F025331,similar,06
BBM,BBM:F024981,BBM:F024982,strict,06
BBM,BBM:F026663,BBM:F026664,strict,06
BBM,BBM:F028385,BBM:F034940,similar,06
BBM,BBM:F031640,BBM:F031728,similar,06
BBM,BBM:F032936,BBM:F032979,strict,06
BBM,BBM:F000377,BBM:F000381,similar,06
BBM,BBM:F000456,BBM:F000457,similar,06
BBM,BBM:F003604,BBM:F005028,strict,06
BBM,BBM:F003604,BBM:F005031,strict,06
BBM,BBM:F003604,BBM:F005032,strict,06
BBM,BBM:F003604,BBM:F005106,strict,06
BBM,BBM:F005028,BBM:F005031,strict,06
BBM,BBM:F005028,BBM:F005032,strict,06
BBM,BBM:F005028,BBM:F005106,strict,06
BBM,BBM:F005031,BBM:F005032,strict,06
BBM,BBM:F005031,BBM:F005106,strict,06
BBM,BBM:F005032,BBM:F005106,strict,06
BBM,BBM:F005025,BBM:F005026,strict,06
BBM,BBM:F005038,BBM:F005040,strict,06
BBM,BBM:F005038,BBM:F005100,strict,06
BBM,BBM:F005038,BBM:F005101,strict,06
BBM,BBM:F005040,BBM:F005100,strict,06
BBM,BBM:F005040,BBM:F005101,strict,06
BBM,BBM:F005100,BBM:F005101,strict,06
BBM,BBM:F005041,BBM:F005047,similar,06
BBM,BBM:F005042,BBM:F005048,strict,06
BBM,BBM:F005043,BBM:F005057,similar,06
BBM,BBM:F005046,BBM:F005104,strict,06
BBM,BBM:F005049,BBM:F005051,strict,06
BBM,BBM:F005049,BBM:F005055,strict,06
BBM,BBM:F005051,BBM:F005055,strict,06
BBM,BBM:F005061,BBM:F005065,strict,06
BBM,BBM:F005074,BBM:F005077,similar,06
BBM,BBM:F005076,BBM:F005078,similar,06
BBM,BBM:F005093,BBM:F005094,strict,06
BBM,BBM:F005093,BBM:F005095,strict,06
BBM,BBM:F005093,BBM:F005096,strict,06
BBM,BBM:F005093,BBM:F005099,strict,06
BBM,BBM:F005094,BBM:F005095,strict,06
BBM,BBM:F005094,BBM:F005096,strict,06
BBM,BBM:F005094,BBM:F005099,strict,06
BBM,BBM:F005095,BBM:F005096,strict,06
BBM,BBM:F005095,BBM:F005099,strict,06
BBM,BBM:F005096,BBM:F005099,strict,06
BBM,BBM:F005103,BBM:F005105,strict,06
BBM,BBM:F005153,BBM:F005173,strict,06
BBM,BBM:F005158,BBM:F005161,strict,06
BBM,BBM:F005162,BBM:F005164,strict,06
BBM,BBM:F005162,BBM:F005168,strict,06
BBM,BBM:F005164,BBM:F005168,strict,06
BBM,BBM:F005163,BBM:F005169,strict,06
BBM,BBM:F005179,BBM:F005180,strict,06
BBM,BBM:F005179,BBM:F005181,strict,06
BBM,BBM:F005180,BBM:F005181,strict,06
BBM,BBM:F005189,BBM:F005203,strict,06
BBM,BBM:F005194,BBM:F005196,strict,06
BBM,BBM:F005199,BBM:F005204,strict,06
BBM,BBM:F005200,BBM:F005202,strict,06
BBM,BBM:F005207,BBM:F005211,strict,06
BBM,BBM:F005208,BBM:F005210,strict,06
BBM,BBM:F005224,BBM:F005226,strict,06
BBM,BBM:F005224,BBM:F005227,strict,06
BBM,BBM:F005226,BBM:F005227,strict,06
BBM,BBM:F005225,BBM:F005233,similar,06
BBM,BBM:F005225,BBM:F005234,similar,06
BBM,BBM:F005233,BBM:F005234,similar,06
BBM,BBM:F005228,BBM:F005235,strict,06
BBM,BBM:F005228,BBM:F005237,strict,06
BBM,BBM:F005235,BBM:F005237,strict,06
BBM,BBM:F011863,BBM:F011865,strict,06
BBM,BBM:F012356,BBM:F012357,strict,06
BBM,BBM:F012969,BBM:F012970,strict,06
BBM,BBM:F012969,BBM:F012971,strict,06
BBM,BBM:F012970,BBM:F012971,strict,06
BBM,BBM:F013227,BBM:F013789,strict,06
BBM,BBM:F021924,BBM:F021925,similar,06
BBM,BBM:F025017,BBM:F025042,similar,06
BBM,BBM:F025017,BBM:F025043,similar,06
BBM,BBM:F025017,BBM:F025130,similar,06
BBM,BBM:F025042,BBM:F025043,similar,06
BBM,BBM:F025042,BBM:F025130,similar,06
BBM,BBM:F025043,BBM:F025130,similar,06
BBM,BBM:F026665,BBM:F034773,similar,06
BBM,BBM:F033612,BBM:F033613,strict,06
BBM,BBM:F033612,BBM:F033614,strict,06
BBM,BBM:F033612,BBM:F033615,strict,06
BBM,BBM:F033613,BBM:F033614,strict,06
BBM,BBM:F033613,BBM:F033615,strict,06
BBM,BBM:F033614,BBM:F033615,strict,06
BBM,BBM:F000458,BBM:F000459,similar,06
BBM,BBM:F009383,BBM:F009384,similar,06
BBM,BBM:F009383,BBM:F009385,similar,06
BBM,BBM:F009383,BBM:F009386,similar,06
BBM,BBM:F009383,BBM:F009387,similar,06
BBM,BBM:F009384,BBM:F009385,similar,06
BBM,BBM:F009384,BBM:F009386,similar,06
BBM,BBM:F009384,BBM:F009387,similar,06
BBM,BBM:F009385,BBM:F009386,similar,06
BBM,BBM:F009385,BBM:F009387,similar,06
BBM,BBM:F009386,BBM:F009387,similar,06
BBM,BBM:F000485,BBM:F034774,similar,06
BBM,BBM:F000847,BBM:F000863,similar,06
BBM,BBM:F000864,BBM:F000865,strict,06
BBM,BBM:F005335,BBM:F005338,strict,06
BBM,BBM:F005335,BBM:F005349,strict,06
BBM,BBM:F005335,BBM:F005352,strict,06
BBM,BBM:F005338,BBM:F005349,strict,06
BBM,BBM:F005338,BBM:F005352,strict,06
BBM,BBM:F005349,BBM:F005352,strict,06
BBM,BBM:F005340,BBM:F005346,similar,06
BBM,BBM:F005341,BBM:F005342,strict,06
BBM,BBM:F005348,BBM:F005359,similar,06
BBM,BBM:F005353,BBM:F005355,similar,06
BBM,BBM:F005356,BBM:F005357,strict,06
BBM,BBM:F005356,BBM:F005358,strict,06
BBM,BBM:F005357,BBM:F005358,strict,06
BBM,BBM:F005363,BBM:F005369,strict,06
BBM,BBM:F005365,BBM:F005367,strict,06
BBM,BBM:F005372,BBM:F005375,strict,06
BBM,BBM:F015316,BBM:F015318,similar,06
BBM,BBM:F015316,BBM:F015322,similar,06
BBM,BBM:F015318,BBM:F015322,similar,06
BBM,BBM:F002156,BBM:F002186,strict,06
BBM,BBM:F002157,BBM:F002174,strict,06
BBM,BBM:F002158,BBM:F002169,strict,06
BBM,BBM:F002163,BBM:F002184,similar,06
BBM,BBM:F002206,BBM:F002207,strict,06
BBM,BBM:F002223,BBM:F002224,similar,06
BBM,BBM:F002232,BBM:F002235,similar,06
BBM,BBM:F002232,BBM:F002245,similar,06
BBM,BBM:F002235,BBM:F002245,similar,06
BBM,BBM:F002236,BBM:F002237,strict,06
BBM,BBM:F002250,BBM:F002262,similar,06
BBM,BBM:F034106,BBM:F034113,similar,06
BBM,BBM:F026700,BBM:F026771,similar,06
BBM,BBM:F011024,BBM:F011025,similar,06
BBM,BBM:F000505,BBM:F001093,strict,06
BBM,BBM:F001079,BBM:F001080,similar,06
BBM,BBM:F001085,BBM:F001089,similar,06
BBM,BBM:F001085,BBM:F001092,similar,06
BBM,BBM:F001089,BBM:F001092,similar,06
BBM,BBM:F000508,BBM:F000509,similar,06
BBM,BBM:F001460,BBM:F030343,similar,06
BBM,BBM:F007829,BBM:F007830,strict,06
BBM,BBM:F007833,BBM:F034508,similar,06
BBM,BBM:F007839,BBM:F007840,similar,06
BBM,BBM:F007839,BBM:F034747,similar,06
BBM,BBM:F007839,BBM:F034890,similar,06
BBM,BBM:F007839,BBM:F034902,similar,06
BBM,BBM:F007839,BBM:F035271,similar,06
BBM,BBM:F007839,BBM:F035597,similar,06
BBM,BBM:F007839,BBM:F035646,similar,06
BBM,BBM:F007840,BBM:F034747,similar,06
BBM,BBM:F007840,BBM:F034890,similar,06
BBM,BBM:F007840,BBM:F034902,similar,06
BBM,BBM:F007840,BBM:F035271,similar,06
BBM,BBM:F007840,BBM:F035597,similar,06
BBM,BBM:F007840,BBM:F035646,similar,06
BBM,BBM:F034747,BBM:F034890,similar,06
BBM,BBM:F034747,BBM:F034902,similar,06
BBM,BBM:F034747,BBM:F035271,similar,06
BBM,BBM:F034747,BBM:F035597,similar,06
BBM,BBM:F034747,BBM:F035646,similar,06
BBM,BBM:F034890,BBM:F034902,similar,06
BBM,BBM:F034890,BBM:F035271,similar,06
BBM,BBM:F034890,BBM:F035597,similar,06
BBM,BBM:F034890,BBM:F035646,similar,06
BBM,BBM:F034902,BBM:F035271,similar,06
BBM,BBM:F034902,BBM:F035597,similar,06
BBM,BBM:F034902,BBM:F035646,similar,06
BBM,BBM:F035271,BBM:F035597,similar,06
BBM,BBM:F035271,BBM:F035646,similar,06
BBM,BBM:F035597,BBM:F035646,similar,06
BBM,BBM:F007854,BBM:F007855,strict,06
BBM,BBM:F011864,BBM:F034093,similar,06
BBM,BBM:F012835,BBM:F012836,strict,06
BBM,BBM:F013206,BBM:F013213,similar,06
BBM,BBM:F014895,BBM:F021698,similar,06
BBM,BBM:F015034,BBM:F015285,strict,06
BBM,BBM:F016857,BBM:F030621,strict,06
BBM,BBM:F017561,BBM:F017564,similar,06
BBM,BBM:F018282,BBM:F021767,similar,06
BBM,BBM:F018282,BBM:F021777,similar,06
BBM,BBM:F021767,BBM:F021777,similar,06
BBM,BBM:F019743,BBM:F019751,strict,06
BBM,BBM:F020713,BBM:F020750,strict,06
BBM,BBM:F020713,BBM:F020842,strict,06
BBM,BBM:F020713,BBM:F020863,strict,06
BBM,BBM:F020750,BBM:F020842,strict,06
BBM,BBM:F020750,BBM:F020863,strict,06
BBM,BBM:F020842,BBM:F020863,strict,06
BBM,BBM:F021022,BBM:F021063,strict,06
BBM,BBM:F021022,BBM:F021123,strict,06
BBM,BBM:F021022,BBM:F021142,strict,06
BBM,BBM:F021022,BBM:F021156,strict,06
BBM,BBM:F021063,BBM:F021123,strict,06
BBM,BBM:F021063,BBM:F021142,strict,06
BBM,BBM:F021063,BBM:F021156,strict,06
BBM,BBM:F021123,BBM:F021142,strict,06
BBM,BBM:F021123,BBM:F021156,strict,06
BBM,BBM:F021142,BBM:F021156,strict,06
BBM,BBM:F021196,BBM:F021201,strict,06
BBM,BBM:F021539,BBM:F021709,similar,06
BBM,BBM:F021662,BBM:F021665,strict,06
BBM,BBM:F022198,BBM:F033695,similar,06
BBM,BBM:F024301,BBM:F035494,similar,06
BBM,BBM:F024417,BBM:F034595,similar,06
BBM,BBM:F024417,BBM:F035042,similar,06
BBM,BBM:F024417,BBM:F035063,similar,06
BBM,BBM:F024417,BBM:F035140,similar,06
BBM,BBM:F024417,BBM:F035205,similar,06
BBM,BBM:F024417,BBM:F035440,similar,06
BBM,BBM:F024417,BBM:F035452,similar,06
BBM,BBM:F034595,BBM:F035042,similar,06
BBM,BBM:F034595,BBM:F035063,similar,06
BBM,BBM:F034595,BBM:F035140,similar,06
BBM,BBM:F034595,BBM:F035205,similar,06
BBM,BBM:F034595,BBM:F035440,similar,06
BBM,BBM:F034595,BBM:F035452,similar,06
BBM,BBM:F035042,BBM:F035063,similar,06
BBM,BBM:F035042,BBM:F035140,similar,06
BBM,BBM:F035042,BBM:F035205,similar,06
BBM,BBM:F035042,BBM:F035440,similar,06
BBM,BBM:F035042,BBM:F035452,similar,06
BBM,BBM:F035063,BBM:F035140,similar,06
BBM,BBM:F035063,BBM:F035205,similar,06
BBM,BBM:F035063,BBM:F035440,similar,06
BBM,BBM:F035063,BBM:F035452,similar,06
BBM,BBM:F035140,BBM:F035205,similar,06
BBM,BBM:F035140,BBM:F035440,similar,06
BBM,BBM:F035140,BBM:F035452,similar,06
BBM,BBM:F035205,BBM:F035440,similar,06
BBM,BBM:F035205,BBM:F035452,similar,06
BBM,BBM:F035440,BBM:F035452,similar,06
BBM,BBM:F024558,BBM:F034819,similar,06
BBM,BBM:F024681,BBM:F024796,similar,06
BBM,BBM:F024681,BBM:F034824,similar,06
BBM,BBM:F024681,BBM:F035135,similar,06
BBM,BBM:F024681,BBM:F035617,similar,06
BBM,BBM:F024681,BBM:F035621,similar,06
BBM,BBM:F024796,BBM:F034824,similar,06
BBM,BBM:F024796,BBM:F035135,similar,06
BBM,BBM:F024796,BBM:F035617,similar,06
BBM,BBM:F024796,BBM:F035621,similar,06
BBM,BBM:F034824,BBM:F035135,similar,06
BBM,BBM:F034824,BBM:F035617,similar,06
BBM,BBM:F034824,BBM:F035621,similar,06
BBM,BBM:F035135,BBM:F035617,similar,06
BBM,BBM:F035135,BBM:F035621,similar,06
BBM,BBM:F035617,BBM:F035621,similar,06
BBM,BBM:F024693,BBM:F035379,similar,06
BBM,BBM:F024694,BBM:F024851,similar,06
BBM,BBM:F024694,BBM:F035118,similar,06
BBM,BBM:F024694,BBM:F035226,similar,06
BBM,BBM:F024694,BBM:F035233,similar,06
BBM,BBM:F024694,BBM:F035420,similar,06
BBM,BBM:F024694,BBM:F035534,similar,06
BBM,BBM:F024851,BBM:F035118,similar,06
BBM,BBM:F024851,BBM:F035226,similar,06
BBM,BBM:F024851,BBM:F035233,similar,06
BBM,BBM:F024851,BBM:F035420,similar,06
BBM,BBM:F024851,BBM:F035534,similar,06
BBM,BBM:F035118,BBM:F035226,similar,06
BBM,BBM:F035118,BBM:F035233,similar,06
BBM,BBM:F035118,BBM:F035420,similar,06
BBM,BBM:F035118,BBM:F035534,similar,06
BBM,BBM:F035226,BBM:F035233,similar,06
BBM,BBM:F035226,BBM:F035420,similar,06
BBM,BBM:F035226,BBM:F035534,similar,06
BBM,BBM:F035233,BBM:F035420,similar,06
BBM,BBM:F035233,BBM:F035534,similar,06
BBM,BBM:F035420,BBM:F035534,similar,06
BBM,BBM:F024713,BBM:F024832,similar,06
BBM,BBM:F024713,BBM:F035448,similar,06
BBM,BBM:F024832,BBM:F035448,similar,06
BBM,BBM:F025596,BBM:F025628,similar,06
BBM,BBM:F025596,BBM:F025654,similar,06
BBM,BBM:F025596,BBM:F025702,similar,06
BBM,BBM:F025628,BBM:F025654,similar,06
BBM,BBM:F025628,BBM:F025702,similar,06
BBM,BBM:F025654,BBM:F025702,similar,06
BBM,BBM:F025611,BBM:F025612,strict,06
BBM,BBM:F025627,BBM:F025701,similar,06
BBM,BBM:F025660,BBM:F034592,similar,06
BBM,BBM:F026418,BBM:F026510,similar,06
BBM,BBM:F026808,BBM:F034991,similar,06
BBM,BBM:F026873,BBM:F032389,similar,06
BBM,BBM:F027111,BBM:F027112,strict,06
BBM,BBM:F027249,BBM:F035727,similar,06
BBM,BBM:F028777,BBM:F028784,similar,06
BBM,BBM:F028900,BBM:F034142,similar,06
BBM,BBM:F028900,BBM:F034172,similar,06
BBM,BBM:F028900,BBM:F035169,similar,06
BBM,BBM:F028900,BBM:F035524,similar,06
BBM,BBM:F034142,BBM:F034172,similar,06
BBM,BBM:F034142,BBM:F035169,similar,06
BBM,BBM:F034142,BBM:F035524,similar,06
BBM,BBM:F034172,BBM:F035169,similar,06
BBM,BBM:F034172,BBM:F035524,similar,06
BBM,BBM:F035169,BBM:F035524,similar,06
BBM,BBM:F028983,BBM:F032451,similar,06
BBM,BBM:F028984,BBM:F029000,similar,06
BBM,BBM:F029322,BBM:F029385,similar,06
BBM,BBM:F029322,BBM:F029601,similar,06
BBM,BBM:F029322,BBM:F029631,similar,06
BBM,BBM:F029385,BBM:F029601,similar,06
BBM,BBM:F029385,BBM:F029631,similar,06
BBM,BBM:F029601,BBM:F029631,similar,06
BBM,BBM:F029356,BBM:F029416,similar,06
BBM,BBM:F029356,BBM:F029481,similar,06
BBM,BBM:F029356,BBM:F029527,similar,06
BBM,BBM:F029356,BBM:F029603,similar,06
BBM,BBM:F029416,BBM:F029481,similar,06
BBM,BBM:F029416,BBM:F029527,similar,06
BBM,BBM:F029416,BBM:F029603,similar,06
BBM,BBM:F029481,BBM:F029527,similar,06
BBM,BBM:F029481,BBM:F029603,similar,06
BBM,BBM:F029527,BBM:F029603,similar,06
BBM,BBM:F029357,BBM:F029387,similar,06
BBM,BBM:F029415,BBM:F029516,similar,06
BBM,BBM:F029480,BBM:F029492,similar,06
BBM,BBM:F029480,BBM:F029589,similar,06
BBM,BBM:F029492,BBM:F029589,similar,06
BBM,BBM:F029517,BBM:F029588,similar,06
BBM,BBM:F029517,BBM:F029602,similar,06
BBM,BBM:F029588,BBM:F029602,similar,06
BBM,BBM:F029823,BBM:F032423,similar,06
BBM,BBM:F029978,BBM:F029979,similar,06
BBM,BBM:F030537,BBM:F030538,strict,06
BBM,BBM:F030605,BBM:F030848,similar,06
BBM,BBM:F030706,BBM:F030847,similar,06
BBM,BBM:F030994,BBM:F030995,strict,06
BBM,BBM:F031465,BBM:F031513,similar,06
BBM,BBM:F031613,BBM:F031622,similar,06
BBM,BBM:F031613,BBM:F031969,similar,06
BBM,BBM:F031622,BBM:F031969,similar,06
BBM,BBM:F031643,BBM:F031905,similar,06
BBM,BBM:F031644,BBM:F031650,similar,06
BBM,BBM:F031644,BBM:F031687,similar,06
BBM,BBM:F031650,BBM:F031687,similar,06
BBM,BBM:F031702,BBM:F031703,strict,06
BBM,BBM:F031702,BBM:F031704,strict,06
BBM,BBM:F031702,BBM:F031705,strict,06
BBM,BBM:F031703,BBM:F031704,strict,06
BBM,BBM:F031703,BBM:F031705,strict,06
BBM,BBM:F031704,BBM:F031705,strict,06
BBM,BBM:F034222,BBM:F034506,similar,06
BBM,BBM:F034222,BBM:F035719,similar,06
BBM,BBM:F034506,BBM:F035719,similar,06
BBM,BBM:F034659,BBM:F035634,similar,06
BBM,BBM:F034745,BBM:F034746,similar,06
BBM,BBM:F035026,BBM:F035650,similar,06
mo,MO:223094,MO:441931,similar,06
mo,MO:163334,MO:163435,similar,06
mo,MO:274270,MO:406978,similar,06
mo,MO:308804,MO:351197,similar,06
mo,MO:347654,MO:353942,similar,06
mo,MO:347654,MO:365001,similar,06
mo,MO:353942,MO:365001,similar,06
mo,MO:388118,MO:389103,similar,06
mo,MO:438537,MO:441727,similar,06
BBM,BBM:F005743,BBM:F005744,similar,06
BBM,BBM:F005747,BBM:F005748,similar,06
BBM,BBM:F005792,BBM:F005793,strict,06
BBM,BBM:F005799,BBM:F005801,similar,06
BBM,BBM:F005824,BBM:F005825,strict,06
BBM,BBM:F005824,BBM:F005836,strict,06
BBM,BBM:F005824,BBM:F005848,strict,06
BBM,BBM:F005825,BBM:F005836,strict,06
BBM,BBM:F005825,BBM:F005848,strict,06
BBM,BBM:F005836,BBM:F005848,strict,06
BBM,BBM:F005828,BBM:F005835,strict,06
BBM,BBM:F005830,BBM:F005841,strict,06
BBM,BBM:F005839,BBM:F005840,strict,06
BBM,BBM:F006070,BBM:F006083,similar,06
BBM,BBM:F006072,BBM:F006073,strict,06
BBM,BBM:F006075,BBM:F006076,similar,06
BBM,BBM:F006110,BBM:F006113,strict,06
BBM,BBM:F006117,BBM:F006118,similar,06
BBM,BBM:F006119,BBM:F006120,similar,06
BBM,BBM:F012562,BBM:F012576,strict,06
BBM,BBM:F007161,BBM:F007164,strict,06
BBM,BBM:F007161,BBM:F007165,strict,06
BBM,BBM:F007161,BBM:F007166,strict,06
BBM,BBM:F007164,BBM:F007165,strict,06
BBM,BBM:F007164,BBM:F007166,strict,06
BBM,BBM:F007165,BBM:F007166,strict,06
BBM,BBM:F007184,BBM:F007185,strict,06
BBM,BBM:F007189,BBM:F007194,strict,06
BBM,BBM:F007286,BBM:F007290,strict,06
BBM,BBM:F007360,BBM:F007361,similar,06
BBM,BBM:F007363,BBM:F007364,strict,06
BBM,BBM:F007395,BBM:F007397,strict,06
BBM,BBM:F007408,BBM:F007409,strict,06
BBM,BBM:F007474,BBM:F007488,similar,06
BBM,BBM:F007485,BBM:F007487,similar,06
BBM,BBM:F012606,BBM:F012607,similar,06
BBM,BBM:F000548,BBM:F000549,similar,06
BBM,BBM:F000551,BBM:F010079,strict,06
BBM,BBM:F007504,BBM:F007505,similar,06
BBM,BBM:F000562,BBM:F000565,similar,06
BBM,BBM:F003884,BBM:F003885,similar,06
BBM,BBM:F003888,BBM:F003894,similar,06
BBM,BBM:F001571,BBM:F008671,strict,06
BBM,BBM:F001621,BBM:F008664,similar,06
BBM,BBM:F008663,BBM:F008665,similar,06
BBM,BBM:F008667,BBM:F021721,similar,06
BBM,BBM:F008686,BBM:F008687,similar,06
BBM,BBM:F013591,BBM:F035253,similar,06
BBM,BBM:F022330,BBM:F022332,strict,06
BBM,BBM:F022374,BBM:F022434,similar,06
BBM,BBM:F027001,BBM:F034761,similar,06
BBM,BBM:F028388,BBM:F028394,strict,06
BBM,BBM:F032864,BBM:F032873,strict,06
BBM,BBM:F032864,BBM:F032923,strict,06
BBM,BBM:F032873,BBM:F032923,strict,06
BBM,BBM:F032916,BBM:F032962,strict,06
BBM,BBM:F008364,BBM:F008365,strict,06
BBM,BBM:F008373,BBM:F008374,similar,06
BBM,BBM:F014804,BBM:F014815,similar,06
BBM,BBM:F017099,BBM:F021649,similar,06
BBM,BBM:F017099,BBM:F021755,similar,06
BBM,BBM:F021649,BBM:F021755,similar,06
BBM,BBM:F021356,BBM:F021741,similar,06
BBM,BBM:F023716,BBM:F023726,strict,06
BBM,BBM:F024743,BBM:F035100,similar,06
BBM,BBM:F027209,BBM:F035470,similar,06
BBM,BBM:F028090,BBM:F034146,similar,06
BBM,BBM:F028828,BBM:F028829,strict,06
BBM,BBM:F029541,BBM:F029625,similar,06
BBM,BBM:F032882,BBM:F032924,strict,06
BBM,BBM:F032882,BBM:F032941,strict,06
BBM,BBM:F032924,BBM:F032941,strict,06
BBM,BBM:F034396,BBM:F034398,similar,06
BBM,BBM:F035786,BBM:F035797,similar,06
mo,MO:231047,MO:265138,similar,06
mo,MO:344400,MO:359640,similar,06
BBM,BBM:F001457,BBM:F034529,similar,06
BBM,BBM:F007805,BBM:F007807,strict,06
BBM,BBM:F007809,BBM:F007810,similar,06
BBM,BBM:F013189,BBM:F013219,similar,06
BBM,BBM:F013599,BBM:F014863,similar,06
BBM,BBM:F014620,BBM:F014643,strict,06
BBM,BBM:F015128,BBM:F015159,similar,06
BBM,BBM:F015128,BBM:F015178,similar,06
BBM,BBM:F015128,BBM:F015276,similar,06
BBM,BBM:F015159,BBM:F015178,similar,06
BBM,BBM:F015159,BBM:F015276,similar,06
BBM,BBM:F015178,BBM:F015276,similar,06
BBM,BBM:F015358,BBM:F015413,similar,06
BBM,BBM:F015358,BBM:F015454,similar,06
BBM,BBM:F015358,BBM:F015478,similar,06
BBM,BBM:F015413,BBM:F015454,similar,06
BBM,BBM:F015413,BBM:F015478,similar,06
BBM,BBM:F015454,BBM:F015478,similar,06
BBM,BBM:F015624,BBM:F015726,similar,06
BBM,BBM:F015624,BBM:F015751,similar,06
BBM,BBM:F015624,BBM:F015845,similar,06
BBM,BBM:F015726,BBM:F015751,similar,06
BBM,BBM:F015726,BBM:F015845,similar,06
BBM,BBM:F015751,BBM:F015845,similar,06
BBM,BBM:F015635,BBM:F015703,similar,06
BBM,BBM:F015635,BBM:F015765,similar,06
BBM,BBM:F015703,BBM:F015765,similar,06
BBM,BBM:F017977,BBM:F030448,similar,06
BBM,BBM:F018410,BBM:F018523,strict,06
BBM,BBM:F022092,BBM:F024106,similar,06
BBM,BBM:F022322,BBM:F034171,similar,06
BBM,BBM:F023119,BBM:F023167,similar,06
BBM,BBM:F030493,BBM:F030566,similar,06
BBM,BBM:F030493,BBM:F030619,similar,06
BBM,BBM:F030493,BBM:F030677,similar,06
BBM,BBM:F030493,BBM:F030689,similar,06
BBM,BBM:F030566,BBM:F030619,similar,06
BBM,BBM:F030566,BBM:F030677,similar,06
BBM,BBM:F030566,BBM:F030689,similar,06
BBM,BBM:F030619,BBM:F030677,similar,06
BBM,BBM:F030619,BBM:F030689,similar,06
BBM,BBM:F030677,BBM:F030689,similar,06
BBM,BBM:F030610,BBM:F030800,similar,06
BBM,BBM:F032026,BBM:F032032,strict,06
BBM,BBM:F032856,BBM:F032888,strict,06
BBM,BBM:F032856,BBM:F032904,strict,06
BBM,BBM:F032856,BBM:F032946,strict,06
BBM,BBM:F032856,BBM:F032982,strict,06
BBM,BBM:F032888,BBM:F032904,strict,06
BBM,BBM:F032888,BBM:F032946,strict,06
BBM,BBM:F032888,BBM:F032982,strict,06
BBM,BBM:F032904,BBM:F032946,strict,06
BBM,BBM:F032904,BBM:F032982,strict,06
BBM,BBM:F032946,BBM:F032982,strict,06
BBM,BBM:F033278,BBM:F033304,strict,06
mo,MO:390563,MO:414091,similar,06
mo,MO:334174,MO:382931,similar,06
mo,MO:334174,MO:383383,similar,06
mo,MO:334174,MO:414097,similar,06
mo,MO:334174,MO:438540,similar,06
mo,MO:382931,MO:383383,similar,06
mo,MO:382931,MO:414097,similar,06
mo,MO:382931,MO:438540,similar,06
mo,MO:383383,MO:414097,similar,06
mo,MO:383383,MO:438540,similar,06
mo,MO:414097,MO:438540,similar,06
mo,MO:323988,MO:326764,similar,06
mo,MO:379241,MO:380995,similar,06
mo,MO:379241,MO:383377,similar,06
mo,MO:379241,MO:396507,similar,06
mo,MO:379241,MO:414331,similar,06
mo,MO:380995,MO:383377,similar,06
mo,MO:380995,MO:396507,similar,06
mo,MO:380995,MO:414331,similar,06
mo,MO:383377,MO:396507,similar,06
mo,MO:383377,MO:414331,similar,06
mo,MO:396507,MO:414331,similar,06
BBM,BBM:F015129,BBM:F015143,similar,06
BBM,BBM:F016867,BBM:F030871,similar,06
BBM,BBM:F023917,BBM:F023918,strict,06
BBM,BBM:F030649,BBM:F030668,strict,06
BBM,BBM:F032250,BBM:F032251,strict,06
BBM,BBM:F032262,BBM:F032263,strict,06
BBM,BBM:F001734,BBM:F009690,strict,06
BBM,BBM:F001749,BBM:F009737,strict,06
BBM,BBM:F001756,BBM:F009753,strict,06
BBM,BBM:F001766,BBM:F001767,similar,06
BBM,BBM:F009578,BBM:F009579,similar,06
BBM,BBM:F009581,BBM:F009596,strict,06
BBM,BBM:F009584,BBM:F009588,similar,06
BBM,BBM:F009584,BBM:F009598,similar,06
BBM,BBM:F009588,BBM:F009598,similar,06
BBM,BBM:F009586,BBM:F009591,strict,06
BBM,BBM:F009600,BBM:F009601,similar,06
BBM,BBM:F009615,BBM:F009616,similar,06
BBM,BBM:F009629,BBM:F009631,strict,06
BBM,BBM:F009655,BBM:F009656,similar,06
BBM,BBM:F009655,BBM:F009662,similar,06
BBM,BBM:F009655,BBM:F009663,similar,06
BBM,BBM:F009656,BBM:F009662,similar,06
BBM,BBM:F009656,BBM:F009663,similar,06
BBM,BBM:F009662,BBM:F009663,similar,06
BBM,BBM:F009657,BBM:F009658,strict,06
BBM,BBM:F009659,BBM:F009660,similar,06
BBM,BBM:F009659,BBM:F009661,similar,06
BBM,BBM:F009660,BBM:F009661,similar,06
BBM,BBM:F009676,BBM:F009677,similar,06
BBM,BBM:F009676,BBM:F009776,similar,06
BBM,BBM:F009676,BBM:F009777,similar,06
BBM,BBM:F009677,BBM:F009776,similar,06
BBM,BBM:F009677,BBM:F009777,similar,06
BBM,BBM:F009776,BBM:F009777,similar,06
BBM,BBM:F009691,BBM:F009695,similar,06
BBM,BBM:F009702,BBM:F009710,similar,06
BBM,BBM:F009728,BBM:F009732,similar,06
BBM,BBM:F009764,BBM:F009765,strict,06
BBM,BBM:F009778,BBM:F009779,similar,06
BBM,BBM:F009778,BBM:F009784,similar,06
BBM,BBM:F009778,BBM:F009786,similar,06
BBM,BBM:F009779,BBM:F009784,similar,06
BBM,BBM:F009779,BBM:F009786,similar,06
BBM,BBM:F009784,BBM:F009786,similar,06
BBM,BBM:F015158,BBM:F015180,similar,06
BBM,BBM:F020612,BBM:F021099,similar,06
BBM,BBM:F020620,BBM:F020930,similar,06
BBM,BBM:F020620,BBM:F020990,similar,06
BBM,BBM:F020930,BBM:F020990,similar,06
BBM,BBM:F021920,BBM:F021971,similar,06
BBM,BBM:F020940,BBM:F020946,strict,06
BBM,BBM:F030372,BBM:F030421,similar,06
BBM,BBM:F030372,BBM:F030445,similar,06
BBM,BBM:F030421,BBM:F030445,similar,06
BBM,BBM:F032966,BBM:F033008,similar,06
mo,MO:364419,MO:373298,similar,06
BBM,BBM:F011978,BBM:F030331,similar,06
BBM,BBM:F031417,BBM:F031418,similar,06
BBM,BBM:F000776,BBM:F034153,similar,06
BBM,BBM:F000776,BBM:F034200,similar,06
BBM,BBM:F000776,BBM:F034219,similar,06
BBM,BBM:F034153,BBM:F034200,similar,06
BBM,BBM:F034153,BBM:F034219,similar,06
BBM,BBM:F034200,BBM:F034219,similar,06
BBM,BBM:F000893,BBM:F000894,strict,06
BBM,BBM:F001503,BBM:F001504,similar,06
BBM,BBM:F001506,BBM:F010247,strict,06
BBM,BBM:F001507,BBM:F001510,similar,06
BBM,BBM:F001513,BBM:F024013,similar,06
BBM,BBM:F001513,BBM:F032548,similar,06
BBM,BBM:F024013,BBM:F032548,similar,06
BBM,BBM:F008430,BBM:F008431,similar,06
BBM,BBM:F010143,BBM:F010185,similar,06
BBM,BBM:F010183,BBM:F010232,similar,06
BBM,BBM:F010183,BBM:F010237,similar,06
BBM,BBM:F010232,BBM:F010237,similar,06
BBM,BBM:F010223,BBM:F010241,similar,06
BBM,BBM:F010254,BBM:F010255,strict,06
BBM,BBM:F012441,BBM:F012442,similar,06
BBM,BBM:F012501,BBM:F012504,similar,06
BBM,BBM:F014149,BBM:F034124,similar,06
BBM,BBM:F014468,BBM:F014500,similar,06
BBM,BBM:F014468,BBM:F014542,similar,06
BBM,BBM:F014500,BBM:F014542,similar,06
BBM,BBM:F016605,BBM:F016883,similar,06
BBM,BBM:F016605,BBM:F030591,similar,06
BBM,BBM:F016605,BBM:F030712,similar,06
BBM,BBM:F016605,BBM:F030780,similar,06
BBM,BBM:F016883,BBM:F030591,similar,06
BBM,BBM:F016883,BBM:F030712,similar,06
BBM,BBM:F016883,BBM:F030780,similar,06
BBM,BBM:F030591,BBM:F030712,similar,06
BBM,BBM:F030591,BBM:F030780,similar,06
BBM,BBM:F030712,BBM:F030780,similar,06
BBM,BBM:F017524,BBM:F017525,strict,06
BBM,BBM:F017531,BBM:F017532,similar,06
BBM,BBM:F017531,BBM:F017533,similar,06
BBM,BBM:F017532,BBM:F017533,similar,06
BBM,BBM:F017538,BBM:F017539,similar,06
BBM,BBM:F017538,BBM:F017540,similar,06
BBM,BBM:F017538,BBM:F017541,similar,06
BBM,BBM:F017539,BBM:F017540,similar,06
BBM,BBM:F017539,BBM:F017541,similar,06
BBM,BBM:F017540,BBM:F017541,similar,06
BBM,BBM:F017545,BBM:F017546,similar,06
BBM,BBM:F017545,BBM:F017547,similar,06
BBM,BBM:F017546,BBM:F017547,similar,06
BBM,BBM:F017588,BBM:F017599,strict,06
BBM,BBM:F018253,BBM:F018254,similar,06
BBM,BBM:F022104,BBM:F022105,strict,06
BBM,BBM:F022919,BBM:F022924,similar,06
BBM,BBM:F022921,BBM:F034203,similar,06
BBM,BBM:F024196,BBM:F024216,similar,06
BBM,BBM:F024196,BBM:F024297,similar,06
BBM,BBM:F024216,BBM:F024297,similar,06
BBM,BBM:F024322,BBM:F027437,similar,06
BBM,BBM:F025472,BBM:F035357,similar,06
BBM,BBM:F026521,BBM:F029815,similar,06
BBM,BBM:F026521,BBM:F029976,similar,06
BBM,BBM:F029815,BBM:F029976,similar,06
BBM,BBM:F026529,BBM:F029693,similar,06
BBM,BBM:F026803,BBM:F026991,similar,06
BBM,BBM:F026803,BBM:F027137,similar,06
BBM,BBM:F026991,BBM:F027137,similar,06
BBM,BBM:F028782,BBM:F028864,similar,06
BBM,BBM:F029141,BBM:F029159,similar,06
BBM,BBM:F029141,BBM:F029199,similar,06
BBM,BBM:F029159,BBM:F029199,similar,06
BBM,BBM:F029319,BBM:F029327,similar,06
BBM,BBM:F030954,BBM:F030969,similar,06
BBM,BBM:F030970,BBM:F030971,similar,06
BBM,BBM:F030970,BBM:F030975,similar,06
BBM,BBM:F030970,BBM:F030976,similar,06
BBM,BBM:F030971,BBM:F030975,similar,06
BBM,BBM:F030971,BBM:F030976,similar,06
BBM,BBM:F030975,BBM:F030976,similar,06
BBM,BBM:F030973,BBM:F030974,strict,06
BBM,BBM:F032231,BBM:F033209,strict,06
BBM,BBM:F032276,BBM:F032279,similar,06
BBM,BBM:F032276,BBM:F032535,similar,06
BBM,BBM:F032279,BBM:F032535,similar,06
BBM,BBM:F001690,BBM:F009201,similar,06
BBM,BBM:F009202,BBM:F009203,strict,06
BBM,BBM:F014718,BBM:F035332,similar,06
BBM,BBM:F015132,BBM:F015172,similar,06
BBM,BBM:F015132,BBM:F015235,similar,06
BBM,BBM:F015132,BBM:F015345,similar,06
BBM,BBM:F015172,BBM:F015235,similar,06
BBM,BBM:F015172,BBM:F015345,similar,06
BBM,BBM:F015235,BBM:F015345,similar,06
BBM,BBM:F015242,BBM:F015273,similar,06
BBM,BBM:F015357,BBM:F015388,similar,06
BBM,BBM:F015672,BBM:F015766,similar,06
BBM,BBM:F015672,BBM:F015846,similar,06
BBM,BBM:F015766,BBM:F015846,similar,06
BBM,BBM:F016047,BBM:F016078,similar,06
BBM,BBM:F016047,BBM:F016135,similar,06
BBM,BBM:F016047,BBM:F016165,similar,06
BBM,BBM:F016078,BBM:F016135,similar,06
BBM,BBM:F016078,BBM:F016165,similar,06
BBM,BBM:F016135,BBM:F016165,similar,06
BBM,BBM:F016625,BBM:F016692,similar,06
BBM,BBM:F016721,BBM:F016790,similar,06
BBM,BBM:F016835,BBM:F030501,similar,06
BBM,BBM:F021371,BBM:F021445,strict,06
BBM,BBM:F021371,BBM:F021480,strict,06
BBM,BBM:F021445,BBM:F021480,strict,06
BBM,BBM:F021695,BBM:F021718,similar,06
BBM,BBM:F021695,BBM:F033403,similar,06
BBM,BBM:F021718,BBM:F033403,similar,06
BBM,BBM:F030730,BBM:F030788,similar,06
BBM,BBM:F030730,BBM:F030835,similar,06
BBM,BBM:F030788,BBM:F030835,similar,06
BBM,BBM:F030812,BBM:F030883,similar,06
BBM,BBM:F032926,BBM:F032959,strict,06
BBM,BBM:F035181,BBM:F035195,similar,06
mo,MO:75627,MO:152313,similar,06
mo,MO:75627,MO:155732,similar,06
mo,MO:75627,MO:193820,similar,06
mo,MO:75627,MO:203532,similar,06
mo,MO:75627,MO:392361,similar,06
mo,MO:75627,MO:394506,similar,06
mo,MO:75627,MO:395867,similar,06
mo,MO:75627,MO:396787,similar,06
mo,MO:75627,MO:443855,similar,06
mo,MO:75627,MO:445190,similar,06
mo,MO:152313,MO:155732,similar,06
mo,MO:152313,MO:193820,similar,06
mo,MO:152313,MO:203532,similar,06
mo,MO:152313,MO:392361,similar,06
mo,MO:152313,MO:394506,similar,06
mo,MO:152313,MO:395867,similar,06
mo,MO:152313,MO:396787,similar,06
mo,MO:152313,MO:443855,similar,06
mo,MO:152313,MO:445190,similar,06
mo,MO:155732,MO:193820,similar,06
mo,MO:155732,MO:203532,similar,06
mo,MO:155732,MO:392361,similar,06
mo,MO:155732,MO:394506,similar,06
mo,MO:155732,MO:395867,similar,06
mo,MO:155732,MO:396787,similar,06
mo,MO:155732,MO:443855,similar,06
mo,MO:155732,MO:445190,similar,06
mo,MO:193820,MO:203532,similar,06
mo,MO:193820,MO:392361,similar,06
mo,MO:193820,MO:394506,similar,06
mo,MO:193820,MO:395867,similar,06
mo,MO:193820,MO:396787,similar,06
mo,MO:193820,MO:443855,similar,06
mo,MO:193820,MO:445190,similar,06
mo,MO:203532,MO:392361,similar,06
mo,MO:203532,MO:394506,similar,06
mo,MO:203532,MO:395867,similar,06
mo,MO:203532,MO:396787,similar,06
mo,MO:203532,MO:443855,similar,06
mo,MO:203532,MO:445190,similar,06
mo,MO:392361,MO:394506,similar,06
mo,MO:392361,MO:395867,similar,06
mo,MO:392361,MO:396787,similar,06
mo,MO:392361,MO:443855,similar,06
mo,MO:392361,MO:445190,similar,06
mo,MO:394506,MO:395867,similar,06
mo,MO:394506,MO:396787,similar,06
mo,MO:394506,MO:443855,similar,06
mo,MO:394506,MO:445190,similar,06
mo,MO:395867,MO:396787,similar,06
mo,MO:395867,MO:443855,similar,06
mo,MO:395867,MO:445190,similar,06
mo,MO:396787,MO:443855,similar,06
mo,MO:396787,MO:445190,similar,06
mo,MO:443855,MO:445190,similar,06
BBM,BBM:F000579,BBM:F022248,similar,06
BBM,BBM:F014591,BBM:F014616,similar,06
BBM,BBM:F014591,BBM:F035146,similar,06
BBM,BBM:F014591,BBM:F035466,similar,06
BBM,BBM:F014616,BBM:F035146,similar,06
BBM,BBM:F014616,BBM:F035466,similar,06
BBM,BBM:F035146,BBM:F035466,similar,06
BBM,BBM:F014710,BBM:F014748,strict,06
BBM,BBM:F015967,BBM:F016017,similar,06
BBM,BBM:F015967,BBM:F016052,similar,06
BBM,BBM:F016017,BBM:F016052,similar,06
BBM,BBM:F025408,BBM:F025677,similar,06
BBM,BBM:F025408,BBM:F035306,similar,06
BBM,BBM:F025677,BBM:F035306,similar,06
BBM,BBM:F030522,BBM:F030774,similar,06
BBM,BBM:F030639,BBM:F030685,similar,06
BBM,BBM:F030647,BBM:F030826,similar,06
mo,MO:353943,MO:355507,similar,06
mo,MO:375287,MO:375867,similar,06
mo,MO:375287,MO:381016,similar,06
mo,MO:375867,MO:381016,similar,06
mo,MO:426913,MO:426922,similar,06
BBM,BBM:F008701,BBM:F008704,similar,06
BBM,BBM:F008701,BBM:F008711,similar,06
BBM,BBM:F008704,BBM:F008711,similar,06
BBM,BBM:F035339,BBM:F035811,similar,06
mo,MO:66875,MO:93595,similar,06
mo,MO:66875,MO:120763,similar,06
mo,MO:66875,MO:302136,similar,06
mo,MO:66875,MO:360372,similar,06
mo,MO:66875,MO:401696,similar,06
mo,MO:93595,MO:120763,similar,06
mo,MO:93595,MO:302136,similar,06
mo,MO:93595,MO:360372,similar,06
mo,MO:93595,MO:401696,similar,06
mo,MO:120763,MO:302136,similar,06
mo,MO:120763,MO:360372,similar,06
mo,MO:120763,MO:401696,similar,06
mo,MO:302136,MO:360372,similar,06
mo,MO:302136,MO:401696,similar,06
mo,MO:360372,MO:401696,similar,06
BBM,BBM:F008060,BBM:F008062,strict,06
BBM,BBM:F013170,BBM:F013180,similar,06
BBM,BBM:F013185,BBM:F034808,similar,06
BBM,BBM:F013508,BBM:F034596,similar,06
BBM,BBM:F013623,BBM:F013627,similar,06
BBM,BBM:F014057,BBM:F034175,similar,06
BBM,BBM:F014272,BBM:F014278,strict,06
BBM,BBM:F014431,BBM:F023170,similar,06
BBM,BBM:F014431,BBM:F023179,similar,06
BBM,BBM:F014431,BBM:F035721,similar,06
BBM,BBM:F023170,BBM:F023179,similar,06
BBM,BBM:F023170,BBM:F035721,similar,06
BBM,BBM:F023179,BBM:F035721,similar,06
BBM,BBM:F014612,BBM:F034552,similar,06
BBM,BBM:F014612,BBM:F034555,similar,06
BBM,BBM:F014612,BBM:F034561,similar,06
BBM,BBM:F014612,BBM:F034735,similar,06
BBM,BBM:F014612,BBM:F034738,similar,06
BBM,BBM:F014612,BBM:F034759,similar,06
BBM,BBM:F014612,BBM:F035032,similar,06
BBM,BBM:F014612,BBM:F035141,similar,06
BBM,BBM:F014612,BBM:F035224,similar,06
BBM,BBM:F014612,BBM:F035700,similar,06
BBM,BBM:F014612,BBM:F035718,similar,06
BBM,BBM:F034552,BBM:F034555,similar,06
BBM,BBM:F034552,BBM:F034561,similar,06
BBM,BBM:F034552,BBM:F034735,similar,06
BBM,BBM:F034552,BBM:F034738,similar,06
BBM,BBM:F034552,BBM:F034759,similar,06
BBM,BBM:F034552,BBM:F035032,similar,06
BBM,BBM:F034552,BBM:F035141,similar,06
BBM,BBM:F034552,BBM:F035224,similar,06
BBM,BBM:F034552,BBM:F035700,similar,06
BBM,BBM:F034552,BBM:F035718,similar,06
BBM,BBM:F034555,BBM:F034561,similar,06
BBM,BBM:F034555,BBM:F034735,similar,06
BBM,BBM:F034555,BBM:F034738,similar,06
BBM,BBM:F034555,BBM:F034759,similar,06
BBM,BBM:F034555,BBM:F035032,similar,06
BBM,BBM:F034555,BBM:F035141,similar,06
BBM,BBM:F034555,BBM:F035224,similar,06
BBM,BBM:F034555,BBM:F035700,similar,06
BBM,BBM:F034555,BBM:F035718,similar,06
BBM,BBM:F034561,BBM:F034735,similar,06
BBM,BBM:F034561,BBM:F034738,similar,06
BBM,BBM:F034561,BBM:F034759,similar,06
BBM,BBM:F034561,BBM:F035032,similar,06
BBM,BBM:F034561,BBM:F035141,similar,06
BBM,BBM:F034561,BBM:F035224,similar,06
BBM,BBM:F034561,BBM:F035700,similar,06
BBM,BBM:F034561,BBM:F035718,similar,06
BBM,BBM:F034735,BBM:F034738,similar,06
BBM,BBM:F034735,BBM:F034759,similar,06
BBM,BBM:F034735,BBM:F035032,similar,06
BBM,BBM:F034735,BBM:F035141,similar,06
BBM,BBM:F034735,BBM:F035224,similar,06
BBM,BBM:F034735,BBM:F035700,similar,06
BBM,BBM:F034735,BBM:F035718,similar,06
BBM,BBM:F034738,BBM:F034759,similar,06
BBM,BBM:F034738,BBM:F035032,similar,06
BBM,BBM:F034738,BBM:F035141,similar,06
BBM,BBM:F034738,BBM:F035224,similar,06
BBM,BBM:F034738,BBM:F035700,similar,06
BBM,BBM:F034738,BBM:F035718,similar,06
BBM,BBM:F034759,BBM:F035032,similar,06
BBM,BBM:F034759,BBM:F035141,similar,06
BBM,BBM:F034759,BBM:F035224,similar,06
BBM,BBM:F034759,BBM:F035700,similar,06
BBM,BBM:F034759,BBM:F035718,similar,06
BBM,BBM:F035032,BBM:F035141,similar,06
BBM,BBM:F035032,BBM:F035224,similar,06
BBM,BBM:F035032,BBM:F035700,similar,06
BBM,BBM:F035032,BBM:F035718,similar,06
BBM,BBM:F035141,BBM:F035224,similar,06
BBM,BBM:F035141,BBM:F035700,similar,06
BBM,BBM:F035141,BBM:F035718,similar,06
BBM,BBM:F035224,BBM:F035700,similar,06
BBM,BBM:F035224,BBM:F035718,similar,06
BBM,BBM:F035700,BBM:F035718,similar,06
BBM,BBM:F014702,BBM:F014746,strict,06
BBM,BBM:F014844,BBM:F014856,similar,06
BBM,BBM:F015169,BBM:F015245,similar,06
BBM,BBM:F015169,BBM:F015253,similar,06
BBM,BBM:F015169,BBM:F015263,similar,06
BBM,BBM:F015245,BBM:F015253,similar,06
BBM,BBM:F015245,BBM:F015263,similar,06
BBM,BBM:F015253,BBM:F015263,similar,06
BBM,BBM:F015396,BBM:F015417,similar,06
BBM,BBM:F015396,BBM:F015482,similar,06
BBM,BBM:F015417,BBM:F015482,similar,06
BBM,BBM:F015539,BBM:F034256,similar,06
BBM,BBM:F015539,BBM:F034261,similar,06
BBM,BBM:F015539,BBM:F034277,similar,06
BBM,BBM:F015539,BBM:F034292,similar,06
BBM,BBM:F015539,BBM:F034297,similar,06
BBM,BBM:F015539,BBM:F034503,similar,06
BBM,BBM:F015539,BBM:F034604,similar,06
BBM,BBM:F015539,BBM:F034918,similar,06
BBM,BBM:F015539,BBM:F034951,similar,06
BBM,BBM:F015539,BBM:F034989,similar,06
BBM,BBM:F015539,BBM:F035142,similar,06
BBM,BBM:F015539,BBM:F035147,similar,06
BBM,BBM:F015539,BBM:F035210,similar,06
BBM,BBM:F015539,BBM:F035323,similar,06
BBM,BBM:F015539,BBM:F035605,similar,06
BBM,BBM:F015539,BBM:F035697,similar,06
BBM,BBM:F015539,BBM:F035738,similar,06
BBM,BBM:F015539,BBM:F035750,similar,06
BBM,BBM:F015539,BBM:F035801,similar,06
BBM,BBM:F034256,BBM:F034261,similar,06
BBM,BBM:F034256,BBM:F034277,similar,06
BBM,BBM:F034256,BBM:F034292,similar,06
BBM,BBM:F034256,BBM:F034297,similar,06
BBM,BBM:F034256,BBM:F034503,similar,06
BBM,BBM:F034256,BBM:F034604,similar,06
BBM,BBM:F034256,BBM:F034918,similar,06
BBM,BBM:F034256,BBM:F034951,similar,06
BBM,BBM:F034256,BBM:F034989,similar,06
BBM,BBM:F034256,BBM:F035142,similar,06
BBM,BBM:F034256,BBM:F035147,similar,06
BBM,BBM:F034256,BBM:F035210,similar,06
BBM,BBM:F034256,BBM:F035323,similar,06
BBM,BBM:F034256,BBM:F035605,similar,06
BBM,BBM:F034256,BBM:F035697,similar,06
BBM,BBM:F034256,BBM:F035738,similar,06
BBM,BBM:F034256,BBM:F035750,similar,06
BBM,BBM:F034256,BBM:F035801,similar,06
BBM,BBM:F034261,BBM:F034277,similar,06
BBM,BBM:F034261,BBM:F034292,similar,06
BBM,BBM:F034261,BBM:F034297,similar,06
BBM,BBM:F034261,BBM:F034503,similar,06
BBM,BBM:F034261,BBM:F034604,similar,06
BBM,BBM:F034261,BBM:F034918,similar,06
BBM,BBM:F034261,BBM:F034951,similar,06
BBM,BBM:F034261,BBM:F034989,similar,06
BBM,BBM:F034261,BBM:F035142,similar,06
BBM,BBM:F034261,BBM:F035147,similar,06
BBM,BBM:F034261,BBM:F035210,similar,06
BBM,BBM:F034261,BBM:F035323,similar,06
BBM,BBM:F034261,BBM:F035605,similar,06
BBM,BBM:F034261,BBM:F035697,similar,06
BBM,BBM:F034261,BBM:F035738,similar,06
BBM,BBM:F034261,BBM:F035750,similar,06
BBM,BBM:F034261,BBM:F035801,similar,06
BBM,BBM:F034277,BBM:F034292,similar,06
BBM,BBM:F034277,BBM:F034297,similar,06
BBM,BBM:F034277,BBM:F034503,similar,06
BBM,BBM:F034277,BBM:F034604,similar,06
BBM,BBM:F034277,BBM:F034918,similar,06
BBM,BBM:F034277,BBM:F034951,similar,06
BBM,BBM:F034277,BBM:F034989,similar,06
BBM,BBM:F034277,BBM:F035142,similar,06
BBM,BBM:F034277,BBM:F035147,similar,06
BBM,BBM:F034277,BBM:F035210,similar,06
BBM,BBM:F034277,BBM:F035323,similar,06
BBM,BBM:F034277,BBM:F035605,similar,06
BBM,BBM:F034277,BBM:F035697,similar,06
BBM,BBM:F034277,BBM:F035738,similar,06
BBM,BBM:F034277,BBM:F035750,similar,06
BBM,BBM:F034277,BBM:F035801,similar,06
BBM,BBM:F034292,BBM:F034297,similar,06
BBM,BBM:F034292,BBM:F034503,similar,06
BBM,BBM:F034292,BBM:F034604,similar,06
BBM,BBM:F034292,BBM:F034918,similar,06
BBM,BBM:F034292,BBM:F034951,similar,06
BBM,BBM:F034292,BBM:F034989,similar,06
BBM,BBM:F034292,BBM:F035142,similar,06
BBM,BBM:F034292,BBM:F035147,similar,06
BBM,BBM:F034292,BBM:F035210,similar,06
BBM,BBM:F034292,BBM:F035323,similar,06
BBM,BBM:F034292,BBM:F035605,similar,06
BBM,BBM:F034292,BBM:F035697,similar,06
BBM,BBM:F034292,BBM:F035738,similar,06
BBM,BBM:F034292,BBM:F035750,similar,06
BBM,BBM:F034292,BBM:F035801,similar,06
BBM,BBM:F034297,BBM:F034503,similar,06
BBM,BBM:F034297,BBM:F034604,similar,06
BBM,BBM:F034297,BBM:F034918,similar,06
BBM,BBM:F034297,BBM:F034951,similar,06
BBM,BBM:F034297,BBM:F034989,similar,06
BBM,BBM:F034297,BBM:F035142,similar,06
BBM,BBM:F034297,BBM:F035147,similar,06
BBM,BBM:F034297,BBM:F035210,similar,06
BBM,BBM:F034297,BBM:F035323,similar,06
BBM,BBM:F034297,BBM:F035605,similar,06
BBM,BBM:F034297,BBM:F035697,similar,06
BBM,BBM:F034297,BBM:F035738,similar,06
BBM,BBM:F034297,BBM:F035750,similar,06
BBM,BBM:F034297,BBM:F035801,similar,06
BBM,BBM:F034503,BBM:F034604,similar,06
BBM,BBM:F034503,BBM:F034918,similar,06
BBM,BBM:F034503,BBM:F034951,similar,06
BBM,BBM:F034503,BBM:F034989,similar,06
BBM,BBM:F034503,BBM:F035142,similar,06
BBM,BBM:F034503,BBM:F035147,similar,06
BBM,BBM:F034503,BBM:F035210,similar,06
BBM,BBM:F034503,BBM:F035323,similar,06
BBM,BBM:F034503,BBM:F035605,similar,06
BBM,BBM:F034503,BBM:F035697,similar,06
BBM,BBM:F034503,BBM:F035738,similar,06
BBM,BBM:F034503,BBM:F035750,similar,06
BBM,BBM:F034503,BBM:F035801,similar,06
BBM,BBM:F034604,BBM:F034918,similar,06
BBM,BBM:F034604,BBM:F034951,similar,06
BBM,BBM:F034604,BBM:F034989,similar,06
BBM,BBM:F034604,BBM:F035142,similar,06
BBM,BBM:F034604,BBM:F035147,similar,06
BBM,BBM:F034604,BBM:F035210,similar,06
BBM,BBM:F034604,BBM:F035323,similar,06
BBM,BBM:F034604,BBM:F035605,similar,06
BBM,BBM:F034604,BBM:F035697,similar,06
BBM,BBM:F034604,BBM:F035738,similar,06
BBM,BBM:F034604,BBM:F035750,similar,06
BBM,BBM:F034604,BBM:F035801,similar,06
BBM,BBM:F034918,BBM:F034951,similar,06
BBM,BBM:F034918,BBM:F034989,similar,06
BBM,BBM:F034918,BBM:F035142,similar,06
BBM,BBM:F034918,BBM:F035147,similar,06
BBM,BBM:F034918,BBM:F035210,similar,06
BBM,BBM:F034918,BBM:F035323,similar,06
BBM,BBM:F034918,BBM:F035605,similar,06
BBM,BBM:F034918,BBM:F035697,similar,06
BBM,BBM:F034918,BBM:F035738,similar,06
BBM,BBM:F034918,BBM:F035750,similar,06
BBM,BBM:F034918,BBM:F035801,similar,06
BBM,BBM:F034951,BBM:F034989,similar,06
BBM,BBM:F034951,BBM:F035142,similar,06
BBM,BBM:F034951,BBM:F035147,similar,06
BBM,BBM:F034951,BBM:F035210,similar,06
BBM,BBM:F034951,BBM:F035323,similar,06
BBM,BBM:F034951,BBM:F035605,similar,06
BBM,BBM:F034951,BBM:F035697,similar,06
BBM,BBM:F034951,BBM:F035738,similar,06
BBM,BBM:F034951,BBM:F035750,similar,06
BBM,BBM:F034951,BBM:F035801,similar,06
BBM,BBM:F034989,BBM:F035142,similar,06
BBM,BBM:F034989,BBM:F035147,similar,06
BBM,BBM:F034989,BBM:F035210,similar,06
BBM,BBM:F034989,BBM:F035323,similar,06
BBM,BBM:F034989,BBM:F035605,similar,06
BBM,BBM:F034989,BBM:F035697,similar,06
BBM,BBM:F034989,BBM:F035738,similar,06
BBM,BBM:F034989,BBM:F035750,similar,06
BBM,BBM:F034989,BBM:F035801,similar,06
BBM,BBM:F035142,BBM:F035147,similar,06
BBM,BBM:F035142,BBM:F035210,similar,06
BBM,BBM:F035142,BBM:F035323,similar,06
BBM,BBM:F035142,BBM:F035605,similar,06
BBM,BBM:F035142,BBM:F035697,similar,06
BBM,BBM:F035142,BBM:F035738,similar,06
BBM,BBM:F035142,BBM:F035750,similar,06
BBM,BBM:F035142,BBM:F035801,similar,06
BBM,BBM:F035147,BBM:F035210,similar,06
BBM,BBM:F035147,BBM:F035323,similar,06
BBM,BBM:F035147,BBM:F035605,similar,06
BBM,BBM:F035147,BBM:F035697,similar,06
BBM,BBM:F035147,BBM:F035738,similar,06
BBM,BBM:F035147,BBM:F035750,similar,06
BBM,BBM:F035147,BBM:F035801,similar,06
BBM,BBM:F035210,BBM:F035323,similar,06
BBM,BBM:F035210,BBM:F035605,similar,06
BBM,BBM:F035210,BBM:F035697,similar,06
BBM,BBM:F035210,BBM:F035738,similar,06
BBM,BBM:F035210,BBM:F035750,similar,06
BBM,BBM:F035210,BBM:F035801,similar,06
BBM,BBM:F035323,BBM:F035605,similar,06
BBM,BBM:F035323,BBM:F035697,similar,06
BBM,BBM:F035323,BBM:F035738,similar,06
BBM,BBM:F035323,BBM:F035750,similar,06
BBM,BBM:F035323,BBM:F035801,similar,06
BBM,BBM:F035605,BBM:F035697,similar,06
BBM,BBM:F035605,BBM:F035738,similar,06
BBM,BBM:F035605,BBM:F035750,similar,06
BBM,BBM:F035605,BBM:F035801,similar,06
BBM,BBM:F035697,BBM:F035738,similar,06
BBM,BBM:F035697,BBM:F035750,similar,06
BBM,BBM:F035697,BBM:F035801,similar,06
BBM,BBM:F035738,BBM:F035750,similar,06
BBM,BBM:F035738,BBM:F035801,similar,06
BBM,BBM:F035750,BBM:F035801,similar,06
BBM,BBM:F015639,BBM:F033727,similar,06
BBM,BBM:F015888,BBM:F015912,similar,06
BBM,BBM:F015888,BBM:F015928,similar,06
BBM,BBM:F015888,BBM:F015950,similar,06
BBM,BBM:F015888,BBM:F015974,similar,06
BBM,BBM:F015888,BBM:F016100,similar,06
BBM,BBM:F015888,BBM:F019290,similar,06
BBM,BBM:F015888,BBM:F019295,similar,06
BBM,BBM:F015912,BBM:F015928,similar,06
BBM,BBM:F015912,BBM:F015950,similar,06
BBM,BBM:F015912,BBM:F015974,similar,06
BBM,BBM:F015912,BBM:F016100,similar,06
BBM,BBM:F015912,BBM:F019290,similar,06
BBM,BBM:F015912,BBM:F019295,similar,06
BBM,BBM:F015928,BBM:F015950,similar,06
BBM,BBM:F015928,BBM:F015974,similar,06
BBM,BBM:F015928,BBM:F016100,similar,06
BBM,BBM:F015928,BBM:F019290,similar,06
BBM,BBM:F015928,BBM:F019295,similar,06
BBM,BBM:F015950,BBM:F015974,similar,06
BBM,BBM:F015950,BBM:F016100,similar,06
BBM,BBM:F015950,BBM:F019290,similar,06
BBM,BBM:F015950,BBM:F019295,similar,06
BBM,BBM:F015974,BBM:F016100,similar,06
BBM,BBM:F015974,BBM:F019290,similar,06
BBM,BBM:F015974,BBM:F019295,similar,06
BBM,BBM:F016100,BBM:F019290,similar,06
BBM,BBM:F016100,BBM:F019295,similar,06
BBM,BBM:F019290,BBM:F019295,similar,06
BBM,BBM:F015890,BBM:F015933,similar,06
BBM,BBM:F015907,BBM:F015920,strict,06
BBM,BBM:F015907,BBM:F015930,strict,06
BBM,BBM:F015920,BBM:F015930,strict,06
BBM,BBM:F015908,BBM:F015916,strict,06
BBM,BBM:F015908,BBM:F015940,strict,06
BBM,BBM:F015916,BBM:F015940,strict,06
BBM,BBM:F015918,BBM:F015982,similar,06
BBM,BBM:F015918,BBM:F015989,similar,06
BBM,BBM:F015918,BBM:F016096,similar,06
BBM,BBM:F015918,BBM:F034947,similar,06
BBM,BBM:F015982,BBM:F015989,similar,06
BBM,BBM:F015982,BBM:F016096,similar,06
BBM,BBM:F015982,BBM:F034947,similar,06
BBM,BBM:F015989,BBM:F016096,similar,06
BBM,BBM:F015989,BBM:F034947,similar,06
BBM,BBM:F016096,BBM:F034947,similar,06
BBM,BBM:F015936,BBM:F016097,similar,06
BBM,BBM:F015954,BBM:F016001,similar,06
BBM,BBM:F015954,BBM:F034944,similar,06
BBM,BBM:F015954,BBM:F034952,similar,06
BBM,BBM:F016001,BBM:F034944,similar,06
BBM,BBM:F016001,BBM:F034952,similar,06
BBM,BBM:F034944,BBM:F034952,similar,06
BBM,BBM:F015968,BBM:F016051,similar,06
BBM,BBM:F015968,BBM:F016073,similar,06
BBM,BBM:F015968,BBM:F016099,similar,06
BBM,BBM:F015968,BBM:F016104,similar,06
BBM,BBM:F016051,BBM:F016073,similar,06
BBM,BBM:F016051,BBM:F016099,similar,06
BBM,BBM:F016051,BBM:F016104,similar,06
BBM,BBM:F016073,BBM:F016099,similar,06
BBM,BBM:F016073,BBM:F016104,similar,06
BBM,BBM:F016099,BBM:F016104,similar,06
BBM,BBM:F015995,BBM:F016158,similar,06
BBM,BBM:F015996,BBM:F016087,similar,06
BBM,BBM:F015996,BBM:F016145,similar,06
BBM,BBM:F015996,BBM:F016157,similar,06
BBM,BBM:F016087,BBM:F016145,similar,06
BBM,BBM:F016087,BBM:F016157,similar,06
BBM,BBM:F016145,BBM:F016157,similar,06
BBM,BBM:F016098,BBM:F016156,similar,06
BBM,BBM:F016653,BBM:F030572,similar,06
BBM,BBM:F016653,BBM:F030633,similar,06
BBM,BBM:F030572,BBM:F030633,similar,06
BBM,BBM:F016694,BBM:F016830,similar,06
BBM,BBM:F016722,BBM:F016771,similar,06
BBM,BBM:F016722,BBM:F016792,similar,06
BBM,BBM:F016771,BBM:F016792,similar,06
BBM,BBM:F016724,BBM:F016806,similar,06
BBM,BBM:F016725,BBM:F016805,similar,06
BBM,BBM:F016752,BBM:F034090,similar,06
BBM,BBM:F016842,BBM:F016849,similar,06
BBM,BBM:F017072,BBM:F017073,strict,06
BBM,BBM:F017274,BBM:F031695,strict,06
BBM,BBM:F017276,BBM:F034523,similar,06
BBM,BBM:F017276,BBM:F034693,similar,06
BBM,BBM:F017276,BBM:F034796,similar,06
BBM,BBM:F034523,BBM:F034693,similar,06
BBM,BBM:F034523,BBM:F034796,similar,06
BBM,BBM:F034693,BBM:F034796,similar,06
BBM,BBM:F017681,BBM:F019880,strict,06
BBM,BBM:F017965,BBM:F017979,strict,06
BBM,BBM:F018034,BBM:F018038,strict,06
BBM,BBM:F018066,BBM:F018074,strict,06
BBM,BBM:F018070,BBM:F018100,similar,06
BBM,BBM:F018070,BBM:F019786,similar,06
BBM,BBM:F018070,BBM:F019790,similar,06
BBM,BBM:F018100,BBM:F019786,similar,06
BBM,BBM:F018100,BBM:F019790,similar,06
BBM,BBM:F019786,BBM:F019790,similar,06
BBM,BBM:F018170,BBM:F019797,strict,06
BBM,BBM:F018800,BBM:F018803,strict,06
BBM,BBM:F018800,BBM:F018809,strict,06
BBM,BBM:F018803,BBM:F018809,strict,06
BBM,BBM:F018913,BBM:F033700,similar,06
BBM,BBM:F018913,BBM:F034181,similar,06
BBM,BBM:F033700,BBM:F034181,similar,06
BBM,BBM:F018920,BBM:F018923,similar,06
BBM,BBM:F018920,BBM:F018925,similar,06
BBM,BBM:F018923,BBM:F018925,similar,06
BBM,BBM:F018945,BBM:F018968,similar,06
BBM,BBM:F018947,BBM:F018949,strict,06
BBM,BBM:F018951,BBM:F018953,strict,06
BBM,BBM:F018954,BBM:F018999,similar,06
BBM,BBM:F018971,BBM:F018972,strict,06
BBM,BBM:F018974,BBM:F018984,similar,06
BBM,BBM:F018974,BBM:F034943,similar,06
BBM,BBM:F018974,BBM:F035404,similar,06
BBM,BBM:F018984,BBM:F034943,similar,06
BBM,BBM:F018984,BBM:F035404,similar,06
BBM,BBM:F034943,BBM:F035404,similar,06
BBM,BBM:F018975,BBM:F018985,similar,06
BBM,BBM:F018982,BBM:F035416,similar,06
BBM,BBM:F018986,BBM:F034629,similar,06
BBM,BBM:F018986,BBM:F034942,similar,06
BBM,BBM:F034629,BBM:F034942,similar,06
BBM,BBM:F018987,BBM:F020441,strict,06
BBM,BBM:F018990,BBM:F018991,strict,06
BBM,BBM:F018990,BBM:F018995,strict,06
BBM,BBM:F018991,BBM:F018995,strict,06
BBM,BBM:F018992,BBM:F018994,strict,06
BBM,BBM:F018996,BBM:F019000,similar,06
BBM,BBM:F019002,BBM:F019075,similar,06
BBM,BBM:F019004,BBM:F019010,strict,06
BBM,BBM:F019006,BBM:F019009,strict,06
BBM,BBM:F019016,BBM:F034546,similar,06
BBM,BBM:F019016,BBM:F034547,similar,06
BBM,BBM:F019016,BBM:F034620,similar,06
BBM,BBM:F019016,BBM:F034652,similar,06
BBM,BBM:F019016,BBM:F034672,similar,06
BBM,BBM:F019016,BBM:F034827,similar,06
BBM,BBM:F019016,BBM:F035174,similar,06
BBM,BBM:F019016,BBM:F035307,similar,06
BBM,BBM:F019016,BBM:F035360,similar,06
BBM,BBM:F034546,BBM:F034547,similar,06
BBM,BBM:F034546,BBM:F034620,similar,06
BBM,BBM:F034546,BBM:F034652,similar,06
BBM,BBM:F034546,BBM:F034672,similar,06
BBM,BBM:F034546,BBM:F034827,similar,06
BBM,BBM:F034546,BBM:F035174,similar,06
BBM,BBM:F034546,BBM:F035307,similar,06
BBM,BBM:F034546,BBM:F035360,similar,06
BBM,BBM:F034547,BBM:F034620,similar,06
BBM,BBM:F034547,BBM:F034652,similar,06
BBM,BBM:F034547,BBM:F034672,similar,06
BBM,BBM:F034547,BBM:F034827,similar,06
BBM,BBM:F034547,BBM:F035174,similar,06
BBM,BBM:F034547,BBM:F035307,similar,06
BBM,BBM:F034547,BBM:F035360,similar,06
BBM,BBM:F034620,BBM:F034652,similar,06
BBM,BBM:F034620,BBM:F034672,similar,06
BBM,BBM:F034620,BBM:F034827,similar,06
BBM,BBM:F034620,BBM:F035174,similar,06
BBM,BBM:F034620,BBM:F035307,similar,06
BBM,BBM:F034620,BBM:F035360,similar,06
BBM,BBM:F034652,BBM:F034672,similar,06
BBM,BBM:F034652,BBM:F034827,similar,06
BBM,BBM:F034652,BBM:F035174,similar,06
BBM,BBM:F034652,BBM:F035307,similar,06
BBM,BBM:F034652,BBM:F035360,similar,06
BBM,BBM:F034672,BBM:F034827,similar,06
BBM,BBM:F034672,BBM:F035174,similar,06
BBM,BBM:F034672,BBM:F035307,similar,06
BBM,BBM:F034672,BBM:F035360,similar,06
BBM,BBM:F034827,BBM:F035174,similar,06
BBM,BBM:F034827,BBM:F035307,similar,06
BBM,BBM:F034827,BBM:F035360,similar,06
BBM,BBM:F035174,BBM:F035307,similar,06
BBM,BBM:F035174,BBM:F035360,similar,06
BBM,BBM:F035307,BBM:F035360,similar,06
BBM,BBM:F019025,BBM:F019026,strict,06
BBM,BBM:F019040,BBM:F019045,strict,06
BBM,BBM:F019041,BBM:F019057,similar,06
BBM,BBM:F019041,BBM:F019062,similar,06
BBM,BBM:F019057,BBM:F019062,similar,06
BBM,BBM:F019042,BBM:F019049,similar,06
BBM,BBM:F019043,BBM:F019050,similar,06
BBM,BBM:F019043,BBM:F019060,similar,06
BBM,BBM:F019050,BBM:F019060,similar,06
BBM,BBM:F019047,BBM:F019051,similar,06
BBM,BBM:F019055,BBM:F019056,strict,06
BBM,BBM:F019059,BBM:F034898,similar,06
BBM,BBM:F019059,BBM:F035261,similar,06
BBM,BBM:F019059,BBM:F035269,similar,06
BBM,BBM:F019059,BBM:F035437,similar,06
BBM,BBM:F019059,BBM:F035439,similar,06
BBM,BBM:F019059,BBM:F035453,similar,06
BBM,BBM:F019059,BBM:F035454,similar,06
BBM,BBM:F019059,BBM:F035570,similar,06
BBM,BBM:F034898,BBM:F035261,similar,06
BBM,BBM:F034898,BBM:F035269,similar,06
BBM,BBM:F034898,BBM:F035437,similar,06
BBM,BBM:F034898,BBM:F035439,similar,06
BBM,BBM:F034898,BBM:F035453,similar,06
BBM,BBM:F034898,BBM:F035454,similar,06
BBM,BBM:F034898,BBM:F035570,similar,06
BBM,BBM:F035261,BBM:F035269,similar,06
BBM,BBM:F035261,BBM:F035437,similar,06
BBM,BBM:F035261,BBM:F035439,similar,06
BBM,BBM:F035261,BBM:F035453,similar,06
BBM,BBM:F035261,BBM:F035454,similar,06
BBM,BBM:F035261,BBM:F035570,similar,06
BBM,BBM:F035269,BBM:F035437,similar,06
BBM,BBM:F035269,BBM:F035439,similar,06
BBM,BBM:F035269,BBM:F035453,similar,06
BBM,BBM:F035269,BBM:F035454,similar,06
BBM,BBM:F035269,BBM:F035570,similar,06
BBM,BBM:F035437,BBM:F035439,similar,06
BBM,BBM:F035437,BBM:F035453,similar,06
BBM,BBM:F035437,BBM:F035454,similar,06
BBM,BBM:F035437,BBM:F035570,similar,06
BBM,BBM:F035439,BBM:F035453,similar,06
BBM,BBM:F035439,BBM:F035454,similar,06
BBM,BBM:F035439,BBM:F035570,similar,06
BBM,BBM:F035453,BBM:F035454,similar,06
BBM,BBM:F035453,BBM:F035570,similar,06
BBM,BBM:F035454,BBM:F035570,similar,06
BBM,BBM:F019064,BBM:F034556,similar,06
BBM,BBM:F019064,BBM:F034576,similar,06
BBM,BBM:F019064,BBM:F035556,similar,06
BBM,BBM:F034556,BBM:F034576,similar,06
BBM,BBM:F034556,BBM:F035556,similar,06
BBM,BBM:F034576,BBM:F035556,similar,06
BBM,BBM:F019066,BBM:F019069,strict,06
BBM,BBM:F019067,BBM:F035497,similar,06
BBM,BBM:F019070,BBM:F035623,similar,06
BBM,BBM:F019072,BBM:F020440,similar,06
BBM,BBM:F019078,BBM:F019083,similar,06
BBM,BBM:F019078,BBM:F034521,similar,06
BBM,BBM:F019083,BBM:F034521,similar,06
BBM,BBM:F019080,BBM:F034299,similar,06
BBM,BBM:F019080,BBM:F035095,similar,06
BBM,BBM:F019080,BBM:F035099,similar,06
BBM,BBM:F019080,BBM:F035266,similar,06
BBM,BBM:F019080,BBM:F035319,similar,06
BBM,BBM:F019080,BBM:F035398,similar,06
BBM,BBM:F034299,BBM:F035095,similar,06
BBM,BBM:F034299,BBM:F035099,similar,06
BBM,BBM:F034299,BBM:F035266,similar,06
BBM,BBM:F034299,BBM:F035319,similar,06
BBM,BBM:F034299,BBM:F035398,similar,06
BBM,BBM:F035095,BBM:F035099,similar,06
BBM,BBM:F035095,BBM:F035266,similar,06
BBM,BBM:F035095,BBM:F035319,similar,06
BBM,BBM:F035095,BBM:F035398,similar,06
BBM,BBM:F035099,BBM:F035266,similar,06
BBM,BBM:F035099,BBM:F035319,similar,06
BBM,BBM:F035099,BBM:F035398,similar,06
BBM,BBM:F035266,BBM:F035319,similar,06
BBM,BBM:F035266,BBM:F035398,similar,06
BBM,BBM:F035319,BBM:F035398,similar,06
BBM,BBM:F019081,BBM:F019082,strict,06
BBM,BBM:F019084,BBM:F019085,similar,06
BBM,BBM:F019084,BBM:F019108,similar,06
BBM,BBM:F019084,BBM:F019109,similar,06
BBM,BBM:F019085,BBM:F019108,similar,06
BBM,BBM:F019085,BBM:F019109,similar,06
BBM,BBM:F019108,BBM:F019109,similar,06
BBM,BBM:F019092,BBM:F019115,similar,06
BBM,BBM:F019110,BBM:F019111,strict,06
mo,MO:211762,MO:211763,strict,06
BBM,BBM:F019138,BBM:F035793,similar,06
BBM,BBM:F019139,BBM:F035272,similar,06
BBM,BBM:F019139,BBM:F035657,similar,06
BBM,BBM:F035272,BBM:F035657,similar,06
BBM,BBM:F019156,BBM:F019160,similar,06
BBM,BBM:F019157,BBM:F019158,strict,06
BBM,BBM:F019174,BBM:F035375,similar,06
BBM,BBM:F019178,BBM:F033886,similar,06
BBM,BBM:F019178,BBM:F034300,similar,06
BBM,BBM:F033886,BBM:F034300,similar,06
BBM,BBM:F019188,BBM:F019192,strict,06
BBM,BBM:F019189,BBM:F019193,similar,06
BBM,BBM:F019189,BBM:F019194,similar,06
BBM,BBM:F019193,BBM:F019194,similar,06
BBM,BBM:F019195,BBM:F019197,strict,06
BBM,BBM:F019199,BBM:F019201,similar,06
BBM,BBM:F019200,BBM:F033873,similar,06
BBM,BBM:F019204,BBM:F019260,similar,06
BBM,BBM:F019204,BBM:F019261,similar,06
BBM,BBM:F019204,BBM:F019269,similar,06
BBM,BBM:F019204,BBM:F019275,similar,06
BBM,BBM:F019204,BBM:F019276,similar,06
BBM,BBM:F019260,BBM:F019261,similar,06
BBM,BBM:F019260,BBM:F019269,similar,06
BBM,BBM:F019260,BBM:F019275,similar,06
BBM,BBM:F019260,BBM:F019276,similar,06
BBM,BBM:F019261,BBM:F019269,similar,06
BBM,BBM:F019261,BBM:F019275,similar,06
BBM,BBM:F019261,BBM:F019276,similar,06
BBM,BBM:F019269,BBM:F019275,similar,06
BBM,BBM:F019269,BBM:F019276,similar,06
BBM,BBM:F019275,BBM:F019276,similar,06
BBM,BBM:F019205,BBM:F035417,similar,06
BBM,BBM:F019207,BBM:F031707,strict,06
BBM,BBM:F019209,BBM:F035690,similar,06
BBM,BBM:F019209,BBM:F035692,similar,06
BBM,BBM:F035690,BBM:F035692,similar,06
BBM,BBM:F019210,BBM:F019213,strict,06
BBM,BBM:F019219,BBM:F019221,strict,06
BBM,BBM:F019220,BBM:F019222,strict,06
BBM,BBM:F019227,BBM:F019234,similar,06
BBM,BBM:F019227,BBM:F019248,similar,06
BBM,BBM:F019227,BBM:F019262,similar,06
BBM,BBM:F019227,BBM:F019274,similar,06
BBM,BBM:F019234,BBM:F019248,similar,06
BBM,BBM:F019234,BBM:F019262,similar,06
BBM,BBM:F019234,BBM:F019274,similar,06
BBM,BBM:F019248,BBM:F019262,similar,06
BBM,BBM:F019248,BBM:F019274,similar,06
BBM,BBM:F019262,BBM:F019274,similar,06
BBM,BBM:F019229,BBM:F019266,similar,06
BBM,BBM:F019229,BBM:F019271,similar,06
BBM,BBM:F019229,BBM:F019278,similar,06
BBM,BBM:F019266,BBM:F019271,similar,06
BBM,BBM:F019266,BBM:F019278,similar,06
BBM,BBM:F019271,BBM:F019278,similar,06
BBM,BBM:F019231,BBM:F019243,similar,06
BBM,BBM:F019232,BBM:F019252,similar,06
BBM,BBM:F019237,BBM:F033975,similar,06
BBM,BBM:F019238,BBM:F019240,strict,06
mo,MO:75896,MO:156683,strict,06
BBM,BBM:F019242,BBM:F019246,similar,06
BBM,BBM:F019244,BBM:F019247,similar,06
BBM,BBM:F019249,BBM:F019273,similar,06
mo,MO:156772,MO:157064,similar,06
BBM,BBM:F019251,BBM:F019258,similar,06
BBM,BBM:F019251,BBM:F019267,similar,06
BBM,BBM:F019258,BBM:F019267,similar,06
mo,MO:66305,MO:75668,similar,06
BBM,BBM:F019254,BBM:F019255,similar,06
BBM,BBM:F019289,BBM:F034877,similar,06
BBM,BBM:F019289,BBM:F035537,similar,06
BBM,BBM:F019289,BBM:F035616,similar,06
BBM,BBM:F034877,BBM:F035537,similar,06
BBM,BBM:F034877,BBM:F035616,similar,06
BBM,BBM:F035537,BBM:F035616,similar,06
BBM,BBM:F019296,BBM:F031694,strict,06
BBM,BBM:F019311,BBM:F035240,similar,06
BBM,BBM:F019313,BBM:F019314,similar,06
BBM,BBM:F019315,BBM:F019316,strict,06
mo,MO:157462,MO:157463,strict,06
BBM,BBM:F019322,BBM:F019334,similar,06
BBM,BBM:F019347,BBM:F019363,similar,06
BBM,BBM:F019351,BBM:F019353,similar,06
BBM,BBM:F019351,BBM:F019359,similar,06
BBM,BBM:F019351,BBM:F019368,similar,06
BBM,BBM:F019351,BBM:F034658,similar,06
BBM,BBM:F019351,BBM:F035478,similar,06
BBM,BBM:F019353,BBM:F019359,similar,06
BBM,BBM:F019353,BBM:F019368,similar,06
BBM,BBM:F019353,BBM:F034658,similar,06
BBM,BBM:F019353,BBM:F035478,similar,06
BBM,BBM:F019359,BBM:F019368,similar,06
BBM,BBM:F019359,BBM:F034658,similar,06
BBM,BBM:F019359,BBM:F035478,similar,06
BBM,BBM:F019368,BBM:F034658,similar,06
BBM,BBM:F019368,BBM:F035478,similar,06
BBM,BBM:F034658,BBM:F035478,similar,06
BBM,BBM:F019356,BBM:F019361,similar,06
BBM,BBM:F019356,BBM:F019365,similar,06
BBM,BBM:F019361,BBM:F019365,similar,06
BBM,BBM:F019357,BBM:F035519,similar,06
BBM,BBM:F019360,BBM:F019366,similar,06
BBM,BBM:F019362,BBM:F019371,similar,06
BBM,BBM:F019362,BBM:F034646,similar,06
BBM,BBM:F019362,BBM:F034762,similar,06
BBM,BBM:F019362,BBM:F034872,similar,06
BBM,BBM:F019362,BBM:F035170,similar,06
BBM,BBM:F019362,BBM:F035250,similar,06
BBM,BBM:F019371,BBM:F034646,similar,06
BBM,BBM:F019371,BBM:F034762,similar,06
BBM,BBM:F019371,BBM:F034872,similar,06
BBM,BBM:F019371,BBM:F035170,similar,06
BBM,BBM:F019371,BBM:F035250,similar,06
BBM,BBM:F034646,BBM:F034762,similar,06
BBM,BBM:F034646,BBM:F034872,similar,06
BBM,BBM:F034646,BBM:F035170,similar,06
BBM,BBM:F034646,BBM:F035250,similar,06
BBM,BBM:F034762,BBM:F034872,similar,06
BBM,BBM:F034762,BBM:F035170,similar,06
BBM,BBM:F034762,BBM:F035250,similar,06
BBM,BBM:F034872,BBM:F035170,similar,06
BBM,BBM:F034872,BBM:F035250,similar,06
BBM,BBM:F035170,BBM:F035250,similar,06
BBM,BBM:F019364,BBM:F019367,similar,06
BBM,BBM:F019364,BBM:F034750,similar,06
BBM,BBM:F019367,BBM:F034750,similar,06
BBM,BBM:F019379,BBM:F019411,similar,06
BBM,BBM:F019409,BBM:F034180,similar,06
BBM,BBM:F019413,BBM:F035090,similar,06
BBM,BBM:F019413,BBM:F035108,similar,06
BBM,BBM:F019413,BBM:F035116,similar,06
BBM,BBM:F019413,BBM:F035122,similar,06
BBM,BBM:F019413,BBM:F035405,similar,06
BBM,BBM:F035090,BBM:F035108,similar,06
BBM,BBM:F035090,BBM:F035116,similar,06
BBM,BBM:F035090,BBM:F035122,similar,06
BBM,BBM:F035090,BBM:F035405,similar,06
BBM,BBM:F035108,BBM:F035116,similar,06
BBM,BBM:F035108,BBM:F035122,similar,06
BBM,BBM:F035108,BBM:F035405,similar,06
BBM,BBM:F035116,BBM:F035122,similar,06
BBM,BBM:F035116,BBM:F035405,similar,06
BBM,BBM:F035122,BBM:F035405,similar,06
BBM,BBM:F019419,BBM:F019420,similar,06
BBM,BBM:F019419,BBM:F019424,similar,06
BBM,BBM:F019419,BBM:F019452,similar,06
BBM,BBM:F019419,BBM:F019453,similar,06
BBM,BBM:F019420,BBM:F019424,similar,06
BBM,BBM:F019420,BBM:F019452,similar,06
BBM,BBM:F019420,BBM:F019453,similar,06
BBM,BBM:F019424,BBM:F019452,similar,06
BBM,BBM:F019424,BBM:F019453,similar,06
BBM,BBM:F019452,BBM:F019453,similar,06
BBM,BBM:F019443,BBM:F035474,similar,06
BBM,BBM:F019447,BBM:F035614,similar,06
BBM,BBM:F019451,BBM:F019464,similar,06
BBM,BBM:F019455,BBM:F034649,similar,06
BBM,BBM:F019455,BBM:F034682,similar,06
BBM,BBM:F019455,BBM:F034861,similar,06
BBM,BBM:F019455,BBM:F035365,similar,06
BBM,BBM:F019455,BBM:F035436,similar,06
BBM,BBM:F034649,BBM:F034682,similar,06
BBM,BBM:F034649,BBM:F034861,similar,06
BBM,BBM:F034649,BBM:F035365,similar,06
BBM,BBM:F034649,BBM:F035436,similar,06
BBM,BBM:F034682,BBM:F034861,similar,06
BBM,BBM:F034682,BBM:F035365,similar,06
BBM,BBM:F034682,BBM:F035436,similar,06
BBM,BBM:F034861,BBM:F035365,similar,06
BBM,BBM:F034861,BBM:F035436,similar,06
BBM,BBM:F035365,BBM:F035436,similar,06
BBM,BBM:F019463,BBM:F019475,similar,06
BBM,BBM:F019466,BBM:F019471,similar,06
BBM,BBM:F019467,BBM:F019468,strict,06
BBM,BBM:F019467,BBM:F019469,strict,06
BBM,BBM:F019468,BBM:F019469,strict,06
BBM,BBM:F019476,BBM:F019482,similar,06
BBM,BBM:F019476,BBM:F034654,similar,06
BBM,BBM:F019476,BBM:F034697,similar,06
BBM,BBM:F019476,BBM:F034716,similar,06
BBM,BBM:F019476,BBM:F034763,similar,06
BBM,BBM:F019476,BBM:F034882,similar,06
BBM,BBM:F019476,BBM:F034886,similar,06
BBM,BBM:F019476,BBM:F035173,similar,06
BBM,BBM:F019476,BBM:F035176,similar,06
BBM,BBM:F019476,BBM:F035232,similar,06
BBM,BBM:F019476,BBM:F035535,similar,06
BBM,BBM:F019482,BBM:F034654,similar,06
BBM,BBM:F019482,BBM:F034697,similar,06
BBM,BBM:F019482,BBM:F034716,similar,06
BBM,BBM:F019482,BBM:F034763,similar,06
BBM,BBM:F019482,BBM:F034882,similar,06
BBM,BBM:F019482,BBM:F034886,similar,06
BBM,BBM:F019482,BBM:F035173,similar,06
BBM,BBM:F019482,BBM:F035176,similar,06
BBM,BBM:F019482,BBM:F035232,similar,06
BBM,BBM:F019482,BBM:F035535,similar,06
BBM,BBM:F034654,BBM:F034697,similar,06
BBM,BBM:F034654,BBM:F034716,similar,06
BBM,BBM:F034654,BBM:F034763,similar,06
BBM,BBM:F034654,BBM:F034882,similar,06
BBM,BBM:F034654,BBM:F034886,similar,06
BBM,BBM:F034654,BBM:F035173,similar,06
BBM,BBM:F034654,BBM:F035176,similar,06
BBM,BBM:F034654,BBM:F035232,similar,06
BBM,BBM:F034654,BBM:F035535,similar,06
BBM,BBM:F034697,BBM:F034716,similar,06
BBM,BBM:F034697,BBM:F034763,similar,06
BBM,BBM:F034697,BBM:F034882,similar,06
BBM,BBM:F034697,BBM:F034886,similar,06
BBM,BBM:F034697,BBM:F035173,similar,06
BBM,BBM:F034697,BBM:F035176,similar,06
BBM,BBM:F034697,BBM:F035232,similar,06
BBM,BBM:F034697,BBM:F035535,similar,06
BBM,BBM:F034716,BBM:F034763,similar,06
BBM,BBM:F034716,BBM:F034882,similar,06
BBM,BBM:F034716,BBM:F034886,similar,06
BBM,BBM:F034716,BBM:F035173,similar,06
BBM,BBM:F034716,BBM:F035176,similar,06
BBM,BBM:F034716,BBM:F035232,similar,06
BBM,BBM:F034716,BBM:F035535,similar,06
BBM,BBM:F034763,BBM:F034882,similar,06
BBM,BBM:F034763,BBM:F034886,similar,06
BBM,BBM:F034763,BBM:F035173,similar,06
BBM,BBM:F034763,BBM:F035176,similar,06
BBM,BBM:F034763,BBM:F035232,similar,06
BBM,BBM:F034763,BBM:F035535,similar,06
BBM,BBM:F034882,BBM:F034886,similar,06
BBM,BBM:F034882,BBM:F035173,similar,06
BBM,BBM:F034882,BBM:F035176,similar,06
BBM,BBM:F034882,BBM:F035232,similar,06
BBM,BBM:F034882,BBM:F035535,similar,06
BBM,BBM:F034886,BBM:F035173,similar,06
BBM,BBM:F034886,BBM:F035176,similar,06
BBM,BBM:F034886,BBM:F035232,similar,06
BBM,BBM:F034886,BBM:F035535,similar,06
BBM,BBM:F035173,BBM:F035176,similar,06
BBM,BBM:F035173,BBM:F035232,similar,06
BBM,BBM:F035173,BBM:F035535,similar,06
BBM,BBM:F035176,BBM:F035232,similar,06
BBM,BBM:F035176,BBM:F035535,similar,06
BBM,BBM:F035232,BBM:F035535,similar,06
BBM,BBM:F019480,BBM:F034558,similar,06
BBM,BBM:F019480,BBM:F034589,similar,06
BBM,BBM:F019480,BBM:F034635,similar,06
BBM,BBM:F019480,BBM:F034650,similar,06
BBM,BBM:F019480,BBM:F034684,similar,06
BBM,BBM:F019480,BBM:F034685,similar,06
BBM,BBM:F019480,BBM:F034753,similar,06
BBM,BBM:F019480,BBM:F035119,similar,06
BBM,BBM:F019480,BBM:F035177,similar,06
BBM,BBM:F019480,BBM:F035230,similar,06
BBM,BBM:F019480,BBM:F035231,similar,06
BBM,BBM:F019480,BBM:F035238,similar,06
BBM,BBM:F019480,BBM:F035239,similar,06
BBM,BBM:F019480,BBM:F035268,similar,06
BBM,BBM:F034558,BBM:F034589,similar,06
BBM,BBM:F034558,BBM:F034635,similar,06
BBM,BBM:F034558,BBM:F034650,similar,06
BBM,BBM:F034558,BBM:F034684,similar,06
BBM,BBM:F034558,BBM:F034685,similar,06
BBM,BBM:F034558,BBM:F034753,similar,06
BBM,BBM:F034558,BBM:F035119,similar,06
BBM,BBM:F034558,BBM:F035177,similar,06
BBM,BBM:F034558,BBM:F035230,similar,06
BBM,BBM:F034558,BBM:F035231,similar,06
BBM,BBM:F034558,BBM:F035238,similar,06
BBM,BBM:F034558,BBM:F035239,similar,06
BBM,BBM:F034558,BBM:F035268,similar,06
BBM,BBM:F034589,BBM:F034635,similar,06
BBM,BBM:F034589,BBM:F034650,similar,06
BBM,BBM:F034589,BBM:F034684,similar,06
BBM,BBM:F034589,BBM:F034685,similar,06
BBM,BBM:F034589,BBM:F034753,similar,06
BBM,BBM:F034589,BBM:F035119,similar,06
BBM,BBM:F034589,BBM:F035177,similar,06
BBM,BBM:F034589,BBM:F035230,similar,06
BBM,BBM:F034589,BBM:F035231,similar,06
BBM,BBM:F034589,BBM:F035238,similar,06
BBM,BBM:F034589,BBM:F035239,similar,06
BBM,BBM:F034589,BBM:F035268,similar,06
BBM,BBM:F034635,BBM:F034650,similar,06
BBM,BBM:F034635,BBM:F034684,similar,06
BBM,BBM:F034635,BBM:F034685,similar,06
BBM,BBM:F034635,BBM:F034753,similar,06
BBM,BBM:F034635,BBM:F035119,similar,06
BBM,BBM:F034635,BBM:F035177,similar,06
BBM,BBM:F034635,BBM:F035230,similar,06
BBM,BBM:F034635,BBM:F035231,similar,06
BBM,BBM:F034635,BBM:F035238,similar,06
BBM,BBM:F034635,BBM:F035239,similar,06
BBM,BBM:F034635,BBM:F035268,similar,06
BBM,BBM:F034650,BBM:F034684,similar,06
BBM,BBM:F034650,BBM:F034685,similar,06
BBM,BBM:F034650,BBM:F034753,similar,06
BBM,BBM:F034650,BBM:F035119,similar,06
BBM,BBM:F034650,BBM:F035177,similar,06
BBM,BBM:F034650,BBM:F035230,similar,06
BBM,BBM:F034650,BBM:F035231,similar,06
BBM,BBM:F034650,BBM:F035238,similar,06
BBM,BBM:F034650,BBM:F035239,similar,06
BBM,BBM:F034650,BBM:F035268,similar,06
BBM,BBM:F034684,BBM:F034685,similar,06
BBM,BBM:F034684,BBM:F034753,similar,06
BBM,BBM:F034684,BBM:F035119,similar,06
BBM,BBM:F034684,BBM:F035177,similar,06
BBM,BBM:F034684,BBM:F035230,similar,06
BBM,BBM:F034684,BBM:F035231,similar,06
BBM,BBM:F034684,BBM:F035238,similar,06
BBM,BBM:F034684,BBM:F035239,similar,06
BBM,BBM:F034684,BBM:F035268,similar,06
BBM,BBM:F034685,BBM:F034753,similar,06
BBM,BBM:F034685,BBM:F035119,similar,06
BBM,BBM:F034685,BBM:F035177,similar,06
BBM,BBM:F034685,BBM:F035230,similar,06
BBM,BBM:F034685,BBM:F035231,similar,06
BBM,BBM:F034685,BBM:F035238,similar,06
BBM,BBM:F034685,BBM:F035239,similar,06
BBM,BBM:F034685,BBM:F035268,similar,06
BBM,BBM:F034753,BBM:F035119,similar,06
BBM,BBM:F034753,BBM:F035177,similar,06
BBM,BBM:F034753,BBM:F035230,similar,06
BBM,BBM:F034753,BBM:F035231,similar,06
BBM,BBM:F034753,BBM:F035238,similar,06
BBM,BBM:F034753,BBM:F035239,similar,06
BBM,BBM:F034753,BBM:F035268,similar,06
BBM,BBM:F035119,BBM:F035177,similar,06
BBM,BBM:F035119,BBM:F035230,similar,06
BBM,BBM:F035119,BBM:F035231,similar,06
BBM,BBM:F035119,BBM:F035238,similar,06
BBM,BBM:F035119,BBM:F035239,similar,06
BBM,BBM:F035119,BBM:F035268,similar,06
BBM,BBM:F035177,BBM:F035230,similar,06
BBM,BBM:F035177,BBM:F035231,similar,06
BBM,BBM:F035177,BBM:F035238,similar,06
BBM,BBM:F035177,BBM:F035239,similar,06
BBM,BBM:F035177,BBM:F035268,similar,06
BBM,BBM:F035230,BBM:F035231,similar,06
BBM,BBM:F035230,BBM:F035238,similar,06
BBM,BBM:F035230,BBM:F035239,similar,06
BBM,BBM:F035230,BBM:F035268,similar,06
BBM,BBM:F035231,BBM:F035238,similar,06
BBM,BBM:F035231,BBM:F035239,similar,06
BBM,BBM:F035231,BBM:F035268,similar,06
BBM,BBM:F035238,BBM:F035239,similar,06
BBM,BBM:F035238,BBM:F035268,similar,06
BBM,BBM:F035239,BBM:F035268,similar,06
BBM,BBM:F019490,BBM:F019493,similar,06
BBM,BBM:F019490,BBM:F019498,similar,06
BBM,BBM:F019490,BBM:F019499,similar,06
BBM,BBM:F019493,BBM:F019498,similar,06
BBM,BBM:F019493,BBM:F019499,similar,06
BBM,BBM:F019498,BBM:F019499,similar,06
mo,MO:66965,MO:72828,similar,06
mo,MO:66965,MO:97297,similar,06
mo,MO:72828,MO:97297,similar,06
BBM,BBM:F019491,BBM:F019567,similar,06
BBM,BBM:F019494,BBM:F019603,similar,06
BBM,BBM:F019494,BBM:F035152,similar,06
BBM,BBM:F019494,BBM:F035527,similar,06
BBM,BBM:F019603,BBM:F035152,similar,06
BBM,BBM:F019603,BBM:F035527,similar,06
BBM,BBM:F035152,BBM:F035527,similar,06
BBM,BBM:F019496,BBM:F019497,similar,06
BBM,BBM:F019502,BBM:F019503,strict,06
BBM,BBM:F019504,BBM:F019505,strict,06
BBM,BBM:F019509,BBM:F019518,similar,06
BBM,BBM:F019509,BBM:F019615,similar,06
BBM,BBM:F019518,BBM:F019615,similar,06
BBM,BBM:F019523,BBM:F019537,similar,06
BBM,BBM:F019535,BBM:F019549,similar,06
BBM,BBM:F019535,BBM:F019566,similar,06
BBM,BBM:F019535,BBM:F019613,similar,06
BBM,BBM:F019549,BBM:F019566,similar,06
BBM,BBM:F019549,BBM:F019613,similar,06
BBM,BBM:F019566,BBM:F019613,similar,06
BBM,BBM:F019539,BBM:F019571,similar,06
BBM,BBM:F019539,BBM:F019604,similar,06
BBM,BBM:F019571,BBM:F019604,similar,06
BBM,BBM:F019544,BBM:F019557,strict,06
BBM,BBM:F019544,BBM:F019558,strict,06
BBM,BBM:F019557,BBM:F019558,strict,06
BBM,BBM:F019548,BBM:F019569,similar,06
BBM,BBM:F019554,BBM:F019587,similar,06
BBM,BBM:F019554,BBM:F019594,similar,06
BBM,BBM:F019554,BBM:F019601,similar,06
BBM,BBM:F019554,BBM:F019602,similar,06
BBM,BBM:F019587,BBM:F019594,similar,06
BBM,BBM:F019587,BBM:F019601,similar,06
BBM,BBM:F019587,BBM:F019602,similar,06
BBM,BBM:F019594,BBM:F019601,similar,06
BBM,BBM:F019594,BBM:F019602,similar,06
BBM,BBM:F019601,BBM:F019602,similar,06
BBM,BBM:F019570,BBM:F019573,strict,06
BBM,BBM:F019599,BBM:F019600,strict,06
BBM,BBM:F019622,BBM:F019650,similar,06
BBM,BBM:F019622,BBM:F019659,similar,06
BBM,BBM:F019622,BBM:F020100,similar,06
BBM,BBM:F019622,BBM:F020175,similar,06
BBM,BBM:F019650,BBM:F019659,similar,06
BBM,BBM:F019650,BBM:F020100,similar,06
BBM,BBM:F019650,BBM:F020175,similar,06
BBM,BBM:F019659,BBM:F020100,similar,06
BBM,BBM:F019659,BBM:F020175,similar,06
BBM,BBM:F020100,BBM:F020175,similar,06
BBM,BBM:F019627,BBM:F019636,strict,06
BBM,BBM:F019627,BBM:F019637,strict,06
BBM,BBM:F019636,BBM:F019637,strict,06
BBM,BBM:F019632,BBM:F019635,strict,06
BBM,BBM:F019651,BBM:F020120,similar,06
BBM,BBM:F019651,BBM:F020121,similar,06
BBM,BBM:F019651,BBM:F020133,similar,06
BBM,BBM:F019651,BBM:F020150,similar,06
BBM,BBM:F020120,BBM:F020121,similar,06
BBM,BBM:F020120,BBM:F020133,similar,06
BBM,BBM:F020120,BBM:F020150,similar,06
BBM,BBM:F020121,BBM:F020133,similar,06
BBM,BBM:F020121,BBM:F020150,similar,06
BBM,BBM:F020133,BBM:F020150,similar,06
BBM,BBM:F019656,BBM:F020161,similar,06
BBM,BBM:F019665,BBM:F019768,strict,06
BBM,BBM:F019701,BBM:F019765,strict,06
BBM,BBM:F019709,BBM:F019723,strict,06
BBM,BBM:F019709,BBM:F019761,strict,06
BBM,BBM:F019723,BBM:F019761,strict,06
BBM,BBM:F019787,BBM:F019789,strict,06
BBM,BBM:F019788,BBM:F019794,similar,06
BBM,BBM:F019788,BBM:F019795,similar,06
BBM,BBM:F019794,BBM:F019795,similar,06
BBM,BBM:F019791,BBM:F019800,similar,06
BBM,BBM:F019803,BBM:F019804,strict,06
BBM,BBM:F019803,BBM:F019805,strict,06
BBM,BBM:F019804,BBM:F019805,strict,06
BBM,BBM:F019806,BBM:F019823,similar,06
BBM,BBM:F019806,BBM:F019824,similar,06
BBM,BBM:F019806,BBM:F019832,similar,06
BBM,BBM:F019806,BBM:F030504,similar,06
BBM,BBM:F019823,BBM:F019824,similar,06
BBM,BBM:F019823,BBM:F019832,similar,06
BBM,BBM:F019823,BBM:F030504,similar,06
BBM,BBM:F019824,BBM:F019832,similar,06
BBM,BBM:F019824,BBM:F030504,similar,06
BBM,BBM:F019832,BBM:F030504,similar,06
BBM,BBM:F019807,BBM:F019808,strict,06
BBM,BBM:F019809,BBM:F019812,similar,06
BBM,BBM:F019809,BBM:F019817,similar,06
BBM,BBM:F019809,BBM:F019829,similar,06
BBM,BBM:F019812,BBM:F019817,similar,06
BBM,BBM:F019812,BBM:F019829,similar,06
BBM,BBM:F019817,BBM:F019829,similar,06
BBM,BBM:F019810,BBM:F019816,strict,06
BBM,BBM:F019821,BBM:F019825,similar,06
BBM,BBM:F019852,BBM:F019853,similar,06
BBM,BBM:F019854,BBM:F019859,strict,06
BBM,BBM:F019855,BBM:F019858,strict,06
BBM,BBM:F019871,BBM:F030377,strict,06
BBM,BBM:F019885,BBM:F019887,strict,06
BBM,BBM:F019885,BBM:F019888,strict,06
BBM,BBM:F019887,BBM:F019888,strict,06
BBM,BBM:F020042,BBM:F020286,strict,06
BBM,BBM:F020048,BBM:F020095,similar,06
BBM,BBM:F020054,BBM:F020063,strict,06
BBM,BBM:F020056,BBM:F035236,similar,06
BBM,BBM:F020058,BBM:F034797,similar,06
BBM,BBM:F020059,BBM:F020060,strict,06
BBM,BBM:F020061,BBM:F020062,strict,06
BBM,BBM:F020070,BBM:F020075,strict,06
BBM,BBM:F020085,BBM:F034833,similar,06
BBM,BBM:F020085,BBM:F035086,similar,06
BBM,BBM:F020085,BBM:F035087,similar,06
BBM,BBM:F020085,BBM:F035202,similar,06
BBM,BBM:F020085,BBM:F035635,similar,06
BBM,BBM:F034833,BBM:F035086,similar,06
BBM,BBM:F034833,BBM:F035087,similar,06
BBM,BBM:F034833,BBM:F035202,similar,06
BBM,BBM:F034833,BBM:F035635,similar,06
BBM,BBM:F035086,BBM:F035087,similar,06
BBM,BBM:F035086,BBM:F035202,similar,06
BBM,BBM:F035086,BBM:F035635,similar,06
BBM,BBM:F035087,BBM:F035202,similar,06
BBM,BBM:F035087,BBM:F035635,similar,06
BBM,BBM:F035202,BBM:F035635,similar,06
BBM,BBM:F020090,BBM:F020135,similar,06
BBM,BBM:F020090,BBM:F020136,similar,06
BBM,BBM:F020090,BBM:F020137,similar,06
BBM,BBM:F020090,BBM:F020167,similar,06
BBM,BBM:F020090,BBM:F020176,similar,06
BBM,BBM:F020135,BBM:F020136,similar,06
BBM,BBM:F020135,BBM:F020137,similar,06
BBM,BBM:F020135,BBM:F020167,similar,06
BBM,BBM:F020135,BBM:F020176,similar,06
BBM,BBM:F020136,BBM:F020137,similar,06
BBM,BBM:F020136,BBM:F020167,similar,06
BBM,BBM:F020136,BBM:F020176,similar,06
BBM,BBM:F020137,BBM:F020167,similar,06
BBM,BBM:F020137,BBM:F020176,similar,06
BBM,BBM:F020167,BBM:F020176,similar,06
BBM,BBM:F020092,BBM:F020158,similar,06
BBM,BBM:F020092,BBM:F020159,similar,06
BBM,BBM:F020158,BBM:F020159,similar,06
BBM,BBM:F020093,BBM:F020156,similar,06
BBM,BBM:F020093,BBM:F020157,similar,06
BBM,BBM:F020093,BBM:F020170,similar,06
BBM,BBM:F020156,BBM:F020157,similar,06
BBM,BBM:F020156,BBM:F020170,similar,06
BBM,BBM:F020157,BBM:F020170,similar,06
BBM,BBM:F020094,BBM:F020129,similar,06
BBM,BBM:F020094,BBM:F020160,similar,06
BBM,BBM:F020094,BBM:F020168,similar,06
BBM,BBM:F020129,BBM:F020160,similar,06
BBM,BBM:F020129,BBM:F020168,similar,06
BBM,BBM:F020160,BBM:F020168,similar,06
BBM,BBM:F020101,BBM:F020138,similar,06
BBM,BBM:F020101,BBM:F020139,similar,06
BBM,BBM:F020101,BBM:F020169,similar,06
BBM,BBM:F020101,BBM:F020171,similar,06
BBM,BBM:F020138,BBM:F020139,similar,06
BBM,BBM:F020138,BBM:F020169,similar,06
BBM,BBM:F020138,BBM:F020171,similar,06
BBM,BBM:F020139,BBM:F020169,similar,06
BBM,BBM:F020139,BBM:F020171,similar,06
BBM,BBM:F020169,BBM:F020171,similar,06
BBM,BBM:F020114,BBM:F020128,similar,06
BBM,BBM:F020125,BBM:F020126,strict,06
BBM,BBM:F020179,BBM:F020262,similar,06
BBM,BBM:F020179,BBM:F020277,similar,06
BBM,BBM:F020262,BBM:F020277,similar,06
BBM,BBM:F020183,BBM:F020193,similar,06
BBM,BBM:F020183,BBM:F020204,similar,06
BBM,BBM:F020183,BBM:F020241,similar,06
BBM,BBM:F020183,BBM:F023662,similar,06
BBM,BBM:F020183,BBM:F024368,similar,06
BBM,BBM:F020193,BBM:F020204,similar,06
BBM,BBM:F020193,BBM:F020241,similar,06
BBM,BBM:F020193,BBM:F023662,similar,06
BBM,BBM:F020193,BBM:F024368,similar,06
BBM,BBM:F020204,BBM:F020241,similar,06
BBM,BBM:F020204,BBM:F023662,similar,06
BBM,BBM:F020204,BBM:F024368,similar,06
BBM,BBM:F020241,BBM:F023662,similar,06
BBM,BBM:F020241,BBM:F024368,similar,06
BBM,BBM:F023662,BBM:F024368,similar,06
BBM,BBM:F020184,BBM:F020199,similar,06
BBM,BBM:F020184,BBM:F020231,similar,06
BBM,BBM:F020184,BBM:F023585,similar,06
BBM,BBM:F020184,BBM:F023586,similar,06
BBM,BBM:F020184,BBM:F023587,similar,06
BBM,BBM:F020184,BBM:F023589,similar,06
BBM,BBM:F020199,BBM:F020231,similar,06
BBM,BBM:F020199,BBM:F023585,similar,06
BBM,BBM:F020199,BBM:F023586,similar,06
BBM,BBM:F020199,BBM:F023587,similar,06
BBM,BBM:F020199,BBM:F023589,similar,06
BBM,BBM:F020231,BBM:F023585,similar,06
BBM,BBM:F020231,BBM:F023586,similar,06
BBM,BBM:F020231,BBM:F023587,similar,06
BBM,BBM:F020231,BBM:F023589,similar,06
BBM,BBM:F023585,BBM:F023586,similar,06
BBM,BBM:F023585,BBM:F023587,similar,06
BBM,BBM:F023585,BBM:F023589,similar,06
BBM,BBM:F023586,BBM:F023587,similar,06
BBM,BBM:F023586,BBM:F023589,similar,06
BBM,BBM:F023587,BBM:F023589,similar,06
BBM,BBM:F020185,BBM:F023689,similar,06
BBM,BBM:F020185,BBM:F023693,similar,06
BBM,BBM:F023689,BBM:F023693,similar,06
BBM,BBM:F020186,BBM:F023527,similar,06
BBM,BBM:F020187,BBM:F023534,similar,06
BBM,BBM:F020189,BBM:F023526,similar,06
BBM,BBM:F020190,BBM:F020191,strict,06
BBM,BBM:F020192,BBM:F020232,similar,06
BBM,BBM:F020192,BBM:F020258,similar,06
BBM,BBM:F020192,BBM:F031081,similar,06
BBM,BBM:F020192,BBM:F031228,similar,06
BBM,BBM:F020232,BBM:F020258,similar,06
BBM,BBM:F020232,BBM:F031081,similar,06
BBM,BBM:F020232,BBM:F031228,similar,06
BBM,BBM:F020258,BBM:F031081,similar,06
BBM,BBM:F020258,BBM:F031228,similar,06
BBM,BBM:F031081,BBM:F031228,similar,06
BBM,BBM:F020194,BBM:F020195,strict,06
BBM,BBM:F020198,BBM:F020248,strict,06
BBM,BBM:F020201,BBM:F020202,strict,06
BBM,BBM:F020213,BBM:F020260,similar,06
BBM,BBM:F020214,BBM:F020215,strict,06
BBM,BBM:F020216,BBM:F020244,similar,06
BBM,BBM:F020216,BBM:F030985,similar,06
BBM,BBM:F020216,BBM:F031063,similar,06
BBM,BBM:F020216,BBM:F031064,similar,06
BBM,BBM:F020216,BBM:F031065,similar,06
BBM,BBM:F020244,BBM:F030985,similar,06
BBM,BBM:F020244,BBM:F031063,similar,06
BBM,BBM:F020244,BBM:F031064,similar,06
BBM,BBM:F020244,BBM:F031065,similar,06
BBM,BBM:F030985,BBM:F031063,similar,06
BBM,BBM:F030985,BBM:F031064,similar,06
BBM,BBM:F030985,BBM:F031065,similar,06
BBM,BBM:F031063,BBM:F031064,similar,06
BBM,BBM:F031063,BBM:F031065,similar,06
BBM,BBM:F031064,BBM:F031065,similar,06
BBM,BBM:F020218,BBM:F020229,similar,06
BBM,BBM:F020218,BBM:F020242,similar,06
BBM,BBM:F020218,BBM:F023500,similar,06
BBM,BBM:F020218,BBM:F023501,similar,06
BBM,BBM:F020229,BBM:F020242,similar,06
BBM,BBM:F020229,BBM:F023500,similar,06
BBM,BBM:F020229,BBM:F023501,similar,06
BBM,BBM:F020242,BBM:F023500,similar,06
BBM,BBM:F020242,BBM:F023501,similar,06
BBM,BBM:F023500,BBM:F023501,similar,06
BBM,BBM:F020226,BBM:F023435,similar,06
BBM,BBM:F020226,BBM:F023436,similar,06
BBM,BBM:F023435,BBM:F023436,similar,06
BBM,BBM:F020234,BBM:F020255,similar,06
BBM,BBM:F020239,BBM:F020257,similar,06
BBM,BBM:F020239,BBM:F023596,similar,06
BBM,BBM:F020239,BBM:F023597,similar,06
BBM,BBM:F020239,BBM:F023598,similar,06
BBM,BBM:F020239,BBM:F023599,similar,06
BBM,BBM:F020239,BBM:F023608,similar,06
BBM,BBM:F020257,BBM:F023596,similar,06
BBM,BBM:F020257,BBM:F023597,similar,06
BBM,BBM:F020257,BBM:F023598,similar,06
BBM,BBM:F020257,BBM:F023599,similar,06
BBM,BBM:F020257,BBM:F023608,similar,06
BBM,BBM:F023596,BBM:F023597,similar,06
BBM,BBM:F023596,BBM:F023598,similar,06
BBM,BBM:F023596,BBM:F023599,similar,06
BBM,BBM:F023596,BBM:F023608,similar,06
BBM,BBM:F023597,BBM:F023598,similar,06
BBM,BBM:F023597,BBM:F023599,similar,06
BBM,BBM:F023597,BBM:F023608,similar,06
BBM,BBM:F023598,BBM:F023599,similar,06
BBM,BBM:F023598,BBM:F023608,similar,06
BBM,BBM:F023599,BBM:F023608,similar,06
BBM,BBM:F020240,BBM:F020269,similar,06
BBM,BBM:F020240,BBM:F020270,similar,06
BBM,BBM:F020269,BBM:F020270,similar,06
BBM,BBM:F020243,BBM:F020247,similar,06
BBM,BBM:F020249,BBM:F023539,similar,06
BBM,BBM:F020249,BBM:F023540,similar,06
BBM,BBM:F020249,BBM:F023541,similar,06
BBM,BBM:F020249,BBM:F023542,similar,06
BBM,BBM:F020249,BBM:F023543,similar,06
BBM,BBM:F020249,BBM:F023544,similar,06
BBM,BBM:F020249,BBM:F023546,similar,06
BBM,BBM:F023539,BBM:F023540,similar,06
BBM,BBM:F023539,BBM:F023541,similar,06
BBM,BBM:F023539,BBM:F023542,similar,06
BBM,BBM:F023539,BBM:F023543,similar,06
BBM,BBM:F023539,BBM:F023544,similar,06
BBM,BBM:F023539,BBM:F023546,similar,06
BBM,BBM:F023540,BBM:F023541,similar,06
BBM,BBM:F023540,BBM:F023542,similar,06
BBM,BBM:F023540,BBM:F023543,similar,06
BBM,BBM:F023540,BBM:F023544,similar,06
BBM,BBM:F023540,BBM:F023546,similar,06
BBM,BBM:F023541,BBM:F023542,similar,06
BBM,BBM:F023541,BBM:F023543,similar,06
BBM,BBM:F023541,BBM:F023544,similar,06
BBM,BBM:F023541,BBM:F023546,similar,06
BBM,BBM:F023542,BBM:F023543,similar,06
BBM,BBM:F023542,BBM:F023544,similar,06
BBM,BBM:F023542,BBM:F023546,similar,06
BBM,BBM:F023543,BBM:F023544,similar,06
BBM,BBM:F023543,BBM:F023546,similar,06
BBM,BBM:F023544,BBM:F023546,similar,06
BBM,BBM:F020272,BBM:F023456,similar,06
BBM,BBM:F020273,BBM:F023533,similar,06
BBM,BBM:F020276,BBM:F023446,similar,06
BBM,BBM:F020276,BBM:F023447,similar,06
BBM,BBM:F020276,BBM:F023448,similar,06
BBM,BBM:F023446,BBM:F023447,similar,06
BBM,BBM:F023446,BBM:F023448,similar,06
BBM,BBM:F023447,BBM:F023448,similar,06
BBM,BBM:F020281,BBM:F023529,similar,06
BBM,BBM:F020281,BBM:F023530,similar,06
BBM,BBM:F023529,BBM:F023530,similar,06
BBM,BBM:F020288,BBM:F034496,similar,06
BBM,BBM:F020343,BBM:F023690,similar,06
BBM,BBM:F020610,BBM:F020615,strict,06
BBM,BBM:F020610,BBM:F020621,strict,06
BBM,BBM:F020610,BBM:F020627,strict,06
BBM,BBM:F020610,BBM:F020633,strict,06
BBM,BBM:F020610,BBM:F020675,strict,06
BBM,BBM:F020610,BBM:F020895,strict,06
BBM,BBM:F020610,BBM:F020899,strict,06
BBM,BBM:F020610,BBM:F020901,strict,06
BBM,BBM:F020610,BBM:F020903,strict,06
BBM,BBM:F020610,BBM:F020918,strict,06
BBM,BBM:F020610,BBM:F020943,strict,06
BBM,BBM:F020615,BBM:F020621,strict,06
BBM,BBM:F020615,BBM:F020627,strict,06
BBM,BBM:F020615,BBM:F020633,strict,06
BBM,BBM:F020615,BBM:F020675,strict,06
BBM,BBM:F020615,BBM:F020895,strict,06
BBM,BBM:F020615,BBM:F020899,strict,06
BBM,BBM:F020615,BBM:F020901,strict,06
BBM,BBM:F020615,BBM:F020903,strict,06
BBM,BBM:F020615,BBM:F020918,strict,06
BBM,BBM:F020615,BBM:F020943,strict,06
BBM,BBM:F020621,BBM:F020627,strict,06
BBM,BBM:F020621,BBM:F020633,strict,06
BBM,BBM:F020621,BBM:F020675,strict,06
BBM,BBM:F020621,BBM:F020895,strict,06
BBM,BBM:F020621,BBM:F020899,strict,06
BBM,BBM:F020621,BBM:F020901,strict,06
BBM,BBM:F020621,BBM:F020903,strict,06
BBM,BBM:F020621,BBM:F020918,strict,06
BBM,BBM:F020621,BBM:F020943,strict,06
BBM,BBM:F020627,BBM:F020633,strict,06
BBM,BBM:F020627,BBM:F020675,strict,06
BBM,BBM:F020627,BBM:F020895,strict,06
BBM,BBM:F020627,BBM:F020899,strict,06
BBM,BBM:F020627,BBM:F020901,strict,06
BBM,BBM:F020627,BBM:F020903,strict,06
BBM,BBM:F020627,BBM:F020918,strict,06
BBM,BBM:F020627,BBM:F020943,strict,06
BBM,BBM:F020633,BBM:F020675,strict,06
BBM,BBM:F020633,BBM:F020895,strict,06
BBM,BBM:F020633,BBM:F020899,strict,06
BBM,BBM:F020633,BBM:F020901,strict,06
BBM,BBM:F020633,BBM:F020903,strict,06
BBM,BBM:F020633,BBM:F020918,strict,06
BBM,BBM:F020633,BBM:F020943,strict,06
BBM,BBM:F020675,BBM:F020895,strict,06
BBM,BBM:F020675,BBM:F020899,strict,06
BBM,BBM:F020675,BBM:F020901,strict,06
BBM,BBM:F020675,BBM:F020903,strict,06
BBM,BBM:F020675,BBM:F020918,strict,06
BBM,BBM:F020675,BBM:F020943,strict,06
BBM,BBM:F020895,BBM:F020899,strict,06
BBM,BBM:F020895,BBM:F020901,strict,06
BBM,BBM:F020895,BBM:F020903,strict,06
BBM,BBM:F020895,BBM:F020918,strict,06
BBM,BBM:F020895,BBM:F020943,strict,06
BBM,BBM:F020899,BBM:F020901,strict,06
BBM,BBM:F020899,BBM:F020903,strict,06
BBM,BBM:F020899,BBM:F020918,strict,06
BBM,BBM:F020899,BBM:F020943,strict,06
BBM,BBM:F020901,BBM:F020903,strict,06
BBM,BBM:F020901,BBM:F020918,strict,06
BBM,BBM:F020901,BBM:F020943,strict,06
BBM,BBM:F020903,BBM:F020918,strict,06
BBM,BBM:F020903,BBM:F020943,strict,06
BBM,BBM:F020918,BBM:F020943,strict,06
BBM,BBM:F020644,BBM:F020646,strict,06
BBM,BBM:F020644,BBM:F020656,strict,06
BBM,BBM:F020644,BBM:F020909,strict,06
BBM,BBM:F020644,BBM:F020916,strict,06
BBM,BBM:F020644,BBM:F020917,strict,06
BBM,BBM:F020644,BBM:F020949,strict,06
BBM,BBM:F020644,BBM:F021075,strict,06
BBM,BBM:F020646,BBM:F020656,strict,06
BBM,BBM:F020646,BBM:F020909,strict,06
BBM,BBM:F020646,BBM:F020916,strict,06
BBM,BBM:F020646,BBM:F020917,strict,06
BBM,BBM:F020646,BBM:F020949,strict,06
BBM,BBM:F020646,BBM:F021075,strict,06
BBM,BBM:F020656,BBM:F020909,strict,06
BBM,BBM:F020656,BBM:F020916,strict,06
BBM,BBM:F020656,BBM:F020917,strict,06
BBM,BBM:F020656,BBM:F020949,strict,06
BBM,BBM:F020656,BBM:F021075,strict,06
BBM,BBM:F020909,BBM:F020916,strict,06
BBM,BBM:F020909,BBM:F020917,strict,06
BBM,BBM:F020909,BBM:F020949,strict,06
BBM,BBM:F020909,BBM:F021075,strict,06
BBM,BBM:F020916,BBM:F020917,strict,06
BBM,BBM:F020916,BBM:F020949,strict,06
BBM,BBM:F020916,BBM:F021075,strict,06
BBM,BBM:F020917,BBM:F020949,strict,06
BBM,BBM:F020917,BBM:F021075,strict,06
BBM,BBM:F020949,BBM:F021075,strict,06
BBM,BBM:F020710,BBM:F023663,similar,06
BBM,BBM:F020710,BBM:F023664,similar,06
BBM,BBM:F023663,BBM:F023664,similar,06
BBM,BBM:F020718,BBM:F020849,strict,06
BBM,BBM:F020964,BBM:F020967,strict,06
BBM,BBM:F020964,BBM:F020970,strict,06
BBM,BBM:F020964,BBM:F021001,strict,06
BBM,BBM:F020964,BBM:F021111,strict,06
BBM,BBM:F020964,BBM:F021112,strict,06
BBM,BBM:F020964,BBM:F021160,strict,06
BBM,BBM:F020967,BBM:F020970,strict,06
BBM,BBM:F020967,BBM:F021001,strict,06
BBM,BBM:F020967,BBM:F021111,strict,06
BBM,BBM:F020967,BBM:F021112,strict,06
BBM,BBM:F020967,BBM:F021160,strict,06
BBM,BBM:F020970,BBM:F021001,strict,06
BBM,BBM:F020970,BBM:F021111,strict,06
BBM,BBM:F020970,BBM:F021112,strict,06
BBM,BBM:F020970,BBM:F021160,strict,06
BBM,BBM:F021001,BBM:F021111,strict,06
BBM,BBM:F021001,BBM:F021112,strict,06
BBM,BBM:F021001,BBM:F021160,strict,06
BBM,BBM:F021111,BBM:F021112,strict,06
BBM,BBM:F021111,BBM:F021160,strict,06
BBM,BBM:F021112,BBM:F021160,strict,06
BBM,BBM:F020972,BBM:F020974,strict,06
BBM,BBM:F020972,BBM:F020976,strict,06
BBM,BBM:F020972,BBM:F020979,strict,06
BBM,BBM:F020972,BBM:F020980,strict,06
BBM,BBM:F020972,BBM:F021051,strict,06
BBM,BBM:F020972,BBM:F021076,strict,06
BBM,BBM:F020972,BBM:F021078,strict,06
BBM,BBM:F020972,BBM:F021079,strict,06
BBM,BBM:F020972,BBM:F021080,strict,06
BBM,BBM:F020972,BBM:F021093,strict,06
BBM,BBM:F020972,BBM:F021104,strict,06
BBM,BBM:F020972,BBM:F021105,strict,06
BBM,BBM:F020972,BBM:F021108,strict,06
BBM,BBM:F020972,BBM:F021161,strict,06
BBM,BBM:F020972,BBM:F021174,strict,06
BBM,BBM:F020972,BBM:F021184,strict,06
BBM,BBM:F020972,BBM:F021185,strict,06
BBM,BBM:F020972,BBM:F021187,strict,06
BBM,BBM:F020972,BBM:F021188,strict,06
BBM,BBM:F020974,BBM:F020976,strict,06
BBM,BBM:F020974,BBM:F020979,strict,06
BBM,BBM:F020974,BBM:F020980,strict,06
BBM,BBM:F020974,BBM:F021051,strict,06
BBM,BBM:F020974,BBM:F021076,strict,06
BBM,BBM:F020974,BBM:F021078,strict,06
BBM,BBM:F020974,BBM:F021079,strict,06
BBM,BBM:F020974,BBM:F021080,strict,06
BBM,BBM:F020974,BBM:F021093,strict,06
BBM,BBM:F020974,BBM:F021104,strict,06
BBM,BBM:F020974,BBM:F021105,strict,06
BBM,BBM:F020974,BBM:F021108,strict,06
BBM,BBM:F020974,BBM:F021161,strict,06
BBM,BBM:F020974,BBM:F021174,strict,06
BBM,BBM:F020974,BBM:F021184,strict,06
BBM,BBM:F020974,BBM:F021185,strict,06
BBM,BBM:F020974,BBM:F021187,strict,06
BBM,BBM:F020974,BBM:F021188,strict,06
BBM,BBM:F020976,BBM:F020979,strict,06
BBM,BBM:F020976,BBM:F020980,strict,06
BBM,BBM:F020976,BBM:F021051,strict,06
BBM,BBM:F020976,BBM:F021076,strict,06
BBM,BBM:F020976,BBM:F021078,strict,06
BBM,BBM:F020976,BBM:F021079,strict,06
BBM,BBM:F020976,BBM:F021080,strict,06
BBM,BBM:F020976,BBM:F021093,strict,06
BBM,BBM:F020976,BBM:F021104,strict,06
BBM,BBM:F020976,BBM:F021105,strict,06
BBM,BBM:F020976,BBM:F021108,strict,06
BBM,BBM:F020976,BBM:F021161,strict,06
BBM,BBM:F020976,BBM:F021174,strict,06
BBM,BBM:F020976,BBM:F021184,strict,06
BBM,BBM:F020976,BBM:F021185,strict,06
BBM,BBM:F020976,BBM:F021187,strict,06
BBM,BBM:F020976,BBM:F021188,strict,06
BBM,BBM:F020979,BBM:F020980,strict,06
BBM,BBM:F020979,BBM:F021051,strict,06
BBM,BBM:F020979,BBM:F021076,strict,06
BBM,BBM:F020979,BBM:F021078,strict,06
BBM,BBM:F020979,BBM:F021079,strict,06
BBM,BBM:F020979,BBM:F021080,strict,06
BBM,BBM:F020979,BBM:F021093,strict,06
BBM,BBM:F020979,BBM:F021104,strict,06
BBM,BBM:F020979,BBM:F021105,strict,06
BBM,BBM:F020979,BBM:F021108,strict,06
BBM,BBM:F020979,BBM:F021161,strict,06
BBM,BBM:F020979,BBM:F021174,strict,06
BBM,BBM:F020979,BBM:F021184,strict,06
BBM,BBM:F020979,BBM:F021185,strict,06
BBM,BBM:F020979,BBM:F021187,strict,06
BBM,BBM:F020979,BBM:F021188,strict,06
BBM,BBM:F020980,BBM:F021051,strict,06
BBM,BBM:F020980,BBM:F021076,strict,06
BBM,BBM:F020980,BBM:F021078,strict,06
BBM,BBM:F020980,BBM:F021079,strict,06
BBM,BBM:F020980,BBM:F021080,strict,06
BBM,BBM:F020980,BBM:F021093,strict,06
BBM,BBM:F020980,BBM:F021104,strict,06
BBM,BBM:F020980,BBM:F021105,strict,06
BBM,BBM:F020980,BBM:F021108,strict,06
BBM,BBM:F020980,BBM:F021161,strict,06
BBM,BBM:F020980,BBM:F021174,strict,06
BBM,BBM:F020980,BBM:F021184,strict,06
BBM,BBM:F020980,BBM:F021185,strict,06
BBM,BBM:F020980,BBM:F021187,strict,06
BBM,BBM:F020980,BBM:F021188,strict,06
BBM,BBM:F021051,BBM:F021076,strict,06
BBM,BBM:F021051,BBM:F021078,strict,06
BBM,BBM:F021051,BBM:F021079,strict,06
BBM,BBM:F021051,BBM:F021080,strict,06
BBM,BBM:F021051,BBM:F021093,strict,06
BBM,BBM:F021051,BBM:F021104,strict,06
BBM,BBM:F021051,BBM:F021105,strict,06
BBM,BBM:F021051,BBM:F021108,strict,06
BBM,BBM:F021051,BBM:F021161,strict,06
BBM,BBM:F021051,BBM:F021174,strict,06
BBM,BBM:F021051,BBM:F021184,strict,06
BBM,BBM:F021051,BBM:F021185,strict,06
BBM,BBM:F021051,BBM:F021187,strict,06
BBM,BBM:F021051,BBM:F021188,strict,06
BBM,BBM:F021076,BBM:F021078,strict,06
BBM,BBM:F021076,BBM:F021079,strict,06
BBM,BBM:F021076,BBM:F021080,strict,06
BBM,BBM:F021076,BBM:F021093,strict,06
BBM,BBM:F021076,BBM:F021104,strict,06
BBM,BBM:F021076,BBM:F021105,strict,06
BBM,BBM:F021076,BBM:F021108,strict,06
BBM,BBM:F021076,BBM:F021161,strict,06
BBM,BBM:F021076,BBM:F021174,strict,06
BBM,BBM:F021076,BBM:F021184,strict,06
BBM,BBM:F021076,BBM:F021185,strict,06
BBM,BBM:F021076,BBM:F021187,strict,06
BBM,BBM:F021076,BBM:F021188,strict,06
BBM,BBM:F021078,BBM:F021079,strict,06
BBM,BBM:F021078,BBM:F021080,strict,06
BBM,BBM:F021078,BBM:F021093,strict,06
BBM,BBM:F021078,BBM:F021104,strict,06
BBM,BBM:F021078,BBM:F021105,strict,06
BBM,BBM:F021078,BBM:F021108,strict,06
BBM,BBM:F021078,BBM:F021161,strict,06
BBM,BBM:F021078,BBM:F021174,strict,06
BBM,BBM:F021078,BBM:F021184,strict,06
BBM,BBM:F021078,BBM:F021185,strict,06
BBM,BBM:F021078,BBM:F021187,strict,06
BBM,BBM:F021078,BBM:F021188,strict,06
BBM,BBM:F021079,BBM:F021080,strict,06
BBM,BBM:F021079,BBM:F021093,strict,06
BBM,BBM:F021079,BBM:F021104,strict,06
BBM,BBM:F021079,BBM:F021105,strict,06
BBM,BBM:F021079,BBM:F021108,strict,06
BBM,BBM:F021079,BBM:F021161,strict,06
BBM,BBM:F021079,BBM:F021174,strict,06
BBM,BBM:F021079,BBM:F021184,strict,06
BBM,BBM:F021079,BBM:F021185,strict,06
BBM,BBM:F021079,BBM:F021187,strict,06
BBM,BBM:F021079,BBM:F021188,strict,06
BBM,BBM:F021080,BBM:F021093,strict,06
BBM,BBM:F021080,BBM:F021104,strict,06
BBM,BBM:F021080,BBM:F021105,strict,06
BBM,BBM:F021080,BBM:F021108,strict,06
BBM,BBM:F021080,BBM:F021161,strict,06
BBM,BBM:F021080,BBM:F021174,strict,06
BBM,BBM:F021080,BBM:F021184,strict,06
BBM,BBM:F021080,BBM:F021185,strict,06
BBM,BBM:F021080,BBM:F021187,strict,06
BBM,BBM:F021080,BBM:F021188,strict,06
BBM,BBM:F021093,BBM:F021104,strict,06
BBM,BBM:F021093,BBM:F021105,strict,06
BBM,BBM:F021093,BBM:F021108,strict,06
BBM,BBM:F021093,BBM:F021161,strict,06
BBM,BBM:F021093,BBM:F021174,strict,06
BBM,BBM:F021093,BBM:F021184,strict,06
BBM,BBM:F021093,BBM:F021185,strict,06
BBM,BBM:F021093,BBM:F021187,strict,06
BBM,BBM:F021093,BBM:F021188,strict,06
BBM,BBM:F021104,BBM:F021105,strict,06
BBM,BBM:F021104,BBM:F021108,strict,06
BBM,BBM:F021104,BBM:F021161,strict,06
BBM,BBM:F021104,BBM:F021174,strict,06
BBM,BBM:F021104,BBM:F021184,strict,06
BBM,BBM:F021104,BBM:F021185,strict,06
BBM,BBM:F021104,BBM:F021187,strict,06
BBM,BBM:F021104,BBM:F021188,strict,06
BBM,BBM:F021105,BBM:F021108,strict,06
BBM,BBM:F021105,BBM:F021161,strict,06
BBM,BBM:F021105,BBM:F021174,strict,06
BBM,BBM:F021105,BBM:F021184,strict,06
BBM,BBM:F021105,BBM:F021185,strict,06
BBM,BBM:F021105,BBM:F021187,strict,06
BBM,BBM:F021105,BBM:F021188,strict,06
BBM,BBM:F021108,BBM:F021161,strict,06
BBM,BBM:F021108,BBM:F021174,strict,06
BBM,BBM:F021108,BBM:F021184,strict,06
BBM,BBM:F021108,BBM:F021185,strict,06
BBM,BBM:F021108,BBM:F021187,strict,06
BBM,BBM:F021108,BBM:F021188,strict,06
BBM,BBM:F021161,BBM:F021174,strict,06
BBM,BBM:F021161,BBM:F021184,strict,06
BBM,BBM:F021161,BBM:F021185,strict,06
BBM,BBM:F021161,BBM:F021187,strict,06
BBM,BBM:F021161,BBM:F021188,strict,06
BBM,BBM:F021174,BBM:F021184,strict,06
BBM,BBM:F021174,BBM:F021185,strict,06
BBM,BBM:F021174,BBM:F021187,strict,06
BBM,BBM:F021174,BBM:F021188,strict,06
BBM,BBM:F021184,BBM:F021185,strict,06
BBM,BBM:F021184,BBM:F021187,strict,06
BBM,BBM:F021184,BBM:F021188,strict,06
BBM,BBM:F021185,BBM:F021187,strict,06
BBM,BBM:F021185,BBM:F021188,strict,06
BBM,BBM:F021187,BBM:F021188,strict,06
BBM,BBM:F021005,BBM:F021008,strict,06
BBM,BBM:F021005,BBM:F021170,strict,06
BBM,BBM:F021005,BBM:F021177,strict,06
BBM,BBM:F021005,BBM:F021189,strict,06
BBM,BBM:F021005,BBM:F021194,strict,06
BBM,BBM:F021008,BBM:F021170,strict,06
BBM,BBM:F021008,BBM:F021177,strict,06
BBM,BBM:F021008,BBM:F021189,strict,06
BBM,BBM:F021008,BBM:F021194,strict,06
BBM,BBM:F021170,BBM:F021177,strict,06
BBM,BBM:F021170,BBM:F021189,strict,06
BBM,BBM:F021170,BBM:F021194,strict,06
BBM,BBM:F021177,BBM:F021189,strict,06
BBM,BBM:F021177,BBM:F021194,strict,06
BBM,BBM:F021189,BBM:F021194,strict,06
BBM,BBM:F021023,BBM:F021144,strict,06
BBM,BBM:F021023,BBM:F021153,strict,06
BBM,BBM:F021144,BBM:F021153,strict,06
BBM,BBM:F021343,BBM:F021815,similar,06
BBM,BBM:F022645,BBM:F022651,strict,06
BBM,BBM:F022647,BBM:F022681,similar,06
BBM,BBM:F022656,BBM:F022657,strict,06
BBM,BBM:F022658,BBM:F022674,similar,06
BBM,BBM:F022658,BBM:F022675,similar,06
BBM,BBM:F022658,BBM:F022685,similar,06
BBM,BBM:F022658,BBM:F022686,similar,06
BBM,BBM:F022658,BBM:F022691,similar,06
BBM,BBM:F022658,BBM:F022694,similar,06
BBM,BBM:F022658,BBM:F022697,similar,06
BBM,BBM:F022658,BBM:F022698,similar,06
BBM,BBM:F022658,BBM:F022704,similar,06
BBM,BBM:F022658,BBM:F022723,similar,06
BBM,BBM:F022658,BBM:F022728,similar,06
BBM,BBM:F022658,BBM:F022731,similar,06
BBM,BBM:F022658,BBM:F022732,similar,06
BBM,BBM:F022658,BBM:F022734,similar,06
BBM,BBM:F022658,BBM:F022735,similar,06
BBM,BBM:F022658,BBM:F022738,similar,06
BBM,BBM:F022658,BBM:F022741,similar,06
BBM,BBM:F022658,BBM:F022746,similar,06
BBM,BBM:F022658,BBM:F022747,similar,06
BBM,BBM:F022658,BBM:F022748,similar,06
BBM,BBM:F022658,BBM:F022749,similar,06
BBM,BBM:F022658,BBM:F022751,similar,06
BBM,BBM:F022658,BBM:F022754,similar,06
BBM,BBM:F022658,BBM:F022758,similar,06
BBM,BBM:F022658,BBM:F022759,similar,06
BBM,BBM:F022658,BBM:F022760,similar,06
BBM,BBM:F022658,BBM:F022775,similar,06
BBM,BBM:F022658,BBM:F022776,similar,06
BBM,BBM:F022658,BBM:F022782,similar,06
BBM,BBM:F022658,BBM:F022785,similar,06
BBM,BBM:F022658,BBM:F022788,similar,06
BBM,BBM:F022658,BBM:F022794,similar,06
BBM,BBM:F022658,BBM:F022795,similar,06
BBM,BBM:F022658,BBM:F022806,similar,06
BBM,BBM:F022658,BBM:F022807,similar,06
BBM,BBM:F022674,BBM:F022675,similar,06
BBM,BBM:F022674,BBM:F022685,similar,06
BBM,BBM:F022674,BBM:F022686,similar,06
BBM,BBM:F022674,BBM:F022691,similar,06
BBM,BBM:F022674,BBM:F022694,similar,06
BBM,BBM:F022674,BBM:F022697,similar,06
BBM,BBM:F022674,BBM:F022698,similar,06
BBM,BBM:F022674,BBM:F022704,similar,06
BBM,BBM:F022674,BBM:F022723,similar,06
BBM,BBM:F022674,BBM:F022728,similar,06
BBM,BBM:F022674,BBM:F022731,similar,06
BBM,BBM:F022674,BBM:F022732,similar,06
BBM,BBM:F022674,BBM:F022734,similar,06
BBM,BBM:F022674,BBM:F022735,similar,06
BBM,BBM:F022674,BBM:F022738,similar,06
BBM,BBM:F022674,BBM:F022741,similar,06
BBM,BBM:F022674,BBM:F022746,similar,06
BBM,BBM:F022674,BBM:F022747,similar,06
BBM,BBM:F022674,BBM:F022748,similar,06
BBM,BBM:F022674,BBM:F022749,similar,06
BBM,BBM:F022674,BBM:F022751,similar,06
BBM,BBM:F022674,BBM:F022754,similar,06
BBM,BBM:F022674,BBM:F022758,similar,06
BBM,BBM:F022674,BBM:F022759,similar,06
BBM,BBM:F022674,BBM:F022760,similar,06
BBM,BBM:F022674,BBM:F022775,similar,06
BBM,BBM:F022674,BBM:F022776,similar,06
BBM,BBM:F022674,BBM:F022782,similar,06
BBM,BBM:F022674,BBM:F022785,similar,06
BBM,BBM:F022674,BBM:F022788,similar,06
BBM,BBM:F022674,BBM:F022794,similar,06
BBM,BBM:F022674,BBM:F022795,similar,06
BBM,BBM:F022674,BBM:F022806,similar,06
BBM,BBM:F022674,BBM:F022807,similar,06
BBM,BBM:F022675,BBM:F022685,similar,06
BBM,BBM:F022675,BBM:F022686,similar,06
BBM,BBM:F022675,BBM:F022691,similar,06
BBM,BBM:F022675,BBM:F022694,similar,06
BBM,BBM:F022675,BBM:F022697,similar,06
BBM,BBM:F022675,BBM:F022698,similar,06
BBM,BBM:F022675,BBM:F022704,similar,06
BBM,BBM:F022675,BBM:F022723,similar,06
BBM,BBM:F022675,BBM:F022728,similar,06
BBM,BBM:F022675,BBM:F022731,similar,06
BBM,BBM:F022675,BBM:F022732,similar,06
BBM,BBM:F022675,BBM:F022734,similar,06
BBM,BBM:F022675,BBM:F022735,similar,06
BBM,BBM:F022675,BBM:F022738,similar,06
BBM,BBM:F022675,BBM:F022741,similar,06
BBM,BBM:F022675,BBM:F022746,similar,06
BBM,BBM:F022675,BBM:F022747,similar,06
BBM,BBM:F022675,BBM:F022748,similar,06
BBM,BBM:F022675,BBM:F022749,similar,06
BBM,BBM:F022675,BBM:F022751,similar,06
BBM,BBM:F022675,BBM:F022754,similar,06
BBM,BBM:F022675,BBM:F022758,similar,06
BBM,BBM:F022675,BBM:F022759,similar,06
BBM,BBM:F022675,BBM:F022760,similar,06
BBM,BBM:F022675,BBM:F022775,similar,06
BBM,BBM:F022675,BBM:F022776,similar,06
BBM,BBM:F022675,BBM:F022782,similar,06
BBM,BBM:F022675,BBM:F022785,similar,06
BBM,BBM:F022675,BBM:F022788,similar,06
BBM,BBM:F022675,BBM:F022794,similar,06
BBM,BBM:F022675,BBM:F022795,similar,06
BBM,BBM:F022675,BBM:F022806,similar,06
BBM,BBM:F022675,BBM:F022807,similar,06
BBM,BBM:F022685,BBM:F022686,similar,06
BBM,BBM:F022685,BBM:F022691,similar,06
BBM,BBM:F022685,BBM:F022694,similar,06
BBM,BBM:F022685,BBM:F022697,similar,06
BBM,BBM:F022685,BBM:F022698,similar,06
BBM,BBM:F022685,BBM:F022704,similar,06
BBM,BBM:F022685,BBM:F022723,similar,06
BBM,BBM:F022685,BBM:F022728,similar,06
BBM,BBM:F022685,BBM:F022731,similar,06
BBM,BBM:F022685,BBM:F022732,similar,06
BBM,BBM:F022685,BBM:F022734,similar,06
BBM,BBM:F022685,BBM:F022735,similar,06
BBM,BBM:F022685,BBM:F022738,similar,06
BBM,BBM:F022685,BBM:F022741,similar,06
BBM,BBM:F022685,BBM:F022746,similar,06
BBM,BBM:F022685,BBM:F022747,similar,06
BBM,BBM:F022685,BBM:F022748,similar,06
BBM,BBM:F022685,BBM:F022749,similar,06
BBM,BBM:F022685,BBM:F022751,similar,06
BBM,BBM:F022685,BBM:F022754,similar,06
BBM,BBM:F022685,BBM:F022758,similar,06
BBM,BBM:F022685,BBM:F022759,similar,06
BBM,BBM:F022685,BBM:F022760,similar,06
BBM,BBM:F022685,BBM:F022775,similar,06
BBM,BBM:F022685,BBM:F022776,similar,06
BBM,BBM:F022685,BBM:F022782,similar,06
BBM,BBM:F022685,BBM:F022785,similar,06
BBM,BBM:F022685,BBM:F022788,similar,06
BBM,BBM:F022685,BBM:F022794,similar,06
BBM,BBM:F022685,BBM:F022795,similar,06
BBM,BBM:F022685,BBM:F022806,similar,06
BBM,BBM:F022685,BBM:F022807,similar,06
BBM,BBM:F022686,BBM:F022691,similar,06
BBM,BBM:F022686,BBM:F022694,similar,06
BBM,BBM:F022686,BBM:F022697,similar,06
BBM,BBM:F022686,BBM:F022698,similar,06
BBM,BBM:F022686,BBM:F022704,similar,06
BBM,BBM:F022686,BBM:F022723,similar,06
BBM,BBM:F022686,BBM:F022728,similar,06
BBM,BBM:F022686,BBM:F022731,similar,06
BBM,BBM:F022686,BBM:F022732,similar,06
BBM,BBM:F022686,BBM:F022734,similar,06
BBM,BBM:F022686,BBM:F022735,similar,06
BBM,BBM:F022686,BBM:F022738,similar,06
BBM,BBM:F022686,BBM:F022741,similar,06
BBM,BBM:F022686,BBM:F022746,similar,06
BBM,BBM:F022686,BBM:F022747,similar,06
BBM,BBM:F022686,BBM:F022748,similar,06
BBM,BBM:F022686,BBM:F022749,similar,06
BBM,BBM:F022686,BBM:F022751,similar,06
BBM,BBM:F022686,BBM:F022754,similar,06
BBM,BBM:F022686,BBM:F022758,similar,06
BBM,BBM:F022686,BBM:F022759,similar,06
BBM,BBM:F022686,BBM:F022760,similar,06
BBM,BBM:F022686,BBM:F022775,similar,06
BBM,BBM:F022686,BBM:F022776,similar,06
BBM,BBM:F022686,BBM:F022782,similar,06
BBM,BBM:F022686,BBM:F022785,similar,06
BBM,BBM:F022686,BBM:F022788,similar,06
BBM,BBM:F022686,BBM:F022794,similar,06
BBM,BBM:F022686,BBM:F022795,similar,06
BBM,BBM:F022686,BBM:F022806,similar,06
BBM,BBM:F022686,BBM:F022807,similar,06
BBM,BBM:F022691,BBM:F022694,similar,06
BBM,BBM:F022691,BBM:F022697,similar,06
BBM,BBM:F022691,BBM:F022698,similar,06
BBM,BBM:F022691,BBM:F022704,similar,06
BBM,BBM:F022691,BBM:F022723,similar,06
BBM,BBM:F022691,BBM:F022728,similar,06
BBM,BBM:F022691,BBM:F022731,similar,06
BBM,BBM:F022691,BBM:F022732,similar,06
BBM,BBM:F022691,BBM:F022734,similar,06
BBM,BBM:F022691,BBM:F022735,similar,06
BBM,BBM:F022691,BBM:F022738,similar,06
BBM,BBM:F022691,BBM:F022741,similar,06
BBM,BBM:F022691,BBM:F022746,similar,06
BBM,BBM:F022691,BBM:F022747,similar,06
BBM,BBM:F022691,BBM:F022748,similar,06
BBM,BBM:F022691,BBM:F022749,similar,06
BBM,BBM:F022691,BBM:F022751,similar,06
BBM,BBM:F022691,BBM:F022754,similar,06
BBM,BBM:F022691,BBM:F022758,similar,06
BBM,BBM:F022691,BBM:F022759,similar,06
BBM,BBM:F022691,BBM:F022760,similar,06
BBM,BBM:F022691,BBM:F022775,similar,06
BBM,BBM:F022691,BBM:F022776,similar,06
BBM,BBM:F022691,BBM:F022782,similar,06
BBM,BBM:F022691,BBM:F022785,similar,06
BBM,BBM:F022691,BBM:F022788,similar,06
BBM,BBM:F022691,BBM:F022794,similar,06
BBM,BBM:F022691,BBM:F022795,similar,06
BBM,BBM:F022691,BBM:F022806,similar,06
BBM,BBM:F022691,BBM:F022807,similar,06
BBM,BBM:F022694,BBM:F022697,similar,06
BBM,BBM:F022694,BBM:F022698,similar,06
BBM,BBM:F022694,BBM:F022704,similar,06
BBM,BBM:F022694,BBM:F022723,similar,06
BBM,BBM:F022694,BBM:F022728,similar,06
BBM,BBM:F022694,BBM:F022731,similar,06
BBM,BBM:F022694,BBM:F022732,similar,06
BBM,BBM:F022694,BBM:F022734,similar,06
BBM,BBM:F022694,BBM:F022735,similar,06
BBM,BBM:F022694,BBM:F022738,similar,06
BBM,BBM:F022694,BBM:F022741,similar,06
BBM,BBM:F022694,BBM:F022746,similar,06
BBM,BBM:F022694,BBM:F022747,similar,06
BBM,BBM:F022694,BBM:F022748,similar,06
BBM,BBM:F022694,BBM:F022749,similar,06
BBM,BBM:F022694,BBM:F022751,similar,06
BBM,BBM:F022694,BBM:F022754,similar,06
BBM,BBM:F022694,BBM:F022758,similar,06
BBM,BBM:F022694,BBM:F022759,similar,06
BBM,BBM:F022694,BBM:F022760,similar,06
BBM,BBM:F022694,BBM:F022775,similar,06
BBM,BBM:F022694,BBM:F022776,similar,06
BBM,BBM:F022694,BBM:F022782,similar,06
BBM,BBM:F022694,BBM:F022785,similar,06
BBM,BBM:F022694,BBM:F022788,similar,06
BBM,BBM:F022694,BBM:F022794,similar,06
BBM,BBM:F022694,BBM:F022795,similar,06
BBM,BBM:F022694,BBM:F022806,similar,06
BBM,BBM:F022694,BBM:F022807,similar,06
BBM,BBM:F022697,BBM:F022698,similar,06
BBM,BBM:F022697,BBM:F022704,similar,06
BBM,BBM:F022697,BBM:F022723,similar,06
BBM,BBM:F022697,BBM:F022728,similar,06
BBM,BBM:F022697,BBM:F022731,similar,06
BBM,BBM:F022697,BBM:F022732,similar,06
BBM,BBM:F022697,BBM:F022734,similar,06
BBM,BBM:F022697,BBM:F022735,similar,06
BBM,BBM:F022697,BBM:F022738,similar,06
BBM,BBM:F022697,BBM:F022741,similar,06
BBM,BBM:F022697,BBM:F022746,similar,06
BBM,BBM:F022697,BBM:F022747,similar,06
BBM,BBM:F022697,BBM:F022748,similar,06
BBM,BBM:F022697,BBM:F022749,similar,06
BBM,BBM:F022697,BBM:F022751,similar,06
BBM,BBM:F022697,BBM:F022754,similar,06
BBM,BBM:F022697,BBM:F022758,similar,06
BBM,BBM:F022697,BBM:F022759,similar,06
BBM,BBM:F022697,BBM:F022760,similar,06
BBM,BBM:F022697,BBM:F022775,similar,06
BBM,BBM:F022697,BBM:F022776,similar,06
BBM,BBM:F022697,BBM:F022782,similar,06
BBM,BBM:F022697,BBM:F022785,similar,06
BBM,BBM:F022697,BBM:F022788,similar,06
BBM,BBM:F022697,BBM:F022794,similar,06
BBM,BBM:F022697,BBM:F022795,similar,06
BBM,BBM:F022697,BBM:F022806,similar,06
BBM,BBM:F022697,BBM:F022807,similar,06
BBM,BBM:F022698,BBM:F022704,similar,06
BBM,BBM:F022698,BBM:F022723,similar,06
BBM,BBM:F022698,BBM:F022728,similar,06
BBM,BBM:F022698,BBM:F022731,similar,06
BBM,BBM:F022698,BBM:F022732,similar,06
BBM,BBM:F022698,BBM:F022734,similar,06
BBM,BBM:F022698,BBM:F022735,similar,06
BBM,BBM:F022698,BBM:F022738,similar,06
BBM,BBM:F022698,BBM:F022741,similar,06
BBM,BBM:F022698,BBM:F022746,similar,06
BBM,BBM:F022698,BBM:F022747,similar,06
BBM,BBM:F022698,BBM:F022748,similar,06
BBM,BBM:F022698,BBM:F022749,similar,06
BBM,BBM:F022698,BBM:F022751,similar,06
BBM,BBM:F022698,BBM:F022754,similar,06
BBM,BBM:F022698,BBM:F022758,similar,06
BBM,BBM:F022698,BBM:F022759,similar,06
BBM,BBM:F022698,BBM:F022760,similar,06
BBM,BBM:F022698,BBM:F022775,similar,06
BBM,BBM:F022698,BBM:F022776,similar,06
BBM,BBM:F022698,BBM:F022782,similar,06
BBM,BBM:F022698,BBM:F022785,similar,06
BBM,BBM:F022698,BBM:F022788,similar,06
BBM,BBM:F022698,BBM:F022794,similar,06
BBM,BBM:F022698,BBM:F022795,similar,06
BBM,BBM:F022698,BBM:F022806,similar,06
BBM,BBM:F022698,BBM:F022807,similar,06
BBM,BBM:F022704,BBM:F022723,similar,06
BBM,BBM:F022704,BBM:F022728,similar,06
BBM,BBM:F022704,BBM:F022731,similar,06
BBM,BBM:F022704,BBM:F022732,similar,06
BBM,BBM:F022704,BBM:F022734,similar,06
BBM,BBM:F022704,BBM:F022735,similar,06
BBM,BBM:F022704,BBM:F022738,similar,06
BBM,BBM:F022704,BBM:F022741,similar,06
BBM,BBM:F022704,BBM:F022746,similar,06
BBM,BBM:F022704,BBM:F022747,similar,06
BBM,BBM:F022704,BBM:F022748,similar,06
BBM,BBM:F022704,BBM:F022749,similar,06
BBM,BBM:F022704,BBM:F022751,similar,06
BBM,BBM:F022704,BBM:F022754,similar,06
BBM,BBM:F022704,BBM:F022758,similar,06
BBM,BBM:F022704,BBM:F022759,similar,06
BBM,BBM:F022704,BBM:F022760,similar,06
BBM,BBM:F022704,BBM:F022775,similar,06
BBM,BBM:F022704,BBM:F022776,similar,06
BBM,BBM:F022704,BBM:F022782,similar,06
BBM,BBM:F022704,BBM:F022785,similar,06
BBM,BBM:F022704,BBM:F022788,similar,06
BBM,BBM:F022704,BBM:F022794,similar,06
BBM,BBM:F022704,BBM:F022795,similar,06
BBM,BBM:F022704,BBM:F022806,similar,06
BBM,BBM:F022704,BBM:F022807,similar,06
BBM,BBM:F022723,BBM:F022728,similar,06
BBM,BBM:F022723,BBM:F022731,similar,06
BBM,BBM:F022723,BBM:F022732,similar,06
BBM,BBM:F022723,BBM:F022734,similar,06
BBM,BBM:F022723,BBM:F022735,similar,06
BBM,BBM:F022723,BBM:F022738,similar,06
BBM,BBM:F022723,BBM:F022741,similar,06
BBM,BBM:F022723,BBM:F022746,similar,06
BBM,BBM:F022723,BBM:F022747,similar,06
BBM,BBM:F022723,BBM:F022748,similar,06
BBM,BBM:F022723,BBM:F022749,similar,06
BBM,BBM:F022723,BBM:F022751,similar,06
BBM,BBM:F022723,BBM:F022754,similar,06
BBM,BBM:F022723,BBM:F022758,similar,06
BBM,BBM:F022723,BBM:F022759,similar,06
BBM,BBM:F022723,BBM:F022760,similar,06
BBM,BBM:F022723,BBM:F022775,similar,06
BBM,BBM:F022723,BBM:F022776,similar,06
BBM,BBM:F022723,BBM:F022782,similar,06
BBM,BBM:F022723,BBM:F022785,similar,06
BBM,BBM:F022723,BBM:F022788,similar,06
BBM,BBM:F022723,BBM:F022794,similar,06
BBM,BBM:F022723,BBM:F022795,similar,06
BBM,BBM:F022723,BBM:F022806,similar,06
BBM,BBM:F022723,BBM:F022807,similar,06
BBM,BBM:F022728,BBM:F022731,similar,06
BBM,BBM:F022728,BBM:F022732,similar,06
BBM,BBM:F022728,BBM:F022734,similar,06
BBM,BBM:F022728,BBM:F022735,similar,06
BBM,BBM:F022728,BBM:F022738,similar,06
BBM,BBM:F022728,BBM:F022741,similar,06
BBM,BBM:F022728,BBM:F022746,similar,06
BBM,BBM:F022728,BBM:F022747,similar,06
BBM,BBM:F022728,BBM:F022748,similar,06
BBM,BBM:F022728,BBM:F022749,similar,06
BBM,BBM:F022728,BBM:F022751,similar,06
BBM,BBM:F022728,BBM:F022754,similar,06
BBM,BBM:F022728,BBM:F022758,similar,06
BBM,BBM:F022728,BBM:F022759,similar,06
BBM,BBM:F022728,BBM:F022760,similar,06
BBM,BBM:F022728,BBM:F022775,similar,06
BBM,BBM:F022728,BBM:F022776,similar,06
BBM,BBM:F022728,BBM:F022782,similar,06
BBM,BBM:F022728,BBM:F022785,similar,06
BBM,BBM:F022728,BBM:F022788,similar,06
BBM,BBM:F022728,BBM:F022794,similar,06
BBM,BBM:F022728,BBM:F022795,similar,06
BBM,BBM:F022728,BBM:F022806,similar,06
BBM,BBM:F022728,BBM:F022807,similar,06
BBM,BBM:F022731,BBM:F022732,similar,06
BBM,BBM:F022731,BBM:F022734,similar,06
BBM,BBM:F022731,BBM:F022735,similar,06
BBM,BBM:F022731,BBM:F022738,similar,06
BBM,BBM:F022731,BBM:F022741,similar,06
BBM,BBM:F022731,BBM:F022746,similar,06
BBM,BBM:F022731,BBM:F022747,similar,06
BBM,BBM:F022731,BBM:F022748,similar,06
BBM,BBM:F022731,BBM:F022749,similar,06
BBM,BBM:F022731,BBM:F022751,similar,06
BBM,BBM:F022731,BBM:F022754,similar,06
BBM,BBM:F022731,BBM:F022758,similar,06
BBM,BBM:F022731,BBM:F022759,similar,06
BBM,BBM:F022731,BBM:F022760,similar,06
BBM,BBM:F022731,BBM:F022775,similar,06
BBM,BBM:F022731,BBM:F022776,similar,06
BBM,BBM:F022731,BBM:F022782,similar,06
BBM,BBM:F022731,BBM:F022785,similar,06
BBM,BBM:F022731,BBM:F022788,similar,06
BBM,BBM:F022731,BBM:F022794,similar,06
BBM,BBM:F022731,BBM:F022795,similar,06
BBM,BBM:F022731,BBM:F022806,similar,06
BBM,BBM:F022731,BBM:F022807,similar,06
BBM,BBM:F022732,BBM:F022734,similar,06
BBM,BBM:F022732,BBM:F022735,similar,06
BBM,BBM:F022732,BBM:F022738,similar,06
BBM,BBM:F022732,BBM:F022741,similar,06
BBM,BBM:F022732,BBM:F022746,similar,06
BBM,BBM:F022732,BBM:F022747,similar,06
BBM,BBM:F022732,BBM:F022748,similar,06
BBM,BBM:F022732,BBM:F022749,similar,06
BBM,BBM:F022732,BBM:F022751,similar,06
BBM,BBM:F022732,BBM:F022754,similar,06
BBM,BBM:F022732,BBM:F022758,similar,06
BBM,BBM:F022732,BBM:F022759,similar,06
BBM,BBM:F022732,BBM:F022760,similar,06
BBM,BBM:F022732,BBM:F022775,similar,06
BBM,BBM:F022732,BBM:F022776,similar,06
BBM,BBM:F022732,BBM:F022782,similar,06
BBM,BBM:F022732,BBM:F022785,similar,06
BBM,BBM:F022732,BBM:F022788,similar,06
BBM,BBM:F022732,BBM:F022794,similar,06
BBM,BBM:F022732,BBM:F022795,similar,06
BBM,BBM:F022732,BBM:F022806,similar,06
BBM,BBM:F022732,BBM:F022807,similar,06
BBM,BBM:F022734,BBM:F022735,similar,06
BBM,BBM:F022734,BBM:F022738,similar,06
BBM,BBM:F022734,BBM:F022741,similar,06
BBM,BBM:F022734,BBM:F022746,similar,06
BBM,BBM:F022734,BBM:F022747,similar,06
BBM,BBM:F022734,BBM:F022748,similar,06
BBM,BBM:F022734,BBM:F022749,similar,06
BBM,BBM:F022734,BBM:F022751,similar,06
BBM,BBM:F022734,BBM:F022754,similar,06
BBM,BBM:F022734,BBM:F022758,similar,06
BBM,BBM:F022734,BBM:F022759,similar,06
BBM,BBM:F022734,BBM:F022760,similar,06
BBM,BBM:F022734,BBM:F022775,similar,06
BBM,BBM:F022734,BBM:F022776,similar,06
BBM,BBM:F022734,BBM:F022782,similar,06
BBM,BBM:F022734,BBM:F022785,similar,06
BBM,BBM:F022734,BBM:F022788,similar,06
BBM,BBM:F022734,BBM:F022794,similar,06
BBM,BBM:F022734,BBM:F022795,similar,06
BBM,BBM:F022734,BBM:F022806,similar,06
BBM,BBM:F022734,BBM:F022807,similar,06
BBM,BBM:F022735,BBM:F022738,similar,06
BBM,BBM:F022735,BBM:F022741,similar,06
BBM,BBM:F022735,BBM:F022746,similar,06
BBM,BBM:F022735,BBM:F022747,similar,06
BBM,BBM:F022735,BBM:F022748,similar,06
BBM,BBM:F022735,BBM:F022749,similar,06
BBM,BBM:F022735,BBM:F022751,similar,06
BBM,BBM:F022735,BBM:F022754,similar,06
BBM,BBM:F022735,BBM:F022758,similar,06
BBM,BBM:F022735,BBM:F022759,similar,06
BBM,BBM:F022735,BBM:F022760,similar,06
BBM,BBM:F022735,BBM:F022775,similar,06
BBM,BBM:F022735,BBM:F022776,similar,06
BBM,BBM:F022735,BBM:F022782,similar,06
BBM,BBM:F022735,BBM:F022785,similar,06
BBM,BBM:F022735,BBM:F022788,similar,06
BBM,BBM:F022735,BBM:F022794,similar,06
BBM,BBM:F022735,BBM:F022795,similar,06
BBM,BBM:F022735,BBM:F022806,similar,06
BBM,BBM:F022735,BBM:F022807,similar,06
BBM,BBM:F022738,BBM:F022741,similar,06
BBM,BBM:F022738,BBM:F022746,similar,06
BBM,BBM:F022738,BBM:F022747,similar,06
BBM,BBM:F022738,BBM:F022748,similar,06
BBM,BBM:F022738,BBM:F022749,similar,06
BBM,BBM:F022738,BBM:F022751,similar,06
BBM,BBM:F022738,BBM:F022754,similar,06
BBM,BBM:F022738,BBM:F022758,similar,06
BBM,BBM:F022738,BBM:F022759,similar,06
BBM,BBM:F022738,BBM:F022760,similar,06
BBM,BBM:F022738,BBM:F022775,similar,06
BBM,BBM:F022738,BBM:F022776,similar,06
BBM,BBM:F022738,BBM:F022782,similar,06
BBM,BBM:F022738,BBM:F022785,similar,06
BBM,BBM:F022738,BBM:F022788,similar,06
BBM,BBM:F022738,BBM:F022794,similar,06
BBM,BBM:F022738,BBM:F022795,similar,06
BBM,BBM:F022738,BBM:F022806,similar,06
BBM,BBM:F022738,BBM:F022807,similar,06
BBM,BBM:F022741,BBM:F022746,similar,06
BBM,BBM:F022741,BBM:F022747,similar,06
BBM,BBM:F022741,BBM:F022748,similar,06
BBM,BBM:F022741,BBM:F022749,similar,06
BBM,BBM:F022741,BBM:F022751,similar,06
BBM,BBM:F022741,BBM:F022754,similar,06
BBM,BBM:F022741,BBM:F022758,similar,06
BBM,BBM:F022741,BBM:F022759,similar,06
BBM,BBM:F022741,BBM:F022760,similar,06
BBM,BBM:F022741,BBM:F022775,similar,06
BBM,BBM:F022741,BBM:F022776,similar,06
BBM,BBM:F022741,BBM:F022782,similar,06
BBM,BBM:F022741,BBM:F022785,similar,06
BBM,BBM:F022741,BBM:F022788,similar,06
BBM,BBM:F022741,BBM:F022794,similar,06
BBM,BBM:F022741,BBM:F022795,similar,06
BBM,BBM:F022741,BBM:F022806,similar,06
BBM,BBM:F022741,BBM:F022807,similar,06
BBM,BBM:F022746,BBM:F022747,similar,06
BBM,BBM:F022746,BBM:F022748,similar,06
BBM,BBM:F022746,BBM:F022749,similar,06
BBM,BBM:F022746,BBM:F022751,similar,06
BBM,BBM:F022746,BBM:F022754,similar,06
BBM,BBM:F022746,BBM:F022758,similar,06
BBM,BBM:F022746,BBM:F022759,similar,06
BBM,BBM:F022746,BBM:F022760,similar,06
BBM,BBM:F022746,BBM:F022775,similar,06
BBM,BBM:F022746,BBM:F022776,similar,06
BBM,BBM:F022746,BBM:F022782,similar,06
BBM,BBM:F022746,BBM:F022785,similar,06
BBM,BBM:F022746,BBM:F022788,similar,06
BBM,BBM:F022746,BBM:F022794,similar,06
BBM,BBM:F022746,BBM:F022795,similar,06
BBM,BBM:F022746,BBM:F022806,similar,06
BBM,BBM:F022746,BBM:F022807,similar,06
BBM,BBM:F022747,BBM:F022748,similar,06
BBM,BBM:F022747,BBM:F022749,similar,06
BBM,BBM:F022747,BBM:F022751,similar,06
BBM,BBM:F022747,BBM:F022754,similar,06
BBM,BBM:F022747,BBM:F022758,similar,06
BBM,BBM:F022747,BBM:F022759,similar,06
BBM,BBM:F022747,BBM:F022760,similar,06
BBM,BBM:F022747,BBM:F022775,similar,06
BBM,BBM:F022747,BBM:F022776,similar,06
BBM,BBM:F022747,BBM:F022782,similar,06
BBM,BBM:F022747,BBM:F022785,similar,06
BBM,BBM:F022747,BBM:F022788,similar,06
BBM,BBM:F022747,BBM:F022794,similar,06
BBM,BBM:F022747,BBM:F022795,similar,06
BBM,BBM:F022747,BBM:F022806,similar,06
BBM,BBM:F022747,BBM:F022807,similar,06
BBM,BBM:F022748,BBM:F022749,similar,06
BBM,BBM:F022748,BBM:F022751,similar,06
BBM,BBM:F022748,BBM:F022754,similar,06
BBM,BBM:F022748,BBM:F022758,similar,06
BBM,BBM:F022748,BBM:F022759,similar,06
BBM,BBM:F022748,BBM:F022760,similar,06
BBM,BBM:F022748,BBM:F022775,similar,06
BBM,BBM:F022748,BBM:F022776,similar,06
BBM,BBM:F022748,BBM:F022782,similar,06
BBM,BBM:F022748,BBM:F022785,similar,06
BBM,BBM:F022748,BBM:F022788,similar,06
BBM,BBM:F022748,BBM:F022794,similar,06
BBM,BBM:F022748,BBM:F022795,similar,06
BBM,BBM:F022748,BBM:F022806,similar,06
BBM,BBM:F022748,BBM:F022807,similar,06
BBM,BBM:F022749,BBM:F022751,similar,06
BBM,BBM:F022749,BBM:F022754,similar,06
BBM,BBM:F022749,BBM:F022758,similar,06
BBM,BBM:F022749,BBM:F022759,similar,06
BBM,BBM:F022749,BBM:F022760,similar,06
BBM,BBM:F022749,BBM:F022775,similar,06
BBM,BBM:F022749,BBM:F022776,similar,06
BBM,BBM:F022749,BBM:F022782,similar,06
BBM,BBM:F022749,BBM:F022785,similar,06
BBM,BBM:F022749,BBM:F022788,similar,06
BBM,BBM:F022749,BBM:F022794,similar,06
BBM,BBM:F022749,BBM:F022795,similar,06
BBM,BBM:F022749,BBM:F022806,similar,06
BBM,BBM:F022749,BBM:F022807,similar,06
BBM,BBM:F022751,BBM:F022754,similar,06
BBM,BBM:F022751,BBM:F022758,similar,06
BBM,BBM:F022751,BBM:F022759,similar,06
BBM,BBM:F022751,BBM:F022760,similar,06
BBM,BBM:F022751,BBM:F022775,similar,06
BBM,BBM:F022751,BBM:F022776,similar,06
BBM,BBM:F022751,BBM:F022782,similar,06
BBM,BBM:F022751,BBM:F022785,similar,06
BBM,BBM:F022751,BBM:F022788,similar,06
BBM,BBM:F022751,BBM:F022794,similar,06
BBM,BBM:F022751,BBM:F022795,similar,06
BBM,BBM:F022751,BBM:F022806,similar,06
BBM,BBM:F022751,BBM:F022807,similar,06
BBM,BBM:F022754,BBM:F022758,similar,06
BBM,BBM:F022754,BBM:F022759,similar,06
BBM,BBM:F022754,BBM:F022760,similar,06
BBM,BBM:F022754,BBM:F022775,similar,06
BBM,BBM:F022754,BBM:F022776,similar,06
BBM,BBM:F022754,BBM:F022782,similar,06
BBM,BBM:F022754,BBM:F022785,similar,06
BBM,BBM:F022754,BBM:F022788,similar,06
BBM,BBM:F022754,BBM:F022794,similar,06
BBM,BBM:F022754,BBM:F022795,similar,06
BBM,BBM:F022754,BBM:F022806,similar,06
BBM,BBM:F022754,BBM:F022807,similar,06
BBM,BBM:F022758,BBM:F022759,similar,06
BBM,BBM:F022758,BBM:F022760,similar,06
BBM,BBM:F022758,BBM:F022775,similar,06
BBM,BBM:F022758,BBM:F022776,similar,06
BBM,BBM:F022758,BBM:F022782,similar,06
BBM,BBM:F022758,BBM:F022785,similar,06
BBM,BBM:F022758,BBM:F022788,similar,06
BBM,BBM:F022758,BBM:F022794,similar,06
BBM,BBM:F022758,BBM:F022795,similar,06
BBM,BBM:F022758,BBM:F022806,similar,06
BBM,BBM:F022758,BBM:F022807,similar,06
BBM,BBM:F022759,BBM:F022760,similar,06
BBM,BBM:F022759,BBM:F022775,similar,06
BBM,BBM:F022759,BBM:F022776,similar,06
BBM,BBM:F022759,BBM:F022782,similar,06
BBM,BBM:F022759,BBM:F022785,similar,06
BBM,BBM:F022759,BBM:F022788,similar,06
BBM,BBM:F022759,BBM:F022794,similar,06
BBM,BBM:F022759,BBM:F022795,similar,06
BBM,BBM:F022759,BBM:F022806,similar,06
BBM,BBM:F022759,BBM:F022807,similar,06
BBM,BBM:F022760,BBM:F022775,similar,06
BBM,BBM:F022760,BBM:F022776,similar,06
BBM,BBM:F022760,BBM:F022782,similar,06
BBM,BBM:F022760,BBM:F022785,similar,06
BBM,BBM:F022760,BBM:F022788,similar,06
BBM,BBM:F022760,BBM:F022794,similar,06
BBM,BBM:F022760,BBM:F022795,similar,06
BBM,BBM:F022760,BBM:F022806,similar,06
BBM,BBM:F022760,BBM:F022807,similar,06
BBM,BBM:F022775,BBM:F022776,similar,06
BBM,BBM:F022775,BBM:F022782,similar,06
BBM,BBM:F022775,BBM:F022785,similar,06
BBM,BBM:F022775,BBM:F022788,similar,06
BBM,BBM:F022775,BBM:F022794,similar,06
BBM,BBM:F022775,BBM:F022795,similar,06
BBM,BBM:F022775,BBM:F022806,similar,06
BBM,BBM:F022775,BBM:F022807,similar,06
BBM,BBM:F022776,BBM:F022782,similar,06
BBM,BBM:F022776,BBM:F022785,similar,06
BBM,BBM:F022776,BBM:F022788,similar,06
BBM,BBM:F022776,BBM:F022794,similar,06
BBM,BBM:F022776,BBM:F022795,similar,06
BBM,BBM:F022776,BBM:F022806,similar,06
BBM,BBM:F022776,BBM:F022807,similar,06
BBM,BBM:F022782,BBM:F022785,similar,06
BBM,BBM:F022782,BBM:F022788,similar,06
BBM,BBM:F022782,BBM:F022794,similar,06
BBM,BBM:F022782,BBM:F022795,similar,06
BBM,BBM:F022782,BBM:F022806,similar,06
BBM,BBM:F022782,BBM:F022807,similar,06
BBM,BBM:F022785,BBM:F022788,similar,06
BBM,BBM:F022785,BBM:F022794,similar,06
BBM,BBM:F022785,BBM:F022795,similar,06
BBM,BBM:F022785,BBM:F022806,similar,06
BBM,BBM:F022785,BBM:F022807,similar,06
BBM,BBM:F022788,BBM:F022794,similar,06
BBM,BBM:F022788,BBM:F022795,similar,06
BBM,BBM:F022788,BBM:F022806,similar,06
BBM,BBM:F022788,BBM:F022807,similar,06
BBM,BBM:F022794,BBM:F022795,similar,06
BBM,BBM:F022794,BBM:F022806,similar,06
BBM,BBM:F022794,BBM:F022807,similar,06
BBM,BBM:F022795,BBM:F022806,similar,06
BBM,BBM:F022795,BBM:F022807,similar,06
BBM,BBM:F022806,BBM:F022807,similar,06
BBM,BBM:F022664,BBM:F022692,similar,06
BBM,BBM:F022664,BBM:F022743,similar,06
BBM,BBM:F022692,BBM:F022743,similar,06
BBM,BBM:F022891,BBM:F022902,strict,06
BBM,BBM:F023424,BBM:F023425,similar,06
BBM,BBM:F023426,BBM:F023427,similar,06
BBM,BBM:F023426,BBM:F023428,similar,06
BBM,BBM:F023426,BBM:F023429,similar,06
BBM,BBM:F023426,BBM:F023430,similar,06
BBM,BBM:F023426,BBM:F023431,similar,06
BBM,BBM:F023426,BBM:F023432,similar,06
BBM,BBM:F023426,BBM:F023433,similar,06
BBM,BBM:F023427,BBM:F023428,similar,06
BBM,BBM:F023427,BBM:F023429,similar,06
BBM,BBM:F023427,BBM:F023430,similar,06
BBM,BBM:F023427,BBM:F023431,similar,06
BBM,BBM:F023427,BBM:F023432,similar,06
BBM,BBM:F023427,BBM:F023433,similar,06
BBM,BBM:F023428,BBM:F023429,similar,06
BBM,BBM:F023428,BBM:F023430,similar,06
BBM,BBM:F023428,BBM:F023431,similar,06
BBM,BBM:F023428,BBM:F023432,similar,06
BBM,BBM:F023428,BBM:F023433,similar,06
BBM,BBM:F023429,BBM:F023430,similar,06
BBM,BBM:F023429,BBM:F023431,similar,06
BBM,BBM:F023429,BBM:F023432,similar,06
BBM,BBM:F023429,BBM:F023433,similar,06
BBM,BBM:F023430,BBM:F023431,similar,06
BBM,BBM:F023430,BBM:F023432,similar,06
BBM,BBM:F023430,BBM:F023433,similar,06
BBM,BBM:F023431,BBM:F023432,similar,06
BBM,BBM:F023431,BBM:F023433,similar,06
BBM,BBM:F023432,BBM:F023433,similar,06
mo,MO:106279,MO:106282,similar,06
BBM,BBM:F023442,BBM:F023443,strict,06
BBM,BBM:F023454,BBM:F023455,strict,06
BBM,BBM:F023457,BBM:F023458,similar,06
BBM,BBM:F023457,BBM:F023459,similar,06
BBM,BBM:F023457,BBM:F023463,similar,06
BBM,BBM:F023457,BBM:F023464,similar,06
BBM,BBM:F023458,BBM:F023459,similar,06
BBM,BBM:F023458,BBM:F023463,similar,06
BBM,BBM:F023458,BBM:F023464,similar,06
BBM,BBM:F023459,BBM:F023463,similar,06
BBM,BBM:F023459,BBM:F023464,similar,06
BBM,BBM:F023463,BBM:F023464,similar,06
BBM,BBM:F023478,BBM:F023479,similar,06
BBM,BBM:F023478,BBM:F023483,similar,06
BBM,BBM:F023478,BBM:F023484,similar,06
BBM,BBM:F023478,BBM:F023492,similar,06
BBM,BBM:F023479,BBM:F023483,similar,06
BBM,BBM:F023479,BBM:F023484,similar,06
BBM,BBM:F023479,BBM:F023492,similar,06
BBM,BBM:F023483,BBM:F023484,similar,06
BBM,BBM:F023483,BBM:F023492,similar,06
BBM,BBM:F023484,BBM:F023492,similar,06
BBM,BBM:F023494,BBM:F023495,similar,06
BBM,BBM:F023494,BBM:F023496,similar,06
BBM,BBM:F023495,BBM:F023496,similar,06
BBM,BBM:F023506,BBM:F023507,strict,06
BBM,BBM:F023506,BBM:F023508,strict,06
BBM,BBM:F023507,BBM:F023508,strict,06
BBM,BBM:F023509,BBM:F023510,strict,06
BBM,BBM:F023511,BBM:F023512,strict,06
BBM,BBM:F023513,BBM:F023514,similar,06
BBM,BBM:F023513,BBM:F023515,similar,06
BBM,BBM:F023513,BBM:F023517,similar,06
BBM,BBM:F023513,BBM:F023518,similar,06
BBM,BBM:F023513,BBM:F023519,similar,06
BBM,BBM:F023513,BBM:F034566,similar,06
BBM,BBM:F023514,BBM:F023515,similar,06
BBM,BBM:F023514,BBM:F023517,similar,06
BBM,BBM:F023514,BBM:F023518,similar,06
BBM,BBM:F023514,BBM:F023519,similar,06
BBM,BBM:F023514,BBM:F034566,similar,06
BBM,BBM:F023515,BBM:F023517,similar,06
BBM,BBM:F023515,BBM:F023518,similar,06
BBM,BBM:F023515,BBM:F023519,similar,06
BBM,BBM:F023515,BBM:F034566,similar,06
BBM,BBM:F023517,BBM:F023518,similar,06
BBM,BBM:F023517,BBM:F023519,similar,06
BBM,BBM:F023517,BBM:F034566,similar,06
BBM,BBM:F023518,BBM:F023519,similar,06
BBM,BBM:F023518,BBM:F034566,similar,06
BBM,BBM:F023519,BBM:F034566,similar,06
BBM,BBM:F023521,BBM:F023522,similar,06
BBM,BBM:F023521,BBM:F023523,similar,06
BBM,BBM:F023521,BBM:F023524,similar,06
BBM,BBM:F023521,BBM:F023525,similar,06
BBM,BBM:F023522,BBM:F023523,similar,06
BBM,BBM:F023522,BBM:F023524,similar,06
BBM,BBM:F023522,BBM:F023525,similar,06
BBM,BBM:F023523,BBM:F023524,similar,06
BBM,BBM:F023523,BBM:F023525,similar,06
BBM,BBM:F023524,BBM:F023525,similar,06
BBM,BBM:F023536,BBM:F023537,similar,06
BBM,BBM:F023547,BBM:F023548,similar,06
BBM,BBM:F023547,BBM:F023549,similar,06
BBM,BBM:F023547,BBM:F023550,similar,06
BBM,BBM:F023547,BBM:F023551,similar,06
BBM,BBM:F023547,BBM:F023552,similar,06
BBM,BBM:F023547,BBM:F023553,similar,06
BBM,BBM:F023547,BBM:F023554,similar,06
BBM,BBM:F023547,BBM:F023555,similar,06
BBM,BBM:F023548,BBM:F023549,similar,06
BBM,BBM:F023548,BBM:F023550,similar,06
BBM,BBM:F023548,BBM:F023551,similar,06
BBM,BBM:F023548,BBM:F023552,similar,06
BBM,BBM:F023548,BBM:F023553,similar,06
BBM,BBM:F023548,BBM:F023554,similar,06
BBM,BBM:F023548,BBM:F023555,similar,06
BBM,BBM:F023549,BBM:F023550,similar,06
BBM,BBM:F023549,BBM:F023551,similar,06
BBM,BBM:F023549,BBM:F023552,similar,06
BBM,BBM:F023549,BBM:F023553,similar,06
BBM,BBM:F023549,BBM:F023554,similar,06
BBM,BBM:F023549,BBM:F023555,similar,06
BBM,BBM:F023550,BBM:F023551,similar,06
BBM,BBM:F023550,BBM:F023552,similar,06
BBM,BBM:F023550,BBM:F023553,similar,06
BBM,BBM:F023550,BBM:F023554,similar,06
BBM,BBM:F023550,BBM:F023555,similar,06
BBM,BBM:F023551,BBM:F023552,similar,06
BBM,BBM:F023551,BBM:F023553,similar,06
BBM,BBM:F023551,BBM:F023554,similar,06
BBM,BBM:F023551,BBM:F023555,similar,06
BBM,BBM:F023552,BBM:F023553,similar,06
BBM,BBM:F023552,BBM:F023554,similar,06
BBM,BBM:F023552,BBM:F023555,similar,06
BBM,BBM:F023553,BBM:F023554,similar,06
BBM,BBM:F023553,BBM:F023555,similar,06
BBM,BBM:F023554,BBM:F023555,similar,06
BBM,BBM:F023556,BBM:F035538,similar,06
BBM,BBM:F023560,BBM:F023562,similar,06
BBM,BBM:F023576,BBM:F023577,strict,06
BBM,BBM:F023579,BBM:F023580,similar,06
BBM,BBM:F023583,BBM:F023584,similar,06
BBM,BBM:F023592,BBM:F023593,similar,06
BBM,BBM:F023592,BBM:F023594,similar,06
BBM,BBM:F023592,BBM:F023595,similar,06
BBM,BBM:F023593,BBM:F023594,similar,06
BBM,BBM:F023593,BBM:F023595,similar,06
BBM,BBM:F023594,BBM:F023595,similar,06
BBM,BBM:F023601,BBM:F023602,similar,06
BBM,BBM:F023601,BBM:F023603,similar,06
BBM,BBM:F023601,BBM:F023604,similar,06
BBM,BBM:F023601,BBM:F023605,similar,06
BBM,BBM:F023602,BBM:F023603,similar,06
BBM,BBM:F023602,BBM:F023604,similar,06
BBM,BBM:F023602,BBM:F023605,similar,06
BBM,BBM:F023603,BBM:F023604,similar,06
BBM,BBM:F023603,BBM:F023605,similar,06
BBM,BBM:F023604,BBM:F023605,similar,06
BBM,BBM:F023610,BBM:F023612,similar,06
BBM,BBM:F023610,BBM:F023613,similar,06
BBM,BBM:F023610,BBM:F023614,similar,06
BBM,BBM:F023610,BBM:F023615,similar,06
BBM,BBM:F023610,BBM:F023616,similar,06
BBM,BBM:F023612,BBM:F023613,similar,06
BBM,BBM:F023612,BBM:F023614,similar,06
BBM,BBM:F023612,BBM:F023615,similar,06
BBM,BBM:F023612,BBM:F023616,similar,06
BBM,BBM:F023613,BBM:F023614,similar,06
BBM,BBM:F023613,BBM:F023615,similar,06
BBM,BBM:F023613,BBM:F023616,similar,06
BBM,BBM:F023614,BBM:F023615,similar,06
BBM,BBM:F023614,BBM:F023616,similar,06
BBM,BBM:F023615,BBM:F023616,similar,06
BBM,BBM:F023624,BBM:F023625,similar,06
BBM,BBM:F023624,BBM:F023626,similar,06
BBM,BBM:F023624,BBM:F023628,similar,06
BBM,BBM:F023625,BBM:F023626,similar,06
BBM,BBM:F023625,BBM:F023628,similar,06
BBM,BBM:F023626,BBM:F023628,similar,06
BBM,BBM:F023629,BBM:F023630,similar,06
BBM,BBM:F023629,BBM:F023631,similar,06
BBM,BBM:F023629,BBM:F023632,similar,06
BBM,BBM:F023629,BBM:F023633,similar,06
BBM,BBM:F023629,BBM:F023634,similar,06
BBM,BBM:F023630,BBM:F023631,similar,06
BBM,BBM:F023630,BBM:F023632,similar,06
BBM,BBM:F023630,BBM:F023633,similar,06
BBM,BBM:F023630,BBM:F023634,similar,06
BBM,BBM:F023631,BBM:F023632,similar,06
BBM,BBM:F023631,BBM:F023633,similar,06
BBM,BBM:F023631,BBM:F023634,similar,06
BBM,BBM:F023632,BBM:F023633,similar,06
BBM,BBM:F023632,BBM:F023634,similar,06
BBM,BBM:F023633,BBM:F023634,similar,06
BBM,BBM:F023636,BBM:F023637,similar,06
BBM,BBM:F023639,BBM:F023640,similar,06
BBM,BBM:F023643,BBM:F023644,similar,06
BBM,BBM:F023645,BBM:F023646,similar,06
BBM,BBM:F023647,BBM:F023648,similar,06
BBM,BBM:F023647,BBM:F023649,similar,06
BBM,BBM:F023648,BBM:F023649,similar,06
BBM,BBM:F023656,BBM:F023657,similar,06
BBM,BBM:F023658,BBM:F023659,strict,06
BBM,BBM:F023658,BBM:F023660,strict,06
BBM,BBM:F023658,BBM:F023661,strict,06
BBM,BBM:F023659,BBM:F023660,strict,06
BBM,BBM:F023659,BBM:F023661,strict,06
BBM,BBM:F023660,BBM:F023661,strict,06
BBM,BBM:F023667,BBM:F035755,similar,06
BBM,BBM:F023667,BBM:F035766,similar,06
BBM,BBM:F035755,BBM:F035766,similar,06
BBM,BBM:F023669,BBM:F023720,similar,06
BBM,BBM:F023669,BBM:F023722,similar,06
BBM,BBM:F023669,BBM:F023725,similar,06
BBM,BBM:F023669,BBM:F034955,similar,06
BBM,BBM:F023669,BBM:F034956,similar,06
BBM,BBM:F023669,BBM:F034957,similar,06
BBM,BBM:F023669,BBM:F034958,similar,06
BBM,BBM:F023669,BBM:F034959,similar,06
BBM,BBM:F023669,BBM:F034960,similar,06
BBM,BBM:F023669,BBM:F034961,similar,06
BBM,BBM:F023669,BBM:F035815,similar,06
BBM,BBM:F023720,BBM:F023722,similar,06
BBM,BBM:F023720,BBM:F023725,similar,06
BBM,BBM:F023720,BBM:F034955,similar,06
BBM,BBM:F023720,BBM:F034956,similar,06
BBM,BBM:F023720,BBM:F034957,similar,06
BBM,BBM:F023720,BBM:F034958,similar,06
BBM,BBM:F023720,BBM:F034959,similar,06
BBM,BBM:F023720,BBM:F034960,similar,06
BBM,BBM:F023720,BBM:F034961,similar,06
BBM,BBM:F023720,BBM:F035815,similar,06
BBM,BBM:F023722,BBM:F023725,similar,06
BBM,BBM:F023722,BBM:F034955,similar,06
BBM,BBM:F023722,BBM:F034956,similar,06
BBM,BBM:F023722,BBM:F034957,similar,06
BBM,BBM:F023722,BBM:F034958,similar,06
BBM,BBM:F023722,BBM:F034959,similar,06
BBM,BBM:F023722,BBM:F034960,similar,06
BBM,BBM:F023722,BBM:F034961,similar,06
BBM,BBM:F023722,BBM:F035815,similar,06
BBM,BBM:F023725,BBM:F034955,similar,06
BBM,BBM:F023725,BBM:F034956,similar,06
BBM,BBM:F023725,BBM:F034957,similar,06
BBM,BBM:F023725,BBM:F034958,similar,06
BBM,BBM:F023725,BBM:F034959,similar,06
BBM,BBM:F023725,BBM:F034960,similar,06
BBM,BBM:F023725,BBM:F034961,similar,06
BBM,BBM:F023725,BBM:F035815,similar,06
BBM,BBM:F034955,BBM:F034956,similar,06
BBM,BBM:F034955,BBM:F034957,similar,06
BBM,BBM:F034955,BBM:F034958,similar,06
BBM,BBM:F034955,BBM:F034959,similar,06
BBM,BBM:F034955,BBM:F034960,similar,06
BBM,BBM:F034955,BBM:F034961,similar,06
BBM,BBM:F034955,BBM:F035815,similar,06
BBM,BBM:F034956,BBM:F034957,similar,06
BBM,BBM:F034956,BBM:F034958,similar,06
BBM,BBM:F034956,BBM:F034959,similar,06
BBM,BBM:F034956,BBM:F034960,similar,06
BBM,BBM:F034956,BBM:F034961,similar,06
BBM,BBM:F034956,BBM:F035815,similar,06
BBM,BBM:F034957,BBM:F034958,similar,06
BBM,BBM:F034957,BBM:F034959,similar,06
BBM,BBM:F034957,BBM:F034960,similar,06
BBM,BBM:F034957,BBM:F034961,similar,06
BBM,BBM:F034957,BBM:F035815,similar,06
BBM,BBM:F034958,BBM:F034959,similar,06
BBM,BBM:F034958,BBM:F034960,similar,06
BBM,BBM:F034958,BBM:F034961,similar,06
BBM,BBM:F034958,BBM:F035815,similar,06
BBM,BBM:F034959,BBM:F034960,similar,06
BBM,BBM:F034959,BBM:F034961,similar,06
BBM,BBM:F034959,BBM:F035815,similar,06
BBM,BBM:F034960,BBM:F034961,similar,06
BBM,BBM:F034960,BBM:F035815,similar,06
BBM,BBM:F034961,BBM:F035815,similar,06
BBM,BBM:F023677,BBM:F023678,similar,06
BBM,BBM:F023680,BBM:F023681,similar,06
BBM,BBM:F023680,BBM:F023682,similar,06
BBM,BBM:F023680,BBM:F023683,similar,06
BBM,BBM:F023681,BBM:F023682,similar,06
BBM,BBM:F023681,BBM:F023683,similar,06
BBM,BBM:F023682,BBM:F023683,similar,06
BBM,BBM:F023685,BBM:F023686,strict,06
BBM,BBM:F023687,BBM:F034494,similar,06
BBM,BBM:F023705,BBM:F023708,strict,06
BBM,BBM:F023705,BBM:F023714,strict,06
BBM,BBM:F023705,BBM:F023715,strict,06
BBM,BBM:F023708,BBM:F023714,strict,06
BBM,BBM:F023708,BBM:F023715,strict,06
BBM,BBM:F023714,BBM:F023715,strict,06
BBM,BBM:F023764,BBM:F027992,similar,06
BBM,BBM:F023764,BBM:F028021,similar,06
BBM,BBM:F027992,BBM:F028021,similar,06
BBM,BBM:F023901,BBM:F023902,strict,06
BBM,BBM:F025687,BBM:F025729,similar,06
BBM,BBM:F025687,BBM:F025730,similar,06
BBM,BBM:F025729,BBM:F025730,similar,06
BBM,BBM:F025874,BBM:F026229,similar,06
BBM,BBM:F025874,BBM:F026388,similar,06
BBM,BBM:F025874,BBM:F026389,similar,06
BBM,BBM:F026229,BBM:F026388,similar,06
BBM,BBM:F026229,BBM:F026389,similar,06
BBM,BBM:F026388,BBM:F026389,similar,06
BBM,BBM:F025919,BBM:F025920,strict,06
BBM,BBM:F025921,BBM:F026187,similar,06
BBM,BBM:F025921,BBM:F026227,similar,06
BBM,BBM:F025921,BBM:F026255,similar,06
BBM,BBM:F025921,BBM:F026295,similar,06
BBM,BBM:F026187,BBM:F026227,similar,06
BBM,BBM:F026187,BBM:F026255,similar,06
BBM,BBM:F026187,BBM:F026295,similar,06
BBM,BBM:F026227,BBM:F026255,similar,06
BBM,BBM:F026227,BBM:F026295,similar,06
BBM,BBM:F026255,BBM:F026295,similar,06
BBM,BBM:F025939,BBM:F026221,similar,06
BBM,BBM:F025939,BBM:F026222,similar,06
BBM,BBM:F025939,BBM:F026249,similar,06
BBM,BBM:F025939,BBM:F026250,similar,06
BBM,BBM:F025939,BBM:F026251,similar,06
BBM,BBM:F025939,BBM:F026289,similar,06
BBM,BBM:F025939,BBM:F026290,similar,06
BBM,BBM:F025939,BBM:F026291,similar,06
BBM,BBM:F025939,BBM:F026292,similar,06
BBM,BBM:F025939,BBM:F026293,similar,06
BBM,BBM:F025939,BBM:F026327,similar,06
BBM,BBM:F025939,BBM:F026328,similar,06
BBM,BBM:F025939,BBM:F026329,similar,06
BBM,BBM:F025939,BBM:F026356,similar,06
BBM,BBM:F025939,BBM:F026382,similar,06
BBM,BBM:F025939,BBM:F026383,similar,06
BBM,BBM:F026221,BBM:F026222,similar,06
BBM,BBM:F026221,BBM:F026249,similar,06
BBM,BBM:F026221,BBM:F026250,similar,06
BBM,BBM:F026221,BBM:F026251,similar,06
BBM,BBM:F026221,BBM:F026289,similar,06
BBM,BBM:F026221,BBM:F026290,similar,06
BBM,BBM:F026221,BBM:F026291,similar,06
BBM,BBM:F026221,BBM:F026292,similar,06
BBM,BBM:F026221,BBM:F026293,similar,06
BBM,BBM:F026221,BBM:F026327,similar,06
BBM,BBM:F026221,BBM:F026328,similar,06
BBM,BBM:F026221,BBM:F026329,similar,06
BBM,BBM:F026221,BBM:F026356,similar,06
BBM,BBM:F026221,BBM:F026382,similar,06
BBM,BBM:F026221,BBM:F026383,similar,06
BBM,BBM:F026222,BBM:F026249,similar,06
BBM,BBM:F026222,BBM:F026250,similar,06
BBM,BBM:F026222,BBM:F026251,similar,06
BBM,BBM:F026222,BBM:F026289,similar,06
BBM,BBM:F026222,BBM:F026290,similar,06
BBM,BBM:F026222,BBM:F026291,similar,06
BBM,BBM:F026222,BBM:F026292,similar,06
BBM,BBM:F026222,BBM:F026293,similar,06
BBM,BBM:F026222,BBM:F026327,similar,06
BBM,BBM:F026222,BBM:F026328,similar,06
BBM,BBM:F026222,BBM:F026329,similar,06
BBM,BBM:F026222,BBM:F026356,similar,06
BBM,BBM:F026222,BBM:F026382,similar,06
BBM,BBM:F026222,BBM:F026383,similar,06
BBM,BBM:F026249,BBM:F026250,similar,06
BBM,BBM:F026249,BBM:F026251,similar,06
BBM,BBM:F026249,BBM:F026289,similar,06
BBM,BBM:F026249,BBM:F026290,similar,06
BBM,BBM:F026249,BBM:F026291,similar,06
BBM,BBM:F026249,BBM:F026292,similar,06
BBM,BBM:F026249,BBM:F026293,similar,06
BBM,BBM:F026249,BBM:F026327,similar,06
BBM,BBM:F026249,BBM:F026328,similar,06
BBM,BBM:F026249,BBM:F026329,similar,06
BBM,BBM:F026249,BBM:F026356,similar,06
BBM,BBM:F026249,BBM:F026382,similar,06
BBM,BBM:F026249,BBM:F026383,similar,06
BBM,BBM:F026250,BBM:F026251,similar,06
BBM,BBM:F026250,BBM:F026289,similar,06
BBM,BBM:F026250,BBM:F026290,similar,06
BBM,BBM:F026250,BBM:F026291,similar,06
BBM,BBM:F026250,BBM:F026292,similar,06
BBM,BBM:F026250,BBM:F026293,similar,06
BBM,BBM:F026250,BBM:F026327,similar,06
BBM,BBM:F026250,BBM:F026328,similar,06
BBM,BBM:F026250,BBM:F026329,similar,06
BBM,BBM:F026250,BBM:F026356,similar,06
BBM,BBM:F026250,BBM:F026382,similar,06
BBM,BBM:F026250,BBM:F026383,similar,06
BBM,BBM:F026251,BBM:F026289,similar,06
BBM,BBM:F026251,BBM:F026290,similar,06
BBM,BBM:F026251,BBM:F026291,similar,06
BBM,BBM:F026251,BBM:F026292,similar,06
BBM,BBM:F026251,BBM:F026293,similar,06
BBM,BBM:F026251,BBM:F026327,similar,06
BBM,BBM:F026251,BBM:F026328,similar,06
BBM,BBM:F026251,BBM:F026329,similar,06
BBM,BBM:F026251,BBM:F026356,similar,06
BBM,BBM:F026251,BBM:F026382,similar,06
BBM,BBM:F026251,BBM:F026383,similar,06
BBM,BBM:F026289,BBM:F026290,similar,06
BBM,BBM:F026289,BBM:F026291,similar,06
BBM,BBM:F026289,BBM:F026292,similar,06
BBM,BBM:F026289,BBM:F026293,similar,06
BBM,BBM:F026289,BBM:F026327,similar,06
BBM,BBM:F026289,BBM:F026328,similar,06
BBM,BBM:F026289,BBM:F026329,similar,06
BBM,BBM:F026289,BBM:F026356,similar,06
BBM,BBM:F026289,BBM:F026382,similar,06
BBM,BBM:F026289,BBM:F026383,similar,06
BBM,BBM:F026290,BBM:F026291,similar,06
BBM,BBM:F026290,BBM:F026292,similar,06
BBM,BBM:F026290,BBM:F026293,similar,06
BBM,BBM:F026290,BBM:F026327,similar,06
BBM,BBM:F026290,BBM:F026328,similar,06
BBM,BBM:F026290,BBM:F026329,similar,06
BBM,BBM:F026290,BBM:F026356,similar,06
BBM,BBM:F026290,BBM:F026382,similar,06
BBM,BBM:F026290,BBM:F026383,similar,06
BBM,BBM:F026291,BBM:F026292,similar,06
BBM,BBM:F026291,BBM:F026293,similar,06
BBM,BBM:F026291,BBM:F026327,similar,06
BBM,BBM:F026291,BBM:F026328,similar,06
BBM,BBM:F026291,BBM:F026329,similar,06
BBM,BBM:F026291,BBM:F026356,similar,06
BBM,BBM:F026291,BBM:F026382,similar,06
BBM,BBM:F026291,BBM:F026383,similar,06
BBM,BBM:F026292,BBM:F026293,similar,06
BBM,BBM:F026292,BBM:F026327,similar,06
BBM,BBM:F026292,BBM:F026328,similar,06
BBM,BBM:F026292,BBM:F026329,similar,06
BBM,BBM:F026292,BBM:F026356,similar,06
BBM,BBM:F026292,BBM:F026382,similar,06
BBM,BBM:F026292,BBM:F026383,similar,06
BBM,BBM:F026293,BBM:F026327,similar,06
BBM,BBM:F026293,BBM:F026328,similar,06
BBM,BBM:F026293,BBM:F026329,similar,06
BBM,BBM:F026293,BBM:F026356,similar,06
BBM,BBM:F026293,BBM:F026382,similar,06
BBM,BBM:F026293,BBM:F026383,similar,06
BBM,BBM:F026327,BBM:F026328,similar,06
BBM,BBM:F026327,BBM:F026329,similar,06
BBM,BBM:F026327,BBM:F026356,similar,06
BBM,BBM:F026327,BBM:F026382,similar,06
BBM,BBM:F026327,BBM:F026383,similar,06
BBM,BBM:F026328,BBM:F026329,similar,06
BBM,BBM:F026328,BBM:F026356,similar,06
BBM,BBM:F026328,BBM:F026382,similar,06
BBM,BBM:F026328,BBM:F026383,similar,06
BBM,BBM:F026329,BBM:F026356,similar,06
BBM,BBM:F026329,BBM:F026382,similar,06
BBM,BBM:F026329,BBM:F026383,similar,06
BBM,BBM:F026356,BBM:F026382,similar,06
BBM,BBM:F026356,BBM:F026383,similar,06
BBM,BBM:F026382,BBM:F026383,similar,06
BBM,BBM:F025965,BBM:F026001,similar,06
BBM,BBM:F025965,BBM:F026223,similar,06
BBM,BBM:F025965,BBM:F026224,similar,06
BBM,BBM:F025965,BBM:F026384,similar,06
BBM,BBM:F025965,BBM:F028110,similar,06
BBM,BBM:F025965,BBM:F028147,similar,06
BBM,BBM:F025965,BBM:F028148,similar,06
BBM,BBM:F026001,BBM:F026223,similar,06
BBM,BBM:F026001,BBM:F026224,similar,06
BBM,BBM:F026001,BBM:F026384,similar,06
BBM,BBM:F026001,BBM:F028110,similar,06
BBM,BBM:F026001,BBM:F028147,similar,06
BBM,BBM:F026001,BBM:F028148,similar,06
BBM,BBM:F026223,BBM:F026224,similar,06
BBM,BBM:F026223,BBM:F026384,similar,06
BBM,BBM:F026223,BBM:F028110,similar,06
BBM,BBM:F026223,BBM:F028147,similar,06
BBM,BBM:F026223,BBM:F028148,similar,06
BBM,BBM:F026224,BBM:F026384,similar,06
BBM,BBM:F026224,BBM:F028110,similar,06
BBM,BBM:F026224,BBM:F028147,similar,06
BBM,BBM:F026224,BBM:F028148,similar,06
BBM,BBM:F026384,BBM:F028110,similar,06
BBM,BBM:F026384,BBM:F028147,similar,06
BBM,BBM:F026384,BBM:F028148,similar,06
BBM,BBM:F028110,BBM:F028147,similar,06
BBM,BBM:F028110,BBM:F028148,similar,06
BBM,BBM:F028147,BBM:F028148,similar,06
mo,MO:127700,MO:160436,similar,06
BBM,BBM:F026016,BBM:F026133,similar,06
BBM,BBM:F026108,BBM:F026188,similar,06
BBM,BBM:F026108,BBM:F026228,similar,06
BBM,BBM:F026108,BBM:F026386,similar,06
BBM,BBM:F026188,BBM:F026228,similar,06
BBM,BBM:F026188,BBM:F026386,similar,06
BBM,BBM:F026228,BBM:F026386,similar,06
BBM,BBM:F026132,BBM:F026176,similar,06
BBM,BBM:F026175,BBM:F026286,similar,06
BBM,BBM:F026175,BBM:F026324,similar,06
BBM,BBM:F026175,BBM:F026325,similar,06
BBM,BBM:F026286,BBM:F026324,similar,06
BBM,BBM:F026286,BBM:F026325,similar,06
BBM,BBM:F026324,BBM:F026325,similar,06
BBM,BBM:F026185,BBM:F026186,strict,06
BBM,BBM:F026189,BBM:F026230,similar,06
BBM,BBM:F026189,BBM:F026296,similar,06
BBM,BBM:F026189,BBM:F026297,similar,06
BBM,BBM:F026230,BBM:F026296,similar,06
BBM,BBM:F026230,BBM:F026297,similar,06
BBM,BBM:F026296,BBM:F026297,similar,06
BBM,BBM:F026190,BBM:F026231,similar,06
BBM,BBM:F026191,BBM:F026298,similar,06
BBM,BBM:F026226,BBM:F034260,similar,06
BBM,BBM:F026226,BBM:F035689,similar,06
BBM,BBM:F034260,BBM:F035689,similar,06
BBM,BBM:F026248,BBM:F026287,similar,06
BBM,BBM:F026248,BBM:F026288,similar,06
BBM,BBM:F026248,BBM:F026381,similar,06
BBM,BBM:F026287,BBM:F026288,similar,06
BBM,BBM:F026287,BBM:F026381,similar,06
BBM,BBM:F026288,BBM:F026381,similar,06
BBM,BBM:F026253,BBM:F026254,strict,06
BBM,BBM:F026330,BBM:F026331,strict,06
BBM,BBM:F026357,BBM:F026385,similar,06
BBM,BBM:F028118,BBM:F028126,similar,06
BBM,BBM:F028173,BBM:F028203,similar,06
BBM,BBM:F028177,BBM:F028178,strict,06
BBM,BBM:F028177,BBM:F028179,strict,06
BBM,BBM:F028178,BBM:F028179,strict,06
mo,MO:132785,MO:132786,strict,06
BBM,BBM:F030542,BBM:F030600,similar,06
BBM,BBM:F030771,BBM:F030778,strict,06
BBM,BBM:F031067,BBM:F031068,similar,06
BBM,BBM:F031067,BBM:F031069,similar,06
BBM,BBM:F031067,BBM:F031070,similar,06
BBM,BBM:F031067,BBM:F031071,similar,06
BBM,BBM:F031067,BBM:F031072,similar,06
BBM,BBM:F031067,BBM:F031073,similar,06
BBM,BBM:F031067,BBM:F031074,similar,06
BBM,BBM:F031067,BBM:F031075,similar,06
BBM,BBM:F031068,BBM:F031069,similar,06
BBM,BBM:F031068,BBM:F031070,similar,06
BBM,BBM:F031068,BBM:F031071,similar,06
BBM,BBM:F031068,BBM:F031072,similar,06
BBM,BBM:F031068,BBM:F031073,similar,06
BBM,BBM:F031068,BBM:F031074,similar,06
BBM,BBM:F031068,BBM:F031075,similar,06
BBM,BBM:F031069,BBM:F031070,similar,06
BBM,BBM:F031069,BBM:F031071,similar,06
BBM,BBM:F031069,BBM:F031072,similar,06
BBM,BBM:F031069,BBM:F031073,similar,06
BBM,BBM:F031069,BBM:F031074,similar,06
BBM,BBM:F031069,BBM:F031075,similar,06
BBM,BBM:F031070,BBM:F031071,similar,06
BBM,BBM:F031070,BBM:F031072,similar,06
BBM,BBM:F031070,BBM:F031073,similar,06
BBM,BBM:F031070,BBM:F031074,similar,06
BBM,BBM:F031070,BBM:F031075,similar,06
BBM,BBM:F031071,BBM:F031072,similar,06
BBM,BBM:F031071,BBM:F031073,similar,06
BBM,BBM:F031071,BBM:F031074,similar,06
BBM,BBM:F031071,BBM:F031075,similar,06
BBM,BBM:F031072,BBM:F031073,similar,06
BBM,BBM:F031072,BBM:F031074,similar,06
BBM,BBM:F031072,BBM:F031075,similar,06
BBM,BBM:F031073,BBM:F031074,similar,06
BBM,BBM:F031073,BBM:F031075,similar,06
BBM,BBM:F031074,BBM:F031075,similar,06
BBM,BBM:F031356,BBM:F034044,similar,06
BBM,BBM:F031367,BBM:F031368,strict,06
BBM,BBM:F031375,BBM:F033643,similar,06
BBM,BBM:F032810,BBM:F032811,strict,06
BBM,BBM:F032810,BBM:F032812,strict,06
BBM,BBM:F032811,BBM:F032812,strict,06
BBM,BBM:F032820,BBM:F032821,strict,06
BBM,BBM:F032820,BBM:F033011,strict,06
BBM,BBM:F032821,BBM:F033011,strict,06
BBM,BBM:F033226,BBM:F033232,strict,06
BBM,BBM:F033229,BBM:F033252,strict,06
BBM,BBM:F033243,BBM:F033250,strict,06
BBM,BBM:F034166,BBM:F034177,similar,06
mo,MO:210458,MO:387988,similar,06
mo,MO:210458,MO:412114,similar,06
mo,MO:387988,MO:412114,similar,06
BBM,BBM:F034179,BBM:F034599,similar,06
BBM,BBM:F034179,BBM:F034602,similar,06
BBM,BBM:F034179,BBM:F034816,similar,06
BBM,BBM:F034599,BBM:F034602,similar,06
BBM,BBM:F034599,BBM:F034816,similar,06
BBM,BBM:F034602,BBM:F034816,similar,06
mo,MO:209964,MO:210121,similar,06
mo,MO:209964,MO:210361,similar,06
mo,MO:209964,MO:210419,similar,06
mo,MO:209964,MO:210452,similar,06
mo,MO:209964,MO:210467,similar,06
mo,MO:209964,MO:210509,similar,06
mo,MO:209964,MO:210512,similar,06
mo,MO:210121,MO:210361,similar,06
mo,MO:210121,MO:210419,similar,06
mo,MO:210121,MO:210452,similar,06
mo,MO:210121,MO:210467,similar,06
mo,MO:210121,MO:210509,similar,06
mo,MO:210121,MO:210512,similar,06
mo,MO:210361,MO:210419,similar,06
mo,MO:210361,MO:210452,similar,06
mo,MO:210361,MO:210467,similar,06
mo,MO:210361,MO:210509,similar,06
mo,MO:210361,MO:210512,similar,06
mo,MO:210419,MO:210452,similar,06
mo,MO:210419,MO:210467,similar,06
mo,MO:210419,MO:210509,similar,06
mo,MO:210419,MO:210512,similar,06
mo,MO:210452,MO:210467,similar,06
mo,MO:210452,MO:210509,similar,06
mo,MO:210452,MO:210512,similar,06
mo,MO:210467,MO:210509,similar,06
mo,MO:210467,MO:210512,similar,06
mo,MO:210509,MO:210512,similar,06
mo,MO:378224,MO:383390,similar,06
BBM,BBM:F034559,BBM:F034586,similar,06
BBM,BBM:F034559,BBM:F034597,similar,06
BBM,BBM:F034559,BBM:F034737,similar,06
BBM,BBM:F034559,BBM:F034756,similar,06
BBM,BBM:F034559,BBM:F035062,similar,06
BBM,BBM:F034559,BBM:F035121,similar,06
BBM,BBM:F034586,BBM:F034597,similar,06
BBM,BBM:F034586,BBM:F034737,similar,06
BBM,BBM:F034586,BBM:F034756,similar,06
BBM,BBM:F034586,BBM:F035062,similar,06
BBM,BBM:F034586,BBM:F035121,similar,06
BBM,BBM:F034597,BBM:F034737,similar,06
BBM,BBM:F034597,BBM:F034756,similar,06
BBM,BBM:F034597,BBM:F035062,similar,06
BBM,BBM:F034597,BBM:F035121,similar,06
BBM,BBM:F034737,BBM:F034756,similar,06
BBM,BBM:F034737,BBM:F035062,similar,06
BBM,BBM:F034737,BBM:F035121,similar,06
BBM,BBM:F034756,BBM:F035062,similar,06
BBM,BBM:F034756,BBM:F035121,similar,06
BBM,BBM:F035062,BBM:F035121,similar,06
mo,MO:355892,MO:392478,similar,06
mo,MO:355892,MO:393113,similar,06
mo,MO:355892,MO:395872,similar,06
mo,MO:355892,MO:399954,similar,06
mo,MO:355892,MO:441641,similar,06
mo,MO:392478,MO:393113,similar,06
mo,MO:392478,MO:395872,similar,06
mo,MO:392478,MO:399954,similar,06
mo,MO:392478,MO:441641,similar,06
mo,MO:393113,MO:395872,similar,06
mo,MO:393113,MO:399954,similar,06
mo,MO:393113,MO:441641,similar,06
mo,MO:395872,MO:399954,similar,06
mo,MO:395872,MO:441641,similar,06
mo,MO:399954,MO:441641,similar,06
mo,MO:65562,MO:73016,similar,06
mo,MO:72857,MO:77711,similar,06
mo,MO:75666,MO:75670,similar,06
mo,MO:131752,MO:163801,similar,06
mo,MO:156482,MO:156483,strict,06
mo,MO:157008,MO:209961,similar,06
mo,MO:157008,MO:210247,similar,06
mo,MO:209961,MO:210247,similar,06
mo,MO:157332,MO:157333,similar,06
mo,MO:157556,MO:157811,strict,06
mo,MO:157560,MO:157813,similar,06
mo,MO:157560,MO:157814,similar,06
mo,MO:157813,MO:157814,similar,06
mo,MO:157823,MO:157825,strict,06
mo,MO:163434,MO:164059,similar,06
mo,MO:163434,MO:164619,similar,06
mo,MO:163434,MO:165087,similar,06
mo,MO:164059,MO:164619,similar,06
mo,MO:164059,MO:165087,similar,06
mo,MO:164619,MO:165087,similar,06
mo,MO:164058,MO:165086,similar,06
mo,MO:164058,MO:194697,similar,06
mo,MO:165086,MO:194697,similar,06
mo,MO:164105,MO:193062,similar,06
mo,MO:164503,MO:164507,similar,06
mo,MO:164503,MO:192981,similar,06
mo,MO:164507,MO:192981,similar,06
mo,MO:164622,MO:176001,similar,06
mo,MO:165084,MO:169271,strict,06
mo,MO:165085,MO:189822,similar,06
mo,MO:165085,MO:193055,similar,06
mo,MO:189822,MO:193055,similar,06
mo,MO:165727,MO:171910,similar,06
mo,MO:165727,MO:188638,similar,06
mo,MO:171910,MO:188638,similar,06
mo,MO:171758,MO:171759,strict,06
mo,MO:189451,MO:190359,similar,06
mo,MO:203708,MO:224187,similar,06
mo,MO:224987,MO:225735,similar,06
mo,MO:235518,MO:236481,similar,06
mo,MO:235590,MO:258706,similar,06
mo,MO:235590,MO:258912,similar,06
mo,MO:258706,MO:258912,similar,06
mo,MO:261549,MO:265133,similar,06
mo,MO:295528,MO:295529,strict,06
mo,MO:306912,MO:346455,similar,06
mo,MO:306912,MO:346459,similar,06
mo,MO:346455,MO:346459,similar,06
mo,MO:308806,MO:326231,similar,06
mo,MO:308806,MO:329633,similar,06
mo,MO:326231,MO:329633,similar,06
mo,MO:314351,MO:315951,similar,06
mo,MO:314351,MO:320135,similar,06
mo,MO:315951,MO:320135,similar,06
mo,MO:319724,MO:320134,similar,06
mo,MO:320190,MO:344545,similar,06
mo,MO:320190,MO:344958,similar,06
mo,MO:344545,MO:344958,similar,06
mo,MO:332079,MO:457180,similar,06
mo,MO:336726,MO:340640,similar,06
mo,MO:340820,MO:352868,similar,06
mo,MO:343965,MO:347649,similar,06
mo,MO:343965,MO:347650,similar,06
mo,MO:347649,MO:347650,similar,06
mo,MO:346456,MO:347646,similar,06
mo,MO:346456,MO:348429,similar,06
mo,MO:346456,MO:350348,similar,06
mo,MO:346456,MO:351362,similar,06
mo,MO:346456,MO:351368,similar,06
mo,MO:346456,MO:353894,similar,06
mo,MO:347646,MO:348429,similar,06
mo,MO:347646,MO:350348,similar,06
mo,MO:347646,MO:351362,similar,06
mo,MO:347646,MO:351368,similar,06
mo,MO:347646,MO:353894,similar,06
mo,MO:348429,MO:350348,similar,06
mo,MO:348429,MO:351362,similar,06
mo,MO:348429,MO:351368,similar,06
mo,MO:348429,MO:353894,similar,06
mo,MO:350348,MO:351362,similar,06
mo,MO:350348,MO:351368,similar,06
mo,MO:350348,MO:353894,similar,06
mo,MO:351362,MO:351368,similar,06
mo,MO:351362,MO:353894,similar,06
mo,MO:351368,MO:353894,similar,06
mo,MO:355965,MO:358943,similar,06
mo,MO:355965,MO:392477,similar,06
mo,MO:355965,MO:393119,similar,06
mo,MO:355965,MO:411777,similar,06
mo,MO:358943,MO:392477,similar,06
mo,MO:358943,MO:393119,similar,06
mo,MO:358943,MO:411777,similar,06
mo,MO:392477,MO:393119,similar,06
mo,MO:392477,MO:411777,similar,06
mo,MO:393119,MO:411777,similar,06
mo,MO:358927,MO:393112,similar,06
mo,MO:358941,MO:367797,similar,06
mo,MO:358941,MO:396789,similar,06
mo,MO:358941,MO:400163,similar,06
mo,MO:367797,MO:396789,similar,06
mo,MO:367797,MO:400163,similar,06
mo,MO:396789,MO:400163,similar,06
mo,MO:364846,MO:364847,strict,06
mo,MO:364846,MO:364850,strict,06
mo,MO:364847,MO:364850,strict,06
mo,MO:365792,MO:367796,similar,06
mo,MO:367800,MO:387993,similar,06
mo,MO:378426,MO:412756,similar,06
mo,MO:387898,MO:387992,strict,06
mo,MO:387898,MO:387995,strict,06
mo,MO:387898,MO:388009,strict,06
mo,MO:387898,MO:388012,strict,06
mo,MO:387992,MO:387995,strict,06
mo,MO:387992,MO:388009,strict,06
mo,MO:387992,MO:388012,strict,06
mo,MO:387995,MO:388009,strict,06
mo,MO:387995,MO:388012,strict,06
mo,MO:388009,MO:388012,strict,06
mo,MO:388005,MO:413171,similar,06
mo,MO:388066,MO:388077,strict,06
mo,MO:388066,MO:388080,strict,06
mo,MO:388066,MO:388083,strict,06
mo,MO:388066,MO:388090,strict,06
mo,MO:388066,MO:388113,strict,06
mo,MO:388066,MO:388116,strict,06
mo,MO:388077,MO:388080,strict,06
mo,MO:388077,MO:388083,strict,06
mo,MO:388077,MO:388090,strict,06
mo,MO:388077,MO:388113,strict,06
mo,MO:388077,MO:388116,strict,06
mo,MO:388080,MO:388083,strict,06
mo,MO:388080,MO:388090,strict,06
mo,MO:388080,MO:388113,strict,06
mo,MO:388080,MO:388116,strict,06
mo,MO:388083,MO:388090,strict,06
mo,MO:388083,MO:388113,strict,06
mo,MO:388083,MO:388116,strict,06
mo,MO:388090,MO:388113,strict,06
mo,MO:388090,MO:388116,strict,06
mo,MO:388113,MO:388116,strict,06
mo,MO:388084,MO:391803,similar,06
mo,MO:389265,MO:394280,similar,06
mo,MO:389267,MO:391801,similar,06
mo,MO:389267,MO:391814,similar,06
mo,MO:389267,MO:392252,similar,06
mo,MO:389267,MO:393000,similar,06
mo,MO:389267,MO:393109,similar,06
mo,MO:389267,MO:394285,similar,06
mo,MO:391801,MO:391814,similar,06
mo,MO:391801,MO:392252,similar,06
mo,MO:391801,MO:393000,similar,06
mo,MO:391801,MO:393109,similar,06
mo,MO:391801,MO:394285,similar,06
mo,MO:391814,MO:392252,similar,06
mo,MO:391814,MO:393000,similar,06
mo,MO:391814,MO:393109,similar,06
mo,MO:391814,MO:394285,similar,06
mo,MO:392252,MO:393000,similar,06
mo,MO:392252,MO:393109,similar,06
mo,MO:392252,MO:394285,similar,06
mo,MO:393000,MO:393109,similar,06
mo,MO:393000,MO:394285,similar,06
mo,MO:393109,MO:394285,similar,06
mo,MO:393110,MO:395862,similar,06
mo,MO:394284,MO:408650,similar,06
mo,MO:400951,MO:440713,similar,06
mo,MO:400951,MO:441696,similar,06
mo,MO:440713,MO:441696,similar,06
mo,MO:441639,MO:441649,strict,06
mo,MO:441715,MO:441849,similar,06
BBM,BBM:F000582,BBM:F010103,similar,06
BBM,BBM:F000996,BBM:F034127,similar,06
BBM,BBM:F000996,BBM:F034570,similar,06
BBM,BBM:F000996,BBM:F035123,similar,06
BBM,BBM:F000996,BBM:F035698,similar,06
BBM,BBM:F034127,BBM:F034570,similar,06
BBM,BBM:F034127,BBM:F035123,similar,06
BBM,BBM:F034127,BBM:F035698,similar,06
BBM,BBM:F034570,BBM:F035123,similar,06
BBM,BBM:F034570,BBM:F035698,similar,06
BBM,BBM:F035123,BBM:F035698,similar,06
BBM,BBM:F012169,BBM:F013239,strict,06
BBM,BBM:F013036,BBM:F013260,strict,06
BBM,BBM:F014153,BBM:F014169,similar,06
BBM,BBM:F014153,BBM:F014170,similar,06
BBM,BBM:F014153,BBM:F014187,similar,06
BBM,BBM:F014169,BBM:F014170,similar,06
BBM,BBM:F014169,BBM:F014187,similar,06
BBM,BBM:F014170,BBM:F014187,similar,06
BBM,BBM:F014763,BBM:F034164,similar,06
BBM,BBM:F015136,BBM:F015274,similar,06
BBM,BBM:F015662,BBM:F015676,similar,06
BBM,BBM:F015679,BBM:F015715,similar,06
BBM,BBM:F015679,BBM:F015735,similar,06
BBM,BBM:F015715,BBM:F015735,similar,06
BBM,BBM:F015926,BBM:F015992,similar,06
BBM,BBM:F015926,BBM:F016007,similar,06
BBM,BBM:F015926,BBM:F016174,similar,06
BBM,BBM:F015992,BBM:F016007,similar,06
BBM,BBM:F015992,BBM:F016174,similar,06
BBM,BBM:F016007,BBM:F016174,similar,06
BBM,BBM:F016131,BBM:F016176,similar,06
BBM,BBM:F016466,BBM:F016467,strict,06
BBM,BBM:F023761,BBM:F027984,similar,06
BBM,BBM:F024519,BBM:F024696,similar,06
BBM,BBM:F025637,BBM:F025725,similar,06
BBM,BBM:F027283,BBM:F035548,similar,06
BBM,BBM:F030786,BBM:F030863,similar,06
mo,MO:260686,MO:265139,similar,06
mo,MO:306874,MO:351364,similar,06
mo,MO:306874,MO:359641,similar,06
mo,MO:351364,MO:359641,similar,06
BBM,BBM:F001377,BBM:F013218,similar,06
BBM,BBM:F001377,BBM:F032068,similar,06
BBM,BBM:F013218,BBM:F032068,similar,06
BBM,BBM:F008095,BBM:F008101,strict,06
BBM,BBM:F008097,BBM:F008100,similar,06
BBM,BBM:F008105,BBM:F022173,similar,06
BBM,BBM:F008109,BBM:F008110,similar,06
BBM,BBM:F008109,BBM:F034247,similar,06
BBM,BBM:F008110,BBM:F034247,similar,06
BBM,BBM:F013626,BBM:F035120,similar,06
BBM,BBM:F014602,BBM:F014629,strict,06
BBM,BBM:F014916,BBM:F035703,similar,06
BBM,BBM:F015425,BBM:F015434,strict,06
BBM,BBM:F015425,BBM:F015437,strict,06
BBM,BBM:F015434,BBM:F015437,strict,06
BBM,BBM:F018202,BBM:F018209,strict,06
BBM,BBM:F019682,BBM:F035696,similar,06
BBM,BBM:F019682,BBM:F035705,similar,06
BBM,BBM:F035696,BBM:F035705,similar,06
BBM,BBM:F020400,BBM:F020407,strict,06
BBM,BBM:F020400,BBM:F020420,strict,06
BBM,BBM:F020407,BBM:F020420,strict,06
BBM,BBM:F021028,BBM:F021113,strict,06
BBM,BBM:F022634,BBM:F022646,similar,06
BBM,BBM:F022634,BBM:F022708,similar,06
BBM,BBM:F022634,BBM:F022742,similar,06
BBM,BBM:F022646,BBM:F022708,similar,06
BBM,BBM:F022646,BBM:F022742,similar,06
BBM,BBM:F022708,BBM:F022742,similar,06
BBM,BBM:F022655,BBM:F022688,similar,06
BBM,BBM:F022655,BBM:F022693,similar,06
BBM,BBM:F022655,BBM:F022699,similar,06
BBM,BBM:F022655,BBM:F022705,similar,06
BBM,BBM:F022655,BBM:F022786,similar,06
BBM,BBM:F022688,BBM:F022693,similar,06
BBM,BBM:F022688,BBM:F022699,similar,06
BBM,BBM:F022688,BBM:F022705,similar,06
BBM,BBM:F022688,BBM:F022786,similar,06
BBM,BBM:F022693,BBM:F022699,similar,06
BBM,BBM:F022693,BBM:F022705,similar,06
BBM,BBM:F022693,BBM:F022786,similar,06
BBM,BBM:F022699,BBM:F022705,similar,06
BBM,BBM:F022699,BBM:F022786,similar,06
BBM,BBM:F022705,BBM:F022786,similar,06
BBM,BBM:F022878,BBM:F022899,strict,06
BBM,BBM:F022878,BBM:F022901,strict,06
BBM,BBM:F022899,BBM:F022901,strict,06
BBM,BBM:F023134,BBM:F035286,similar,06
BBM,BBM:F025083,BBM:F033729,similar,06
BBM,BBM:F028257,BBM:F028258,strict,06
BBM,BBM:F029097,BBM:F029228,similar,06
BBM,BBM:F029097,BBM:F029299,similar,06
BBM,BBM:F029228,BBM:F029299,similar,06
BBM,BBM:F030634,BBM:F030760,similar,06
BBM,BBM:F030715,BBM:F030744,similar,06
BBM,BBM:F030715,BBM:F030745,similar,06
BBM,BBM:F030744,BBM:F030745,similar,06
BBM,BBM:F030716,BBM:F030732,similar,06
BBM,BBM:F030716,BBM:F030790,similar,06
BBM,BBM:F030716,BBM:F030819,similar,06
BBM,BBM:F030716,BBM:F030866,similar,06
BBM,BBM:F030732,BBM:F030790,similar,06
BBM,BBM:F030732,BBM:F030819,similar,06
BBM,BBM:F030732,BBM:F030866,similar,06
BBM,BBM:F030790,BBM:F030819,similar,06
BBM,BBM:F030790,BBM:F030866,similar,06
BBM,BBM:F030819,BBM:F030866,similar,06
BBM,BBM:F030717,BBM:F030746,similar,06
BBM,BBM:F030717,BBM:F030772,similar,06
BBM,BBM:F030717,BBM:F030839,similar,06
BBM,BBM:F030746,BBM:F030772,similar,06
BBM,BBM:F030746,BBM:F030839,similar,06
BBM,BBM:F030772,BBM:F030839,similar,06
BBM,BBM:F032046,BBM:F034729,similar,06
BBM,BBM:F032046,BBM:F034832,similar,06
BBM,BBM:F032046,BBM:F035098,similar,06
BBM,BBM:F034729,BBM:F034832,similar,06
BBM,BBM:F034729,BBM:F035098,similar,06
BBM,BBM:F034832,BBM:F035098,similar,06
BBM,BBM:F033465,BBM:F033466,strict,06
BBM,BBM:F034579,BBM:F034590,similar,06
BBM,BBM:F034579,BBM:F034830,similar,06
BBM,BBM:F034590,BBM:F034830,similar,06
mo,MO:65466,MO:82753,similar,06
mo,MO:65466,MO:349079,similar,06
mo,MO:65466,MO:389264,similar,06
mo,MO:65466,MO:394283,similar,06
mo,MO:65466,MO:397529,similar,06
mo,MO:65466,MO:409333,similar,06
mo,MO:65466,MO:442098,similar,06
mo,MO:82753,MO:349079,similar,06
mo,MO:82753,MO:389264,similar,06
mo,MO:82753,MO:394283,similar,06
mo,MO:82753,MO:397529,similar,06
mo,MO:82753,MO:409333,similar,06
mo,MO:82753,MO:442098,similar,06
mo,MO:349079,MO:389264,similar,06
mo,MO:349079,MO:394283,similar,06
mo,MO:349079,MO:397529,similar,06
mo,MO:349079,MO:409333,similar,06
mo,MO:349079,MO:442098,similar,06
mo,MO:389264,MO:394283,similar,06
mo,MO:389264,MO:397529,similar,06
mo,MO:389264,MO:409333,similar,06
mo,MO:389264,MO:442098,similar,06
mo,MO:394283,MO:397529,similar,06
mo,MO:394283,MO:409333,similar,06
mo,MO:394283,MO:442098,similar,06
mo,MO:397529,MO:409333,similar,06
mo,MO:397529,MO:442098,similar,06
mo,MO:409333,MO:442098,similar,06
mo,MO:330829,MO:337948,similar,06
mo,MO:330829,MO:351210,similar,06
mo,MO:337948,MO:351210,similar,06
mo,MO:347643,MO:351366,similar,06
mo,MO:381273,MO:394282,similar,06
mo,MO:381273,MO:397527,similar,06
mo,MO:394282,MO:397527,similar,06
BBM,BBM:F000592,BBM:F010148,similar,06
BBM,BBM:F001009,BBM:F021783,similar,06
BBM,BBM:F001009,BBM:F021807,similar,06
BBM,BBM:F021783,BBM:F021807,similar,06
BBM,BBM:F001378,BBM:F001384,similar,06
BBM,BBM:F001385,BBM:F008131,similar,06
BBM,BBM:F013649,BBM:F013650,similar,06
BBM,BBM:F014058,BBM:F015775,similar,06
BBM,BBM:F014917,BBM:F034998,similar,06
BBM,BBM:F015130,BBM:F015246,similar,06
BBM,BBM:F015130,BBM:F015256,similar,06
BBM,BBM:F015130,BBM:F015260,similar,06
BBM,BBM:F015130,BBM:F015278,similar,06
BBM,BBM:F015246,BBM:F015256,similar,06
BBM,BBM:F015246,BBM:F015260,similar,06
BBM,BBM:F015246,BBM:F015278,similar,06
BBM,BBM:F015256,BBM:F015260,similar,06
BBM,BBM:F015256,BBM:F015278,similar,06
BBM,BBM:F015260,BBM:F015278,similar,06
BBM,BBM:F015135,BBM:F015166,similar,06
BBM,BBM:F015135,BBM:F015236,similar,06
BBM,BBM:F015166,BBM:F015236,similar,06
BBM,BBM:F015162,BBM:F015254,similar,06
BBM,BBM:F015162,BBM:F015275,similar,06
BBM,BBM:F015254,BBM:F015275,similar,06
BBM,BBM:F015364,BBM:F015481,similar,06
BBM,BBM:F015374,BBM:F015401,similar,06
BBM,BBM:F015374,BBM:F015416,similar,06
BBM,BBM:F015401,BBM:F015416,similar,06
BBM,BBM:F015384,BBM:F015409,similar,06
BBM,BBM:F015384,BBM:F015451,similar,06
BBM,BBM:F015384,BBM:F015459,similar,06
BBM,BBM:F015384,BBM:F015476,similar,06
BBM,BBM:F015384,BBM:F033082,similar,06
BBM,BBM:F015409,BBM:F015451,similar,06
BBM,BBM:F015409,BBM:F015459,similar,06
BBM,BBM:F015409,BBM:F015476,similar,06
BBM,BBM:F015409,BBM:F033082,similar,06
BBM,BBM:F015451,BBM:F015459,similar,06
BBM,BBM:F015451,BBM:F015476,similar,06
BBM,BBM:F015451,BBM:F033082,similar,06
BBM,BBM:F015459,BBM:F015476,similar,06
BBM,BBM:F015459,BBM:F033082,similar,06
BBM,BBM:F015476,BBM:F033082,similar,06
BBM,BBM:F015411,BBM:F015452,similar,06
BBM,BBM:F015468,BBM:F023159,similar,06
BBM,BBM:F015666,BBM:F015772,similar,06
BBM,BBM:F015677,BBM:F015708,similar,06
BBM,BBM:F015698,BBM:F015718,strict,06
BBM,BBM:F015927,BBM:F016159,similar,06
BBM,BBM:F015959,BBM:F015999,similar,06
BBM,BBM:F015959,BBM:F016163,similar,06
BBM,BBM:F015999,BBM:F016163,similar,06
BBM,BBM:F016085,BBM:F016095,strict,06
BBM,BBM:F016301,BBM:F016308,strict,06
BBM,BBM:F016654,BBM:F030552,similar,06
BBM,BBM:F016668,BBM:F016682,strict,06
BBM,BBM:F016669,BBM:F016683,strict,06
BBM,BBM:F016726,BBM:F016807,similar,06
BBM,BBM:F017420,BBM:F017512,strict,06
BBM,BBM:F017923,BBM:F017928,strict,06
BBM,BBM:F018161,BBM:F018162,strict,06
BBM,BBM:F018812,BBM:F018814,similar,06
BBM,BBM:F019772,BBM:F019895,strict,06
BBM,BBM:F020346,BBM:F024116,similar,06
BBM,BBM:F020346,BBM:F034037,similar,06
BBM,BBM:F020346,BBM:F034878,similar,06
BBM,BBM:F020346,BBM:F035103,similar,06
BBM,BBM:F020346,BBM:F035218,similar,06
BBM,BBM:F020346,BBM:F035260,similar,06
BBM,BBM:F020346,BBM:F035446,similar,06
BBM,BBM:F024116,BBM:F034037,similar,06
BBM,BBM:F024116,BBM:F034878,similar,06
BBM,BBM:F024116,BBM:F035103,similar,06
BBM,BBM:F024116,BBM:F035218,similar,06
BBM,BBM:F024116,BBM:F035260,similar,06
BBM,BBM:F024116,BBM:F035446,similar,06
BBM,BBM:F034037,BBM:F034878,similar,06
BBM,BBM:F034037,BBM:F035103,similar,06
BBM,BBM:F034037,BBM:F035218,similar,06
BBM,BBM:F034037,BBM:F035260,similar,06
BBM,BBM:F034037,BBM:F035446,similar,06
BBM,BBM:F034878,BBM:F035103,similar,06
BBM,BBM:F034878,BBM:F035218,similar,06
BBM,BBM:F034878,BBM:F035260,similar,06
BBM,BBM:F034878,BBM:F035446,similar,06
BBM,BBM:F035103,BBM:F035218,similar,06
BBM,BBM:F035103,BBM:F035260,similar,06
BBM,BBM:F035103,BBM:F035446,similar,06
BBM,BBM:F035218,BBM:F035260,similar,06
BBM,BBM:F035218,BBM:F035446,similar,06
BBM,BBM:F035260,BBM:F035446,similar,06
BBM,BBM:F020428,BBM:F035000,similar,06
BBM,BBM:F020611,BBM:F020613,strict,06
BBM,BBM:F021319,BBM:F021510,similar,06
BBM,BBM:F021386,BBM:F021404,strict,06
BBM,BBM:F021386,BBM:F021412,strict,06
BBM,BBM:F021404,BBM:F021412,strict,06
BBM,BBM:F021713,BBM:F030187,similar,06
BBM,BBM:F022218,BBM:F022223,similar,06
BBM,BBM:F022411,BBM:F022440,similar,06
BBM,BBM:F022429,BBM:F022441,similar,06
BBM,BBM:F022663,BBM:F022730,similar,06
BBM,BBM:F022833,BBM:F022849,strict,06
BBM,BBM:F022833,BBM:F022906,strict,06
BBM,BBM:F022849,BBM:F022906,strict,06
BBM,BBM:F022904,BBM:F022905,strict,06
BBM,BBM:F023111,BBM:F023148,strict,06
BBM,BBM:F023114,BBM:F035482,similar,06
BBM,BBM:F023120,BBM:F034517,similar,06
BBM,BBM:F025232,BBM:F035641,similar,06
BBM,BBM:F025271,BBM:F025291,similar,06
BBM,BBM:F026390,BBM:F035144,similar,06
BBM,BBM:F027000,BBM:F027203,similar,06
BBM,BBM:F027074,BBM:F035207,similar,06
BBM,BBM:F027074,BBM:F035211,similar,06
BBM,BBM:F035207,BBM:F035211,similar,06
BBM,BBM:F027581,BBM:F034036,similar,06
BBM,BBM:F028002,BBM:F028003,strict,06
BBM,BBM:F028475,BBM:F034054,similar,06
BBM,BBM:F029762,BBM:F030505,similar,06
BBM,BBM:F030516,BBM:F030733,similar,06
BBM,BBM:F030516,BBM:F030820,similar,06
BBM,BBM:F030733,BBM:F030820,similar,06
BBM,BBM:F030606,BBM:F030718,similar,06
BBM,BBM:F030606,BBM:F030747,similar,06
BBM,BBM:F030606,BBM:F030773,similar,06
BBM,BBM:F030606,BBM:F030779,similar,06
BBM,BBM:F030606,BBM:F030791,similar,06
BBM,BBM:F030606,BBM:F030867,similar,06
BBM,BBM:F030718,BBM:F030747,similar,06
BBM,BBM:F030718,BBM:F030773,similar,06
BBM,BBM:F030718,BBM:F030779,similar,06
BBM,BBM:F030718,BBM:F030791,similar,06
BBM,BBM:F030718,BBM:F030867,similar,06
BBM,BBM:F030747,BBM:F030773,similar,06
BBM,BBM:F030747,BBM:F030779,similar,06
BBM,BBM:F030747,BBM:F030791,similar,06
BBM,BBM:F030747,BBM:F030867,similar,06
BBM,BBM:F030773,BBM:F030779,similar,06
BBM,BBM:F030773,BBM:F030791,similar,06
BBM,BBM:F030773,BBM:F030867,similar,06
BBM,BBM:F030779,BBM:F030791,similar,06
BBM,BBM:F030779,BBM:F030867,similar,06
BBM,BBM:F030791,BBM:F030867,similar,06
BBM,BBM:F030635,BBM:F033172,similar,06
BBM,BBM:F030753,BBM:F030821,similar,06
BBM,BBM:F030761,BBM:F030822,similar,06
BBM,BBM:F031010,BBM:F031056,similar,06
BBM,BBM:F032872,BBM:F032961,strict,06
BBM,BBM:F032872,BBM:F032973,strict,06
BBM,BBM:F032872,BBM:F033005,strict,06
BBM,BBM:F032961,BBM:F032973,strict,06
BBM,BBM:F032961,BBM:F033005,strict,06
BBM,BBM:F032973,BBM:F033005,strict,06
BBM,BBM:F033156,BBM:F033157,similar,06
BBM,BBM:F034131,BBM:F034132,similar,06
mo,MO:223996,MO:224976,similar,06
mo,MO:259558,MO:262247,similar,06
mo,MO:306904,MO:344404,similar,06
mo,MO:352876,MO:354981,similar,06
mo,MO:355961,MO:394288,similar,06
mo,MO:375375,MO:381278,similar,06
mo,MO:375375,MO:383394,similar,06
mo,MO:381278,MO:383394,similar,06
BBM,BBM:F024691,BBM:F033675,similar,06
BBM,BBM:F024691,BBM:F035215,similar,06
BBM,BBM:F033675,BBM:F035215,similar,06
BBM,BBM:F025265,BBM:F025297,similar,06
BBM,BBM:F025626,BBM:F025658,similar,06
mo,MO:394286,MO:398345,similar,06
mo,MO:394286,MO:409308,similar,06
mo,MO:398345,MO:409308,similar,06
BBM,BBM:F000588,BBM:F000605,similar,06
BBM,BBM:F015519,BBM:F015528,similar,06
BBM,BBM:F031247,BBM:F033917,similar,06
mo,MO:326247,MO:329629,similar,06
BBM,BBM:F001001,BBM:F001525,similar,06
BBM,BBM:F001529,BBM:F021750,similar,06
BBM,BBM:F001529,BBM:F021837,similar,06
BBM,BBM:F021750,BBM:F021837,similar,06
BBM,BBM:F013024,BBM:F034137,similar,06
BBM,BBM:F013513,BBM:F013514,strict,06
BBM,BBM:F020626,BBM:F020896,strict,06
BBM,BBM:F021375,BBM:F021389,strict,06
BBM,BBM:F021375,BBM:F021436,strict,06
BBM,BBM:F021389,BBM:F021436,strict,06
BBM,BBM:F031013,BBM:F032079,similar,06
BBM,BBM:F031136,BBM:F031137,strict,06
mo,MO:260684,MO:303564,similar,06
mo,MO:260684,MO:388074,similar,06
mo,MO:260684,MO:399061,similar,06
mo,MO:260684,MO:457179,similar,06
mo,MO:303564,MO:388074,similar,06
mo,MO:303564,MO:399061,similar,06
mo,MO:303564,MO:457179,similar,06
mo,MO:388074,MO:399061,similar,06
mo,MO:388074,MO:457179,similar,06
mo,MO:399061,MO:457179,similar,06
BBM,BBM:F000591,BBM:F000598,similar,06
BBM,BBM:F000594,BBM:F033704,similar,06
BBM,BBM:F015027,BBM:F022183,similar,06
BBM,BBM:F016862,BBM:F030708,similar,06
BBM,BBM:F016862,BBM:F030862,similar,06
BBM,BBM:F030708,BBM:F030862,similar,06
BBM,BBM:F019460,BBM:F035252,similar,06
BBM,BBM:F019460,BBM:F035498,similar,06
BBM,BBM:F019460,BBM:F035595,similar,06
BBM,BBM:F019460,BBM:F035702,similar,06
BBM,BBM:F035252,BBM:F035498,similar,06
BBM,BBM:F035252,BBM:F035595,similar,06
BBM,BBM:F035252,BBM:F035702,similar,06
BBM,BBM:F035498,BBM:F035595,similar,06
BBM,BBM:F035498,BBM:F035702,similar,06
BBM,BBM:F035595,BBM:F035702,similar,06
BBM,BBM:F020383,BBM:F020421,strict,06
BBM,BBM:F021392,BBM:F021465,strict,06
BBM,BBM:F021398,BBM:F021502,strict,06
BBM,BBM:F021464,BBM:F021466,strict,06
BBM,BBM:F021562,BBM:F021719,similar,06
BBM,BBM:F022364,BBM:F022369,strict,06
BBM,BBM:F026169,BBM:F034754,similar,06
BBM,BBM:F026169,BBM:F034806,similar,06
BBM,BBM:F034754,BBM:F034806,similar,06
mo,MO:65467,MO:66872,similar,06
mo,MO:65467,MO:305520,similar,06
mo,MO:65467,MO:306906,similar,06
mo,MO:65467,MO:411783,similar,06
mo,MO:65467,MO:441844,similar,06
mo,MO:65467,MO:457138,similar,06
mo,MO:66872,MO:305520,similar,06
mo,MO:66872,MO:306906,similar,06
mo,MO:66872,MO:411783,similar,06
mo,MO:66872,MO:441844,similar,06
mo,MO:66872,MO:457138,similar,06
mo,MO:305520,MO:306906,similar,06
mo,MO:305520,MO:411783,similar,06
mo,MO:305520,MO:441844,similar,06
mo,MO:305520,MO:457138,similar,06
mo,MO:306906,MO:411783,similar,06
mo,MO:306906,MO:441844,similar,06
mo,MO:306906,MO:457138,similar,06
mo,MO:411783,MO:441844,similar,06
mo,MO:411783,MO:457138,similar,06
mo,MO:441844,MO:457138,similar,06
BBM,BBM:F016919,BBM:F021504,similar,06
BBM,BBM:F018283,BBM:F021778,similar,06
BBM,BBM:F020390,BBM:F020404,strict,06
BBM,BBM:F020390,BBM:F020412,strict,06
BBM,BBM:F020404,BBM:F020412,strict,06
BBM,BBM:F021365,BBM:F021413,strict,06
BBM,BBM:F021716,BBM:F032072,similar,06
BBM,BBM:F001699,BBM:F034844,similar,06
BBM,BBM:F001699,BBM:F035198,similar,06
BBM,BBM:F001699,BBM:F035388,similar,06
BBM,BBM:F034844,BBM:F035198,similar,06
BBM,BBM:F034844,BBM:F035388,similar,06
BBM,BBM:F035198,BBM:F035388,similar,06
BBM,BBM:F009176,BBM:F009177,strict,06
BBM,BBM:F009178,BBM:F009179,strict,06
BBM,BBM:F015552,BBM:F021790,similar,06
BBM,BBM:F015664,BBM:F015688,similar,06
BBM,BBM:F015668,BBM:F015681,similar,06
BBM,BBM:F021266,BBM:F021876,similar,06
BBM,BBM:F021441,BBM:F021693,similar,06
BBM,BBM:F021525,BBM:F022180,similar,06
BBM,BBM:F032871,BBM:F032958,strict,06
BBM,BBM:F032871,BBM:F033000,strict,06
BBM,BBM:F032958,BBM:F033000,strict,06
BBM,BBM:F032897,BBM:F032921,strict,06
BBM,BBM:F032897,BBM:F032985,strict,06
BBM,BBM:F032897,BBM:F033001,strict,06
BBM,BBM:F032921,BBM:F032985,strict,06
BBM,BBM:F032921,BBM:F033001,strict,06
BBM,BBM:F032985,BBM:F033001,strict,06
mo,MO:247855,MO:248885,similar,06
mo,MO:323948,MO:327225,similar,06
mo,MO:378229,MO:383378,similar,06
mo,MO:379248,MO:381015,similar,06
mo,MO:379248,MO:414109,similar,06
mo,MO:381015,MO:414109,similar,06
mo,MO:387918,MO:387996,strict,06
BBM,BBM:F010239,BBM:F035476,similar,06
BBM,BBM:F013331,BBM:F013354,similar,06
BBM,BBM:F013331,BBM:F013378,similar,06
BBM,BBM:F013354,BBM:F013378,similar,06
BBM,BBM:F013371,BBM:F013372,strict,06
BBM,BBM:F015422,BBM:F015429,strict,06
BBM,BBM:F015422,BBM:F015431,strict,06
BBM,BBM:F015429,BBM:F015431,strict,06
BBM,BBM:F015683,BBM:F015700,similar,06
BBM,BBM:F015683,BBM:F015753,similar,06
BBM,BBM:F015700,BBM:F015753,similar,06
BBM,BBM:F015687,BBM:F015716,similar,06
BBM,BBM:F015694,BBM:F015717,strict,06
BBM,BBM:F015719,BBM:F015733,similar,06
BBM,BBM:F021437,BBM:F021780,similar,06
BBM,BBM:F021697,BBM:F022357,similar,06
BBM,BBM:F021697,BBM:F023916,similar,06
BBM,BBM:F021697,BBM:F031015,similar,06
BBM,BBM:F021697,BBM:F031016,similar,06
BBM,BBM:F021697,BBM:F031059,similar,06
BBM,BBM:F022357,BBM:F023916,similar,06
BBM,BBM:F022357,BBM:F031015,similar,06
BBM,BBM:F022357,BBM:F031016,similar,06
BBM,BBM:F022357,BBM:F031059,similar,06
BBM,BBM:F023916,BBM:F031015,similar,06
BBM,BBM:F023916,BBM:F031016,similar,06
BBM,BBM:F023916,BBM:F031059,similar,06
BBM,BBM:F031015,BBM:F031016,similar,06
BBM,BBM:F031015,BBM:F031059,similar,06
BBM,BBM:F031016,BBM:F031059,similar,06
BBM,BBM:F022438,BBM:F022444,similar,06
BBM,BBM:F026078,BBM:F034081,similar,06
BBM,BBM:F026078,BBM:F034563,similar,06
BBM,BBM:F026078,BBM:F034818,similar,06
BBM,BBM:F026078,BBM:F034976,similar,06
BBM,BBM:F026078,BBM:F035196,similar,06
BBM,BBM:F034081,BBM:F034563,similar,06
BBM,BBM:F034081,BBM:F034818,similar,06
BBM,BBM:F034081,BBM:F034976,similar,06
BBM,BBM:F034081,BBM:F035196,similar,06
BBM,BBM:F034563,BBM:F034818,similar,06
BBM,BBM:F034563,BBM:F034976,similar,06
BBM,BBM:F034563,BBM:F035196,similar,06
BBM,BBM:F034818,BBM:F034976,similar,06
BBM,BBM:F034818,BBM:F035196,similar,06
BBM,BBM:F034976,BBM:F035196,similar,06
BBM,BBM:F031019,BBM:F031020,strict,06
BBM,BBM:F031283,BBM:F033916,similar,06
mo,MO:334487,MO:384979,similar,06
mo,MO:216562,MO:218079,similar,06
mo,MO:260074,MO:261383,similar,06
mo,MO:285022,MO:285072,similar,06
mo,MO:297729,MO:301217,similar,06
mo,MO:388087,MO:388114,strict,06
mo,MO:388088,MO:388091,strict,06
mo,MO:395884,MO:396704,similar,06
mo,MO:400953,MO:434555,similar,06
mo,MO:400953,MO:438569,similar,06
mo,MO:434555,MO:438569,similar,06
BBM,BBM:F015627,BBM:F015638,similar,06
BBM,BBM:F015627,BBM:F015768,similar,06
BBM,BBM:F015638,BBM:F015768,similar,06
BBM,BBM:F018322,BBM:F018380,similar,06
BBM,BBM:F007976,BBM:F035472,similar,06
BBM,BBM:F007982,BBM:F007983,strict,06
BBM,BBM:F010240,BBM:F034977,similar,06
BBM,BBM:F013629,BBM:F035487,similar,06
BBM,BBM:F015181,BBM:F021700,similar,06
BBM,BBM:F015689,BBM:F015695,similar,06
BBM,BBM:F021345,BBM:F021784,similar,06
BBM,BBM:F021418,BBM:F021600,similar,06
BBM,BBM:F021660,BBM:F021796,similar,06
BBM,BBM:F023154,BBM:F023197,similar,06
mo,MO:72696,MO:157527,similar,06
mo,MO:388075,MO:392953,similar,06
BBM,BBM:F001634,BBM:F008902,similar,06
BBM,BBM:F008896,BBM:F021731,similar,06
BBM,BBM:F008903,BBM:F021744,similar,06
BBM,BBM:F021393,BBM:F021455,strict,06
BBM,BBM:F021393,BBM:F021476,strict,06
BBM,BBM:F021455,BBM:F021476,strict,06
BBM,BBM:F021467,BBM:F021469,strict,06
mo,MO:67029,MO:69610,similar,06
BBM,BBM:F000747,BBM:F000748,similar,06
BBM,BBM:F008200,BBM:F008206,strict,06
BBM,BBM:F008201,BBM:F008203,similar,06
BBM,BBM:F008201,BBM:F008204,similar,06
BBM,BBM:F008201,BBM:F008205,similar,06
BBM,BBM:F008201,BBM:F008207,similar,06
BBM,BBM:F008201,BBM:F008208,similar,06
BBM,BBM:F008201,BBM:F008209,similar,06
BBM,BBM:F008201,BBM:F034208,similar,06
BBM,BBM:F008201,BBM:F034218,similar,06
BBM,BBM:F008203,BBM:F008204,similar,06
BBM,BBM:F008203,BBM:F008205,similar,06
BBM,BBM:F008203,BBM:F008207,similar,06
BBM,BBM:F008203,BBM:F008208,similar,06
BBM,BBM:F008203,BBM:F008209,similar,06
BBM,BBM:F008203,BBM:F034208,similar,06
BBM,BBM:F008203,BBM:F034218,similar,06
BBM,BBM:F008204,BBM:F008205,similar,06
BBM,BBM:F008204,BBM:F008207,similar,06
BBM,BBM:F008204,BBM:F008208,similar,06
BBM,BBM:F008204,BBM:F008209,similar,06
BBM,BBM:F008204,BBM:F034208,similar,06
BBM,BBM:F008204,BBM:F034218,similar,06
BBM,BBM:F008205,BBM:F008207,similar,06
BBM,BBM:F008205,BBM:F008208,similar,06
BBM,BBM:F008205,BBM:F008209,similar,06
BBM,BBM:F008205,BBM:F034208,similar,06
BBM,BBM:F008205,BBM:F034218,similar,06
BBM,BBM:F008207,BBM:F008208,similar,06
BBM,BBM:F008207,BBM:F008209,similar,06
BBM,BBM:F008207,BBM:F034208,similar,06
BBM,BBM:F008207,BBM:F034218,similar,06
BBM,BBM:F008208,BBM:F008209,similar,06
BBM,BBM:F008208,BBM:F034208,similar,06
BBM,BBM:F008208,BBM:F034218,similar,06
BBM,BBM:F008209,BBM:F034208,similar,06
BBM,BBM:F008209,BBM:F034218,similar,06
BBM,BBM:F034208,BBM:F034218,similar,06
BBM,BBM:F008213,BBM:F034024,similar,06
BBM,BBM:F008228,BBM:F035622,similar,06
BBM,BBM:F008233,BBM:F034622,similar,06
BBM,BBM:F008233,BBM:F035045,similar,06
BBM,BBM:F008233,BBM:F035254,similar,06
BBM,BBM:F008233,BBM:F035540,similar,06
BBM,BBM:F034622,BBM:F035045,similar,06
BBM,BBM:F034622,BBM:F035254,similar,06
BBM,BBM:F034622,BBM:F035540,similar,06
BBM,BBM:F035045,BBM:F035254,similar,06
BBM,BBM:F035045,BBM:F035540,similar,06
BBM,BBM:F035254,BBM:F035540,similar,06
BBM,BBM:F008234,BBM:F034701,similar,06
BBM,BBM:F008234,BBM:F035289,similar,06
BBM,BBM:F008234,BBM:F035292,similar,06
BBM,BBM:F008234,BBM:F035455,similar,06
BBM,BBM:F034701,BBM:F035289,similar,06
BBM,BBM:F034701,BBM:F035292,similar,06
BBM,BBM:F034701,BBM:F035455,similar,06
BBM,BBM:F035289,BBM:F035292,similar,06
BBM,BBM:F035289,BBM:F035455,similar,06
BBM,BBM:F035292,BBM:F035455,similar,06
BBM,BBM:F008236,BBM:F008238,strict,06
BBM,BBM:F008242,BBM:F035003,similar,06
BBM,BBM:F008251,BBM:F008253,similar,06
BBM,BBM:F008254,BBM:F008255,strict,06
BBM,BBM:F008259,BBM:F008260,similar,06
BBM,BBM:F013186,BBM:F013195,similar,06
BBM,BBM:F013186,BBM:F013216,similar,06
BBM,BBM:F013195,BBM:F013216,similar,06
BBM,BBM:F013522,BBM:F022474,similar,06
BBM,BBM:F013935,BBM:F013942,similar,06
BBM,BBM:F013958,BBM:F014801,similar,06
BBM,BBM:F013961,BBM:F013985,similar,06
BBM,BBM:F013961,BBM:F014807,similar,06
BBM,BBM:F013985,BBM:F014807,similar,06
BBM,BBM:F013992,BBM:F013993,strict,06
BBM,BBM:F014032,BBM:F014033,strict,06
BBM,BBM:F014061,BBM:F014062,strict,06
BBM,BBM:F014283,BBM:F035264,similar,06
BBM,BBM:F014283,BBM:F035400,similar,06
BBM,BBM:F014283,BBM:F035637,similar,06
BBM,BBM:F035264,BBM:F035400,similar,06
BBM,BBM:F035264,BBM:F035637,similar,06
BBM,BBM:F035400,BBM:F035637,similar,06
BBM,BBM:F014607,BBM:F034083,similar,06
BBM,BBM:F014607,BBM:F034836,similar,06
BBM,BBM:F014607,BBM:F035408,similar,06
BBM,BBM:F014607,BBM:F035662,similar,06
BBM,BBM:F034083,BBM:F034836,similar,06
BBM,BBM:F034083,BBM:F035408,similar,06
BBM,BBM:F034083,BBM:F035662,similar,06
BBM,BBM:F034836,BBM:F035408,similar,06
BBM,BBM:F034836,BBM:F035662,similar,06
BBM,BBM:F035408,BBM:F035662,similar,06
BBM,BBM:F014614,BBM:F014634,strict,06
BBM,BBM:F014617,BBM:F034623,similar,06
BBM,BBM:F014617,BBM:F035275,similar,06
BBM,BBM:F014617,BBM:F035628,similar,06
BBM,BBM:F034623,BBM:F035275,similar,06
BBM,BBM:F034623,BBM:F035628,similar,06
BBM,BBM:F035275,BBM:F035628,similar,06
BBM,BBM:F014669,BBM:F035456,similar,06
BBM,BBM:F014769,BBM:F035340,similar,06
BBM,BBM:F014769,BBM:F035600,similar,06
BBM,BBM:F014769,BBM:F035602,similar,06
BBM,BBM:F035340,BBM:F035600,similar,06
BBM,BBM:F035340,BBM:F035602,similar,06
BBM,BBM:F035600,BBM:F035602,similar,06
BBM,BBM:F014814,BBM:F014816,strict,06
BBM,BBM:F014836,BBM:F014837,strict,06
BBM,BBM:F014846,BBM:F014850,similar,06
BBM,BBM:F015140,BBM:F015141,strict,06
BBM,BBM:F015202,BBM:F021440,similar,06
BBM,BBM:F015203,BBM:F021420,similar,06
BBM,BBM:F015311,BBM:F015313,strict,06
BBM,BBM:F015311,BBM:F015314,strict,06
BBM,BBM:F015313,BBM:F015314,strict,06
BBM,BBM:F015321,BBM:F015326,similar,06
BBM,BBM:F015321,BBM:F015332,similar,06
BBM,BBM:F015321,BBM:F015342,similar,06
BBM,BBM:F015326,BBM:F015332,similar,06
BBM,BBM:F015326,BBM:F015342,similar,06
BBM,BBM:F015332,BBM:F015342,similar,06
BBM,BBM:F015323,BBM:F015365,similar,06
BBM,BBM:F015323,BBM:F015473,similar,06
BBM,BBM:F015365,BBM:F015473,similar,06
BBM,BBM:F015327,BBM:F015335,strict,06
BBM,BBM:F015328,BBM:F015338,strict,06
BBM,BBM:F015352,BBM:F015399,similar,06
BBM,BBM:F015352,BBM:F015408,similar,06
BBM,BBM:F015352,BBM:F015457,similar,06
BBM,BBM:F015399,BBM:F015408,similar,06
BBM,BBM:F015399,BBM:F015457,similar,06
BBM,BBM:F015408,BBM:F015457,similar,06
BBM,BBM:F015392,BBM:F015442,similar,06
BBM,BBM:F015392,BBM:F015474,similar,06
BBM,BBM:F015442,BBM:F015474,similar,06
BBM,BBM:F015421,BBM:F015438,strict,06
BBM,BBM:F015884,BBM:F016080,similar,06
BBM,BBM:F015894,BBM:F015932,similar,06
BBM,BBM:F015894,BBM:F015945,similar,06
BBM,BBM:F015932,BBM:F015945,similar,06
BBM,BBM:F015896,BBM:F016029,similar,06
BBM,BBM:F015896,BBM:F016043,similar,06
BBM,BBM:F016029,BBM:F016043,similar,06
BBM,BBM:F015903,BBM:F015964,similar,06
BBM,BBM:F015903,BBM:F016088,similar,06
BBM,BBM:F015964,BBM:F016088,similar,06
BBM,BBM:F015931,BBM:F015986,similar,06
BBM,BBM:F016250,BBM:F021580,similar,06
BBM,BBM:F016255,BBM:F028908,similar,06
BBM,BBM:F016629,BBM:F016698,similar,06
BBM,BBM:F016629,BBM:F016699,similar,06
BBM,BBM:F016629,BBM:F016700,similar,06
BBM,BBM:F016698,BBM:F016699,similar,06
BBM,BBM:F016698,BBM:F016700,similar,06
BBM,BBM:F016699,BBM:F016700,similar,06
BBM,BBM:F016659,BBM:F016746,similar,06
BBM,BBM:F016659,BBM:F030554,similar,06
BBM,BBM:F016746,BBM:F030554,similar,06
BBM,BBM:F016660,BBM:F016747,similar,06
BBM,BBM:F016729,BBM:F016772,similar,06
BBM,BBM:F016729,BBM:F016794,similar,06
BBM,BBM:F016729,BBM:F016809,similar,06
BBM,BBM:F016772,BBM:F016794,similar,06
BBM,BBM:F016772,BBM:F016809,similar,06
BBM,BBM:F016794,BBM:F016809,similar,06
BBM,BBM:F016730,BBM:F016774,similar,06
BBM,BBM:F016730,BBM:F016811,similar,06
BBM,BBM:F016774,BBM:F016811,similar,06
BBM,BBM:F016773,BBM:F016810,strict,06
BBM,BBM:F016921,BBM:F021259,similar,06
BBM,BBM:F018022,BBM:F018033,strict,06
BBM,BBM:F018262,BBM:F035722,similar,06
BBM,BBM:F019629,BBM:F019965,similar,06
BBM,BBM:F019629,BBM:F020016,similar,06
BBM,BBM:F019965,BBM:F020016,similar,06
BBM,BBM:F019687,BBM:F019688,similar,06
BBM,BBM:F019696,BBM:F019717,strict,06
BBM,BBM:F019696,BBM:F019721,strict,06
BBM,BBM:F019696,BBM:F019731,strict,06
BBM,BBM:F019696,BBM:F019748,strict,06
BBM,BBM:F019717,BBM:F019721,strict,06
BBM,BBM:F019717,BBM:F019731,strict,06
BBM,BBM:F019717,BBM:F019748,strict,06
BBM,BBM:F019721,BBM:F019731,strict,06
BBM,BBM:F019721,BBM:F019748,strict,06
BBM,BBM:F019731,BBM:F019748,strict,06
BBM,BBM:F019698,BBM:F019716,strict,06
BBM,BBM:F019718,BBM:F019724,strict,06
BBM,BBM:F019718,BBM:F019778,strict,06
BBM,BBM:F019724,BBM:F019778,strict,06
BBM,BBM:F020363,BBM:F034842,similar,06
BBM,BBM:F020477,BBM:F020479,similar,06
BBM,BBM:F020477,BBM:F020480,similar,06
BBM,BBM:F020477,BBM:F020481,similar,06
BBM,BBM:F020477,BBM:F020482,similar,06
BBM,BBM:F020477,BBM:F020483,similar,06
BBM,BBM:F020477,BBM:F020490,similar,06
BBM,BBM:F020477,BBM:F020497,similar,06
BBM,BBM:F020477,BBM:F020503,similar,06
BBM,BBM:F020477,BBM:F020511,similar,06
BBM,BBM:F020477,BBM:F020532,similar,06
BBM,BBM:F020477,BBM:F020547,similar,06
BBM,BBM:F020477,BBM:F020606,similar,06
BBM,BBM:F020479,BBM:F020480,similar,06
BBM,BBM:F020479,BBM:F020481,similar,06
BBM,BBM:F020479,BBM:F020482,similar,06
BBM,BBM:F020479,BBM:F020483,similar,06
BBM,BBM:F020479,BBM:F020490,similar,06
BBM,BBM:F020479,BBM:F020497,similar,06
BBM,BBM:F020479,BBM:F020503,similar,06
BBM,BBM:F020479,BBM:F020511,similar,06
BBM,BBM:F020479,BBM:F020532,similar,06
BBM,BBM:F020479,BBM:F020547,similar,06
BBM,BBM:F020479,BBM:F020606,similar,06
BBM,BBM:F020480,BBM:F020481,similar,06
BBM,BBM:F020480,BBM:F020482,similar,06
BBM,BBM:F020480,BBM:F020483,similar,06
BBM,BBM:F020480,BBM:F020490,similar,06
BBM,BBM:F020480,BBM:F020497,similar,06
BBM,BBM:F020480,BBM:F020503,similar,06
BBM,BBM:F020480,BBM:F020511,similar,06
BBM,BBM:F020480,BBM:F020532,similar,06
BBM,BBM:F020480,BBM:F020547,similar,06
BBM,BBM:F020480,BBM:F020606,similar,06
BBM,BBM:F020481,BBM:F020482,similar,06
BBM,BBM:F020481,BBM:F020483,similar,06
BBM,BBM:F020481,BBM:F020490,similar,06
BBM,BBM:F020481,BBM:F020497,similar,06
BBM,BBM:F020481,BBM:F020503,similar,06
BBM,BBM:F020481,BBM:F020511,similar,06
BBM,BBM:F020481,BBM:F020532,similar,06
BBM,BBM:F020481,BBM:F020547,similar,06
BBM,BBM:F020481,BBM:F020606,similar,06
BBM,BBM:F020482,BBM:F020483,similar,06
BBM,BBM:F020482,BBM:F020490,similar,06
BBM,BBM:F020482,BBM:F020497,similar,06
BBM,BBM:F020482,BBM:F020503,similar,06
BBM,BBM:F020482,BBM:F020511,similar,06
BBM,BBM:F020482,BBM:F020532,similar,06
BBM,BBM:F020482,BBM:F020547,similar,06
BBM,BBM:F020482,BBM:F020606,similar,06
BBM,BBM:F020483,BBM:F020490,similar,06
BBM,BBM:F020483,BBM:F020497,similar,06
BBM,BBM:F020483,BBM:F020503,similar,06
BBM,BBM:F020483,BBM:F020511,similar,06
BBM,BBM:F020483,BBM:F020532,similar,06
BBM,BBM:F020483,BBM:F020547,similar,06
BBM,BBM:F020483,BBM:F020606,similar,06
BBM,BBM:F020490,BBM:F020497,similar,06
BBM,BBM:F020490,BBM:F020503,similar,06
BBM,BBM:F020490,BBM:F020511,similar,06
BBM,BBM:F020490,BBM:F020532,similar,06
BBM,BBM:F020490,BBM:F020547,similar,06
BBM,BBM:F020490,BBM:F020606,similar,06
BBM,BBM:F020497,BBM:F020503,similar,06
BBM,BBM:F020497,BBM:F020511,similar,06
BBM,BBM:F020497,BBM:F020532,similar,06
BBM,BBM:F020497,BBM:F020547,similar,06
BBM,BBM:F020497,BBM:F020606,similar,06
BBM,BBM:F020503,BBM:F020511,similar,06
BBM,BBM:F020503,BBM:F020532,similar,06
BBM,BBM:F020503,BBM:F020547,similar,06
BBM,BBM:F020503,BBM:F020606,similar,06
BBM,BBM:F020511,BBM:F020532,similar,06
BBM,BBM:F020511,BBM:F020547,similar,06
BBM,BBM:F020511,BBM:F020606,similar,06
BBM,BBM:F020532,BBM:F020547,similar,06
BBM,BBM:F020532,BBM:F020606,similar,06
BBM,BBM:F020547,BBM:F020606,similar,06
BBM,BBM:F020492,BBM:F020508,similar,06
BBM,BBM:F020492,BBM:F020546,similar,06
BBM,BBM:F020508,BBM:F020546,similar,06
BBM,BBM:F020526,BBM:F020556,similar,06
BBM,BBM:F020528,BBM:F030702,similar,06
BBM,BBM:F020528,BBM:F030841,similar,06
BBM,BBM:F020528,BBM:F030869,similar,06
BBM,BBM:F030702,BBM:F030841,similar,06
BBM,BBM:F030702,BBM:F030869,similar,06
BBM,BBM:F030841,BBM:F030869,similar,06
BBM,BBM:F020529,BBM:F020535,similar,06
BBM,BBM:F020533,BBM:F020602,similar,06
BBM,BBM:F020533,BBM:F026633,similar,06
BBM,BBM:F020533,BBM:F029992,similar,06
BBM,BBM:F020533,BBM:F035249,similar,06
BBM,BBM:F020533,BBM:F035633,similar,06
BBM,BBM:F020533,BBM:F035636,similar,06
BBM,BBM:F020602,BBM:F026633,similar,06
BBM,BBM:F020602,BBM:F029992,similar,06
BBM,BBM:F020602,BBM:F035249,similar,06
BBM,BBM:F020602,BBM:F035633,similar,06
BBM,BBM:F020602,BBM:F035636,similar,06
BBM,BBM:F026633,BBM:F029992,similar,06
BBM,BBM:F026633,BBM:F035249,similar,06
BBM,BBM:F026633,BBM:F035633,similar,06
BBM,BBM:F026633,BBM:F035636,similar,06
BBM,BBM:F029992,BBM:F035249,similar,06
BBM,BBM:F029992,BBM:F035633,similar,06
BBM,BBM:F029992,BBM:F035636,similar,06
BBM,BBM:F035249,BBM:F035633,similar,06
BBM,BBM:F035249,BBM:F035636,similar,06
BBM,BBM:F035633,BBM:F035636,similar,06
BBM,BBM:F020534,BBM:F035397,similar,06
BBM,BBM:F020555,BBM:F020557,strict,06
BBM,BBM:F020652,BBM:F020669,strict,06
BBM,BBM:F020657,BBM:F020902,similar,06
BBM,BBM:F020657,BBM:F035580,similar,06
BBM,BBM:F020902,BBM:F035580,similar,06
BBM,BBM:F020788,BBM:F020905,similar,06
BBM,BBM:F020926,BBM:F021084,similar,06
BBM,BBM:F020952,BBM:F020958,strict,06
BBM,BBM:F020952,BBM:F020973,strict,06
BBM,BBM:F020952,BBM:F020977,strict,06
BBM,BBM:F020952,BBM:F020978,strict,06
BBM,BBM:F020952,BBM:F021114,strict,06
BBM,BBM:F020958,BBM:F020973,strict,06
BBM,BBM:F020958,BBM:F020977,strict,06
BBM,BBM:F020958,BBM:F020978,strict,06
BBM,BBM:F020958,BBM:F021114,strict,06
BBM,BBM:F020973,BBM:F020977,strict,06
BBM,BBM:F020973,BBM:F020978,strict,06
BBM,BBM:F020973,BBM:F021114,strict,06
BBM,BBM:F020977,BBM:F020978,strict,06
BBM,BBM:F020977,BBM:F021114,strict,06
BBM,BBM:F020978,BBM:F021114,strict,06
BBM,BBM:F020962,BBM:F021016,strict,06
BBM,BBM:F020962,BBM:F021118,strict,06
BBM,BBM:F021016,BBM:F021118,strict,06
BBM,BBM:F021011,BBM:F021018,strict,06
BBM,BBM:F021011,BBM:F021019,strict,06
BBM,BBM:F021011,BBM:F021031,strict,06
BBM,BBM:F021011,BBM:F021129,strict,06
BBM,BBM:F021011,BBM:F021148,strict,06
BBM,BBM:F021018,BBM:F021019,strict,06
BBM,BBM:F021018,BBM:F021031,strict,06
BBM,BBM:F021018,BBM:F021129,strict,06
BBM,BBM:F021018,BBM:F021148,strict,06
BBM,BBM:F021019,BBM:F021031,strict,06
BBM,BBM:F021019,BBM:F021129,strict,06
BBM,BBM:F021019,BBM:F021148,strict,06
BBM,BBM:F021031,BBM:F021129,strict,06
BBM,BBM:F021031,BBM:F021148,strict,06
BBM,BBM:F021129,BBM:F021148,strict,06
BBM,BBM:F021421,BBM:F021438,strict,06
BBM,BBM:F021422,BBM:F021785,similar,06
BBM,BBM:F021423,BBM:F021427,strict,06
BBM,BBM:F021424,BBM:F021434,strict,06
BBM,BBM:F021426,BBM:F021433,strict,06
BBM,BBM:F021547,BBM:F021823,similar,06
BBM,BBM:F021769,BBM:F021818,similar,06
BBM,BBM:F021769,BBM:F021819,similar,06
BBM,BBM:F021818,BBM:F021819,similar,06
BBM,BBM:F022257,BBM:F022276,similar,06
BBM,BBM:F022716,BBM:F022717,strict,06
BBM,BBM:F022889,BBM:F022910,strict,06
BBM,BBM:F022889,BBM:F022911,strict,06
BBM,BBM:F022910,BBM:F022911,strict,06
BBM,BBM:F022909,BBM:F034027,similar,06
BBM,BBM:F024119,BBM:F024230,similar,06
BBM,BBM:F024119,BBM:F024314,similar,06
BBM,BBM:F024119,BBM:F024354,similar,06
BBM,BBM:F024119,BBM:F024506,similar,06
BBM,BBM:F024119,BBM:F024507,similar,06
BBM,BBM:F024119,BBM:F024533,similar,06
BBM,BBM:F024119,BBM:F024534,similar,06
BBM,BBM:F024119,BBM:F024535,similar,06
BBM,BBM:F024119,BBM:F024536,similar,06
BBM,BBM:F024119,BBM:F027492,similar,06
BBM,BBM:F024119,BBM:F035213,similar,06
BBM,BBM:F024119,BBM:F035312,similar,06
BBM,BBM:F024119,BBM:F035574,similar,06
BBM,BBM:F024119,BBM:F035603,similar,06
BBM,BBM:F024230,BBM:F024314,similar,06
BBM,BBM:F024230,BBM:F024354,similar,06
BBM,BBM:F024230,BBM:F024506,similar,06
BBM,BBM:F024230,BBM:F024507,similar,06
BBM,BBM:F024230,BBM:F024533,similar,06
BBM,BBM:F024230,BBM:F024534,similar,06
BBM,BBM:F024230,BBM:F024535,similar,06
BBM,BBM:F024230,BBM:F024536,similar,06
BBM,BBM:F024230,BBM:F027492,similar,06
BBM,BBM:F024230,BBM:F035213,similar,06
BBM,BBM:F024230,BBM:F035312,similar,06
BBM,BBM:F024230,BBM:F035574,similar,06
BBM,BBM:F024230,BBM:F035603,similar,06
BBM,BBM:F024314,BBM:F024354,similar,06
BBM,BBM:F024314,BBM:F024506,similar,06
BBM,BBM:F024314,BBM:F024507,similar,06
BBM,BBM:F024314,BBM:F024533,similar,06
BBM,BBM:F024314,BBM:F024534,similar,06
BBM,BBM:F024314,BBM:F024535,similar,06
BBM,BBM:F024314,BBM:F024536,similar,06
BBM,BBM:F024314,BBM:F027492,similar,06
BBM,BBM:F024314,BBM:F035213,similar,06
BBM,BBM:F024314,BBM:F035312,similar,06
BBM,BBM:F024314,BBM:F035574,similar,06
BBM,BBM:F024314,BBM:F035603,similar,06
BBM,BBM:F024354,BBM:F024506,similar,06
BBM,BBM:F024354,BBM:F024507,similar,06
BBM,BBM:F024354,BBM:F024533,similar,06
BBM,BBM:F024354,BBM:F024534,similar,06
BBM,BBM:F024354,BBM:F024535,similar,06
BBM,BBM:F024354,BBM:F024536,similar,06
BBM,BBM:F024354,BBM:F027492,similar,06
BBM,BBM:F024354,BBM:F035213,similar,06
BBM,BBM:F024354,BBM:F035312,similar,06
BBM,BBM:F024354,BBM:F035574,similar,06
BBM,BBM:F024354,BBM:F035603,similar,06
BBM,BBM:F024506,BBM:F024507,similar,06
BBM,BBM:F024506,BBM:F024533,similar,06
BBM,BBM:F024506,BBM:F024534,similar,06
BBM,BBM:F024506,BBM:F024535,similar,06
BBM,BBM:F024506,BBM:F024536,similar,06
BBM,BBM:F024506,BBM:F027492,similar,06
BBM,BBM:F024506,BBM:F035213,similar,06
BBM,BBM:F024506,BBM:F035312,similar,06
BBM,BBM:F024506,BBM:F035574,similar,06
BBM,BBM:F024506,BBM:F035603,similar,06
BBM,BBM:F024507,BBM:F024533,similar,06
BBM,BBM:F024507,BBM:F024534,similar,06
BBM,BBM:F024507,BBM:F024535,similar,06
BBM,BBM:F024507,BBM:F024536,similar,06
BBM,BBM:F024507,BBM:F027492,similar,06
BBM,BBM:F024507,BBM:F035213,similar,06
BBM,BBM:F024507,BBM:F035312,similar,06
BBM,BBM:F024507,BBM:F035574,similar,06
BBM,BBM:F024507,BBM:F035603,similar,06
BBM,BBM:F024533,BBM:F024534,similar,06
BBM,BBM:F024533,BBM:F024535,similar,06
BBM,BBM:F024533,BBM:F024536,similar,06
BBM,BBM:F024533,BBM:F027492,similar,06
BBM,BBM:F024533,BBM:F035213,similar,06
BBM,BBM:F024533,BBM:F035312,similar,06
BBM,BBM:F024533,BBM:F035574,similar,06
BBM,BBM:F024533,BBM:F035603,similar,06
BBM,BBM:F024534,BBM:F024535,similar,06
BBM,BBM:F024534,BBM:F024536,similar,06
BBM,BBM:F024534,BBM:F027492,similar,06
BBM,BBM:F024534,BBM:F035213,similar,06
BBM,BBM:F024534,BBM:F035312,similar,06
BBM,BBM:F024534,BBM:F035574,similar,06
BBM,BBM:F024534,BBM:F035603,similar,06
BBM,BBM:F024535,BBM:F024536,similar,06
BBM,BBM:F024535,BBM:F027492,similar,06
BBM,BBM:F024535,BBM:F035213,similar,06
BBM,BBM:F024535,BBM:F035312,similar,06
BBM,BBM:F024535,BBM:F035574,similar,06
BBM,BBM:F024535,BBM:F035603,similar,06
BBM,BBM:F024536,BBM:F027492,similar,06
BBM,BBM:F024536,BBM:F035213,similar,06
BBM,BBM:F024536,BBM:F035312,similar,06
BBM,BBM:F024536,BBM:F035574,similar,06
BBM,BBM:F024536,BBM:F035603,similar,06
BBM,BBM:F027492,BBM:F035213,similar,06
BBM,BBM:F027492,BBM:F035312,similar,06
BBM,BBM:F027492,BBM:F035574,similar,06
BBM,BBM:F027492,BBM:F035603,similar,06
BBM,BBM:F035213,BBM:F035312,similar,06
BBM,BBM:F035213,BBM:F035574,similar,06
BBM,BBM:F035213,BBM:F035603,similar,06
BBM,BBM:F035312,BBM:F035574,similar,06
BBM,BBM:F035312,BBM:F035603,similar,06
BBM,BBM:F035574,BBM:F035603,similar,06
BBM,BBM:F024120,BBM:F024145,similar,06
BBM,BBM:F024120,BBM:F024231,similar,06
BBM,BBM:F024120,BBM:F024232,similar,06
BBM,BBM:F024120,BBM:F024488,similar,06
BBM,BBM:F024120,BBM:F024489,similar,06
BBM,BBM:F024120,BBM:F024825,similar,06
BBM,BBM:F024120,BBM:F024842,similar,06
BBM,BBM:F024120,BBM:F035104,similar,06
BBM,BBM:F024120,BBM:F035462,similar,06
BBM,BBM:F024120,BBM:F035516,similar,06
BBM,BBM:F024145,BBM:F024231,similar,06
BBM,BBM:F024145,BBM:F024232,similar,06
BBM,BBM:F024145,BBM:F024488,similar,06
BBM,BBM:F024145,BBM:F024489,similar,06
BBM,BBM:F024145,BBM:F024825,similar,06
BBM,BBM:F024145,BBM:F024842,similar,06
BBM,BBM:F024145,BBM:F035104,similar,06
BBM,BBM:F024145,BBM:F035462,similar,06
BBM,BBM:F024145,BBM:F035516,similar,06
BBM,BBM:F024231,BBM:F024232,similar,06
BBM,BBM:F024231,BBM:F024488,similar,06
BBM,BBM:F024231,BBM:F024489,similar,06
BBM,BBM:F024231,BBM:F024825,similar,06
BBM,BBM:F024231,BBM:F024842,similar,06
BBM,BBM:F024231,BBM:F035104,similar,06
BBM,BBM:F024231,BBM:F035462,similar,06
BBM,BBM:F024231,BBM:F035516,similar,06
BBM,BBM:F024232,BBM:F024488,similar,06
BBM,BBM:F024232,BBM:F024489,similar,06
BBM,BBM:F024232,BBM:F024825,similar,06
BBM,BBM:F024232,BBM:F024842,similar,06
BBM,BBM:F024232,BBM:F035104,similar,06
BBM,BBM:F024232,BBM:F035462,similar,06
BBM,BBM:F024232,BBM:F035516,similar,06
BBM,BBM:F024488,BBM:F024489,similar,06
BBM,BBM:F024488,BBM:F024825,similar,06
BBM,BBM:F024488,BBM:F024842,similar,06
BBM,BBM:F024488,BBM:F035104,similar,06
BBM,BBM:F024488,BBM:F035462,similar,06
BBM,BBM:F024488,BBM:F035516,similar,06
BBM,BBM:F024489,BBM:F024825,similar,06
BBM,BBM:F024489,BBM:F024842,similar,06
BBM,BBM:F024489,BBM:F035104,similar,06
BBM,BBM:F024489,BBM:F035462,similar,06
BBM,BBM:F024489,BBM:F035516,similar,06
BBM,BBM:F024825,BBM:F024842,similar,06
BBM,BBM:F024825,BBM:F035104,similar,06
BBM,BBM:F024825,BBM:F035462,similar,06
BBM,BBM:F024825,BBM:F035516,similar,06
BBM,BBM:F024842,BBM:F035104,similar,06
BBM,BBM:F024842,BBM:F035462,similar,06
BBM,BBM:F024842,BBM:F035516,similar,06
BBM,BBM:F035104,BBM:F035462,similar,06
BBM,BBM:F035104,BBM:F035516,similar,06
BBM,BBM:F035462,BBM:F035516,similar,06
BBM,BBM:F024137,BBM:F024315,similar,06
BBM,BBM:F024137,BBM:F024767,similar,06
BBM,BBM:F024137,BBM:F024824,similar,06
BBM,BBM:F024137,BBM:F027379,similar,06
BBM,BBM:F024137,BBM:F027380,similar,06
BBM,BBM:F024137,BBM:F027381,similar,06
BBM,BBM:F024137,BBM:F035640,similar,06
BBM,BBM:F024315,BBM:F024767,similar,06
BBM,BBM:F024315,BBM:F024824,similar,06
BBM,BBM:F024315,BBM:F027379,similar,06
BBM,BBM:F024315,BBM:F027380,similar,06
BBM,BBM:F024315,BBM:F027381,similar,06
BBM,BBM:F024315,BBM:F035640,similar,06
BBM,BBM:F024767,BBM:F024824,similar,06
BBM,BBM:F024767,BBM:F027379,similar,06
BBM,BBM:F024767,BBM:F027380,similar,06
BBM,BBM:F024767,BBM:F027381,similar,06
BBM,BBM:F024767,BBM:F035640,similar,06
BBM,BBM:F024824,BBM:F027379,similar,06
BBM,BBM:F024824,BBM:F027380,similar,06
BBM,BBM:F024824,BBM:F027381,similar,06
BBM,BBM:F024824,BBM:F035640,similar,06
BBM,BBM:F027379,BBM:F027380,similar,06
BBM,BBM:F027379,BBM:F027381,similar,06
BBM,BBM:F027379,BBM:F035640,similar,06
BBM,BBM:F027380,BBM:F027381,similar,06
BBM,BBM:F027380,BBM:F035640,similar,06
BBM,BBM:F027381,BBM:F035640,similar,06
BBM,BBM:F024166,BBM:F024545,similar,06
BBM,BBM:F024166,BBM:F034619,similar,06
BBM,BBM:F024166,BBM:F034814,similar,06
BBM,BBM:F024166,BBM:F035333,similar,06
BBM,BBM:F024166,BBM:F035336,similar,06
BBM,BBM:F024166,BBM:F035501,similar,06
BBM,BBM:F024545,BBM:F034619,similar,06
BBM,BBM:F024545,BBM:F034814,similar,06
BBM,BBM:F024545,BBM:F035333,similar,06
BBM,BBM:F024545,BBM:F035336,similar,06
BBM,BBM:F024545,BBM:F035501,similar,06
BBM,BBM:F034619,BBM:F034814,similar,06
BBM,BBM:F034619,BBM:F035333,similar,06
BBM,BBM:F034619,BBM:F035336,similar,06
BBM,BBM:F034619,BBM:F035501,similar,06
BBM,BBM:F034814,BBM:F035333,similar,06
BBM,BBM:F034814,BBM:F035336,similar,06
BBM,BBM:F034814,BBM:F035501,similar,06
BBM,BBM:F035333,BBM:F035336,similar,06
BBM,BBM:F035333,BBM:F035501,similar,06
BBM,BBM:F035336,BBM:F035501,similar,06
BBM,BBM:F024190,BBM:F024294,similar,06
BBM,BBM:F024190,BBM:F024840,similar,06
BBM,BBM:F024190,BBM:F024856,similar,06
BBM,BBM:F024190,BBM:F034698,similar,06
BBM,BBM:F024190,BBM:F034704,similar,06
BBM,BBM:F024190,BBM:F035041,similar,06
BBM,BBM:F024190,BBM:F035128,similar,06
BBM,BBM:F024190,BBM:F035314,similar,06
BBM,BBM:F024190,BBM:F035358,similar,06
BBM,BBM:F024294,BBM:F024840,similar,06
BBM,BBM:F024294,BBM:F024856,similar,06
BBM,BBM:F024294,BBM:F034698,similar,06
BBM,BBM:F024294,BBM:F034704,similar,06
BBM,BBM:F024294,BBM:F035041,similar,06
BBM,BBM:F024294,BBM:F035128,similar,06
BBM,BBM:F024294,BBM:F035314,similar,06
BBM,BBM:F024294,BBM:F035358,similar,06
BBM,BBM:F024840,BBM:F024856,similar,06
BBM,BBM:F024840,BBM:F034698,similar,06
BBM,BBM:F024840,BBM:F034704,similar,06
BBM,BBM:F024840,BBM:F035041,similar,06
BBM,BBM:F024840,BBM:F035128,similar,06
BBM,BBM:F024840,BBM:F035314,similar,06
BBM,BBM:F024840,BBM:F035358,similar,06
BBM,BBM:F024856,BBM:F034698,similar,06
BBM,BBM:F024856,BBM:F034704,similar,06
BBM,BBM:F024856,BBM:F035041,similar,06
BBM,BBM:F024856,BBM:F035128,similar,06
BBM,BBM:F024856,BBM:F035314,similar,06
BBM,BBM:F024856,BBM:F035358,similar,06
BBM,BBM:F034698,BBM:F034704,similar,06
BBM,BBM:F034698,BBM:F035041,similar,06
BBM,BBM:F034698,BBM:F035128,similar,06
BBM,BBM:F034698,BBM:F035314,similar,06
BBM,BBM:F034698,BBM:F035358,similar,06
BBM,BBM:F034704,BBM:F035041,similar,06
BBM,BBM:F034704,BBM:F035128,similar,06
BBM,BBM:F034704,BBM:F035314,similar,06
BBM,BBM:F034704,BBM:F035358,similar,06
BBM,BBM:F035041,BBM:F035128,similar,06
BBM,BBM:F035041,BBM:F035314,similar,06
BBM,BBM:F035041,BBM:F035358,similar,06
BBM,BBM:F035128,BBM:F035314,similar,06
BBM,BBM:F035128,BBM:F035358,similar,06
BBM,BBM:F035314,BBM:F035358,similar,06
BBM,BBM:F024213,BBM:F024229,similar,06
BBM,BBM:F024213,BBM:F024352,similar,06
BBM,BBM:F024229,BBM:F024352,similar,06
BBM,BBM:F024228,BBM:F024311,similar,06
BBM,BBM:F024228,BBM:F024312,similar,06
BBM,BBM:F024228,BBM:F024525,similar,06
BBM,BBM:F024311,BBM:F024312,similar,06
BBM,BBM:F024311,BBM:F024525,similar,06
BBM,BBM:F024312,BBM:F024525,similar,06
BBM,BBM:F024419,BBM:F024529,similar,06
BBM,BBM:F024419,BBM:F024530,similar,06
BBM,BBM:F024419,BBM:F024531,similar,06
BBM,BBM:F024419,BBM:F024705,similar,06
BBM,BBM:F024529,BBM:F024530,similar,06
BBM,BBM:F024529,BBM:F024531,similar,06
BBM,BBM:F024529,BBM:F024705,similar,06
BBM,BBM:F024530,BBM:F024531,similar,06
BBM,BBM:F024530,BBM:F024705,similar,06
BBM,BBM:F024531,BBM:F024705,similar,06
BBM,BBM:F024431,BBM:F034828,similar,06
BBM,BBM:F024502,BBM:F024503,strict,06
BBM,BBM:F024504,BBM:F024669,similar,06
BBM,BBM:F024505,BBM:F024528,similar,06
BBM,BBM:F024532,BBM:F024568,similar,06
BBM,BBM:F024532,BBM:F033660,similar,06
BBM,BBM:F024532,BBM:F033671,similar,06
BBM,BBM:F024568,BBM:F033660,similar,06
BBM,BBM:F024568,BBM:F033671,similar,06
BBM,BBM:F033660,BBM:F033671,similar,06
BBM,BBM:F024538,BBM:F024539,strict,06
BBM,BBM:F024540,BBM:F024541,strict,06
BBM,BBM:F024540,BBM:F024542,strict,06
BBM,BBM:F024541,BBM:F024542,strict,06
BBM,BBM:F024543,BBM:F024544,strict,06
BBM,BBM:F024566,BBM:F024567,strict,06
BBM,BBM:F024569,BBM:F035281,similar,06
BBM,BBM:F024569,BBM:F035620,similar,06
BBM,BBM:F035281,BBM:F035620,similar,06
BBM,BBM:F024572,BBM:F034917,similar,06
BBM,BBM:F024572,BBM:F035467,similar,06
BBM,BBM:F034917,BBM:F035467,similar,06
BBM,BBM:F024725,BBM:F034720,similar,06
BBM,BBM:F024725,BBM:F034815,similar,06
BBM,BBM:F024725,BBM:F035134,similar,06
BBM,BBM:F024725,BBM:F035594,similar,06
BBM,BBM:F034720,BBM:F034815,similar,06
BBM,BBM:F034720,BBM:F035134,similar,06
BBM,BBM:F034720,BBM:F035594,similar,06
BBM,BBM:F034815,BBM:F035134,similar,06
BBM,BBM:F034815,BBM:F035594,similar,06
BBM,BBM:F035134,BBM:F035594,similar,06
BBM,BBM:F024789,BBM:F024841,similar,06
BBM,BBM:F024803,BBM:F027377,similar,06
BBM,BBM:F024803,BBM:F034916,similar,06
BBM,BBM:F027377,BBM:F034916,similar,06
BBM,BBM:F024805,BBM:F035638,similar,06
BBM,BBM:F024857,BBM:F027383,similar,06
BBM,BBM:F024909,BBM:F025295,similar,06
BBM,BBM:F024969,BBM:F024999,similar,06
BBM,BBM:F024995,BBM:F025213,similar,06
BBM,BBM:F024996,BBM:F025214,similar,06
BBM,BBM:F024996,BBM:F034910,similar,06
BBM,BBM:F024996,BBM:F035335,similar,06
BBM,BBM:F024996,BBM:F035596,similar,06
BBM,BBM:F025214,BBM:F034910,similar,06
BBM,BBM:F025214,BBM:F035335,similar,06
BBM,BBM:F025214,BBM:F035596,similar,06
BBM,BBM:F034910,BBM:F035335,similar,06
BBM,BBM:F034910,BBM:F035596,similar,06
BBM,BBM:F035335,BBM:F035596,similar,06
BBM,BBM:F024997,BBM:F024998,strict,06
BBM,BBM:F025161,BBM:F025172,similar,06
BBM,BBM:F025170,BBM:F025233,similar,06
BBM,BBM:F025170,BBM:F025256,similar,06
BBM,BBM:F025170,BBM:F025308,similar,06
BBM,BBM:F025233,BBM:F025256,similar,06
BBM,BBM:F025233,BBM:F025308,similar,06
BBM,BBM:F025256,BBM:F025308,similar,06
BBM,BBM:F025171,BBM:F025190,similar,06
BBM,BBM:F025188,BBM:F025235,similar,06
BBM,BBM:F025188,BBM:F025310,similar,06
BBM,BBM:F025235,BBM:F025310,similar,06
BBM,BBM:F025215,BBM:F025216,strict,06
BBM,BBM:F025234,BBM:F035627,similar,06
BBM,BBM:F025236,BBM:F025245,similar,06
BBM,BBM:F025237,BBM:F034826,similar,06
BBM,BBM:F025275,BBM:F025276,strict,06
BBM,BBM:F025277,BBM:F025293,similar,06
BBM,BBM:F025420,BBM:F025430,similar,06
BBM,BBM:F025421,BBM:F025620,similar,06
BBM,BBM:F025421,BBM:F025621,similar,06
BBM,BBM:F025620,BBM:F025621,similar,06
BBM,BBM:F025422,BBM:F034715,similar,06
BBM,BBM:F025448,BBM:F025496,similar,06
BBM,BBM:F025549,BBM:F025643,similar,06
BBM,BBM:F025574,BBM:F035127,similar,06
BBM,BBM:F025587,BBM:F025597,similar,06
BBM,BBM:F025588,BBM:F025599,similar,06
BBM,BBM:F025598,BBM:F025712,similar,06
BBM,BBM:F025598,BBM:F025736,similar,06
BBM,BBM:F025712,BBM:F025736,similar,06
BBM,BBM:F025619,BBM:F025672,similar,06
BBM,BBM:F025656,BBM:F025695,similar,06
BBM,BBM:F025674,BBM:F025675,strict,06
BBM,BBM:F025691,BBM:F025737,similar,06
BBM,BBM:F025713,BBM:F025740,similar,06
BBM,BBM:F025713,BBM:F025741,similar,06
BBM,BBM:F025713,BBM:F035296,similar,06
BBM,BBM:F025740,BBM:F025741,similar,06
BBM,BBM:F025740,BBM:F035296,similar,06
BBM,BBM:F025741,BBM:F035296,similar,06
BBM,BBM:F025738,BBM:F035124,similar,06
BBM,BBM:F025768,BBM:F025925,similar,06
BBM,BBM:F025768,BBM:F026114,similar,06
BBM,BBM:F025768,BBM:F026259,similar,06
BBM,BBM:F025768,BBM:F028371,similar,06
BBM,BBM:F025768,BBM:F028372,similar,06
BBM,BBM:F025925,BBM:F026114,similar,06
BBM,BBM:F025925,BBM:F026259,similar,06
BBM,BBM:F025925,BBM:F028371,similar,06
BBM,BBM:F025925,BBM:F028372,similar,06
BBM,BBM:F026114,BBM:F026259,similar,06
BBM,BBM:F026114,BBM:F028371,similar,06
BBM,BBM:F026114,BBM:F028372,similar,06
BBM,BBM:F026259,BBM:F028371,similar,06
BBM,BBM:F026259,BBM:F028372,similar,06
BBM,BBM:F028371,BBM:F028372,similar,06
BBM,BBM:F025769,BBM:F025805,similar,06
BBM,BBM:F025769,BBM:F025880,similar,06
BBM,BBM:F025769,BBM:F028361,similar,06
BBM,BBM:F025805,BBM:F025880,similar,06
BBM,BBM:F025805,BBM:F028361,similar,06
BBM,BBM:F025880,BBM:F028361,similar,06
BBM,BBM:F025771,BBM:F025772,strict,06
BBM,BBM:F025835,BBM:F026142,similar,06
BBM,BBM:F025855,BBM:F026091,similar,06
BBM,BBM:F025855,BBM:F026302,similar,06
BBM,BBM:F026091,BBM:F026302,similar,06
BBM,BBM:F025879,BBM:F026090,similar,06
BBM,BBM:F025879,BBM:F026115,similar,06
BBM,BBM:F026090,BBM:F026115,similar,06
BBM,BBM:F026004,BBM:F026088,similar,06
BBM,BBM:F026005,BBM:F026116,similar,06
BBM,BBM:F026087,BBM:F026141,similar,06
BBM,BBM:F026087,BBM:F028369,similar,06
BBM,BBM:F026087,BBM:F028370,similar,06
BBM,BBM:F026141,BBM:F028369,similar,06
BBM,BBM:F026141,BBM:F028370,similar,06
BBM,BBM:F028369,BBM:F028370,similar,06
BBM,BBM:F026089,BBM:F026197,similar,06
BBM,BBM:F026089,BBM:F028360,similar,06
BBM,BBM:F026197,BBM:F028360,similar,06
BBM,BBM:F026444,BBM:F026539,similar,06
BBM,BBM:F026444,BBM:F026540,similar,06
BBM,BBM:F026444,BBM:F026554,similar,06
BBM,BBM:F026444,BBM:F026555,similar,06
BBM,BBM:F026444,BBM:F029692,similar,06
BBM,BBM:F026539,BBM:F026540,similar,06
BBM,BBM:F026539,BBM:F026554,similar,06
BBM,BBM:F026539,BBM:F026555,similar,06
BBM,BBM:F026539,BBM:F029692,similar,06
BBM,BBM:F026540,BBM:F026554,similar,06
BBM,BBM:F026540,BBM:F026555,similar,06
BBM,BBM:F026540,BBM:F029692,similar,06
BBM,BBM:F026554,BBM:F026555,similar,06
BBM,BBM:F026554,BBM:F029692,similar,06
BBM,BBM:F026555,BBM:F029692,similar,06
BBM,BBM:F026446,BBM:F029993,similar,06
BBM,BBM:F026447,BBM:F029970,similar,06
BBM,BBM:F026448,BBM:F026458,similar,06
BBM,BBM:F026456,BBM:F026504,similar,06
BBM,BBM:F026457,BBM:F026567,similar,06
BBM,BBM:F026457,BBM:F026610,similar,06
BBM,BBM:F026457,BBM:F029955,similar,06
BBM,BBM:F026457,BBM:F029997,similar,06
BBM,BBM:F026457,BBM:F032437,similar,06
BBM,BBM:F026567,BBM:F026610,similar,06
BBM,BBM:F026567,BBM:F029955,similar,06
BBM,BBM:F026567,BBM:F029997,similar,06
BBM,BBM:F026567,BBM:F032437,similar,06
BBM,BBM:F026610,BBM:F029955,similar,06
BBM,BBM:F026610,BBM:F029997,similar,06
BBM,BBM:F026610,BBM:F032437,similar,06
BBM,BBM:F029955,BBM:F029997,similar,06
BBM,BBM:F029955,BBM:F032437,similar,06
BBM,BBM:F029997,BBM:F032437,similar,06
BBM,BBM:F026469,BBM:F026541,similar,06
BBM,BBM:F026490,BBM:F026491,strict,06
BBM,BBM:F026515,BBM:F026656,similar,06
BBM,BBM:F026515,BBM:F029808,similar,06
BBM,BBM:F026515,BBM:F029846,similar,06
BBM,BBM:F026515,BBM:F030019,similar,06
BBM,BBM:F026515,BBM:F034785,similar,06
BBM,BBM:F026656,BBM:F029808,similar,06
BBM,BBM:F026656,BBM:F029846,similar,06
BBM,BBM:F026656,BBM:F030019,similar,06
BBM,BBM:F026656,BBM:F034785,similar,06
BBM,BBM:F029808,BBM:F029846,similar,06
BBM,BBM:F029808,BBM:F030019,similar,06
BBM,BBM:F029808,BBM:F034785,similar,06
BBM,BBM:F029846,BBM:F030019,similar,06
BBM,BBM:F029846,BBM:F034785,similar,06
BBM,BBM:F030019,BBM:F034785,similar,06
BBM,BBM:F026556,BBM:F029802,similar,06
BBM,BBM:F026556,BBM:F030517,similar,06
BBM,BBM:F029802,BBM:F030517,similar,06
BBM,BBM:F026595,BBM:F030518,similar,06
BBM,BBM:F026617,BBM:F026620,similar,06
BBM,BBM:F026631,BBM:F026632,strict,06
BBM,BBM:F026634,BBM:F029954,similar,06
BBM,BBM:F026635,BBM:F029847,similar,06
BBM,BBM:F026635,BBM:F029971,similar,06
BBM,BBM:F029847,BBM:F029971,similar,06
BBM,BBM:F026636,BBM:F029812,similar,06
BBM,BBM:F026670,BBM:F026695,similar,06
BBM,BBM:F026670,BBM:F026909,similar,06
BBM,BBM:F026670,BBM:F027171,similar,06
BBM,BBM:F026670,BBM:F027206,similar,06
BBM,BBM:F026670,BBM:F027232,similar,06
BBM,BBM:F026670,BBM:F027363,similar,06
BBM,BBM:F026695,BBM:F026909,similar,06
BBM,BBM:F026695,BBM:F027171,similar,06
BBM,BBM:F026695,BBM:F027206,similar,06
BBM,BBM:F026695,BBM:F027232,similar,06
BBM,BBM:F026695,BBM:F027363,similar,06
BBM,BBM:F026909,BBM:F027171,similar,06
BBM,BBM:F026909,BBM:F027206,similar,06
BBM,BBM:F026909,BBM:F027232,similar,06
BBM,BBM:F026909,BBM:F027363,similar,06
BBM,BBM:F027171,BBM:F027206,similar,06
BBM,BBM:F027171,BBM:F027232,similar,06
BBM,BBM:F027171,BBM:F027363,similar,06
BBM,BBM:F027206,BBM:F027232,similar,06
BBM,BBM:F027206,BBM:F027363,similar,06
BBM,BBM:F027232,BBM:F027363,similar,06
BBM,BBM:F026671,BBM:F026926,similar,06
BBM,BBM:F026671,BBM:F026935,similar,06
BBM,BBM:F026671,BBM:F027004,similar,06
BBM,BBM:F026671,BBM:F027082,similar,06
BBM,BBM:F026926,BBM:F026935,similar,06
BBM,BBM:F026926,BBM:F027004,similar,06
BBM,BBM:F026926,BBM:F027082,similar,06
BBM,BBM:F026935,BBM:F027004,similar,06
BBM,BBM:F026935,BBM:F027082,similar,06
BBM,BBM:F027004,BBM:F027082,similar,06
BBM,BBM:F026725,BBM:F027235,similar,06
BBM,BBM:F026725,BBM:F027312,similar,06
BBM,BBM:F027235,BBM:F027312,similar,06
BBM,BBM:F026726,BBM:F027101,similar,06
BBM,BBM:F026726,BBM:F027130,similar,06
BBM,BBM:F026726,BBM:F027238,similar,06
BBM,BBM:F026726,BBM:F027239,similar,06
BBM,BBM:F027101,BBM:F027130,similar,06
BBM,BBM:F027101,BBM:F027238,similar,06
BBM,BBM:F027101,BBM:F027239,similar,06
BBM,BBM:F027130,BBM:F027238,similar,06
BBM,BBM:F027130,BBM:F027239,similar,06
BBM,BBM:F027238,BBM:F027239,similar,06
BBM,BBM:F026768,BBM:F027266,similar,06
BBM,BBM:F026768,BBM:F027313,similar,06
BBM,BBM:F027266,BBM:F027313,similar,06
BBM,BBM:F026801,BBM:F027147,similar,06
BBM,BBM:F026801,BBM:F027261,similar,06
BBM,BBM:F027147,BBM:F027261,similar,06
BBM,BBM:F026834,BBM:F034707,similar,06
BBM,BBM:F026910,BBM:F027081,similar,06
BBM,BBM:F026910,BBM:F027129,similar,06
BBM,BBM:F026910,BBM:F027233,similar,06
BBM,BBM:F026910,BBM:F027342,similar,06
BBM,BBM:F027081,BBM:F027129,similar,06
BBM,BBM:F027081,BBM:F027233,similar,06
BBM,BBM:F027081,BBM:F027342,similar,06
BBM,BBM:F027129,BBM:F027233,similar,06
BBM,BBM:F027129,BBM:F027342,similar,06
BBM,BBM:F027233,BBM:F027342,similar,06
BBM,BBM:F026934,BBM:F026986,similar,06
BBM,BBM:F026934,BBM:F027080,similar,06
BBM,BBM:F026934,BBM:F027148,similar,06
BBM,BBM:F026986,BBM:F027080,similar,06
BBM,BBM:F026986,BBM:F027148,similar,06
BBM,BBM:F027080,BBM:F027148,similar,06
BBM,BBM:F026987,BBM:F026988,strict,06
BBM,BBM:F027003,BBM:F027236,similar,06
BBM,BBM:F027003,BBM:F032397,similar,06
BBM,BBM:F027236,BBM:F032397,similar,06
BBM,BBM:F027076,BBM:F027097,similar,06
BBM,BBM:F027100,BBM:F034657,similar,06
BBM,BBM:F027100,BBM:F035431,similar,06
BBM,BBM:F027100,BBM:F035631,similar,06
BBM,BBM:F034657,BBM:F035431,similar,06
BBM,BBM:F034657,BBM:F035631,similar,06
BBM,BBM:F035431,BBM:F035631,similar,06
BBM,BBM:F027102,BBM:F027240,similar,06
BBM,BBM:F027128,BBM:F027231,similar,06
BBM,BBM:F027207,BBM:F035299,similar,06
BBM,BBM:F027207,BBM:F035457,similar,06
BBM,BBM:F035299,BBM:F035457,similar,06
BBM,BBM:F027237,BBM:F027286,similar,06
BBM,BBM:F027262,BBM:F027263,strict,06
BBM,BBM:F027287,BBM:F027288,strict,06
BBM,BBM:F027425,BBM:F027426,strict,06
BBM,BBM:F027634,BBM:F027635,strict,06
BBM,BBM:F027634,BBM:F027636,strict,06
BBM,BBM:F027635,BBM:F027636,strict,06
BBM,BBM:F027637,BBM:F027638,strict,06
BBM,BBM:F027640,BBM:F027641,strict,06
BBM,BBM:F028086,BBM:F035012,similar,06
BBM,BBM:F028395,BBM:F028407,strict,06
BBM,BBM:F028780,BBM:F032491,similar,06
BBM,BBM:F028781,BBM:F028812,similar,06
BBM,BBM:F028781,BBM:F032493,similar,06
BBM,BBM:F028781,BBM:F032494,similar,06
BBM,BBM:F028812,BBM:F032493,similar,06
BBM,BBM:F028812,BBM:F032494,similar,06
BBM,BBM:F032493,BBM:F032494,similar,06
BBM,BBM:F028789,BBM:F029032,similar,06
BBM,BBM:F028789,BBM:F029033,similar,06
BBM,BBM:F029032,BBM:F029033,similar,06
BBM,BBM:F028940,BBM:F029008,similar,06
BBM,BBM:F028940,BBM:F032497,similar,06
BBM,BBM:F028940,BBM:F032498,similar,06
BBM,BBM:F029008,BBM:F032497,similar,06
BBM,BBM:F029008,BBM:F032498,similar,06
BBM,BBM:F032497,BBM:F032498,similar,06
BBM,BBM:F028941,BBM:F032500,similar,06
BBM,BBM:F028942,BBM:F029051,similar,06
BBM,BBM:F028943,BBM:F028995,similar,06
BBM,BBM:F028943,BBM:F029011,similar,06
BBM,BBM:F028943,BBM:F032506,similar,06
BBM,BBM:F028995,BBM:F029011,similar,06
BBM,BBM:F028995,BBM:F032506,similar,06
BBM,BBM:F029011,BBM:F032506,similar,06
BBM,BBM:F028971,BBM:F029009,similar,06
BBM,BBM:F028973,BBM:F028993,similar,06
BBM,BBM:F028973,BBM:F029050,similar,06
BBM,BBM:F028993,BBM:F029050,similar,06
BBM,BBM:F028974,BBM:F029031,similar,06
BBM,BBM:F028991,BBM:F029028,similar,06
BBM,BBM:F028991,BBM:F029029,similar,06
BBM,BBM:F028991,BBM:F029030,similar,06
BBM,BBM:F028991,BBM:F032495,similar,06
BBM,BBM:F028991,BBM:F032496,similar,06
BBM,BBM:F029028,BBM:F029029,similar,06
BBM,BBM:F029028,BBM:F029030,similar,06
BBM,BBM:F029028,BBM:F032495,similar,06
BBM,BBM:F029028,BBM:F032496,similar,06
BBM,BBM:F029029,BBM:F029030,similar,06
BBM,BBM:F029029,BBM:F032495,similar,06
BBM,BBM:F029029,BBM:F032496,similar,06
BBM,BBM:F029030,BBM:F032495,similar,06
BBM,BBM:F029030,BBM:F032496,similar,06
BBM,BBM:F032495,BBM:F032496,similar,06
BBM,BBM:F029012,BBM:F032507,similar,06
BBM,BBM:F029013,BBM:F032509,similar,06
BBM,BBM:F029052,BBM:F032503,similar,06
BBM,BBM:F029052,BBM:F032504,similar,06
BBM,BBM:F032503,BBM:F032504,similar,06
BBM,BBM:F029053,BBM:F032505,similar,06
BBM,BBM:F029070,BBM:F029152,similar,06
BBM,BBM:F029108,BBM:F029192,similar,06
BBM,BBM:F029108,BBM:F029229,similar,06
BBM,BBM:F029192,BBM:F029229,similar,06
BBM,BBM:F029135,BBM:F029149,similar,06
BBM,BBM:F029135,BBM:F029193,similar,06
BBM,BBM:F029135,BBM:F029290,similar,06
BBM,BBM:F029135,BBM:F029658,similar,06
BBM,BBM:F029149,BBM:F029193,similar,06
BBM,BBM:F029149,BBM:F029290,similar,06
BBM,BBM:F029149,BBM:F029658,similar,06
BBM,BBM:F029193,BBM:F029290,similar,06
BBM,BBM:F029193,BBM:F029658,similar,06
BBM,BBM:F029290,BBM:F029658,similar,06
BBM,BBM:F029136,BBM:F029352,similar,06
BBM,BBM:F029137,BBM:F029154,similar,06
BBM,BBM:F029137,BBM:F029639,similar,06
BBM,BBM:F029154,BBM:F029639,similar,06
BBM,BBM:F029151,BBM:F029291,similar,06
BBM,BBM:F029151,BBM:F029324,similar,06
BBM,BBM:F029151,BBM:F029335,similar,06
BBM,BBM:F029151,BBM:F029351,similar,06
BBM,BBM:F029151,BBM:F029404,similar,06
BBM,BBM:F029291,BBM:F029324,similar,06
BBM,BBM:F029291,BBM:F029335,similar,06
BBM,BBM:F029291,BBM:F029351,similar,06
BBM,BBM:F029291,BBM:F029404,similar,06
BBM,BBM:F029324,BBM:F029335,similar,06
BBM,BBM:F029324,BBM:F029351,similar,06
BBM,BBM:F029324,BBM:F029404,similar,06
BBM,BBM:F029335,BBM:F029351,similar,06
BBM,BBM:F029335,BBM:F029404,similar,06
BBM,BBM:F029351,BBM:F029404,similar,06
BBM,BBM:F029153,BBM:F029623,similar,06
BBM,BBM:F029168,BBM:F029230,similar,06
BBM,BBM:F029168,BBM:F029656,similar,06
BBM,BBM:F029230,BBM:F029656,similar,06
BBM,BBM:F029174,BBM:F032501,similar,06
BBM,BBM:F029194,BBM:F029371,similar,06
BBM,BBM:F029273,BBM:F029281,similar,06
BBM,BBM:F029273,BBM:F029369,similar,06
BBM,BBM:F029273,BBM:F029607,similar,06
BBM,BBM:F029281,BBM:F029369,similar,06
BBM,BBM:F029281,BBM:F029607,similar,06
BBM,BBM:F029369,BBM:F029607,similar,06
BBM,BBM:F029274,BBM:F029326,similar,06
BBM,BBM:F029313,BBM:F029465,similar,06
BBM,BBM:F029313,BBM:F029547,similar,06
BBM,BBM:F029465,BBM:F029547,similar,06
BBM,BBM:F029334,BBM:F029347,similar,06
BBM,BBM:F029334,BBM:F029348,similar,06
BBM,BBM:F029347,BBM:F029348,similar,06
BBM,BBM:F029349,BBM:F029403,similar,06
BBM,BBM:F029405,BBM:F029431,similar,06
BBM,BBM:F029405,BBM:F029432,similar,06
BBM,BBM:F029405,BBM:F029535,similar,06
BBM,BBM:F029405,BBM:F029638,similar,06
BBM,BBM:F029431,BBM:F029432,similar,06
BBM,BBM:F029431,BBM:F029535,similar,06
BBM,BBM:F029431,BBM:F029638,similar,06
BBM,BBM:F029432,BBM:F029535,similar,06
BBM,BBM:F029432,BBM:F029638,similar,06
BBM,BBM:F029535,BBM:F029638,similar,06
BBM,BBM:F029430,BBM:F029534,similar,06
BBM,BBM:F029558,BBM:F029574,similar,06
BBM,BBM:F029622,BBM:F032502,similar,06
BBM,BBM:F029671,BBM:F029683,similar,06
BBM,BBM:F029767,BBM:F032435,strict,06
BBM,BBM:F029804,BBM:F029805,similar,06
BBM,BBM:F029804,BBM:F029845,similar,06
BBM,BBM:F029804,BBM:F029904,similar,06
BBM,BBM:F029804,BBM:F029934,similar,06
BBM,BBM:F029805,BBM:F029845,similar,06
BBM,BBM:F029805,BBM:F029904,similar,06
BBM,BBM:F029805,BBM:F029934,similar,06
BBM,BBM:F029845,BBM:F029904,similar,06
BBM,BBM:F029845,BBM:F029934,similar,06
BBM,BBM:F029904,BBM:F029934,similar,06
BBM,BBM:F029809,BBM:F029810,strict,06
BBM,BBM:F029811,BBM:F029906,similar,06
BBM,BBM:F029876,BBM:F029991,similar,06
BBM,BBM:F029968,BBM:F029969,strict,06
BBM,BBM:F030363,BBM:F030364,strict,06
BBM,BBM:F030454,BBM:F030868,similar,06
BBM,BBM:F030555,BBM:F030636,similar,06
BBM,BBM:F030555,BBM:F030684,similar,06
BBM,BBM:F030555,BBM:F030823,similar,06
BBM,BBM:F030636,BBM:F030684,similar,06
BBM,BBM:F030636,BBM:F030823,similar,06
BBM,BBM:F030684,BBM:F030823,similar,06
BBM,BBM:F030701,BBM:F030763,similar,06
BBM,BBM:F030754,BBM:F030840,similar,06
BBM,BBM:F030754,BBM:F030852,similar,06
BBM,BBM:F030840,BBM:F030852,similar,06
BBM,BBM:F030755,BBM:F030853,similar,06
BBM,BBM:F030824,BBM:F030854,similar,06
BBM,BBM:F031479,BBM:F031991,similar,06
BBM,BBM:F031595,BBM:F031619,similar,06
BBM,BBM:F031596,BBM:F031603,similar,06
BBM,BBM:F031596,BBM:F031620,similar,06
BBM,BBM:F031603,BBM:F031620,similar,06
BBM,BBM:F031647,BBM:F031790,similar,06
BBM,BBM:F031648,BBM:F031732,similar,06
BBM,BBM:F031648,BBM:F031791,similar,06
BBM,BBM:F031648,BBM:F031876,similar,06
BBM,BBM:F031648,BBM:F031877,similar,06
BBM,BBM:F031648,BBM:F031957,similar,06
BBM,BBM:F031732,BBM:F031791,similar,06
BBM,BBM:F031732,BBM:F031876,similar,06
BBM,BBM:F031732,BBM:F031877,similar,06
BBM,BBM:F031732,BBM:F031957,similar,06
BBM,BBM:F031791,BBM:F031876,similar,06
BBM,BBM:F031791,BBM:F031877,similar,06
BBM,BBM:F031791,BBM:F031957,similar,06
BBM,BBM:F031876,BBM:F031877,similar,06
BBM,BBM:F031876,BBM:F031957,similar,06
BBM,BBM:F031877,BBM:F031957,similar,06
BBM,BBM:F031789,BBM:F031920,similar,06
BBM,BBM:F031789,BBM:F031993,similar,06
BBM,BBM:F031920,BBM:F031993,similar,06
BBM,BBM:F031793,BBM:F031922,similar,06
BBM,BBM:F031826,BBM:F031995,similar,06
BBM,BBM:F031827,BBM:F032005,similar,06
BBM,BBM:F031844,BBM:F031990,similar,06
BBM,BBM:F031862,BBM:F031997,similar,06
BBM,BBM:F031862,BBM:F031998,similar,06
BBM,BBM:F031997,BBM:F031998,similar,06
BBM,BBM:F031864,BBM:F032001,similar,06
BBM,BBM:F031865,BBM:F032007,similar,06
BBM,BBM:F031875,BBM:F031894,similar,06
BBM,BBM:F031875,BBM:F031909,similar,06
BBM,BBM:F031875,BBM:F031921,similar,06
BBM,BBM:F031875,BBM:F032000,similar,06
BBM,BBM:F031894,BBM:F031909,similar,06
BBM,BBM:F031894,BBM:F031921,similar,06
BBM,BBM:F031894,BBM:F032000,similar,06
BBM,BBM:F031909,BBM:F031921,similar,06
BBM,BBM:F031909,BBM:F032000,similar,06
BBM,BBM:F031921,BBM:F032000,similar,06
BBM,BBM:F031893,BBM:F031938,similar,06
BBM,BBM:F032081,BBM:F034165,similar,06
BBM,BBM:F032081,BBM:F034186,similar,06
BBM,BBM:F032081,BBM:F034196,similar,06
BBM,BBM:F034165,BBM:F034186,similar,06
BBM,BBM:F034165,BBM:F034196,similar,06
BBM,BBM:F034186,BBM:F034196,similar,06
BBM,BBM:F034188,BBM:F034197,similar,06
mo,MO:255376,MO:259554,similar,06
mo,MO:255376,MO:336977,similar,06
mo,MO:255376,MO:435475,similar,06
mo,MO:259554,MO:336977,similar,06
mo,MO:259554,MO:435475,similar,06
mo,MO:336977,MO:435475,similar,06
BBM,BBM:F034834,BBM:F035287,similar,06
BBM,BBM:F035011,BBM:F035648,similar,06
mo,MO:110578,MO:119711,similar,06
mo,MO:110578,MO:167383,similar,06
mo,MO:110578,MO:355966,similar,06
mo,MO:110578,MO:394678,similar,06
mo,MO:119711,MO:167383,similar,06
mo,MO:119711,MO:355966,similar,06
mo,MO:119711,MO:394678,similar,06
mo,MO:167383,MO:355966,similar,06
mo,MO:167383,MO:394678,similar,06
mo,MO:355966,MO:394678,similar,06
mo,MO:118092,MO:120059,similar,06
mo,MO:134707,MO:144005,similar,06
mo,MO:261788,MO:264303,similar,06
mo,MO:273899,MO:274258,similar,06
mo,MO:306787,MO:306903,similar,06
mo,MO:306787,MO:307158,similar,06
mo,MO:306903,MO:307158,similar,06
mo,MO:306909,MO:341956,similar,06
mo,MO:306910,MO:352857,similar,06
mo,MO:355942,MO:409342,similar,06
mo,MO:358908,MO:361905,similar,06
mo,MO:367646,MO:387989,similar,06
mo,MO:367803,MO:388021,similar,06
mo,MO:367803,MO:414395,similar,06
mo,MO:388021,MO:414395,similar,06
BBM,BBM:F013245,BBM:F013246,strict,06
BBM,BBM:F013256,BBM:F013257,similar,06
BBM,BBM:F024386,BBM:F035061,similar,06
BBM,BBM:F026848,BBM:F027175,similar,06
BBM,BBM:F026871,BBM:F026893,similar,06
BBM,BBM:F026871,BBM:F026922,similar,06
BBM,BBM:F026893,BBM:F026922,similar,06
BBM,BBM:F005088,BBM:F021740,similar,06
BBM,BBM:F005088,BBM:F021985,similar,06
BBM,BBM:F005088,BBM:F022193,similar,06
BBM,BBM:F021740,BBM:F021985,similar,06
BBM,BBM:F021740,BBM:F022193,similar,06
BBM,BBM:F021985,BBM:F022193,similar,06
BBM,BBM:F007902,BBM:F023176,similar,06
BBM,BBM:F007902,BBM:F023178,similar,06
BBM,BBM:F007902,BBM:F023189,similar,06
BBM,BBM:F007902,BBM:F023198,similar,06
BBM,BBM:F007902,BBM:F034095,similar,06
BBM,BBM:F007902,BBM:F034097,similar,06
BBM,BBM:F007902,BBM:F034098,similar,06
BBM,BBM:F007902,BBM:F034099,similar,06
BBM,BBM:F007902,BBM:F034100,similar,06
BBM,BBM:F007902,BBM:F034229,similar,06
BBM,BBM:F007902,BBM:F034232,similar,06
BBM,BBM:F007902,BBM:F034235,similar,06
BBM,BBM:F007902,BBM:F034238,similar,06
BBM,BBM:F007902,BBM:F034239,similar,06
BBM,BBM:F007902,BBM:F034240,similar,06
BBM,BBM:F007902,BBM:F034253,similar,06
BBM,BBM:F007902,BBM:F034287,similar,06
BBM,BBM:F007902,BBM:F034293,similar,06
BBM,BBM:F007902,BBM:F034294,similar,06
BBM,BBM:F007902,BBM:F034295,similar,06
BBM,BBM:F007902,BBM:F034302,similar,06
BBM,BBM:F007902,BBM:F034306,similar,06
BBM,BBM:F007902,BBM:F034312,similar,06
BBM,BBM:F007902,BBM:F034498,similar,06
BBM,BBM:F007902,BBM:F034500,similar,06
BBM,BBM:F007902,BBM:F034501,similar,06
BBM,BBM:F007902,BBM:F034869,similar,06
BBM,BBM:F007902,BBM:F034924,similar,06
BBM,BBM:F007902,BBM:F034925,similar,06
BBM,BBM:F007902,BBM:F034934,similar,06
BBM,BBM:F007902,BBM:F035083,similar,06
BBM,BBM:F007902,BBM:F035106,similar,06
BBM,BBM:F007902,BBM:F035107,similar,06
BBM,BBM:F007902,BBM:F035193,similar,06
BBM,BBM:F007902,BBM:F035200,similar,06
BBM,BBM:F007902,BBM:F035206,similar,06
BBM,BBM:F007902,BBM:F035235,similar,06
BBM,BBM:F007902,BBM:F035402,similar,06
BBM,BBM:F007902,BBM:F035509,similar,06
BBM,BBM:F007902,BBM:F035549,similar,06
BBM,BBM:F007902,BBM:F035756,similar,06
BBM,BBM:F007902,BBM:F035757,similar,06
BBM,BBM:F007902,BBM:F035763,similar,06
BBM,BBM:F007902,BBM:F035771,similar,06
BBM,BBM:F007902,BBM:F035776,similar,06
BBM,BBM:F023176,BBM:F023178,similar,06
BBM,BBM:F023176,BBM:F023189,similar,06
BBM,BBM:F023176,BBM:F023198,similar,06
BBM,BBM:F023176,BBM:F034095,similar,06
BBM,BBM:F023176,BBM:F034097,similar,06
BBM,BBM:F023176,BBM:F034098,similar,06
BBM,BBM:F023176,BBM:F034099,similar,06
BBM,BBM:F023176,BBM:F034100,similar,06
BBM,BBM:F023176,BBM:F034229,similar,06
BBM,BBM:F023176,BBM:F034232,similar,06
BBM,BBM:F023176,BBM:F034235,similar,06
BBM,BBM:F023176,BBM:F034238,similar,06
BBM,BBM:F023176,BBM:F034239,similar,06
BBM,BBM:F023176,BBM:F034240,similar,06
BBM,BBM:F023176,BBM:F034253,similar,06
BBM,BBM:F023176,BBM:F034287,similar,06
BBM,BBM:F023176,BBM:F034293,similar,06
BBM,BBM:F023176,BBM:F034294,similar,06
BBM,BBM:F023176,BBM:F034295,similar,06
BBM,BBM:F023176,BBM:F034302,similar,06
BBM,BBM:F023176,BBM:F034306,similar,06
BBM,BBM:F023176,BBM:F034312,similar,06
BBM,BBM:F023176,BBM:F034498,similar,06
BBM,BBM:F023176,BBM:F034500,similar,06
BBM,BBM:F023176,BBM:F034501,similar,06
BBM,BBM:F023176,BBM:F034869,similar,06
BBM,BBM:F023176,BBM:F034924,similar,06
BBM,BBM:F023176,BBM:F034925,similar,06
BBM,BBM:F023176,BBM:F034934,similar,06
BBM,BBM:F023176,BBM:F035083,similar,06
BBM,BBM:F023176,BBM:F035106,similar,06
BBM,BBM:F023176,BBM:F035107,similar,06
BBM,BBM:F023176,BBM:F035193,similar,06
BBM,BBM:F023176,BBM:F035200,similar,06
BBM,BBM:F023176,BBM:F035206,similar,06
BBM,BBM:F023176,BBM:F035235,similar,06
BBM,BBM:F023176,BBM:F035402,similar,06
BBM,BBM:F023176,BBM:F035509,similar,06
BBM,BBM:F023176,BBM:F035549,similar,06
BBM,BBM:F023176,BBM:F035756,similar,06
BBM,BBM:F023176,BBM:F035757,similar,06
BBM,BBM:F023176,BBM:F035763,similar,06
BBM,BBM:F023176,BBM:F035771,similar,06
BBM,BBM:F023176,BBM:F035776,similar,06
BBM,BBM:F023178,BBM:F023189,similar,06
BBM,BBM:F023178,BBM:F023198,similar,06
BBM,BBM:F023178,BBM:F034095,similar,06
BBM,BBM:F023178,BBM:F034097,similar,06
BBM,BBM:F023178,BBM:F034098,similar,06
BBM,BBM:F023178,BBM:F034099,similar,06
BBM,BBM:F023178,BBM:F034100,similar,06
BBM,BBM:F023178,BBM:F034229,similar,06
BBM,BBM:F023178,BBM:F034232,similar,06
BBM,BBM:F023178,BBM:F034235,similar,06
BBM,BBM:F023178,BBM:F034238,similar,06
BBM,BBM:F023178,BBM:F034239,similar,06
BBM,BBM:F023178,BBM:F034240,similar,06
BBM,BBM:F023178,BBM:F034253,similar,06
BBM,BBM:F023178,BBM:F034287,similar,06
BBM,BBM:F023178,BBM:F034293,similar,06
BBM,BBM:F023178,BBM:F034294,similar,06
BBM,BBM:F023178,BBM:F034295,similar,06
BBM,BBM:F023178,BBM:F034302,similar,06
BBM,BBM:F023178,BBM:F034306,similar,06
BBM,BBM:F023178,BBM:F034312,similar,06
BBM,BBM:F023178,BBM:F034498,similar,06
BBM,BBM:F023178,BBM:F034500,similar,06
BBM,BBM:F023178,BBM:F034501,similar,06
BBM,BBM:F023178,BBM:F034869,similar,06
BBM,BBM:F023178,BBM:F034924,similar,06
BBM,BBM:F023178,BBM:F034925,similar,06
BBM,BBM:F023178,BBM:F034934,similar,06
BBM,BBM:F023178,BBM:F035083,similar,06
BBM,BBM:F023178,BBM:F035106,similar,06
BBM,BBM:F023178,BBM:F035107,similar,06
BBM,BBM:F023178,BBM:F035193,similar,06
BBM,BBM:F023178,BBM:F035200,similar,06
BBM,BBM:F023178,BBM:F035206,similar,06
BBM,BBM:F023178,BBM:F035235,similar,06
BBM,BBM:F023178,BBM:F035402,similar,06
BBM,BBM:F023178,BBM:F035509,similar,06
BBM,BBM:F023178,BBM:F035549,similar,06
BBM,BBM:F023178,BBM:F035756,similar,06
BBM,BBM:F023178,BBM:F035757,similar,06
BBM,BBM:F023178,BBM:F035763,similar,06
BBM,BBM:F023178,BBM:F035771,similar,06
BBM,BBM:F023178,BBM:F035776,similar,06
BBM,BBM:F023189,BBM:F023198,similar,06
BBM,BBM:F023189,BBM:F034095,similar,06
BBM,BBM:F023189,BBM:F034097,similar,06
BBM,BBM:F023189,BBM:F034098,similar,06
BBM,BBM:F023189,BBM:F034099,similar,06
BBM,BBM:F023189,BBM:F034100,similar,06
BBM,BBM:F023189,BBM:F034229,similar,06
BBM,BBM:F023189,BBM:F034232,similar,06
BBM,BBM:F023189,BBM:F034235,similar,06
BBM,BBM:F023189,BBM:F034238,similar,06
BBM,BBM:F023189,BBM:F034239,similar,06
BBM,BBM:F023189,BBM:F034240,similar,06
BBM,BBM:F023189,BBM:F034253,similar,06
BBM,BBM:F023189,BBM:F034287,similar,06
BBM,BBM:F023189,BBM:F034293,similar,06
BBM,BBM:F023189,BBM:F034294,similar,06
BBM,BBM:F023189,BBM:F034295,similar,06
BBM,BBM:F023189,BBM:F034302,similar,06
BBM,BBM:F023189,BBM:F034306,similar,06
BBM,BBM:F023189,BBM:F034312,similar,06
BBM,BBM:F023189,BBM:F034498,similar,06
BBM,BBM:F023189,BBM:F034500,similar,06
BBM,BBM:F023189,BBM:F034501,similar,06
BBM,BBM:F023189,BBM:F034869,similar,06
BBM,BBM:F023189,BBM:F034924,similar,06
BBM,BBM:F023189,BBM:F034925,similar,06
BBM,BBM:F023189,BBM:F034934,similar,06
BBM,BBM:F023189,BBM:F035083,similar,06
BBM,BBM:F023189,BBM:F035106,similar,06
BBM,BBM:F023189,BBM:F035107,similar,06
BBM,BBM:F023189,BBM:F035193,similar,06
BBM,BBM:F023189,BBM:F035200,similar,06
BBM,BBM:F023189,BBM:F035206,similar,06
BBM,BBM:F023189,BBM:F035235,similar,06
BBM,BBM:F023189,BBM:F035402,similar,06
BBM,BBM:F023189,BBM:F035509,similar,06
BBM,BBM:F023189,BBM:F035549,similar,06
BBM,BBM:F023189,BBM:F035756,similar,06
BBM,BBM:F023189,BBM:F035757,similar,06
BBM,BBM:F023189,BBM:F035763,similar,06
BBM,BBM:F023189,BBM:F035771,similar,06
BBM,BBM:F023189,BBM:F035776,similar,06
BBM,BBM:F023198,BBM:F034095,similar,06
BBM,BBM:F023198,BBM:F034097,similar,06
BBM,BBM:F023198,BBM:F034098,similar,06
BBM,BBM:F023198,BBM:F034099,similar,06
BBM,BBM:F023198,BBM:F034100,similar,06
BBM,BBM:F023198,BBM:F034229,similar,06
BBM,BBM:F023198,BBM:F034232,similar,06
BBM,BBM:F023198,BBM:F034235,similar,06
BBM,BBM:F023198,BBM:F034238,similar,06
BBM,BBM:F023198,BBM:F034239,similar,06
BBM,BBM:F023198,BBM:F034240,similar,06
BBM,BBM:F023198,BBM:F034253,similar,06
BBM,BBM:F023198,BBM:F034287,similar,06
BBM,BBM:F023198,BBM:F034293,similar,06
BBM,BBM:F023198,BBM:F034294,similar,06
BBM,BBM:F023198,BBM:F034295,similar,06
BBM,BBM:F023198,BBM:F034302,similar,06
BBM,BBM:F023198,BBM:F034306,similar,06
BBM,BBM:F023198,BBM:F034312,similar,06
BBM,BBM:F023198,BBM:F034498,similar,06
BBM,BBM:F023198,BBM:F034500,similar,06
BBM,BBM:F023198,BBM:F034501,similar,06
BBM,BBM:F023198,BBM:F034869,similar,06
BBM,BBM:F023198,BBM:F034924,similar,06
BBM,BBM:F023198,BBM:F034925,similar,06
BBM,BBM:F023198,BBM:F034934,similar,06
BBM,BBM:F023198,BBM:F035083,similar,06
BBM,BBM:F023198,BBM:F035106,similar,06
BBM,BBM:F023198,BBM:F035107,similar,06
BBM,BBM:F023198,BBM:F035193,similar,06
BBM,BBM:F023198,BBM:F035200,similar,06
BBM,BBM:F023198,BBM:F035206,similar,06
BBM,BBM:F023198,BBM:F035235,similar,06
BBM,BBM:F023198,BBM:F035402,similar,06
BBM,BBM:F023198,BBM:F035509,similar,06
BBM,BBM:F023198,BBM:F035549,similar,06
BBM,BBM:F023198,BBM:F035756,similar,06
BBM,BBM:F023198,BBM:F035757,similar,06
BBM,BBM:F023198,BBM:F035763,similar,06
BBM,BBM:F023198,BBM:F035771,similar,06
BBM,BBM:F023198,BBM:F035776,similar,06
BBM,BBM:F034095,BBM:F034097,similar,06
BBM,BBM:F034095,BBM:F034098,similar,06
BBM,BBM:F034095,BBM:F034099,similar,06
BBM,BBM:F034095,BBM:F034100,similar,06
BBM,BBM:F034095,BBM:F034229,similar,06
BBM,BBM:F034095,BBM:F034232,similar,06
BBM,BBM:F034095,BBM:F034235,similar,06
BBM,BBM:F034095,BBM:F034238,similar,06
BBM,BBM:F034095,BBM:F034239,similar,06
BBM,BBM:F034095,BBM:F034240,similar,06
BBM,BBM:F034095,BBM:F034253,similar,06
BBM,BBM:F034095,BBM:F034287,similar,06
BBM,BBM:F034095,BBM:F034293,similar,06
BBM,BBM:F034095,BBM:F034294,similar,06
BBM,BBM:F034095,BBM:F034295,similar,06
BBM,BBM:F034095,BBM:F034302,similar,06
BBM,BBM:F034095,BBM:F034306,similar,06
BBM,BBM:F034095,BBM:F034312,similar,06
BBM,BBM:F034095,BBM:F034498,similar,06
BBM,BBM:F034095,BBM:F034500,similar,06
BBM,BBM:F034095,BBM:F034501,similar,06
BBM,BBM:F034095,BBM:F034869,similar,06
BBM,BBM:F034095,BBM:F034924,similar,06
BBM,BBM:F034095,BBM:F034925,similar,06
BBM,BBM:F034095,BBM:F034934,similar,06
BBM,BBM:F034095,BBM:F035083,similar,06
BBM,BBM:F034095,BBM:F035106,similar,06
BBM,BBM:F034095,BBM:F035107,similar,06
BBM,BBM:F034095,BBM:F035193,similar,06
BBM,BBM:F034095,BBM:F035200,similar,06
BBM,BBM:F034095,BBM:F035206,similar,06
BBM,BBM:F034095,BBM:F035235,similar,06
BBM,BBM:F034095,BBM:F035402,similar,06
BBM,BBM:F034095,BBM:F035509,similar,06
BBM,BBM:F034095,BBM:F035549,similar,06
BBM,BBM:F034095,BBM:F035756,similar,06
BBM,BBM:F034095,BBM:F035757,similar,06
BBM,BBM:F034095,BBM:F035763,similar,06
BBM,BBM:F034095,BBM:F035771,similar,06
BBM,BBM:F034095,BBM:F035776,similar,06
BBM,BBM:F034097,BBM:F034098,similar,06
BBM,BBM:F034097,BBM:F034099,similar,06
BBM,BBM:F034097,BBM:F034100,similar,06
BBM,BBM:F034097,BBM:F034229,similar,06
BBM,BBM:F034097,BBM:F034232,similar,06
BBM,BBM:F034097,BBM:F034235,similar,06
BBM,BBM:F034097,BBM:F034238,similar,06
BBM,BBM:F034097,BBM:F034239,similar,06
BBM,BBM:F034097,BBM:F034240,similar,06
BBM,BBM:F034097,BBM:F034253,similar,06
BBM,BBM:F034097,BBM:F034287,similar,06
BBM,BBM:F034097,BBM:F034293,similar,06
BBM,BBM:F034097,BBM:F034294,similar,06
BBM,BBM:F034097,BBM:F034295,similar,06
BBM,BBM:F034097,BBM:F034302,similar,06
BBM,BBM:F034097,BBM:F034306,similar,06
BBM,BBM:F034097,BBM:F034312,similar,06
BBM,BBM:F034097,BBM:F034498,similar,06
BBM,BBM:F034097,BBM:F034500,similar,06
BBM,BBM:F034097,BBM:F034501,similar,06
BBM,BBM:F034097,BBM:F034869,similar,06
BBM,BBM:F034097,BBM:F034924,similar,06
BBM,BBM:F034097,BBM:F034925,similar,06
BBM,BBM:F034097,BBM:F034934,similar,06
BBM,BBM:F034097,BBM:F035083,similar,06
BBM,BBM:F034097,BBM:F035106,similar,06
BBM,BBM:F034097,BBM:F035107,similar,06
BBM,BBM:F034097,BBM:F035193,similar,06
BBM,BBM:F034097,BBM:F035200,similar,06
BBM,BBM:F034097,BBM:F035206,similar,06
BBM,BBM:F034097,BBM:F035235,similar,06
BBM,BBM:F034097,BBM:F035402,similar,06
BBM,BBM:F034097,BBM:F035509,similar,06
BBM,BBM:F034097,BBM:F035549,similar,06
BBM,BBM:F034097,BBM:F035756,similar,06
BBM,BBM:F034097,BBM:F035757,similar,06
BBM,BBM:F034097,BBM:F035763,similar,06
BBM,BBM:F034097,BBM:F035771,similar,06
BBM,BBM:F034097,BBM:F035776,similar,06
BBM,BBM:F034098,BBM:F034099,similar,06
BBM,BBM:F034098,BBM:F034100,similar,06
BBM,BBM:F034098,BBM:F034229,similar,06
BBM,BBM:F034098,BBM:F034232,similar,06
BBM,BBM:F034098,BBM:F034235,similar,06
BBM,BBM:F034098,BBM:F034238,similar,06
BBM,BBM:F034098,BBM:F034239,similar,06
BBM,BBM:F034098,BBM:F034240,similar,06
BBM,BBM:F034098,BBM:F034253,similar,06
BBM,BBM:F034098,BBM:F034287,similar,06
BBM,BBM:F034098,BBM:F034293,similar,06
BBM,BBM:F034098,BBM:F034294,similar,06
BBM,BBM:F034098,BBM:F034295,similar,06
BBM,BBM:F034098,BBM:F034302,similar,06
BBM,BBM:F034098,BBM:F034306,similar,06
BBM,BBM:F034098,BBM:F034312,similar,06
BBM,BBM:F034098,BBM:F034498,similar,06
BBM,BBM:F034098,BBM:F034500,similar,06
BBM,BBM:F034098,BBM:F034501,similar,06
BBM,BBM:F034098,BBM:F034869,similar,06
BBM,BBM:F034098,BBM:F034924,similar,06
BBM,BBM:F034098,BBM:F034925,similar,06
BBM,BBM:F034098,BBM:F034934,similar,06
BBM,BBM:F034098,BBM:F035083,similar,06
BBM,BBM:F034098,BBM:F035106,similar,06
BBM,BBM:F034098,BBM:F035107,similar,06
BBM,BBM:F034098,BBM:F035193,similar,06
BBM,BBM:F034098,BBM:F035200,similar,06
BBM,BBM:F034098,BBM:F035206,similar,06
BBM,BBM:F034098,BBM:F035235,similar,06
BBM,BBM:F034098,BBM:F035402,similar,06
BBM,BBM:F034098,BBM:F035509,similar,06
BBM,BBM:F034098,BBM:F035549,similar,06
BBM,BBM:F034098,BBM:F035756,similar,06
BBM,BBM:F034098,BBM:F035757,similar,06
BBM,BBM:F034098,BBM:F035763,similar,06
BBM,BBM:F034098,BBM:F035771,similar,06
BBM,BBM:F034098,BBM:F035776,similar,06
BBM,BBM:F034099,BBM:F034100,similar,06
BBM,BBM:F034099,BBM:F034229,similar,06
BBM,BBM:F034099,BBM:F034232,similar,06
BBM,BBM:F034099,BBM:F034235,similar,06
BBM,BBM:F034099,BBM:F034238,similar,06
BBM,BBM:F034099,BBM:F034239,similar,06
BBM,BBM:F034099,BBM:F034240,similar,06
BBM,BBM:F034099,BBM:F034253,similar,06
BBM,BBM:F034099,BBM:F034287,similar,06
BBM,BBM:F034099,BBM:F034293,similar,06
BBM,BBM:F034099,BBM:F034294,similar,06
BBM,BBM:F034099,BBM:F034295,similar,06
BBM,BBM:F034099,BBM:F034302,similar,06
BBM,BBM:F034099,BBM:F034306,similar,06
BBM,BBM:F034099,BBM:F034312,similar,06
BBM,BBM:F034099,BBM:F034498,similar,06
BBM,BBM:F034099,BBM:F034500,similar,06
BBM,BBM:F034099,BBM:F034501,similar,06
BBM,BBM:F034099,BBM:F034869,similar,06
BBM,BBM:F034099,BBM:F034924,similar,06
BBM,BBM:F034099,BBM:F034925,similar,06
BBM,BBM:F034099,BBM:F034934,similar,06
BBM,BBM:F034099,BBM:F035083,similar,06
BBM,BBM:F034099,BBM:F035106,similar,06
BBM,BBM:F034099,BBM:F035107,similar,06
BBM,BBM:F034099,BBM:F035193,similar,06
BBM,BBM:F034099,BBM:F035200,similar,06
BBM,BBM:F034099,BBM:F035206,similar,06
BBM,BBM:F034099,BBM:F035235,similar,06
BBM,BBM:F034099,BBM:F035402,similar,06
BBM,BBM:F034099,BBM:F035509,similar,06
BBM,BBM:F034099,BBM:F035549,similar,06
BBM,BBM:F034099,BBM:F035756,similar,06
BBM,BBM:F034099,BBM:F035757,similar,06
BBM,BBM:F034099,BBM:F035763,similar,06
BBM,BBM:F034099,BBM:F035771,similar,06
BBM,BBM:F034099,BBM:F035776,similar,06
BBM,BBM:F034100,BBM:F034229,similar,06
BBM,BBM:F034100,BBM:F034232,similar,06
BBM,BBM:F034100,BBM:F034235,similar,06
BBM,BBM:F034100,BBM:F034238,similar,06
BBM,BBM:F034100,BBM:F034239,similar,06
BBM,BBM:F034100,BBM:F034240,similar,06
BBM,BBM:F034100,BBM:F034253,similar,06
BBM,BBM:F034100,BBM:F034287,similar,06
BBM,BBM:F034100,BBM:F034293,similar,06
BBM,BBM:F034100,BBM:F034294,similar,06
BBM,BBM:F034100,BBM:F034295,similar,06
BBM,BBM:F034100,BBM:F034302,similar,06
BBM,BBM:F034100,BBM:F034306,similar,06
BBM,BBM:F034100,BBM:F034312,similar,06
BBM,BBM:F034100,BBM:F034498,similar,06
BBM,BBM:F034100,BBM:F034500,similar,06
BBM,BBM:F034100,BBM:F034501,similar,06
BBM,BBM:F034100,BBM:F034869,similar,06
BBM,BBM:F034100,BBM:F034924,similar,06
BBM,BBM:F034100,BBM:F034925,similar,06
BBM,BBM:F034100,BBM:F034934,similar,06
BBM,BBM:F034100,BBM:F035083,similar,06
BBM,BBM:F034100,BBM:F035106,similar,06
BBM,BBM:F034100,BBM:F035107,similar,06
BBM,BBM:F034100,BBM:F035193,similar,06
BBM,BBM:F034100,BBM:F035200,similar,06
BBM,BBM:F034100,BBM:F035206,similar,06
BBM,BBM:F034100,BBM:F035235,similar,06
BBM,BBM:F034100,BBM:F035402,similar,06
BBM,BBM:F034100,BBM:F035509,similar,06
BBM,BBM:F034100,BBM:F035549,similar,06
BBM,BBM:F034100,BBM:F035756,similar,06
BBM,BBM:F034100,BBM:F035757,similar,06
BBM,BBM:F034100,BBM:F035763,similar,06
BBM,BBM:F034100,BBM:F035771,similar,06
BBM,BBM:F034100,BBM:F035776,similar,06
BBM,BBM:F034229,BBM:F034232,similar,06
BBM,BBM:F034229,BBM:F034235,similar,06
BBM,BBM:F034229,BBM:F034238,similar,06
BBM,BBM:F034229,BBM:F034239,similar,06
BBM,BBM:F034229,BBM:F034240,similar,06
BBM,BBM:F034229,BBM:F034253,similar,06
BBM,BBM:F034229,BBM:F034287,similar,06
BBM,BBM:F034229,BBM:F034293,similar,06
BBM,BBM:F034229,BBM:F034294,similar,06
BBM,BBM:F034229,BBM:F034295,similar,06
BBM,BBM:F034229,BBM:F034302,similar,06
BBM,BBM:F034229,BBM:F034306,similar,06
BBM,BBM:F034229,BBM:F034312,similar,06
BBM,BBM:F034229,BBM:F034498,similar,06
BBM,BBM:F034229,BBM:F034500,similar,06
BBM,BBM:F034229,BBM:F034501,similar,06
BBM,BBM:F034229,BBM:F034869,similar,06
BBM,BBM:F034229,BBM:F034924,similar,06
BBM,BBM:F034229,BBM:F034925,similar,06
BBM,BBM:F034229,BBM:F034934,similar,06
BBM,BBM:F034229,BBM:F035083,similar,06
BBM,BBM:F034229,BBM:F035106,similar,06
BBM,BBM:F034229,BBM:F035107,similar,06
BBM,BBM:F034229,BBM:F035193,similar,06
BBM,BBM:F034229,BBM:F035200,similar,06
BBM,BBM:F034229,BBM:F035206,similar,06
BBM,BBM:F034229,BBM:F035235,similar,06
BBM,BBM:F034229,BBM:F035402,similar,06
BBM,BBM:F034229,BBM:F035509,similar,06
BBM,BBM:F034229,BBM:F035549,similar,06
BBM,BBM:F034229,BBM:F035756,similar,06
BBM,BBM:F034229,BBM:F035757,similar,06
BBM,BBM:F034229,BBM:F035763,similar,06
BBM,BBM:F034229,BBM:F035771,similar,06
BBM,BBM:F034229,BBM:F035776,similar,06
BBM,BBM:F034232,BBM:F034235,similar,06
BBM,BBM:F034232,BBM:F034238,similar,06
BBM,BBM:F034232,BBM:F034239,similar,06
BBM,BBM:F034232,BBM:F034240,similar,06
BBM,BBM:F034232,BBM:F034253,similar,06
BBM,BBM:F034232,BBM:F034287,similar,06
BBM,BBM:F034232,BBM:F034293,similar,06
BBM,BBM:F034232,BBM:F034294,similar,06
BBM,BBM:F034232,BBM:F034295,similar,06
BBM,BBM:F034232,BBM:F034302,similar,06
BBM,BBM:F034232,BBM:F034306,similar,06
BBM,BBM:F034232,BBM:F034312,similar,06
BBM,BBM:F034232,BBM:F034498,similar,06
BBM,BBM:F034232,BBM:F034500,similar,06
BBM,BBM:F034232,BBM:F034501,similar,06
BBM,BBM:F034232,BBM:F034869,similar,06
BBM,BBM:F034232,BBM:F034924,similar,06
BBM,BBM:F034232,BBM:F034925,similar,06
BBM,BBM:F034232,BBM:F034934,similar,06
BBM,BBM:F034232,BBM:F035083,similar,06
BBM,BBM:F034232,BBM:F035106,similar,06
BBM,BBM:F034232,BBM:F035107,similar,06
BBM,BBM:F034232,BBM:F035193,similar,06
BBM,BBM:F034232,BBM:F035200,similar,06
BBM,BBM:F034232,BBM:F035206,similar,06
BBM,BBM:F034232,BBM:F035235,similar,06
BBM,BBM:F034232,BBM:F035402,similar,06
BBM,BBM:F034232,BBM:F035509,similar,06
BBM,BBM:F034232,BBM:F035549,similar,06
BBM,BBM:F034232,BBM:F035756,similar,06
BBM,BBM:F034232,BBM:F035757,similar,06
BBM,BBM:F034232,BBM:F035763,similar,06
BBM,BBM:F034232,BBM:F035771,similar,06
BBM,BBM:F034232,BBM:F035776,similar,06
BBM,BBM:F034235,BBM:F034238,similar,06
BBM,BBM:F034235,BBM:F034239,similar,06
BBM,BBM:F034235,BBM:F034240,similar,06
BBM,BBM:F034235,BBM:F034253,similar,06
BBM,BBM:F034235,BBM:F034287,similar,06
BBM,BBM:F034235,BBM:F034293,similar,06
BBM,BBM:F034235,BBM:F034294,similar,06
BBM,BBM:F034235,BBM:F034295,similar,06
BBM,BBM:F034235,BBM:F034302,similar,06
BBM,BBM:F034235,BBM:F034306,similar,06
BBM,BBM:F034235,BBM:F034312,similar,06
BBM,BBM:F034235,BBM:F034498,similar,06
BBM,BBM:F034235,BBM:F034500,similar,06
BBM,BBM:F034235,BBM:F034501,similar,06
BBM,BBM:F034235,BBM:F034869,similar,06
BBM,BBM:F034235,BBM:F034924,similar,06
BBM,BBM:F034235,BBM:F034925,similar,06
BBM,BBM:F034235,BBM:F034934,similar,06
BBM,BBM:F034235,BBM:F035083,similar,06
BBM,BBM:F034235,BBM:F035106,similar,06
BBM,BBM:F034235,BBM:F035107,similar,06
BBM,BBM:F034235,BBM:F035193,similar,06
BBM,BBM:F034235,BBM:F035200,similar,06
BBM,BBM:F034235,BBM:F035206,similar,06
BBM,BBM:F034235,BBM:F035235,similar,06
BBM,BBM:F034235,BBM:F035402,similar,06
BBM,BBM:F034235,BBM:F035509,similar,06
BBM,BBM:F034235,BBM:F035549,similar,06
BBM,BBM:F034235,BBM:F035756,similar,06
BBM,BBM:F034235,BBM:F035757,similar,06
BBM,BBM:F034235,BBM:F035763,similar,06
BBM,BBM:F034235,BBM:F035771,similar,06
BBM,BBM:F034235,BBM:F035776,similar,06
BBM,BBM:F034238,BBM:F034239,similar,06
BBM,BBM:F034238,BBM:F034240,similar,06
BBM,BBM:F034238,BBM:F034253,similar,06
BBM,BBM:F034238,BBM:F034287,similar,06
BBM,BBM:F034238,BBM:F034293,similar,06
BBM,BBM:F034238,BBM:F034294,similar,06
BBM,BBM:F034238,BBM:F034295,similar,06
BBM,BBM:F034238,BBM:F034302,similar,06
BBM,BBM:F034238,BBM:F034306,similar,06
BBM,BBM:F034238,BBM:F034312,similar,06
BBM,BBM:F034238,BBM:F034498,similar,06
BBM,BBM:F034238,BBM:F034500,similar,06
BBM,BBM:F034238,BBM:F034501,similar,06
BBM,BBM:F034238,BBM:F034869,similar,06
BBM,BBM:F034238,BBM:F034924,similar,06
BBM,BBM:F034238,BBM:F034925,similar,06
BBM,BBM:F034238,BBM:F034934,similar,06
BBM,BBM:F034238,BBM:F035083,similar,06
BBM,BBM:F034238,BBM:F035106,similar,06
BBM,BBM:F034238,BBM:F035107,similar,06
BBM,BBM:F034238,BBM:F035193,similar,06
BBM,BBM:F034238,BBM:F035200,similar,06
BBM,BBM:F034238,BBM:F035206,similar,06
BBM,BBM:F034238,BBM:F035235,similar,06
BBM,BBM:F034238,BBM:F035402,similar,06
BBM,BBM:F034238,BBM:F035509,similar,06
BBM,BBM:F034238,BBM:F035549,similar,06
BBM,BBM:F034238,BBM:F035756,similar,06
BBM,BBM:F034238,BBM:F035757,similar,06
BBM,BBM:F034238,BBM:F035763,similar,06
BBM,BBM:F034238,BBM:F035771,similar,06
BBM,BBM:F034238,BBM:F035776,similar,06
BBM,BBM:F034239,BBM:F034240,similar,06
BBM,BBM:F034239,BBM:F034253,similar,06
BBM,BBM:F034239,BBM:F034287,similar,06
BBM,BBM:F034239,BBM:F034293,similar,06
BBM,BBM:F034239,BBM:F034294,similar,06
BBM,BBM:F034239,BBM:F034295,similar,06
BBM,BBM:F034239,BBM:F034302,similar,06
BBM,BBM:F034239,BBM:F034306,similar,06
BBM,BBM:F034239,BBM:F034312,similar,06
BBM,BBM:F034239,BBM:F034498,similar,06
BBM,BBM:F034239,BBM:F034500,similar,06
BBM,BBM:F034239,BBM:F034501,similar,06
BBM,BBM:F034239,BBM:F034869,similar,06
BBM,BBM:F034239,BBM:F034924,similar,06
BBM,BBM:F034239,BBM:F034925,similar,06
BBM,BBM:F034239,BBM:F034934,similar,06
BBM,BBM:F034239,BBM:F035083,similar,06
BBM,BBM:F034239,BBM:F035106,similar,06
BBM,BBM:F034239,BBM:F035107,similar,06
BBM,BBM:F034239,BBM:F035193,similar,06
BBM,BBM:F034239,BBM:F035200,similar,06
BBM,BBM:F034239,BBM:F035206,similar,06
BBM,BBM:F034239,BBM:F035235,similar,06
BBM,BBM:F034239,BBM:F035402,similar,06
BBM,BBM:F034239,BBM:F035509,similar,06
BBM,BBM:F034239,BBM:F035549,similar,06
BBM,BBM:F034239,BBM:F035756,similar,06
BBM,BBM:F034239,BBM:F035757,similar,06
BBM,BBM:F034239,BBM:F035763,similar,06
BBM,BBM:F034239,BBM:F035771,similar,06
BBM,BBM:F034239,BBM:F035776,similar,06
BBM,BBM:F034240,BBM:F034253,similar,06
BBM,BBM:F034240,BBM:F034287,similar,06
BBM,BBM:F034240,BBM:F034293,similar,06
BBM,BBM:F034240,BBM:F034294,similar,06
BBM,BBM:F034240,BBM:F034295,similar,06
BBM,BBM:F034240,BBM:F034302,similar,06
BBM,BBM:F034240,BBM:F034306,similar,06
BBM,BBM:F034240,BBM:F034312,similar,06
BBM,BBM:F034240,BBM:F034498,similar,06
BBM,BBM:F034240,BBM:F034500,similar,06
BBM,BBM:F034240,BBM:F034501,similar,06
BBM,BBM:F034240,BBM:F034869,similar,06
BBM,BBM:F034240,BBM:F034924,similar,06
BBM,BBM:F034240,BBM:F034925,similar,06
BBM,BBM:F034240,BBM:F034934,similar,06
BBM,BBM:F034240,BBM:F035083,similar,06
BBM,BBM:F034240,BBM:F035106,similar,06
BBM,BBM:F034240,BBM:F035107,similar,06
BBM,BBM:F034240,BBM:F035193,similar,06
BBM,BBM:F034240,BBM:F035200,similar,06
BBM,BBM:F034240,BBM:F035206,similar,06
BBM,BBM:F034240,BBM:F035235,similar,06
BBM,BBM:F034240,BBM:F035402,similar,06
BBM,BBM:F034240,BBM:F035509,similar,06
BBM,BBM:F034240,BBM:F035549,similar,06
BBM,BBM:F034240,BBM:F035756,similar,06
BBM,BBM:F034240,BBM:F035757,similar,06
BBM,BBM:F034240,BBM:F035763,similar,06
BBM,BBM:F034240,BBM:F035771,similar,06
BBM,BBM:F034240,BBM:F035776,similar,06
BBM,BBM:F034253,BBM:F034287,similar,06
BBM,BBM:F034253,BBM:F034293,similar,06
BBM,BBM:F034253,BBM:F034294,similar,06
BBM,BBM:F034253,BBM:F034295,similar,06
BBM,BBM:F034253,BBM:F034302,similar,06
BBM,BBM:F034253,BBM:F034306,similar,06
BBM,BBM:F034253,BBM:F034312,similar,06
BBM,BBM:F034253,BBM:F034498,similar,06
BBM,BBM:F034253,BBM:F034500,similar,06
BBM,BBM:F034253,BBM:F034501,similar,06
BBM,BBM:F034253,BBM:F034869,similar,06
BBM,BBM:F034253,BBM:F034924,similar,06
BBM,BBM:F034253,BBM:F034925,similar,06
BBM,BBM:F034253,BBM:F034934,similar,06
BBM,BBM:F034253,BBM:F035083,similar,06
BBM,BBM:F034253,BBM:F035106,similar,06
BBM,BBM:F034253,BBM:F035107,similar,06
BBM,BBM:F034253,BBM:F035193,similar,06
BBM,BBM:F034253,BBM:F035200,similar,06
BBM,BBM:F034253,BBM:F035206,similar,06
BBM,BBM:F034253,BBM:F035235,similar,06
BBM,BBM:F034253,BBM:F035402,similar,06
BBM,BBM:F034253,BBM:F035509,similar,06
BBM,BBM:F034253,BBM:F035549,similar,06
BBM,BBM:F034253,BBM:F035756,similar,06
BBM,BBM:F034253,BBM:F035757,similar,06
BBM,BBM:F034253,BBM:F035763,similar,06
BBM,BBM:F034253,BBM:F035771,similar,06
BBM,BBM:F034253,BBM:F035776,similar,06
BBM,BBM:F034287,BBM:F034293,similar,06
BBM,BBM:F034287,BBM:F034294,similar,06
BBM,BBM:F034287,BBM:F034295,similar,06
BBM,BBM:F034287,BBM:F034302,similar,06
BBM,BBM:F034287,BBM:F034306,similar,06
BBM,BBM:F034287,BBM:F034312,similar,06
BBM,BBM:F034287,BBM:F034498,similar,06
BBM,BBM:F034287,BBM:F034500,similar,06
BBM,BBM:F034287,BBM:F034501,similar,06
BBM,BBM:F034287,BBM:F034869,similar,06
BBM,BBM:F034287,BBM:F034924,similar,06
BBM,BBM:F034287,BBM:F034925,similar,06
BBM,BBM:F034287,BBM:F034934,similar,06
BBM,BBM:F034287,BBM:F035083,similar,06
BBM,BBM:F034287,BBM:F035106,similar,06
BBM,BBM:F034287,BBM:F035107,similar,06
BBM,BBM:F034287,BBM:F035193,similar,06
BBM,BBM:F034287,BBM:F035200,similar,06
BBM,BBM:F034287,BBM:F035206,similar,06
BBM,BBM:F034287,BBM:F035235,similar,06
BBM,BBM:F034287,BBM:F035402,similar,06
BBM,BBM:F034287,BBM:F035509,similar,06
BBM,BBM:F034287,BBM:F035549,similar,06
BBM,BBM:F034287,BBM:F035756,similar,06
BBM,BBM:F034287,BBM:F035757,similar,06
BBM,BBM:F034287,BBM:F035763,similar,06
BBM,BBM:F034287,BBM:F035771,similar,06
BBM,BBM:F034287,BBM:F035776,similar,06
BBM,BBM:F034293,BBM:F034294,similar,06
BBM,BBM:F034293,BBM:F034295,similar,06
BBM,BBM:F034293,BBM:F034302,similar,06
BBM,BBM:F034293,BBM:F034306,similar,06
BBM,BBM:F034293,BBM:F034312,similar,06
BBM,BBM:F034293,BBM:F034498,similar,06
BBM,BBM:F034293,BBM:F034500,similar,06
BBM,BBM:F034293,BBM:F034501,similar,06
BBM,BBM:F034293,BBM:F034869,similar,06
BBM,BBM:F034293,BBM:F034924,similar,06
BBM,BBM:F034293,BBM:F034925,similar,06
BBM,BBM:F034293,BBM:F034934,similar,06
BBM,BBM:F034293,BBM:F035083,similar,06
BBM,BBM:F034293,BBM:F035106,similar,06
BBM,BBM:F034293,BBM:F035107,similar,06
BBM,BBM:F034293,BBM:F035193,similar,06
BBM,BBM:F034293,BBM:F035200,similar,06
BBM,BBM:F034293,BBM:F035206,similar,06
BBM,BBM:F034293,BBM:F035235,similar,06
BBM,BBM:F034293,BBM:F035402,similar,06
BBM,BBM:F034293,BBM:F035509,similar,06
BBM,BBM:F034293,BBM:F035549,similar,06
BBM,BBM:F034293,BBM:F035756,similar,06
BBM,BBM:F034293,BBM:F035757,similar,06
BBM,BBM:F034293,BBM:F035763,similar,06
BBM,BBM:F034293,BBM:F035771,similar,06
BBM,BBM:F034293,BBM:F035776,similar,06
BBM,BBM:F034294,BBM:F034295,similar,06
BBM,BBM:F034294,BBM:F034302,similar,06
BBM,BBM:F034294,BBM:F034306,similar,06
BBM,BBM:F034294,BBM:F034312,similar,06
BBM,BBM:F034294,BBM:F034498,similar,06
BBM,BBM:F034294,BBM:F034500,similar,06
BBM,BBM:F034294,BBM:F034501,similar,06
BBM,BBM:F034294,BBM:F034869,similar,06
BBM,BBM:F034294,BBM:F034924,similar,06
BBM,BBM:F034294,BBM:F034925,similar,06
BBM,BBM:F034294,BBM:F034934,similar,06
BBM,BBM:F034294,BBM:F035083,similar,06
BBM,BBM:F034294,BBM:F035106,similar,06
BBM,BBM:F034294,BBM:F035107,similar,06
BBM,BBM:F034294,BBM:F035193,similar,06
BBM,BBM:F034294,BBM:F035200,similar,06
BBM,BBM:F034294,BBM:F035206,similar,06
BBM,BBM:F034294,BBM:F035235,similar,06
BBM,BBM:F034294,BBM:F035402,similar,06
BBM,BBM:F034294,BBM:F035509,similar,06
BBM,BBM:F034294,BBM:F035549,similar,06
BBM,BBM:F034294,BBM:F035756,similar,06
BBM,BBM:F034294,BBM:F035757,similar,06
BBM,BBM:F034294,BBM:F035763,similar,06
BBM,BBM:F034294,BBM:F035771,similar,06
BBM,BBM:F034294,BBM:F035776,similar,06
BBM,BBM:F034295,BBM:F034302,similar,06
BBM,BBM:F034295,BBM:F034306,similar,06
BBM,BBM:F034295,BBM:F034312,similar,06
BBM,BBM:F034295,BBM:F034498,similar,06
BBM,BBM:F034295,BBM:F034500,similar,06
BBM,BBM:F034295,BBM:F034501,similar,06
BBM,BBM:F034295,BBM:F034869,similar,06
BBM,BBM:F034295,BBM:F034924,similar,06
BBM,BBM:F034295,BBM:F034925,similar,06
BBM,BBM:F034295,BBM:F034934,similar,06
BBM,BBM:F034295,BBM:F035083,similar,06
BBM,BBM:F034295,BBM:F035106,similar,06
BBM,BBM:F034295,BBM:F035107,similar,06
BBM,BBM:F034295,BBM:F035193,similar,06
BBM,BBM:F034295,BBM:F035200,similar,06
BBM,BBM:F034295,BBM:F035206,similar,06
BBM,BBM:F034295,BBM:F035235,similar,06
BBM,BBM:F034295,BBM:F035402,similar,06
BBM,BBM:F034295,BBM:F035509,similar,06
BBM,BBM:F034295,BBM:F035549,similar,06
BBM,BBM:F034295,BBM:F035756,similar,06
BBM,BBM:F034295,BBM:F035757,similar,06
BBM,BBM:F034295,BBM:F035763,similar,06
BBM,BBM:F034295,BBM:F035771,similar,06
BBM,BBM:F034295,BBM:F035776,similar,06
BBM,BBM:F034302,BBM:F034306,similar,06
BBM,BBM:F034302,BBM:F034312,similar,06
BBM,BBM:F034302,BBM:F034498,similar,06
BBM,BBM:F034302,BBM:F034500,similar,06
BBM,BBM:F034302,BBM:F034501,similar,06
BBM,BBM:F034302,BBM:F034869,similar,06
BBM,BBM:F034302,BBM:F034924,similar,06
BBM,BBM:F034302,BBM:F034925,similar,06
BBM,BBM:F034302,BBM:F034934,similar,06
BBM,BBM:F034302,BBM:F035083,similar,06
BBM,BBM:F034302,BBM:F035106,similar,06
BBM,BBM:F034302,BBM:F035107,similar,06
BBM,BBM:F034302,BBM:F035193,similar,06
BBM,BBM:F034302,BBM:F035200,similar,06
BBM,BBM:F034302,BBM:F035206,similar,06
BBM,BBM:F034302,BBM:F035235,similar,06
BBM,BBM:F034302,BBM:F035402,similar,06
BBM,BBM:F034302,BBM:F035509,similar,06
BBM,BBM:F034302,BBM:F035549,similar,06
BBM,BBM:F034302,BBM:F035756,similar,06
BBM,BBM:F034302,BBM:F035757,similar,06
BBM,BBM:F034302,BBM:F035763,similar,06
BBM,BBM:F034302,BBM:F035771,similar,06
BBM,BBM:F034302,BBM:F035776,similar,06
BBM,BBM:F034306,BBM:F034312,similar,06
BBM,BBM:F034306,BBM:F034498,similar,06
BBM,BBM:F034306,BBM:F034500,similar,06
BBM,BBM:F034306,BBM:F034501,similar,06
BBM,BBM:F034306,BBM:F034869,similar,06
BBM,BBM:F034306,BBM:F034924,similar,06
BBM,BBM:F034306,BBM:F034925,similar,06
BBM,BBM:F034306,BBM:F034934,similar,06
BBM,BBM:F034306,BBM:F035083,similar,06
BBM,BBM:F034306,BBM:F035106,similar,06
BBM,BBM:F034306,BBM:F035107,similar,06
BBM,BBM:F034306,BBM:F035193,similar,06
BBM,BBM:F034306,BBM:F035200,similar,06
BBM,BBM:F034306,BBM:F035206,similar,06
BBM,BBM:F034306,BBM:F035235,similar,06
BBM,BBM:F034306,BBM:F035402,similar,06
BBM,BBM:F034306,BBM:F035509,similar,06
BBM,BBM:F034306,BBM:F035549,similar,06
BBM,BBM:F034306,BBM:F035756,similar,06
BBM,BBM:F034306,BBM:F035757,similar,06
BBM,BBM:F034306,BBM:F035763,similar,06
BBM,BBM:F034306,BBM:F035771,similar,06
BBM,BBM:F034306,BBM:F035776,similar,06
BBM,BBM:F034312,BBM:F034498,similar,06
BBM,BBM:F034312,BBM:F034500,similar,06
BBM,BBM:F034312,BBM:F034501,similar,06
BBM,BBM:F034312,BBM:F034869,similar,06
BBM,BBM:F034312,BBM:F034924,similar,06
BBM,BBM:F034312,BBM:F034925,similar,06
BBM,BBM:F034312,BBM:F034934,similar,06
BBM,BBM:F034312,BBM:F035083,similar,06
BBM,BBM:F034312,BBM:F035106,similar,06
BBM,BBM:F034312,BBM:F035107,similar,06
BBM,BBM:F034312,BBM:F035193,similar,06
BBM,BBM:F034312,BBM:F035200,similar,06
BBM,BBM:F034312,BBM:F035206,similar,06
BBM,BBM:F034312,BBM:F035235,similar,06
BBM,BBM:F034312,BBM:F035402,similar,06
BBM,BBM:F034312,BBM:F035509,similar,06
BBM,BBM:F034312,BBM:F035549,similar,06
BBM,BBM:F034312,BBM:F035756,similar,06
BBM,BBM:F034312,BBM:F035757,similar,06
BBM,BBM:F034312,BBM:F035763,similar,06
BBM,BBM:F034312,BBM:F035771,similar,06
BBM,BBM:F034312,BBM:F035776,similar,06
BBM,BBM:F034498,BBM:F034500,similar,06
BBM,BBM:F034498,BBM:F034501,similar,06
BBM,BBM:F034498,BBM:F034869,similar,06
BBM,BBM:F034498,BBM:F034924,similar,06
BBM,BBM:F034498,BBM:F034925,similar,06
BBM,BBM:F034498,BBM:F034934,similar,06
BBM,BBM:F034498,BBM:F035083,similar,06
BBM,BBM:F034498,BBM:F035106,similar,06
BBM,BBM:F034498,BBM:F035107,similar,06
BBM,BBM:F034498,BBM:F035193,similar,06
BBM,BBM:F034498,BBM:F035200,similar,06
BBM,BBM:F034498,BBM:F035206,similar,06
BBM,BBM:F034498,BBM:F035235,similar,06
BBM,BBM:F034498,BBM:F035402,similar,06
BBM,BBM:F034498,BBM:F035509,similar,06
BBM,BBM:F034498,BBM:F035549,similar,06
BBM,BBM:F034498,BBM:F035756,similar,06
BBM,BBM:F034498,BBM:F035757,similar,06
BBM,BBM:F034498,BBM:F035763,similar,06
BBM,BBM:F034498,BBM:F035771,similar,06
BBM,BBM:F034498,BBM:F035776,similar,06
BBM,BBM:F034500,BBM:F034501,similar,06
BBM,BBM:F034500,BBM:F034869,similar,06
BBM,BBM:F034500,BBM:F034924,similar,06
BBM,BBM:F034500,BBM:F034925,similar,06
BBM,BBM:F034500,BBM:F034934,similar,06
BBM,BBM:F034500,BBM:F035083,similar,06
BBM,BBM:F034500,BBM:F035106,similar,06
BBM,BBM:F034500,BBM:F035107,similar,06
BBM,BBM:F034500,BBM:F035193,similar,06
BBM,BBM:F034500,BBM:F035200,similar,06
BBM,BBM:F034500,BBM:F035206,similar,06
BBM,BBM:F034500,BBM:F035235,similar,06
BBM,BBM:F034500,BBM:F035402,similar,06
BBM,BBM:F034500,BBM:F035509,similar,06
BBM,BBM:F034500,BBM:F035549,similar,06
BBM,BBM:F034500,BBM:F035756,similar,06
BBM,BBM:F034500,BBM:F035757,similar,06
BBM,BBM:F034500,BBM:F035763,similar,06
BBM,BBM:F034500,BBM:F035771,similar,06
BBM,BBM:F034500,BBM:F035776,similar,06
BBM,BBM:F034501,BBM:F034869,similar,06
BBM,BBM:F034501,BBM:F034924,similar,06
BBM,BBM:F034501,BBM:F034925,similar,06
BBM,BBM:F034501,BBM:F034934,similar,06
BBM,BBM:F034501,BBM:F035083,similar,06
BBM,BBM:F034501,BBM:F035106,similar,06
BBM,BBM:F034501,BBM:F035107,similar,06
BBM,BBM:F034501,BBM:F035193,similar,06
BBM,BBM:F034501,BBM:F035200,similar,06
BBM,BBM:F034501,BBM:F035206,similar,06
BBM,BBM:F034501,BBM:F035235,similar,06
BBM,BBM:F034501,BBM:F035402,similar,06
BBM,BBM:F034501,BBM:F035509,similar,06
BBM,BBM:F034501,BBM:F035549,similar,06
BBM,BBM:F034501,BBM:F035756,similar,06
BBM,BBM:F034501,BBM:F035757,similar,06
BBM,BBM:F034501,BBM:F035763,similar,06
BBM,BBM:F034501,BBM:F035771,similar,06
BBM,BBM:F034501,BBM:F035776,similar,06
BBM,BBM:F034869,BBM:F034924,similar,06
BBM,BBM:F034869,BBM:F034925,similar,06
BBM,BBM:F034869,BBM:F034934,similar,06
BBM,BBM:F034869,BBM:F035083,similar,06
BBM,BBM:F034869,BBM:F035106,similar,06
BBM,BBM:F034869,BBM:F035107,similar,06
BBM,BBM:F034869,BBM:F035193,similar,06
BBM,BBM:F034869,BBM:F035200,similar,06
BBM,BBM:F034869,BBM:F035206,similar,06
BBM,BBM:F034869,BBM:F035235,similar,06
BBM,BBM:F034869,BBM:F035402,similar,06
BBM,BBM:F034869,BBM:F035509,similar,06
BBM,BBM:F034869,BBM:F035549,similar,06
BBM,BBM:F034869,BBM:F035756,similar,06
BBM,BBM:F034869,BBM:F035757,similar,06
BBM,BBM:F034869,BBM:F035763,similar,06
BBM,BBM:F034869,BBM:F035771,similar,06
BBM,BBM:F034869,BBM:F035776,similar,06
BBM,BBM:F034924,BBM:F034925,similar,06
BBM,BBM:F034924,BBM:F034934,similar,06
BBM,BBM:F034924,BBM:F035083,similar,06
BBM,BBM:F034924,BBM:F035106,similar,06
BBM,BBM:F034924,BBM:F035107,similar,06
BBM,BBM:F034924,BBM:F035193,similar,06
BBM,BBM:F034924,BBM:F035200,similar,06
BBM,BBM:F034924,BBM:F035206,similar,06
BBM,BBM:F034924,BBM:F035235,similar,06
BBM,BBM:F034924,BBM:F035402,similar,06
BBM,BBM:F034924,BBM:F035509,similar,06
BBM,BBM:F034924,BBM:F035549,similar,06
BBM,BBM:F034924,BBM:F035756,similar,06
BBM,BBM:F034924,BBM:F035757,similar,06
BBM,BBM:F034924,BBM:F035763,similar,06
BBM,BBM:F034924,BBM:F035771,similar,06
BBM,BBM:F034924,BBM:F035776,similar,06
BBM,BBM:F034925,BBM:F034934,similar,06
BBM,BBM:F034925,BBM:F035083,similar,06
BBM,BBM:F034925,BBM:F035106,similar,06
BBM,BBM:F034925,BBM:F035107,similar,06
BBM,BBM:F034925,BBM:F035193,similar,06
BBM,BBM:F034925,BBM:F035200,similar,06
BBM,BBM:F034925,BBM:F035206,similar,06
BBM,BBM:F034925,BBM:F035235,similar,06
BBM,BBM:F034925,BBM:F035402,similar,06
BBM,BBM:F034925,BBM:F035509,similar,06
BBM,BBM:F034925,BBM:F035549,similar,06
BBM,BBM:F034925,BBM:F035756,similar,06
BBM,BBM:F034925,BBM:F035757,similar,06
BBM,BBM:F034925,BBM:F035763,similar,06
BBM,BBM:F034925,BBM:F035771,similar,06
BBM,BBM:F034925,BBM:F035776,similar,06
BBM,BBM:F034934,BBM:F035083,similar,06
BBM,BBM:F034934,BBM:F035106,similar,06
BBM,BBM:F034934,BBM:F035107,similar,06
BBM,BBM:F034934,BBM:F035193,similar,06
BBM,BBM:F034934,BBM:F035200,similar,06
BBM,BBM:F034934,BBM:F035206,similar,06
BBM,BBM:F034934,BBM:F035235,similar,06
BBM,BBM:F034934,BBM:F035402,similar,06
BBM,BBM:F034934,BBM:F035509,similar,06
BBM,BBM:F034934,BBM:F035549,similar,06
BBM,BBM:F034934,BBM:F035756,similar,06
BBM,BBM:F034934,BBM:F035757,similar,06
BBM,BBM:F034934,BBM:F035763,similar,06
BBM,BBM:F034934,BBM:F035771,similar,06
BBM,BBM:F034934,BBM:F035776,similar,06
BBM,BBM:F035083,BBM:F035106,similar,06
BBM,BBM:F035083,BBM:F035107,similar,06
BBM,BBM:F035083,BBM:F035193,similar,06
BBM,BBM:F035083,BBM:F035200,similar,06
BBM,BBM:F035083,BBM:F035206,similar,06
BBM,BBM:F035083,BBM:F035235,similar,06
BBM,BBM:F035083,BBM:F035402,similar,06
BBM,BBM:F035083,BBM:F035509,similar,06
BBM,BBM:F035083,BBM:F035549,similar,06
BBM,BBM:F035083,BBM:F035756,similar,06
BBM,BBM:F035083,BBM:F035757,similar,06
BBM,BBM:F035083,BBM:F035763,similar,06
BBM,BBM:F035083,BBM:F035771,similar,06
BBM,BBM:F035083,BBM:F035776,similar,06
BBM,BBM:F035106,BBM:F035107,similar,06
BBM,BBM:F035106,BBM:F035193,similar,06
BBM,BBM:F035106,BBM:F035200,similar,06
BBM,BBM:F035106,BBM:F035206,similar,06
BBM,BBM:F035106,BBM:F035235,similar,06
BBM,BBM:F035106,BBM:F035402,similar,06
BBM,BBM:F035106,BBM:F035509,similar,06
BBM,BBM:F035106,BBM:F035549,similar,06
BBM,BBM:F035106,BBM:F035756,similar,06
BBM,BBM:F035106,BBM:F035757,similar,06
BBM,BBM:F035106,BBM:F035763,similar,06
BBM,BBM:F035106,BBM:F035771,similar,06
BBM,BBM:F035106,BBM:F035776,similar,06
BBM,BBM:F035107,BBM:F035193,similar,06
BBM,BBM:F035107,BBM:F035200,similar,06
BBM,BBM:F035107,BBM:F035206,similar,06
BBM,BBM:F035107,BBM:F035235,similar,06
BBM,BBM:F035107,BBM:F035402,similar,06
BBM,BBM:F035107,BBM:F035509,similar,06
BBM,BBM:F035107,BBM:F035549,similar,06
BBM,BBM:F035107,BBM:F035756,similar,06
BBM,BBM:F035107,BBM:F035757,similar,06
BBM,BBM:F035107,BBM:F035763,similar,06
BBM,BBM:F035107,BBM:F035771,similar,06
BBM,BBM:F035107,BBM:F035776,similar,06
BBM,BBM:F035193,BBM:F035200,similar,06
BBM,BBM:F035193,BBM:F035206,similar,06
BBM,BBM:F035193,BBM:F035235,similar,06
BBM,BBM:F035193,BBM:F035402,similar,06
BBM,BBM:F035193,BBM:F035509,similar,06
BBM,BBM:F035193,BBM:F035549,similar,06
BBM,BBM:F035193,BBM:F035756,similar,06
BBM,BBM:F035193,BBM:F035757,similar,06
BBM,BBM:F035193,BBM:F035763,similar,06
BBM,BBM:F035193,BBM:F035771,similar,06
BBM,BBM:F035193,BBM:F035776,similar,06
BBM,BBM:F035200,BBM:F035206,similar,06
BBM,BBM:F035200,BBM:F035235,similar,06
BBM,BBM:F035200,BBM:F035402,similar,06
BBM,BBM:F035200,BBM:F035509,similar,06
BBM,BBM:F035200,BBM:F035549,similar,06
BBM,BBM:F035200,BBM:F035756,similar,06
BBM,BBM:F035200,BBM:F035757,similar,06
BBM,BBM:F035200,BBM:F035763,similar,06
BBM,BBM:F035200,BBM:F035771,similar,06
BBM,BBM:F035200,BBM:F035776,similar,06
BBM,BBM:F035206,BBM:F035235,similar,06
BBM,BBM:F035206,BBM:F035402,similar,06
BBM,BBM:F035206,BBM:F035509,similar,06
BBM,BBM:F035206,BBM:F035549,similar,06
BBM,BBM:F035206,BBM:F035756,similar,06
BBM,BBM:F035206,BBM:F035757,similar,06
BBM,BBM:F035206,BBM:F035763,similar,06
BBM,BBM:F035206,BBM:F035771,similar,06
BBM,BBM:F035206,BBM:F035776,similar,06
BBM,BBM:F035235,BBM:F035402,similar,06
BBM,BBM:F035235,BBM:F035509,similar,06
BBM,BBM:F035235,BBM:F035549,similar,06
BBM,BBM:F035235,BBM:F035756,similar,06
BBM,BBM:F035235,BBM:F035757,similar,06
BBM,BBM:F035235,BBM:F035763,similar,06
BBM,BBM:F035235,BBM:F035771,similar,06
BBM,BBM:F035235,BBM:F035776,similar,06
BBM,BBM:F035402,BBM:F035509,similar,06
BBM,BBM:F035402,BBM:F035549,similar,06
BBM,BBM:F035402,BBM:F035756,similar,06
BBM,BBM:F035402,BBM:F035757,similar,06
BBM,BBM:F035402,BBM:F035763,similar,06
BBM,BBM:F035402,BBM:F035771,similar,06
BBM,BBM:F035402,BBM:F035776,similar,06
BBM,BBM:F035509,BBM:F035549,similar,06
BBM,BBM:F035509,BBM:F035756,similar,06
BBM,BBM:F035509,BBM:F035757,similar,06
BBM,BBM:F035509,BBM:F035763,similar,06
BBM,BBM:F035509,BBM:F035771,similar,06
BBM,BBM:F035509,BBM:F035776,similar,06
BBM,BBM:F035549,BBM:F035756,similar,06
BBM,BBM:F035549,BBM:F035757,similar,06
BBM,BBM:F035549,BBM:F035763,similar,06
BBM,BBM:F035549,BBM:F035771,similar,06
BBM,BBM:F035549,BBM:F035776,similar,06
BBM,BBM:F035756,BBM:F035757,similar,06
BBM,BBM:F035756,BBM:F035763,similar,06
BBM,BBM:F035756,BBM:F035771,similar,06
BBM,BBM:F035756,BBM:F035776,similar,06
BBM,BBM:F035757,BBM:F035763,similar,06
BBM,BBM:F035757,BBM:F035771,similar,06
BBM,BBM:F035757,BBM:F035776,similar,06
BBM,BBM:F035763,BBM:F035771,similar,06
BBM,BBM:F035763,BBM:F035776,similar,06
BBM,BBM:F035771,BBM:F035776,similar,06
BBM,BBM:F007903,BBM:F034578,similar,06
BBM,BBM:F007905,BBM:F007906,strict,06
BBM,BBM:F007926,BBM:F035047,similar,06
BBM,BBM:F013365,BBM:F013381,similar,06
BBM,BBM:F013637,BBM:F034628,similar,06
BBM,BBM:F013637,BBM:F034632,similar,06
BBM,BBM:F013637,BBM:F034633,similar,06
BBM,BBM:F013637,BBM:F035366,similar,06
BBM,BBM:F034628,BBM:F034632,similar,06
BBM,BBM:F034628,BBM:F034633,similar,06
BBM,BBM:F034628,BBM:F035366,similar,06
BBM,BBM:F034632,BBM:F034633,similar,06
BBM,BBM:F034632,BBM:F035366,similar,06
BBM,BBM:F034633,BBM:F035366,similar,06
BBM,BBM:F013674,BBM:F035586,similar,06
BBM,BBM:F014051,BBM:F015801,similar,06
BBM,BBM:F014051,BBM:F015834,similar,06
BBM,BBM:F014051,BBM:F017146,similar,06
BBM,BBM:F015801,BBM:F015834,similar,06
BBM,BBM:F015801,BBM:F017146,similar,06
BBM,BBM:F015834,BBM:F017146,similar,06
BBM,BBM:F014052,BBM:F015808,similar,06
BBM,BBM:F014610,BBM:F023195,similar,06
BBM,BBM:F014610,BBM:F034309,similar,06
BBM,BBM:F023195,BBM:F034309,similar,06
BBM,BBM:F014640,BBM:F015868,similar,06
BBM,BBM:F014700,BBM:F014740,similar,06
BBM,BBM:F014887,BBM:F014889,strict,06
BBM,BBM:F014976,BBM:F014984,similar,06
BBM,BBM:F015144,BBM:F015269,similar,06
BBM,BBM:F015173,BBM:F015265,similar,06
BBM,BBM:F015187,BBM:F033911,similar,06
BBM,BBM:F015361,BBM:F015426,similar,06
BBM,BBM:F015418,BBM:F015460,similar,06
BBM,BBM:F015447,BBM:F034493,similar,06
BBM,BBM:F015805,BBM:F015827,similar,06
BBM,BBM:F015805,BBM:F016402,similar,06
BBM,BBM:F015805,BBM:F016403,similar,06
BBM,BBM:F015827,BBM:F016402,similar,06
BBM,BBM:F015827,BBM:F016403,similar,06
BBM,BBM:F016402,BBM:F016403,similar,06
BBM,BBM:F015810,BBM:F015829,similar,06
BBM,BBM:F015812,BBM:F015816,strict,06
BBM,BBM:F015813,BBM:F015822,similar,06
BBM,BBM:F015814,BBM:F015815,strict,06
BBM,BBM:F015824,BBM:F015826,similar,06
BBM,BBM:F015824,BBM:F015830,similar,06
BBM,BBM:F015826,BBM:F015830,similar,06
BBM,BBM:F015889,BBM:F015921,similar,06
BBM,BBM:F015892,BBM:F015914,similar,06
BBM,BBM:F015892,BBM:F015979,similar,06
BBM,BBM:F015892,BBM:F016022,similar,06
BBM,BBM:F015914,BBM:F015979,similar,06
BBM,BBM:F015914,BBM:F016022,similar,06
BBM,BBM:F015979,BBM:F016022,similar,06
BBM,BBM:F015895,BBM:F015941,similar,06
BBM,BBM:F015895,BBM:F015952,similar,06
BBM,BBM:F015895,BBM:F015965,similar,06
BBM,BBM:F015895,BBM:F016045,similar,06
BBM,BBM:F015895,BBM:F016151,similar,06
BBM,BBM:F015941,BBM:F015952,similar,06
BBM,BBM:F015941,BBM:F015965,similar,06
BBM,BBM:F015941,BBM:F016045,similar,06
BBM,BBM:F015941,BBM:F016151,similar,06
BBM,BBM:F015952,BBM:F015965,similar,06
BBM,BBM:F015952,BBM:F016045,similar,06
BBM,BBM:F015952,BBM:F016151,similar,06
BBM,BBM:F015965,BBM:F016045,similar,06
BBM,BBM:F015965,BBM:F016151,similar,06
BBM,BBM:F016045,BBM:F016151,similar,06
BBM,BBM:F015939,BBM:F015951,similar,06
BBM,BBM:F015939,BBM:F016110,similar,06
BBM,BBM:F015951,BBM:F016110,similar,06
BBM,BBM:F015956,BBM:F016054,similar,06
BBM,BBM:F015975,BBM:F016008,similar,06
BBM,BBM:F015975,BBM:F016048,similar,06
BBM,BBM:F015975,BBM:F016152,similar,06
BBM,BBM:F016008,BBM:F016048,similar,06
BBM,BBM:F016008,BBM:F016152,similar,06
BBM,BBM:F016048,BBM:F016152,similar,06
BBM,BBM:F015984,BBM:F016016,similar,06
BBM,BBM:F016020,BBM:F016050,similar,06
BBM,BBM:F016057,BBM:F016114,similar,06
BBM,BBM:F016288,BBM:F016292,strict,06
BBM,BBM:F016299,BBM:F033943,similar,06
BBM,BBM:F016318,BBM:F034614,similar,06
BBM,BBM:F016318,BBM:F035746,similar,06
BBM,BBM:F034614,BBM:F035746,similar,06
BBM,BBM:F016319,BBM:F016324,similar,06
BBM,BBM:F016319,BBM:F016325,similar,06
BBM,BBM:F016319,BBM:F019584,similar,06
BBM,BBM:F016319,BBM:F035348,similar,06
BBM,BBM:F016324,BBM:F016325,similar,06
BBM,BBM:F016324,BBM:F019584,similar,06
BBM,BBM:F016324,BBM:F035348,similar,06
BBM,BBM:F016325,BBM:F019584,similar,06
BBM,BBM:F016325,BBM:F035348,similar,06
BBM,BBM:F019584,BBM:F035348,similar,06
BBM,BBM:F016323,BBM:F016329,similar,06
BBM,BBM:F016323,BBM:F016331,similar,06
BBM,BBM:F016323,BBM:F019457,similar,06
BBM,BBM:F016323,BBM:F019458,similar,06
BBM,BBM:F016323,BBM:F019461,similar,06
BBM,BBM:F016329,BBM:F016331,similar,06
BBM,BBM:F016329,BBM:F019457,similar,06
BBM,BBM:F016329,BBM:F019458,similar,06
BBM,BBM:F016329,BBM:F019461,similar,06
BBM,BBM:F016331,BBM:F019457,similar,06
BBM,BBM:F016331,BBM:F019458,similar,06
BBM,BBM:F016331,BBM:F019461,similar,06
BBM,BBM:F019457,BBM:F019458,similar,06
BBM,BBM:F019457,BBM:F019461,similar,06
BBM,BBM:F019458,BBM:F019461,similar,06
mo,MO:73017,MO:73218,similar,06
BBM,BBM:F016326,BBM:F016330,strict,06
BBM,BBM:F016327,BBM:F019538,similar,06
BBM,BBM:F016327,BBM:F019559,similar,06
BBM,BBM:F016327,BBM:F019561,similar,06
BBM,BBM:F016327,BBM:F019562,similar,06
BBM,BBM:F016327,BBM:F019581,similar,06
BBM,BBM:F016327,BBM:F019582,similar,06
BBM,BBM:F016327,BBM:F019583,similar,06
BBM,BBM:F016327,BBM:F019589,similar,06
BBM,BBM:F016327,BBM:F019598,similar,06
BBM,BBM:F016327,BBM:F019610,similar,06
BBM,BBM:F016327,BBM:F034634,similar,06
BBM,BBM:F016327,BBM:F034871,similar,06
BBM,BBM:F016327,BBM:F034875,similar,06
BBM,BBM:F016327,BBM:F035521,similar,06
BBM,BBM:F016327,BBM:F035522,similar,06
BBM,BBM:F016327,BBM:F035584,similar,06
BBM,BBM:F016327,BBM:F035619,similar,06
BBM,BBM:F019538,BBM:F019559,similar,06
BBM,BBM:F019538,BBM:F019561,similar,06
BBM,BBM:F019538,BBM:F019562,similar,06
BBM,BBM:F019538,BBM:F019581,similar,06
BBM,BBM:F019538,BBM:F019582,similar,06
BBM,BBM:F019538,BBM:F019583,similar,06
BBM,BBM:F019538,BBM:F019589,similar,06
BBM,BBM:F019538,BBM:F019598,similar,06
BBM,BBM:F019538,BBM:F019610,similar,06
BBM,BBM:F019538,BBM:F034634,similar,06
BBM,BBM:F019538,BBM:F034871,similar,06
BBM,BBM:F019538,BBM:F034875,similar,06
BBM,BBM:F019538,BBM:F035521,similar,06
BBM,BBM:F019538,BBM:F035522,similar,06
BBM,BBM:F019538,BBM:F035584,similar,06
BBM,BBM:F019538,BBM:F035619,similar,06
BBM,BBM:F019559,BBM:F019561,similar,06
BBM,BBM:F019559,BBM:F019562,similar,06
BBM,BBM:F019559,BBM:F019581,similar,06
BBM,BBM:F019559,BBM:F019582,similar,06
BBM,BBM:F019559,BBM:F019583,similar,06
BBM,BBM:F019559,BBM:F019589,similar,06
BBM,BBM:F019559,BBM:F019598,similar,06
BBM,BBM:F019559,BBM:F019610,similar,06
BBM,BBM:F019559,BBM:F034634,similar,06
BBM,BBM:F019559,BBM:F034871,similar,06
BBM,BBM:F019559,BBM:F034875,similar,06
BBM,BBM:F019559,BBM:F035521,similar,06
BBM,BBM:F019559,BBM:F035522,similar,06
BBM,BBM:F019559,BBM:F035584,similar,06
BBM,BBM:F019559,BBM:F035619,similar,06
BBM,BBM:F019561,BBM:F019562,similar,06
BBM,BBM:F019561,BBM:F019581,similar,06
BBM,BBM:F019561,BBM:F019582,similar,06
BBM,BBM:F019561,BBM:F019583,similar,06
BBM,BBM:F019561,BBM:F019589,similar,06
BBM,BBM:F019561,BBM:F019598,similar,06
BBM,BBM:F019561,BBM:F019610,similar,06
BBM,BBM:F019561,BBM:F034634,similar,06
BBM,BBM:F019561,BBM:F034871,similar,06
BBM,BBM:F019561,BBM:F034875,similar,06
BBM,BBM:F019561,BBM:F035521,similar,06
BBM,BBM:F019561,BBM:F035522,similar,06
BBM,BBM:F019561,BBM:F035584,similar,06
BBM,BBM:F019561,BBM:F035619,similar,06
BBM,BBM:F019562,BBM:F019581,similar,06
BBM,BBM:F019562,BBM:F019582,similar,06
BBM,BBM:F019562,BBM:F019583,similar,06
BBM,BBM:F019562,BBM:F019589,similar,06
BBM,BBM:F019562,BBM:F019598,similar,06
BBM,BBM:F019562,BBM:F019610,similar,06
BBM,BBM:F019562,BBM:F034634,similar,06
BBM,BBM:F019562,BBM:F034871,similar,06
BBM,BBM:F019562,BBM:F034875,similar,06
BBM,BBM:F019562,BBM:F035521,similar,06
BBM,BBM:F019562,BBM:F035522,similar,06
BBM,BBM:F019562,BBM:F035584,similar,06
BBM,BBM:F019562,BBM:F035619,similar,06
BBM,BBM:F019581,BBM:F019582,similar,06
BBM,BBM:F019581,BBM:F019583,similar,06
BBM,BBM:F019581,BBM:F019589,similar,06
BBM,BBM:F019581,BBM:F019598,similar,06
BBM,BBM:F019581,BBM:F019610,similar,06
BBM,BBM:F019581,BBM:F034634,similar,06
BBM,BBM:F019581,BBM:F034871,similar,06
BBM,BBM:F019581,BBM:F034875,similar,06
BBM,BBM:F019581,BBM:F035521,similar,06
BBM,BBM:F019581,BBM:F035522,similar,06
BBM,BBM:F019581,BBM:F035584,similar,06
BBM,BBM:F019581,BBM:F035619,similar,06
BBM,BBM:F019582,BBM:F019583,similar,06
BBM,BBM:F019582,BBM:F019589,similar,06
BBM,BBM:F019582,BBM:F019598,similar,06
BBM,BBM:F019582,BBM:F019610,similar,06
BBM,BBM:F019582,BBM:F034634,similar,06
BBM,BBM:F019582,BBM:F034871,similar,06
BBM,BBM:F019582,BBM:F034875,similar,06
BBM,BBM:F019582,BBM:F035521,similar,06
BBM,BBM:F019582,BBM:F035522,similar,06
BBM,BBM:F019582,BBM:F035584,similar,06
BBM,BBM:F019582,BBM:F035619,similar,06
BBM,BBM:F019583,BBM:F019589,similar,06
BBM,BBM:F019583,BBM:F019598,similar,06
BBM,BBM:F019583,BBM:F019610,similar,06
BBM,BBM:F019583,BBM:F034634,similar,06
BBM,BBM:F019583,BBM:F034871,similar,06
BBM,BBM:F019583,BBM:F034875,similar,06
BBM,BBM:F019583,BBM:F035521,similar,06
BBM,BBM:F019583,BBM:F035522,similar,06
BBM,BBM:F019583,BBM:F035584,similar,06
BBM,BBM:F019583,BBM:F035619,similar,06
BBM,BBM:F019589,BBM:F019598,similar,06
BBM,BBM:F019589,BBM:F019610,similar,06
BBM,BBM:F019589,BBM:F034634,similar,06
BBM,BBM:F019589,BBM:F034871,similar,06
BBM,BBM:F019589,BBM:F034875,similar,06
BBM,BBM:F019589,BBM:F035521,similar,06
BBM,BBM:F019589,BBM:F035522,similar,06
BBM,BBM:F019589,BBM:F035584,similar,06
BBM,BBM:F019589,BBM:F035619,similar,06
BBM,BBM:F019598,BBM:F019610,similar,06
BBM,BBM:F019598,BBM:F034634,similar,06
BBM,BBM:F019598,BBM:F034871,similar,06
BBM,BBM:F019598,BBM:F034875,similar,06
BBM,BBM:F019598,BBM:F035521,similar,06
BBM,BBM:F019598,BBM:F035522,similar,06
BBM,BBM:F019598,BBM:F035584,similar,06
BBM,BBM:F019598,BBM:F035619,similar,06
BBM,BBM:F019610,BBM:F034634,similar,06
BBM,BBM:F019610,BBM:F034871,similar,06
BBM,BBM:F019610,BBM:F034875,similar,06
BBM,BBM:F019610,BBM:F035521,similar,06
BBM,BBM:F019610,BBM:F035522,similar,06
BBM,BBM:F019610,BBM:F035584,similar,06
BBM,BBM:F019610,BBM:F035619,similar,06
BBM,BBM:F034634,BBM:F034871,similar,06
BBM,BBM:F034634,BBM:F034875,similar,06
BBM,BBM:F034634,BBM:F035521,similar,06
BBM,BBM:F034634,BBM:F035522,similar,06
BBM,BBM:F034634,BBM:F035584,similar,06
BBM,BBM:F034634,BBM:F035619,similar,06
BBM,BBM:F034871,BBM:F034875,similar,06
BBM,BBM:F034871,BBM:F035521,similar,06
BBM,BBM:F034871,BBM:F035522,similar,06
BBM,BBM:F034871,BBM:F035584,similar,06
BBM,BBM:F034871,BBM:F035619,similar,06
BBM,BBM:F034875,BBM:F035521,similar,06
BBM,BBM:F034875,BBM:F035522,similar,06
BBM,BBM:F034875,BBM:F035584,similar,06
BBM,BBM:F034875,BBM:F035619,similar,06
BBM,BBM:F035521,BBM:F035522,similar,06
BBM,BBM:F035521,BBM:F035584,similar,06
BBM,BBM:F035521,BBM:F035619,similar,06
BBM,BBM:F035522,BBM:F035584,similar,06
BBM,BBM:F035522,BBM:F035619,similar,06
BBM,BBM:F035584,BBM:F035619,similar,06
BBM,BBM:F016328,BBM:F016559,similar,06
BBM,BBM:F016328,BBM:F017225,similar,06
BBM,BBM:F016328,BBM:F017255,similar,06
BBM,BBM:F016559,BBM:F017225,similar,06
BBM,BBM:F016559,BBM:F017255,similar,06
BBM,BBM:F017225,BBM:F017255,similar,06
BBM,BBM:F016340,BBM:F016450,similar,06
BBM,BBM:F016348,BBM:F018500,similar,06
BBM,BBM:F016351,BBM:F016585,similar,06
BBM,BBM:F016356,BBM:F016534,strict,06
BBM,BBM:F016359,BBM:F017278,similar,06
BBM,BBM:F016367,BBM:F016457,similar,06
BBM,BBM:F016367,BBM:F016458,similar,06
BBM,BBM:F016367,BBM:F034562,similar,06
BBM,BBM:F016367,BBM:F034901,similar,06
BBM,BBM:F016367,BBM:F035194,similar,06
BBM,BBM:F016367,BBM:F035441,similar,06
BBM,BBM:F016367,BBM:F035461,similar,06
BBM,BBM:F016367,BBM:F035503,similar,06
BBM,BBM:F016457,BBM:F016458,similar,06
BBM,BBM:F016457,BBM:F034562,similar,06
BBM,BBM:F016457,BBM:F034901,similar,06
BBM,BBM:F016457,BBM:F035194,similar,06
BBM,BBM:F016457,BBM:F035441,similar,06
BBM,BBM:F016457,BBM:F035461,similar,06
BBM,BBM:F016457,BBM:F035503,similar,06
BBM,BBM:F016458,BBM:F034562,similar,06
BBM,BBM:F016458,BBM:F034901,similar,06
BBM,BBM:F016458,BBM:F035194,similar,06
BBM,BBM:F016458,BBM:F035441,similar,06
BBM,BBM:F016458,BBM:F035461,similar,06
BBM,BBM:F016458,BBM:F035503,similar,06
BBM,BBM:F034562,BBM:F034901,similar,06
BBM,BBM:F034562,BBM:F035194,similar,06
BBM,BBM:F034562,BBM:F035441,similar,06
BBM,BBM:F034562,BBM:F035461,similar,06
BBM,BBM:F034562,BBM:F035503,similar,06
BBM,BBM:F034901,BBM:F035194,similar,06
BBM,BBM:F034901,BBM:F035441,similar,06
BBM,BBM:F034901,BBM:F035461,similar,06
BBM,BBM:F034901,BBM:F035503,similar,06
BBM,BBM:F035194,BBM:F035441,similar,06
BBM,BBM:F035194,BBM:F035461,similar,06
BBM,BBM:F035194,BBM:F035503,similar,06
BBM,BBM:F035441,BBM:F035461,similar,06
BBM,BBM:F035441,BBM:F035503,similar,06
BBM,BBM:F035461,BBM:F035503,similar,06
mo,MO:73023,MO:156906,similar,06
BBM,BBM:F016368,BBM:F016410,strict,06
BBM,BBM:F016370,BBM:F016372,strict,06
BBM,BBM:F016373,BBM:F034663,similar,06
BBM,BBM:F016373,BBM:F034690,similar,06
BBM,BBM:F034663,BBM:F034690,similar,06
BBM,BBM:F016374,BBM:F016375,strict,06
BBM,BBM:F016385,BBM:F016386,strict,06
BBM,BBM:F016399,BBM:F016400,similar,06
BBM,BBM:F016408,BBM:F016541,strict,06
BBM,BBM:F016408,BBM:F016542,strict,06
BBM,BBM:F016541,BBM:F016542,strict,06
BBM,BBM:F016413,BBM:F016509,similar,06
BBM,BBM:F016416,BBM:F016494,strict,06
BBM,BBM:F016420,BBM:F016421,similar,06
BBM,BBM:F016422,BBM:F016423,strict,06
BBM,BBM:F016430,BBM:F016432,similar,06
BBM,BBM:F016435,BBM:F016436,similar,06
BBM,BBM:F016445,BBM:F016446,similar,06
BBM,BBM:F016447,BBM:F016448,strict,06
BBM,BBM:F016452,BBM:F016583,similar,06
BBM,BBM:F016453,BBM:F016454,similar,06
BBM,BBM:F016455,BBM:F016456,similar,06
BBM,BBM:F016464,BBM:F016538,strict,06
BBM,BBM:F016472,BBM:F016473,strict,06
BBM,BBM:F016472,BBM:F016515,strict,06
BBM,BBM:F016473,BBM:F016515,strict,06
BBM,BBM:F016474,BBM:F016511,strict,06
BBM,BBM:F016476,BBM:F023142,similar,06
BBM,BBM:F016480,BBM:F016487,strict,06
BBM,BBM:F016495,BBM:F016496,strict,06
BBM,BBM:F016499,BBM:F023109,similar,06
BBM,BBM:F016499,BBM:F023138,similar,06
BBM,BBM:F016499,BBM:F023150,similar,06
BBM,BBM:F016499,BBM:F023151,similar,06
BBM,BBM:F016499,BBM:F023152,similar,06
BBM,BBM:F016499,BBM:F023153,similar,06
BBM,BBM:F016499,BBM:F023156,similar,06
BBM,BBM:F016499,BBM:F023166,similar,06
BBM,BBM:F023109,BBM:F023138,similar,06
BBM,BBM:F023109,BBM:F023150,similar,06
BBM,BBM:F023109,BBM:F023151,similar,06
BBM,BBM:F023109,BBM:F023152,similar,06
BBM,BBM:F023109,BBM:F023153,similar,06
BBM,BBM:F023109,BBM:F023156,similar,06
BBM,BBM:F023109,BBM:F023166,similar,06
BBM,BBM:F023138,BBM:F023150,similar,06
BBM,BBM:F023138,BBM:F023151,similar,06
BBM,BBM:F023138,BBM:F023152,similar,06
BBM,BBM:F023138,BBM:F023153,similar,06
BBM,BBM:F023138,BBM:F023156,similar,06
BBM,BBM:F023138,BBM:F023166,similar,06
BBM,BBM:F023150,BBM:F023151,similar,06
BBM,BBM:F023150,BBM:F023152,similar,06
BBM,BBM:F023150,BBM:F023153,similar,06
BBM,BBM:F023150,BBM:F023156,similar,06
BBM,BBM:F023150,BBM:F023166,similar,06
BBM,BBM:F023151,BBM:F023152,similar,06
BBM,BBM:F023151,BBM:F023153,similar,06
BBM,BBM:F023151,BBM:F023156,similar,06
BBM,BBM:F023151,BBM:F023166,similar,06
BBM,BBM:F023152,BBM:F023153,similar,06
BBM,BBM:F023152,BBM:F023156,similar,06
BBM,BBM:F023152,BBM:F023166,similar,06
BBM,BBM:F023153,BBM:F023156,similar,06
BBM,BBM:F023153,BBM:F023166,similar,06
BBM,BBM:F023156,BBM:F023166,similar,06
BBM,BBM:F016517,BBM:F023190,similar,06
BBM,BBM:F016526,BBM:F016528,similar,06
BBM,BBM:F016527,BBM:F016531,similar,06
BBM,BBM:F016527,BBM:F016535,similar,06
BBM,BBM:F016527,BBM:F016536,similar,06
BBM,BBM:F016527,BBM:F016539,similar,06
BBM,BBM:F016527,BBM:F016540,similar,06
BBM,BBM:F016531,BBM:F016535,similar,06
BBM,BBM:F016531,BBM:F016536,similar,06
BBM,BBM:F016531,BBM:F016539,similar,06
BBM,BBM:F016531,BBM:F016540,similar,06
BBM,BBM:F016535,BBM:F016536,similar,06
BBM,BBM:F016535,BBM:F016539,similar,06
BBM,BBM:F016535,BBM:F016540,similar,06
BBM,BBM:F016536,BBM:F016539,similar,06
BBM,BBM:F016536,BBM:F016540,similar,06
BBM,BBM:F016539,BBM:F016540,similar,06
BBM,BBM:F016529,BBM:F016530,strict,06
BBM,BBM:F016532,BBM:F016533,similar,06
BBM,BBM:F016532,BBM:F016537,similar,06
BBM,BBM:F016533,BBM:F016537,similar,06
BBM,BBM:F016544,BBM:F016545,similar,06
BBM,BBM:F016581,BBM:F016582,strict,06
BBM,BBM:F016608,BBM:F020322,strict,06
BBM,BBM:F016608,BBM:F020323,strict,06
BBM,BBM:F020322,BBM:F020323,strict,06
BBM,BBM:F016611,BBM:F016884,strict,06
BBM,BBM:F016618,BBM:F016837,similar,06
BBM,BBM:F016618,BBM:F030550,similar,06
BBM,BBM:F016837,BBM:F030550,similar,06
BBM,BBM:F016622,BBM:F020325,strict,06
BBM,BBM:F016623,BBM:F016688,similar,06
BBM,BBM:F016649,BBM:F016650,strict,06
BBM,BBM:F016678,BBM:F016738,similar,06
BBM,BBM:F016678,BBM:F030498,similar,06
BBM,BBM:F016738,BBM:F030498,similar,06
BBM,BBM:F016710,BBM:F016711,strict,06
BBM,BBM:F016712,BBM:F033148,similar,06
BBM,BBM:F016713,BBM:F016784,similar,06
BBM,BBM:F016714,BBM:F016765,similar,06
BBM,BBM:F016714,BBM:F016779,similar,06
BBM,BBM:F016765,BBM:F016779,similar,06
BBM,BBM:F016767,BBM:F016800,strict,06
BBM,BBM:F016799,BBM:F020329,strict,06
BBM,BBM:F016838,BBM:F033127,similar,06
BBM,BBM:F016839,BBM:F030494,similar,06
BBM,BBM:F016839,BBM:F030646,similar,06
BBM,BBM:F030494,BBM:F030646,similar,06
BBM,BBM:F016848,BBM:F030675,similar,06
BBM,BBM:F017028,BBM:F017029,strict,06
BBM,BBM:F017039,BBM:F017066,strict,06
BBM,BBM:F017040,BBM:F017049,strict,06
BBM,BBM:F017041,BBM:F017064,similar,06
BBM,BBM:F017041,BBM:F017065,similar,06
BBM,BBM:F017064,BBM:F017065,similar,06
BBM,BBM:F017045,BBM:F017047,strict,06
BBM,BBM:F017050,BBM:F017088,strict,06
BBM,BBM:F017050,BBM:F017090,strict,06
BBM,BBM:F017050,BBM:F017108,strict,06
BBM,BBM:F017088,BBM:F017090,strict,06
BBM,BBM:F017088,BBM:F017108,strict,06
BBM,BBM:F017090,BBM:F017108,strict,06
BBM,BBM:F017051,BBM:F017096,strict,06
BBM,BBM:F017052,BBM:F018389,similar,06
BBM,BBM:F017053,BBM:F017055,strict,06
BBM,BBM:F017053,BBM:F017056,strict,06
BBM,BBM:F017053,BBM:F017085,strict,06
BBM,BBM:F017053,BBM:F017107,strict,06
BBM,BBM:F017055,BBM:F017056,strict,06
BBM,BBM:F017055,BBM:F017085,strict,06
BBM,BBM:F017055,BBM:F017107,strict,06
BBM,BBM:F017056,BBM:F017085,strict,06
BBM,BBM:F017056,BBM:F017107,strict,06
BBM,BBM:F017085,BBM:F017107,strict,06
BBM,BBM:F017058,BBM:F017061,strict,06
BBM,BBM:F017074,BBM:F017277,similar,06
BBM,BBM:F017086,BBM:F017109,strict,06
BBM,BBM:F017093,BBM:F021893,similar,06
BBM,BBM:F017093,BBM:F021894,similar,06
BBM,BBM:F017093,BBM:F021901,similar,06
BBM,BBM:F021893,BBM:F021894,similar,06
BBM,BBM:F021893,BBM:F021901,similar,06
BBM,BBM:F021894,BBM:F021901,similar,06
BBM,BBM:F017094,BBM:F017095,strict,06
BBM,BBM:F017100,BBM:F021827,strict,06
BBM,BBM:F017119,BBM:F017127,similar,06
BBM,BBM:F017119,BBM:F017128,similar,06
BBM,BBM:F017127,BBM:F017128,similar,06
BBM,BBM:F017132,BBM:F017142,strict,06
BBM,BBM:F017134,BBM:F017143,similar,06
BBM,BBM:F017155,BBM:F018959,similar,06
BBM,BBM:F017156,BBM:F018966,similar,06
BBM,BBM:F017159,BBM:F018960,similar,06
BBM,BBM:F017162,BBM:F018964,similar,06
BBM,BBM:F017164,BBM:F017172,similar,06
BBM,BBM:F017164,BBM:F018958,similar,06
BBM,BBM:F017172,BBM:F018958,similar,06
BBM,BBM:F017168,BBM:F018963,similar,06
BBM,BBM:F017217,BBM:F017228,similar,06
BBM,BBM:F017218,BBM:F017222,strict,06
BBM,BBM:F017219,BBM:F017220,similar,06
BBM,BBM:F017234,BBM:F017238,strict,06
BBM,BBM:F017236,BBM:F017237,similar,06
BBM,BBM:F017241,BBM:F017243,similar,06
BBM,BBM:F017252,BBM:F017256,similar,06
BBM,BBM:F017254,BBM:F019427,similar,06
BBM,BBM:F017258,BBM:F017261,similar,06
BBM,BBM:F017258,BBM:F034837,similar,06
BBM,BBM:F017261,BBM:F034837,similar,06
BBM,BBM:F017262,BBM:F017264,similar,06
BBM,BBM:F017262,BBM:F017267,similar,06
BBM,BBM:F017264,BBM:F017267,similar,06
BBM,BBM:F017268,BBM:F017269,similar,06
BBM,BBM:F017481,BBM:F017496,similar,06
BBM,BBM:F017586,BBM:F017587,strict,06
BBM,BBM:F017961,BBM:F017992,strict,06
BBM,BBM:F017973,BBM:F017986,strict,06
BBM,BBM:F018919,BBM:F018921,similar,06
BBM,BBM:F018919,BBM:F018926,similar,06
BBM,BBM:F018921,BBM:F018926,similar,06
BBM,BBM:F018930,BBM:F018933,strict,06
BBM,BBM:F018930,BBM:F018934,strict,06
BBM,BBM:F018933,BBM:F018934,strict,06
BBM,BBM:F018935,BBM:F018944,similar,06
BBM,BBM:F018936,BBM:F018937,strict,06
BBM,BBM:F018936,BBM:F018938,strict,06
BBM,BBM:F018936,BBM:F018939,strict,06
BBM,BBM:F018937,BBM:F018938,strict,06
BBM,BBM:F018937,BBM:F018939,strict,06
BBM,BBM:F018938,BBM:F018939,strict,06
BBM,BBM:F018940,BBM:F018946,strict,06
BBM,BBM:F018948,BBM:F018962,strict,06
BBM,BBM:F018948,BBM:F018970,strict,06
BBM,BBM:F018962,BBM:F018970,strict,06
BBM,BBM:F019387,BBM:F019389,strict,06
BBM,BBM:F019387,BBM:F019391,strict,06
BBM,BBM:F019389,BBM:F019391,strict,06
BBM,BBM:F019585,BBM:F035265,similar,06
BBM,BBM:F019590,BBM:F019593,similar,06
BBM,BBM:F019608,BBM:F019609,strict,06
BBM,BBM:F019620,BBM:F019621,similar,06
BBM,BBM:F019620,BBM:F019658,similar,06
BBM,BBM:F019621,BBM:F019658,similar,06
BBM,BBM:F019626,BBM:F020079,similar,06
BBM,BBM:F019639,BBM:F019640,strict,06
BBM,BBM:F019639,BBM:F019641,strict,06
BBM,BBM:F019640,BBM:F019641,strict,06
BBM,BBM:F019711,BBM:F019729,strict,06
BBM,BBM:F020045,BBM:F020046,strict,06
BBM,BBM:F020078,BBM:F020081,strict,06
BBM,BBM:F020078,BBM:F020082,strict,06
BBM,BBM:F020081,BBM:F020082,strict,06
BBM,BBM:F020098,BBM:F020099,strict,06
BBM,BBM:F020102,BBM:F020146,similar,06
BBM,BBM:F020102,BBM:F020147,similar,06
BBM,BBM:F020102,BBM:F020148,similar,06
BBM,BBM:F020146,BBM:F020147,similar,06
BBM,BBM:F020146,BBM:F020148,similar,06
BBM,BBM:F020147,BBM:F020148,similar,06
BBM,BBM:F020105,BBM:F020106,strict,06
BBM,BBM:F020108,BBM:F034059,similar,06
BBM,BBM:F020109,BBM:F020177,similar,06
BBM,BBM:F020112,BBM:F020130,similar,06
BBM,BBM:F020131,BBM:F020143,similar,06
BBM,BBM:F020131,BBM:F020144,similar,06
BBM,BBM:F020131,BBM:F020145,similar,06
BBM,BBM:F020131,BBM:F020163,similar,06
BBM,BBM:F020131,BBM:F020164,similar,06
BBM,BBM:F020131,BBM:F026683,similar,06
BBM,BBM:F020143,BBM:F020144,similar,06
BBM,BBM:F020143,BBM:F020145,similar,06
BBM,BBM:F020143,BBM:F020163,similar,06
BBM,BBM:F020143,BBM:F020164,similar,06
BBM,BBM:F020143,BBM:F026683,similar,06
BBM,BBM:F020144,BBM:F020145,similar,06
BBM,BBM:F020144,BBM:F020163,similar,06
BBM,BBM:F020144,BBM:F020164,similar,06
BBM,BBM:F020144,BBM:F026683,similar,06
BBM,BBM:F020145,BBM:F020163,similar,06
BBM,BBM:F020145,BBM:F020164,similar,06
BBM,BBM:F020145,BBM:F026683,similar,06
BBM,BBM:F020163,BBM:F020164,similar,06
BBM,BBM:F020163,BBM:F026683,similar,06
BBM,BBM:F020164,BBM:F026683,similar,06
BBM,BBM:F020142,BBM:F020165,similar,06
BBM,BBM:F020142,BBM:F026776,similar,06
BBM,BBM:F020165,BBM:F026776,similar,06
BBM,BBM:F020149,BBM:F034636,similar,06
BBM,BBM:F020149,BBM:F035485,similar,06
BBM,BBM:F034636,BBM:F035485,similar,06
BBM,BBM:F020162,BBM:F034577,similar,06
BBM,BBM:F020162,BBM:F035434,similar,06
BBM,BBM:F034577,BBM:F035434,similar,06
BBM,BBM:F020178,BBM:F023315,similar,06
BBM,BBM:F020180,BBM:F020263,similar,06
BBM,BBM:F020180,BBM:F020271,similar,06
BBM,BBM:F020180,BBM:F023298,similar,06
BBM,BBM:F020263,BBM:F020271,similar,06
BBM,BBM:F020263,BBM:F023298,similar,06
BBM,BBM:F020271,BBM:F023298,similar,06
BBM,BBM:F020181,BBM:F020219,similar,06
BBM,BBM:F020181,BBM:F034565,similar,06
BBM,BBM:F020181,BBM:F034885,similar,06
BBM,BBM:F020219,BBM:F034565,similar,06
BBM,BBM:F020219,BBM:F034885,similar,06
BBM,BBM:F034565,BBM:F034885,similar,06
BBM,BBM:F020182,BBM:F023213,similar,06
BBM,BBM:F020182,BBM:F023214,similar,06
BBM,BBM:F020182,BBM:F023215,similar,06
BBM,BBM:F023213,BBM:F023214,similar,06
BBM,BBM:F023213,BBM:F023215,similar,06
BBM,BBM:F023214,BBM:F023215,similar,06
BBM,BBM:F020197,BBM:F020264,similar,06
BBM,BBM:F020197,BBM:F023318,similar,06
BBM,BBM:F020264,BBM:F023318,similar,06
BBM,BBM:F020205,BBM:F020206,strict,06
BBM,BBM:F020211,BBM:F020212,strict,06
BBM,BBM:F020220,BBM:F020221,strict,06
BBM,BBM:F020233,BBM:F020246,similar,06
BBM,BBM:F020233,BBM:F020261,similar,06
BBM,BBM:F020233,BBM:F023222,similar,06
BBM,BBM:F020233,BBM:F023223,similar,06
BBM,BBM:F020233,BBM:F023224,similar,06
BBM,BBM:F020233,BBM:F023225,similar,06
BBM,BBM:F020233,BBM:F023226,similar,06
BBM,BBM:F020233,BBM:F023227,similar,06
BBM,BBM:F020233,BBM:F023230,similar,06
BBM,BBM:F020233,BBM:F023231,similar,06
BBM,BBM:F020233,BBM:F023232,similar,06
BBM,BBM:F020246,BBM:F020261,similar,06
BBM,BBM:F020246,BBM:F023222,similar,06
BBM,BBM:F020246,BBM:F023223,similar,06
BBM,BBM:F020246,BBM:F023224,similar,06
BBM,BBM:F020246,BBM:F023225,similar,06
BBM,BBM:F020246,BBM:F023226,similar,06
BBM,BBM:F020246,BBM:F023227,similar,06
BBM,BBM:F020246,BBM:F023230,similar,06
BBM,BBM:F020246,BBM:F023231,similar,06
BBM,BBM:F020246,BBM:F023232,similar,06
BBM,BBM:F020261,BBM:F023222,similar,06
BBM,BBM:F020261,BBM:F023223,similar,06
BBM,BBM:F020261,BBM:F023224,similar,06
BBM,BBM:F020261,BBM:F023225,similar,06
BBM,BBM:F020261,BBM:F023226,similar,06
BBM,BBM:F020261,BBM:F023227,similar,06
BBM,BBM:F020261,BBM:F023230,similar,06
BBM,BBM:F020261,BBM:F023231,similar,06
BBM,BBM:F020261,BBM:F023232,similar,06
BBM,BBM:F023222,BBM:F023223,similar,06
BBM,BBM:F023222,BBM:F023224,similar,06
BBM,BBM:F023222,BBM:F023225,similar,06
BBM,BBM:F023222,BBM:F023226,similar,06
BBM,BBM:F023222,BBM:F023227,similar,06
BBM,BBM:F023222,BBM:F023230,similar,06
BBM,BBM:F023222,BBM:F023231,similar,06
BBM,BBM:F023222,BBM:F023232,similar,06
BBM,BBM:F023223,BBM:F023224,similar,06
BBM,BBM:F023223,BBM:F023225,similar,06
BBM,BBM:F023223,BBM:F023226,similar,06
BBM,BBM:F023223,BBM:F023227,similar,06
BBM,BBM:F023223,BBM:F023230,similar,06
BBM,BBM:F023223,BBM:F023231,similar,06
BBM,BBM:F023223,BBM:F023232,similar,06
BBM,BBM:F023224,BBM:F023225,similar,06
BBM,BBM:F023224,BBM:F023226,similar,06
BBM,BBM:F023224,BBM:F023227,similar,06
BBM,BBM:F023224,BBM:F023230,similar,06
BBM,BBM:F023224,BBM:F023231,similar,06
BBM,BBM:F023224,BBM:F023232,similar,06
BBM,BBM:F023225,BBM:F023226,similar,06
BBM,BBM:F023225,BBM:F023227,similar,06
BBM,BBM:F023225,BBM:F023230,similar,06
BBM,BBM:F023225,BBM:F023231,similar,06
BBM,BBM:F023225,BBM:F023232,similar,06
BBM,BBM:F023226,BBM:F023227,similar,06
BBM,BBM:F023226,BBM:F023230,similar,06
BBM,BBM:F023226,BBM:F023231,similar,06
BBM,BBM:F023226,BBM:F023232,similar,06
BBM,BBM:F023227,BBM:F023230,similar,06
BBM,BBM:F023227,BBM:F023231,similar,06
BBM,BBM:F023227,BBM:F023232,similar,06
BBM,BBM:F023230,BBM:F023231,similar,06
BBM,BBM:F023230,BBM:F023232,similar,06
BBM,BBM:F023231,BBM:F023232,similar,06
BBM,BBM:F020265,BBM:F023362,similar,06
BBM,BBM:F020265,BBM:F023363,similar,06
BBM,BBM:F020265,BBM:F023372,similar,06
BBM,BBM:F020265,BBM:F023388,similar,06
BBM,BBM:F020265,BBM:F023389,similar,06
BBM,BBM:F023362,BBM:F023363,similar,06
BBM,BBM:F023362,BBM:F023372,similar,06
BBM,BBM:F023362,BBM:F023388,similar,06
BBM,BBM:F023362,BBM:F023389,similar,06
BBM,BBM:F023363,BBM:F023372,similar,06
BBM,BBM:F023363,BBM:F023388,similar,06
BBM,BBM:F023363,BBM:F023389,similar,06
BBM,BBM:F023372,BBM:F023388,similar,06
BBM,BBM:F023372,BBM:F023389,similar,06
BBM,BBM:F023388,BBM:F023389,similar,06
BBM,BBM:F020292,BBM:F020300,similar,06
BBM,BBM:F020292,BBM:F020302,similar,06
BBM,BBM:F020292,BBM:F020304,similar,06
BBM,BBM:F020292,BBM:F020306,similar,06
BBM,BBM:F020292,BBM:F020311,similar,06
BBM,BBM:F020292,BBM:F020316,similar,06
BBM,BBM:F020292,BBM:F020538,similar,06
BBM,BBM:F020300,BBM:F020302,similar,06
BBM,BBM:F020300,BBM:F020304,similar,06
BBM,BBM:F020300,BBM:F020306,similar,06
BBM,BBM:F020300,BBM:F020311,similar,06
BBM,BBM:F020300,BBM:F020316,similar,06
BBM,BBM:F020300,BBM:F020538,similar,06
BBM,BBM:F020302,BBM:F020304,similar,06
BBM,BBM:F020302,BBM:F020306,similar,06
BBM,BBM:F020302,BBM:F020311,similar,06
BBM,BBM:F020302,BBM:F020316,similar,06
BBM,BBM:F020302,BBM:F020538,similar,06
BBM,BBM:F020304,BBM:F020306,similar,06
BBM,BBM:F020304,BBM:F020311,similar,06
BBM,BBM:F020304,BBM:F020316,similar,06
BBM,BBM:F020304,BBM:F020538,similar,06
BBM,BBM:F020306,BBM:F020311,similar,06
BBM,BBM:F020306,BBM:F020316,similar,06
BBM,BBM:F020306,BBM:F020538,similar,06
BBM,BBM:F020311,BBM:F020316,similar,06
BBM,BBM:F020311,BBM:F020538,similar,06
BBM,BBM:F020316,BBM:F020538,similar,06
BBM,BBM:F020293,BBM:F020294,strict,06
BBM,BBM:F020293,BBM:F020341,strict,06
BBM,BBM:F020294,BBM:F020341,strict,06
BBM,BBM:F020295,BBM:F020301,similar,06
BBM,BBM:F020295,BBM:F020310,similar,06
BBM,BBM:F020295,BBM:F020312,similar,06
BBM,BBM:F020295,BBM:F020313,similar,06
BBM,BBM:F020295,BBM:F020314,similar,06
BBM,BBM:F020295,BBM:F020321,similar,06
BBM,BBM:F020295,BBM:F020339,similar,06
BBM,BBM:F020301,BBM:F020310,similar,06
BBM,BBM:F020301,BBM:F020312,similar,06
BBM,BBM:F020301,BBM:F020313,similar,06
BBM,BBM:F020301,BBM:F020314,similar,06
BBM,BBM:F020301,BBM:F020321,similar,06
BBM,BBM:F020301,BBM:F020339,similar,06
BBM,BBM:F020310,BBM:F020312,similar,06
BBM,BBM:F020310,BBM:F020313,similar,06
BBM,BBM:F020310,BBM:F020314,similar,06
BBM,BBM:F020310,BBM:F020321,similar,06
BBM,BBM:F020310,BBM:F020339,similar,06
BBM,BBM:F020312,BBM:F020313,similar,06
BBM,BBM:F020312,BBM:F020314,similar,06
BBM,BBM:F020312,BBM:F020321,similar,06
BBM,BBM:F020312,BBM:F020339,similar,06
BBM,BBM:F020313,BBM:F020314,similar,06
BBM,BBM:F020313,BBM:F020321,similar,06
BBM,BBM:F020313,BBM:F020339,similar,06
BBM,BBM:F020314,BBM:F020321,similar,06
BBM,BBM:F020314,BBM:F020339,similar,06
BBM,BBM:F020321,BBM:F020339,similar,06
BBM,BBM:F020296,BBM:F020298,strict,06
BBM,BBM:F020296,BBM:F020299,strict,06
BBM,BBM:F020298,BBM:F020299,strict,06
BBM,BBM:F020297,BBM:F020303,strict,06
BBM,BBM:F020305,BBM:F035531,similar,06
BBM,BBM:F020307,BBM:F020308,similar,06
BBM,BBM:F020320,BBM:F020328,similar,06
BBM,BBM:F020330,BBM:F033119,similar,06
BBM,BBM:F020330,BBM:F033126,similar,06
BBM,BBM:F033119,BBM:F033126,similar,06
BBM,BBM:F020332,BBM:F020333,strict,06
BBM,BBM:F020334,BBM:F020335,similar,06
BBM,BBM:F020334,BBM:F020337,similar,06
BBM,BBM:F020334,BBM:F020338,similar,06
BBM,BBM:F020335,BBM:F020337,similar,06
BBM,BBM:F020335,BBM:F020338,similar,06
BBM,BBM:F020337,BBM:F020338,similar,06
BBM,BBM:F020336,BBM:F030759,similar,06
BBM,BBM:F020336,BBM:F030767,similar,06
BBM,BBM:F030759,BBM:F030767,similar,06
BBM,BBM:F020368,BBM:F023206,similar,06
BBM,BBM:F020608,BBM:F020624,strict,06
BBM,BBM:F020608,BBM:F020628,strict,06
BBM,BBM:F020608,BBM:F020629,strict,06
BBM,BBM:F020608,BBM:F020680,strict,06
BBM,BBM:F020608,BBM:F020894,strict,06
BBM,BBM:F020608,BBM:F020897,strict,06
BBM,BBM:F020608,BBM:F020924,strict,06
BBM,BBM:F020608,BBM:F020944,strict,06
BBM,BBM:F020624,BBM:F020628,strict,06
BBM,BBM:F020624,BBM:F020629,strict,06
BBM,BBM:F020624,BBM:F020680,strict,06
BBM,BBM:F020624,BBM:F020894,strict,06
BBM,BBM:F020624,BBM:F020897,strict,06
BBM,BBM:F020624,BBM:F020924,strict,06
BBM,BBM:F020624,BBM:F020944,strict,06
BBM,BBM:F020628,BBM:F020629,strict,06
BBM,BBM:F020628,BBM:F020680,strict,06
BBM,BBM:F020628,BBM:F020894,strict,06
BBM,BBM:F020628,BBM:F020897,strict,06
BBM,BBM:F020628,BBM:F020924,strict,06
BBM,BBM:F020628,BBM:F020944,strict,06
BBM,BBM:F020629,BBM:F020680,strict,06
BBM,BBM:F020629,BBM:F020894,strict,06
BBM,BBM:F020629,BBM:F020897,strict,06
BBM,BBM:F020629,BBM:F020924,strict,06
BBM,BBM:F020629,BBM:F020944,strict,06
BBM,BBM:F020680,BBM:F020894,strict,06
BBM,BBM:F020680,BBM:F020897,strict,06
BBM,BBM:F020680,BBM:F020924,strict,06
BBM,BBM:F020680,BBM:F020944,strict,06
BBM,BBM:F020894,BBM:F020897,strict,06
BBM,BBM:F020894,BBM:F020924,strict,06
BBM,BBM:F020894,BBM:F020944,strict,06
BBM,BBM:F020897,BBM:F020924,strict,06
BBM,BBM:F020897,BBM:F020944,strict,06
BBM,BBM:F020924,BBM:F020944,strict,06
BBM,BBM:F020651,BBM:F020673,strict,06
BBM,BBM:F020651,BBM:F020694,strict,06
BBM,BBM:F020651,BBM:F020695,strict,06
BBM,BBM:F020651,BBM:F020700,strict,06
BBM,BBM:F020651,BBM:F020908,strict,06
BBM,BBM:F020651,BBM:F020947,strict,06
BBM,BBM:F020651,BBM:F021210,strict,06
BBM,BBM:F020673,BBM:F020694,strict,06
BBM,BBM:F020673,BBM:F020695,strict,06
BBM,BBM:F020673,BBM:F020700,strict,06
BBM,BBM:F020673,BBM:F020908,strict,06
BBM,BBM:F020673,BBM:F020947,strict,06
BBM,BBM:F020673,BBM:F021210,strict,06
BBM,BBM:F020694,BBM:F020695,strict,06
BBM,BBM:F020694,BBM:F020700,strict,06
BBM,BBM:F020694,BBM:F020908,strict,06
BBM,BBM:F020694,BBM:F020947,strict,06
BBM,BBM:F020694,BBM:F021210,strict,06
BBM,BBM:F020695,BBM:F020700,strict,06
BBM,BBM:F020695,BBM:F020908,strict,06
BBM,BBM:F020695,BBM:F020947,strict,06
BBM,BBM:F020695,BBM:F021210,strict,06
BBM,BBM:F020700,BBM:F020908,strict,06
BBM,BBM:F020700,BBM:F020947,strict,06
BBM,BBM:F020700,BBM:F021210,strict,06
BBM,BBM:F020908,BBM:F020947,strict,06
BBM,BBM:F020908,BBM:F021210,strict,06
BBM,BBM:F020947,BBM:F021210,strict,06
BBM,BBM:F020705,BBM:F020934,strict,06
BBM,BBM:F020996,BBM:F021046,strict,06
BBM,BBM:F020996,BBM:F021048,strict,06
BBM,BBM:F020996,BBM:F021058,strict,06
BBM,BBM:F020996,BBM:F021128,strict,06
BBM,BBM:F020996,BBM:F021139,strict,06
BBM,BBM:F020996,BBM:F021147,strict,06
BBM,BBM:F021046,BBM:F021048,strict,06
BBM,BBM:F021046,BBM:F021058,strict,06
BBM,BBM:F021046,BBM:F021128,strict,06
BBM,BBM:F021046,BBM:F021139,strict,06
BBM,BBM:F021046,BBM:F021147,strict,06
BBM,BBM:F021048,BBM:F021058,strict,06
BBM,BBM:F021048,BBM:F021128,strict,06
BBM,BBM:F021048,BBM:F021139,strict,06
BBM,BBM:F021048,BBM:F021147,strict,06
BBM,BBM:F021058,BBM:F021128,strict,06
BBM,BBM:F021058,BBM:F021139,strict,06
BBM,BBM:F021058,BBM:F021147,strict,06
BBM,BBM:F021128,BBM:F021139,strict,06
BBM,BBM:F021128,BBM:F021147,strict,06
BBM,BBM:F021139,BBM:F021147,strict,06
BBM,BBM:F021004,BBM:F021167,strict,06
BBM,BBM:F021004,BBM:F021203,strict,06
BBM,BBM:F021004,BBM:F021205,strict,06
BBM,BBM:F021167,BBM:F021203,strict,06
BBM,BBM:F021167,BBM:F021205,strict,06
BBM,BBM:F021203,BBM:F021205,strict,06
BBM,BBM:F021095,BBM:F021208,similar,06
BBM,BBM:F021226,BBM:F021229,strict,06
BBM,BBM:F021226,BBM:F021243,strict,06
BBM,BBM:F021229,BBM:F021243,strict,06
BBM,BBM:F021228,BBM:F021230,strict,06
BBM,BBM:F021245,BBM:F021865,similar,06
BBM,BBM:F021271,BBM:F021326,strict,06
BBM,BBM:F021273,BBM:F021671,similar,06
BBM,BBM:F021278,BBM:F021281,strict,06
BBM,BBM:F021278,BBM:F021305,strict,06
BBM,BBM:F021278,BBM:F021329,strict,06
BBM,BBM:F021278,BBM:F021337,strict,06
BBM,BBM:F021281,BBM:F021305,strict,06
BBM,BBM:F021281,BBM:F021329,strict,06
BBM,BBM:F021281,BBM:F021337,strict,06
BBM,BBM:F021305,BBM:F021329,strict,06
BBM,BBM:F021305,BBM:F021337,strict,06
BBM,BBM:F021329,BBM:F021337,strict,06
BBM,BBM:F021279,BBM:F021696,similar,06
BBM,BBM:F021292,BBM:F021856,similar,06
BBM,BBM:F021292,BBM:F021863,similar,06
BBM,BBM:F021292,BBM:F021869,similar,06
BBM,BBM:F021856,BBM:F021863,similar,06
BBM,BBM:F021856,BBM:F021869,similar,06
BBM,BBM:F021863,BBM:F021869,similar,06
BBM,BBM:F021308,BBM:F021325,strict,06
BBM,BBM:F021336,BBM:F021717,similar,06
BBM,BBM:F021341,BBM:F021864,similar,06
BBM,BBM:F021342,BBM:F021735,similar,06
BBM,BBM:F021401,BBM:F021708,similar,06
BBM,BBM:F021401,BBM:F021795,similar,06
BBM,BBM:F021708,BBM:F021795,similar,06
BBM,BBM:F021471,BBM:F021714,similar,06
BBM,BBM:F021501,BBM:F021862,similar,06
BBM,BBM:F021511,BBM:F021840,strict,06
BBM,BBM:F021511,BBM:F021844,strict,06
BBM,BBM:F021511,BBM:F021845,strict,06
BBM,BBM:F021511,BBM:F021846,strict,06
BBM,BBM:F021511,BBM:F021855,strict,06
BBM,BBM:F021511,BBM:F021858,strict,06
BBM,BBM:F021511,BBM:F021870,strict,06
BBM,BBM:F021840,BBM:F021844,strict,06
BBM,BBM:F021840,BBM:F021845,strict,06
BBM,BBM:F021840,BBM:F021846,strict,06
BBM,BBM:F021840,BBM:F021855,strict,06
BBM,BBM:F021840,BBM:F021858,strict,06
BBM,BBM:F021840,BBM:F021870,strict,06
BBM,BBM:F021844,BBM:F021845,strict,06
BBM,BBM:F021844,BBM:F021846,strict,06
BBM,BBM:F021844,BBM:F021855,strict,06
BBM,BBM:F021844,BBM:F021858,strict,06
BBM,BBM:F021844,BBM:F021870,strict,06
BBM,BBM:F021845,BBM:F021846,strict,06
BBM,BBM:F021845,BBM:F021855,strict,06
BBM,BBM:F021845,BBM:F021858,strict,06
BBM,BBM:F021845,BBM:F021870,strict,06
BBM,BBM:F021846,BBM:F021855,strict,06
BBM,BBM:F021846,BBM:F021858,strict,06
BBM,BBM:F021846,BBM:F021870,strict,06
BBM,BBM:F021855,BBM:F021858,strict,06
BBM,BBM:F021855,BBM:F021870,strict,06
BBM,BBM:F021858,BBM:F021870,strict,06
BBM,BBM:F021517,BBM:F021592,similar,06
BBM,BBM:F021533,BBM:F021551,similar,06
BBM,BBM:F021792,BBM:F023695,similar,06
BBM,BBM:F021852,BBM:F021860,strict,06
BBM,BBM:F022380,BBM:F022385,strict,06
BBM,BBM:F022575,BBM:F022580,strict,06
BBM,BBM:F022587,BBM:F022605,similar,06
BBM,BBM:F022587,BBM:F022611,similar,06
BBM,BBM:F022587,BBM:F022638,similar,06
BBM,BBM:F022587,BBM:F022640,similar,06
BBM,BBM:F022587,BBM:F022648,similar,06
BBM,BBM:F022587,BBM:F022661,similar,06
BBM,BBM:F022587,BBM:F022672,similar,06
BBM,BBM:F022587,BBM:F022684,similar,06
BBM,BBM:F022587,BBM:F022687,similar,06
BBM,BBM:F022587,BBM:F022689,similar,06
BBM,BBM:F022587,BBM:F022696,similar,06
BBM,BBM:F022587,BBM:F022700,similar,06
BBM,BBM:F022587,BBM:F022701,similar,06
BBM,BBM:F022587,BBM:F022714,similar,06
BBM,BBM:F022587,BBM:F022721,similar,06
BBM,BBM:F022587,BBM:F022752,similar,06
BBM,BBM:F022587,BBM:F022771,similar,06
BBM,BBM:F022587,BBM:F022781,similar,06
BBM,BBM:F022587,BBM:F022783,similar,06
BBM,BBM:F022587,BBM:F022787,similar,06
BBM,BBM:F022587,BBM:F022790,similar,06
BBM,BBM:F022605,BBM:F022611,similar,06
BBM,BBM:F022605,BBM:F022638,similar,06
BBM,BBM:F022605,BBM:F022640,similar,06
BBM,BBM:F022605,BBM:F022648,similar,06
BBM,BBM:F022605,BBM:F022661,similar,06
BBM,BBM:F022605,BBM:F022672,similar,06
BBM,BBM:F022605,BBM:F022684,similar,06
BBM,BBM:F022605,BBM:F022687,similar,06
BBM,BBM:F022605,BBM:F022689,similar,06
BBM,BBM:F022605,BBM:F022696,similar,06
BBM,BBM:F022605,BBM:F022700,similar,06
BBM,BBM:F022605,BBM:F022701,similar,06
BBM,BBM:F022605,BBM:F022714,similar,06
BBM,BBM:F022605,BBM:F022721,similar,06
BBM,BBM:F022605,BBM:F022752,similar,06
BBM,BBM:F022605,BBM:F022771,similar,06
BBM,BBM:F022605,BBM:F022781,similar,06
BBM,BBM:F022605,BBM:F022783,similar,06
BBM,BBM:F022605,BBM:F022787,similar,06
BBM,BBM:F022605,BBM:F022790,similar,06
BBM,BBM:F022611,BBM:F022638,similar,06
BBM,BBM:F022611,BBM:F022640,similar,06
BBM,BBM:F022611,BBM:F022648,similar,06
BBM,BBM:F022611,BBM:F022661,similar,06
BBM,BBM:F022611,BBM:F022672,similar,06
BBM,BBM:F022611,BBM:F022684,similar,06
BBM,BBM:F022611,BBM:F022687,similar,06
BBM,BBM:F022611,BBM:F022689,similar,06
BBM,BBM:F022611,BBM:F022696,similar,06
BBM,BBM:F022611,BBM:F022700,similar,06
BBM,BBM:F022611,BBM:F022701,similar,06
BBM,BBM:F022611,BBM:F022714,similar,06
BBM,BBM:F022611,BBM:F022721,similar,06
BBM,BBM:F022611,BBM:F022752,similar,06
BBM,BBM:F022611,BBM:F022771,similar,06
BBM,BBM:F022611,BBM:F022781,similar,06
BBM,BBM:F022611,BBM:F022783,similar,06
BBM,BBM:F022611,BBM:F022787,similar,06
BBM,BBM:F022611,BBM:F022790,similar,06
BBM,BBM:F022638,BBM:F022640,similar,06
BBM,BBM:F022638,BBM:F022648,similar,06
BBM,BBM:F022638,BBM:F022661,similar,06
BBM,BBM:F022638,BBM:F022672,similar,06
BBM,BBM:F022638,BBM:F022684,similar,06
BBM,BBM:F022638,BBM:F022687,similar,06
BBM,BBM:F022638,BBM:F022689,similar,06
BBM,BBM:F022638,BBM:F022696,similar,06
BBM,BBM:F022638,BBM:F022700,similar,06
BBM,BBM:F022638,BBM:F022701,similar,06
BBM,BBM:F022638,BBM:F022714,similar,06
BBM,BBM:F022638,BBM:F022721,similar,06
BBM,BBM:F022638,BBM:F022752,similar,06
BBM,BBM:F022638,BBM:F022771,similar,06
BBM,BBM:F022638,BBM:F022781,similar,06
BBM,BBM:F022638,BBM:F022783,similar,06
BBM,BBM:F022638,BBM:F022787,similar,06
BBM,BBM:F022638,BBM:F022790,similar,06
BBM,BBM:F022640,BBM:F022648,similar,06
BBM,BBM:F022640,BBM:F022661,similar,06
BBM,BBM:F022640,BBM:F022672,similar,06
BBM,BBM:F022640,BBM:F022684,similar,06
BBM,BBM:F022640,BBM:F022687,similar,06
BBM,BBM:F022640,BBM:F022689,similar,06
BBM,BBM:F022640,BBM:F022696,similar,06
BBM,BBM:F022640,BBM:F022700,similar,06
BBM,BBM:F022640,BBM:F022701,similar,06
BBM,BBM:F022640,BBM:F022714,similar,06
BBM,BBM:F022640,BBM:F022721,similar,06
BBM,BBM:F022640,BBM:F022752,similar,06
BBM,BBM:F022640,BBM:F022771,similar,06
BBM,BBM:F022640,BBM:F022781,similar,06
BBM,BBM:F022640,BBM:F022783,similar,06
BBM,BBM:F022640,BBM:F022787,similar,06
BBM,BBM:F022640,BBM:F022790,similar,06
BBM,BBM:F022648,BBM:F022661,similar,06
BBM,BBM:F022648,BBM:F022672,similar,06
BBM,BBM:F022648,BBM:F022684,similar,06
BBM,BBM:F022648,BBM:F022687,similar,06
BBM,BBM:F022648,BBM:F022689,similar,06
BBM,BBM:F022648,BBM:F022696,similar,06
BBM,BBM:F022648,BBM:F022700,similar,06
BBM,BBM:F022648,BBM:F022701,similar,06
BBM,BBM:F022648,BBM:F022714,similar,06
BBM,BBM:F022648,BBM:F022721,similar,06
BBM,BBM:F022648,BBM:F022752,similar,06
BBM,BBM:F022648,BBM:F022771,similar,06
BBM,BBM:F022648,BBM:F022781,similar,06
BBM,BBM:F022648,BBM:F022783,similar,06
BBM,BBM:F022648,BBM:F022787,similar,06
BBM,BBM:F022648,BBM:F022790,similar,06
BBM,BBM:F022661,BBM:F022672,similar,06
BBM,BBM:F022661,BBM:F022684,similar,06
BBM,BBM:F022661,BBM:F022687,similar,06
BBM,BBM:F022661,BBM:F022689,similar,06
BBM,BBM:F022661,BBM:F022696,similar,06
BBM,BBM:F022661,BBM:F022700,similar,06
BBM,BBM:F022661,BBM:F022701,similar,06
BBM,BBM:F022661,BBM:F022714,similar,06
BBM,BBM:F022661,BBM:F022721,similar,06
BBM,BBM:F022661,BBM:F022752,similar,06
BBM,BBM:F022661,BBM:F022771,similar,06
BBM,BBM:F022661,BBM:F022781,similar,06
BBM,BBM:F022661,BBM:F022783,similar,06
BBM,BBM:F022661,BBM:F022787,similar,06
BBM,BBM:F022661,BBM:F022790,similar,06
BBM,BBM:F022672,BBM:F022684,similar,06
BBM,BBM:F022672,BBM:F022687,similar,06
BBM,BBM:F022672,BBM:F022689,similar,06
BBM,BBM:F022672,BBM:F022696,similar,06
BBM,BBM:F022672,BBM:F022700,similar,06
BBM,BBM:F022672,BBM:F022701,similar,06
BBM,BBM:F022672,BBM:F022714,similar,06
BBM,BBM:F022672,BBM:F022721,similar,06
BBM,BBM:F022672,BBM:F022752,similar,06
BBM,BBM:F022672,BBM:F022771,similar,06
BBM,BBM:F022672,BBM:F022781,similar,06
BBM,BBM:F022672,BBM:F022783,similar,06
BBM,BBM:F022672,BBM:F022787,similar,06
BBM,BBM:F022672,BBM:F022790,similar,06
BBM,BBM:F022684,BBM:F022687,similar,06
BBM,BBM:F022684,BBM:F022689,similar,06
BBM,BBM:F022684,BBM:F022696,similar,06
BBM,BBM:F022684,BBM:F022700,similar,06
BBM,BBM:F022684,BBM:F022701,similar,06
BBM,BBM:F022684,BBM:F022714,similar,06
BBM,BBM:F022684,BBM:F022721,similar,06
BBM,BBM:F022684,BBM:F022752,similar,06
BBM,BBM:F022684,BBM:F022771,similar,06
BBM,BBM:F022684,BBM:F022781,similar,06
BBM,BBM:F022684,BBM:F022783,similar,06
BBM,BBM:F022684,BBM:F022787,similar,06
BBM,BBM:F022684,BBM:F022790,similar,06
BBM,BBM:F022687,BBM:F022689,similar,06
BBM,BBM:F022687,BBM:F022696,similar,06
BBM,BBM:F022687,BBM:F022700,similar,06
BBM,BBM:F022687,BBM:F022701,similar,06
BBM,BBM:F022687,BBM:F022714,similar,06
BBM,BBM:F022687,BBM:F022721,similar,06
BBM,BBM:F022687,BBM:F022752,similar,06
BBM,BBM:F022687,BBM:F022771,similar,06
BBM,BBM:F022687,BBM:F022781,similar,06
BBM,BBM:F022687,BBM:F022783,similar,06
BBM,BBM:F022687,BBM:F022787,similar,06
BBM,BBM:F022687,BBM:F022790,similar,06
BBM,BBM:F022689,BBM:F022696,similar,06
BBM,BBM:F022689,BBM:F022700,similar,06
BBM,BBM:F022689,BBM:F022701,similar,06
BBM,BBM:F022689,BBM:F022714,similar,06
BBM,BBM:F022689,BBM:F022721,similar,06
BBM,BBM:F022689,BBM:F022752,similar,06
BBM,BBM:F022689,BBM:F022771,similar,06
BBM,BBM:F022689,BBM:F022781,similar,06
BBM,BBM:F022689,BBM:F022783,similar,06
BBM,BBM:F022689,BBM:F022787,similar,06
BBM,BBM:F022689,BBM:F022790,similar,06
BBM,BBM:F022696,BBM:F022700,similar,06
BBM,BBM:F022696,BBM:F022701,similar,06
BBM,BBM:F022696,BBM:F022714,similar,06
BBM,BBM:F022696,BBM:F022721,similar,06
BBM,BBM:F022696,BBM:F022752,similar,06
BBM,BBM:F022696,BBM:F022771,similar,06
BBM,BBM:F022696,BBM:F022781,similar,06
BBM,BBM:F022696,BBM:F022783,similar,06
BBM,BBM:F022696,BBM:F022787,similar,06
BBM,BBM:F022696,BBM:F022790,similar,06
BBM,BBM:F022700,BBM:F022701,similar,06
BBM,BBM:F022700,BBM:F022714,similar,06
BBM,BBM:F022700,BBM:F022721,similar,06
BBM,BBM:F022700,BBM:F022752,similar,06
BBM,BBM:F022700,BBM:F022771,similar,06
BBM,BBM:F022700,BBM:F022781,similar,06
BBM,BBM:F022700,BBM:F022783,similar,06
BBM,BBM:F022700,BBM:F022787,similar,06
BBM,BBM:F022700,BBM:F022790,similar,06
BBM,BBM:F022701,BBM:F022714,similar,06
BBM,BBM:F022701,BBM:F022721,similar,06
BBM,BBM:F022701,BBM:F022752,similar,06
BBM,BBM:F022701,BBM:F022771,similar,06
BBM,BBM:F022701,BBM:F022781,similar,06
BBM,BBM:F022701,BBM:F022783,similar,06
BBM,BBM:F022701,BBM:F022787,similar,06
BBM,BBM:F022701,BBM:F022790,similar,06
BBM,BBM:F022714,BBM:F022721,similar,06
BBM,BBM:F022714,BBM:F022752,similar,06
BBM,BBM:F022714,BBM:F022771,similar,06
BBM,BBM:F022714,BBM:F022781,similar,06
BBM,BBM:F022714,BBM:F022783,similar,06
BBM,BBM:F022714,BBM:F022787,similar,06
BBM,BBM:F022714,BBM:F022790,similar,06
BBM,BBM:F022721,BBM:F022752,similar,06
BBM,BBM:F022721,BBM:F022771,similar,06
BBM,BBM:F022721,BBM:F022781,similar,06
BBM,BBM:F022721,BBM:F022783,similar,06
BBM,BBM:F022721,BBM:F022787,similar,06
BBM,BBM:F022721,BBM:F022790,similar,06
BBM,BBM:F022752,BBM:F022771,similar,06
BBM,BBM:F022752,BBM:F022781,similar,06
BBM,BBM:F022752,BBM:F022783,similar,06
BBM,BBM:F022752,BBM:F022787,similar,06
BBM,BBM:F022752,BBM:F022790,similar,06
BBM,BBM:F022771,BBM:F022781,similar,06
BBM,BBM:F022771,BBM:F022783,similar,06
BBM,BBM:F022771,BBM:F022787,similar,06
BBM,BBM:F022771,BBM:F022790,similar,06
BBM,BBM:F022781,BBM:F022783,similar,06
BBM,BBM:F022781,BBM:F022787,similar,06
BBM,BBM:F022781,BBM:F022790,similar,06
BBM,BBM:F022783,BBM:F022787,similar,06
BBM,BBM:F022783,BBM:F022790,similar,06
BBM,BBM:F022787,BBM:F022790,similar,06
BBM,BBM:F022898,BBM:F034533,similar,06
BBM,BBM:F022898,BBM:F034534,similar,06
BBM,BBM:F034533,BBM:F034534,similar,06
BBM,BBM:F023117,BBM:F034375,similar,06
BBM,BBM:F023194,BBM:F023196,similar,06
BBM,BBM:F023194,BBM:F028382,similar,06
BBM,BBM:F023196,BBM:F028382,similar,06
mo,MO:74575,MO:104908,similar,06
mo,MO:74575,MO:104911,similar,06
mo,MO:74575,MO:105274,similar,06
mo,MO:74575,MO:106295,similar,06
mo,MO:74575,MO:156140,similar,06
mo,MO:74575,MO:167612,similar,06
mo,MO:74575,MO:202570,similar,06
mo,MO:74575,MO:202571,similar,06
mo,MO:74575,MO:202572,similar,06
mo,MO:74575,MO:202573,similar,06
mo,MO:74575,MO:202601,similar,06
mo,MO:74575,MO:259865,similar,06
mo,MO:74575,MO:294292,similar,06
mo,MO:74575,MO:330151,similar,06
mo,MO:74575,MO:336972,similar,06
mo,MO:74575,MO:337952,similar,06
mo,MO:74575,MO:340839,similar,06
mo,MO:74575,MO:340841,similar,06
mo,MO:74575,MO:340845,similar,06
mo,MO:74575,MO:340932,similar,06
mo,MO:74575,MO:340936,similar,06
mo,MO:74575,MO:340937,similar,06
mo,MO:74575,MO:341064,similar,06
mo,MO:74575,MO:341152,similar,06
mo,MO:74575,MO:341301,similar,06
mo,MO:74575,MO:341304,similar,06
mo,MO:74575,MO:341773,similar,06
mo,MO:74575,MO:341774,similar,06
mo,MO:74575,MO:341860,similar,06
mo,MO:74575,MO:342741,similar,06
mo,MO:74575,MO:342781,similar,06
mo,MO:74575,MO:342824,similar,06
mo,MO:74575,MO:343259,similar,06
mo,MO:74575,MO:352149,similar,06
mo,MO:74575,MO:375277,similar,06
mo,MO:74575,MO:376973,similar,06
mo,MO:74575,MO:379243,similar,06
mo,MO:74575,MO:381270,similar,06
mo,MO:74575,MO:381271,similar,06
mo,MO:74575,MO:381289,similar,06
mo,MO:74575,MO:385277,similar,06
mo,MO:74575,MO:388006,similar,06
mo,MO:74575,MO:425105,similar,06
mo,MO:74575,MO:440629,similar,06
mo,MO:74575,MO:440634,similar,06
mo,MO:74575,MO:440716,similar,06
mo,MO:74575,MO:440722,similar,06
mo,MO:74575,MO:440765,similar,06
mo,MO:74575,MO:440769,similar,06
mo,MO:74575,MO:459367,similar,06
mo,MO:74575,MO:467220,similar,06
mo,MO:104908,MO:104911,similar,06
mo,MO:104908,MO:105274,similar,06
mo,MO:104908,MO:106295,similar,06
mo,MO:104908,MO:156140,similar,06
mo,MO:104908,MO:167612,similar,06
mo,MO:104908,MO:202570,similar,06
mo,MO:104908,MO:202571,similar,06
mo,MO:104908,MO:202572,similar,06
mo,MO:104908,MO:202573,similar,06
mo,MO:104908,MO:202601,similar,06
mo,MO:104908,MO:259865,similar,06
mo,MO:104908,MO:294292,similar,06
mo,MO:104908,MO:330151,similar,06
mo,MO:104908,MO:336972,similar,06
mo,MO:104908,MO:337952,similar,06
mo,MO:104908,MO:340839,similar,06
mo,MO:104908,MO:340841,similar,06
mo,MO:104908,MO:340845,similar,06
mo,MO:104908,MO:340932,similar,06
mo,MO:104908,MO:340936,similar,06
mo,MO:104908,MO:340937,similar,06
mo,MO:104908,MO:341064,similar,06
mo,MO:104908,MO:341152,similar,06
mo,MO:104908,MO:341301,similar,06
mo,MO:104908,MO:341304,similar,06
mo,MO:104908,MO:341773,similar,06
mo,MO:104908,MO:341774,similar,06
mo,MO:104908,MO:341860,similar,06
mo,MO:104908,MO:342741,similar,06
mo,MO:104908,MO:342781,similar,06
mo,MO:104908,MO:342824,similar,06
mo,MO:104908,MO:343259,similar,06
mo,MO:104908,MO:352149,similar,06
mo,MO:104908,MO:375277,similar,06
mo,MO:104908,MO:376973,similar,06
mo,MO:104908,MO:379243,similar,06
mo,MO:104908,MO:381270,similar,06
mo,MO:104908,MO:381271,similar,06
mo,MO:104908,MO:381289,similar,06
mo,MO:104908,MO:385277,similar,06
mo,MO:104908,MO:388006,similar,06
mo,MO:104908,MO:425105,similar,06
mo,MO:104908,MO:440629,similar,06
mo,MO:104908,MO:440634,similar,06
mo,MO:104908,MO:440716,similar,06
mo,MO:104908,MO:440722,similar,06
mo,MO:104908,MO:440765,similar,06
mo,MO:104908,MO:440769,similar,06
mo,MO:104908,MO:459367,similar,06
mo,MO:104908,MO:467220,similar,06
mo,MO:104911,MO:105274,similar,06
mo,MO:104911,MO:106295,similar,06
mo,MO:104911,MO:156140,similar,06
mo,MO:104911,MO:167612,similar,06
mo,MO:104911,MO:202570,similar,06
mo,MO:104911,MO:202571,similar,06
mo,MO:104911,MO:202572,similar,06
mo,MO:104911,MO:202573,similar,06
mo,MO:104911,MO:202601,similar,06
mo,MO:104911,MO:259865,similar,06
mo,MO:104911,MO:294292,similar,06
mo,MO:104911,MO:330151,similar,06
mo,MO:104911,MO:336972,similar,06
mo,MO:104911,MO:337952,similar,06
mo,MO:104911,MO:340839,similar,06
mo,MO:104911,MO:340841,similar,06
mo,MO:104911,MO:340845,similar,06
mo,MO:104911,MO:340932,similar,06
mo,MO:104911,MO:340936,similar,06
mo,MO:104911,MO:340937,similar,06
mo,MO:104911,MO:341064,similar,06
mo,MO:104911,MO:341152,similar,06
mo,MO:104911,MO:341301,similar,06
mo,MO:104911,MO:341304,similar,06
mo,MO:104911,MO:341773,similar,06
mo,MO:104911,MO:341774,similar,06
mo,MO:104911,MO:341860,similar,06
mo,MO:104911,MO:342741,similar,06
mo,MO:104911,MO:342781,similar,06
mo,MO:104911,MO:342824,similar,06
mo,MO:104911,MO:343259,similar,06
mo,MO:104911,MO:352149,similar,06
mo,MO:104911,MO:375277,similar,06
mo,MO:104911,MO:376973,similar,06
mo,MO:104911,MO:379243,similar,06
mo,MO:104911,MO:381270,similar,06
mo,MO:104911,MO:381271,similar,06
mo,MO:104911,MO:381289,similar,06
mo,MO:104911,MO:385277,similar,06
mo,MO:104911,MO:388006,similar,06
mo,MO:104911,MO:425105,similar,06
mo,MO:104911,MO:440629,similar,06
mo,MO:104911,MO:440634,similar,06
mo,MO:104911,MO:440716,similar,06
mo,MO:104911,MO:440722,similar,06
mo,MO:104911,MO:440765,similar,06
mo,MO:104911,MO:440769,similar,06
mo,MO:104911,MO:459367,similar,06
mo,MO:104911,MO:467220,similar,06
mo,MO:105274,MO:106295,similar,06
mo,MO:105274,MO:156140,similar,06
mo,MO:105274,MO:167612,similar,06
mo,MO:105274,MO:202570,similar,06
mo,MO:105274,MO:202571,similar,06
mo,MO:105274,MO:202572,similar,06
mo,MO:105274,MO:202573,similar,06
mo,MO:105274,MO:202601,similar,06
mo,MO:105274,MO:259865,similar,06
mo,MO:105274,MO:294292,similar,06
mo,MO:105274,MO:330151,similar,06
mo,MO:105274,MO:336972,similar,06
mo,MO:105274,MO:337952,similar,06
mo,MO:105274,MO:340839,similar,06
mo,MO:105274,MO:340841,similar,06
mo,MO:105274,MO:340845,similar,06
mo,MO:105274,MO:340932,similar,06
mo,MO:105274,MO:340936,similar,06
mo,MO:105274,MO:340937,similar,06
mo,MO:105274,MO:341064,similar,06
mo,MO:105274,MO:341152,similar,06
mo,MO:105274,MO:341301,similar,06
mo,MO:105274,MO:341304,similar,06
mo,MO:105274,MO:341773,similar,06
mo,MO:105274,MO:341774,similar,06
mo,MO:105274,MO:341860,similar,06
mo,MO:105274,MO:342741,similar,06
mo,MO:105274,MO:342781,similar,06
mo,MO:105274,MO:342824,similar,06
mo,MO:105274,MO:343259,similar,06
mo,MO:105274,MO:352149,similar,06
mo,MO:105274,MO:375277,similar,06
mo,MO:105274,MO:376973,similar,06
mo,MO:105274,MO:379243,similar,06
mo,MO:105274,MO:381270,similar,06
mo,MO:105274,MO:381271,similar,06
mo,MO:105274,MO:381289,similar,06
mo,MO:105274,MO:385277,similar,06
mo,MO:105274,MO:388006,similar,06
mo,MO:105274,MO:425105,similar,06
mo,MO:105274,MO:440629,similar,06
mo,MO:105274,MO:440634,similar,06
mo,MO:105274,MO:440716,similar,06
mo,MO:105274,MO:440722,similar,06
mo,MO:105274,MO:440765,similar,06
mo,MO:105274,MO:440769,similar,06
mo,MO:105274,MO:459367,similar,06
mo,MO:105274,MO:467220,similar,06
mo,MO:106295,MO:156140,similar,06
mo,MO:106295,MO:167612,similar,06
mo,MO:106295,MO:202570,similar,06
mo,MO:106295,MO:202571,similar,06
mo,MO:106295,MO:202572,similar,06
mo,MO:106295,MO:202573,similar,06
mo,MO:106295,MO:202601,similar,06
mo,MO:106295,MO:259865,similar,06
mo,MO:106295,MO:294292,similar,06
mo,MO:106295,MO:330151,similar,06
mo,MO:106295,MO:336972,similar,06
mo,MO:106295,MO:337952,similar,06
mo,MO:106295,MO:340839,similar,06
mo,MO:106295,MO:340841,similar,06
mo,MO:106295,MO:340845,similar,06
mo,MO:106295,MO:340932,similar,06
mo,MO:106295,MO:340936,similar,06
mo,MO:106295,MO:340937,similar,06
mo,MO:106295,MO:341064,similar,06
mo,MO:106295,MO:341152,similar,06
mo,MO:106295,MO:341301,similar,06
mo,MO:106295,MO:341304,similar,06
mo,MO:106295,MO:341773,similar,06
mo,MO:106295,MO:341774,similar,06
mo,MO:106295,MO:341860,similar,06
mo,MO:106295,MO:342741,similar,06
mo,MO:106295,MO:342781,similar,06
mo,MO:106295,MO:342824,similar,06
mo,MO:106295,MO:343259,similar,06
mo,MO:106295,MO:352149,similar,06
mo,MO:106295,MO:375277,similar,06
mo,MO:106295,MO:376973,similar,06
mo,MO:106295,MO:379243,similar,06
mo,MO:106295,MO:381270,similar,06
mo,MO:106295,MO:381271,similar,06
mo,MO:106295,MO:381289,similar,06
mo,MO:106295,MO:385277,similar,06
mo,MO:106295,MO:388006,similar,06
mo,MO:106295,MO:425105,similar,06
mo,MO:106295,MO:440629,similar,06
mo,MO:106295,MO:440634,similar,06
mo,MO:106295,MO:440716,similar,06
mo,MO:106295,MO:440722,similar,06
mo,MO:106295,MO:440765,similar,06
mo,MO:106295,MO:440769,similar,06
mo,MO:106295,MO:459367,similar,06
mo,MO:106295,MO:467220,similar,06
mo,MO:156140,MO:167612,similar,06
mo,MO:156140,MO:202570,similar,06
mo,MO:156140,MO:202571,similar,06
mo,MO:156140,MO:202572,similar,06
mo,MO:156140,MO:202573,similar,06
mo,MO:156140,MO:202601,similar,06
mo,MO:156140,MO:259865,similar,06
mo,MO:156140,MO:294292,similar,06
mo,MO:156140,MO:330151,similar,06
mo,MO:156140,MO:336972,similar,06
mo,MO:156140,MO:337952,similar,06
mo,MO:156140,MO:340839,similar,06
mo,MO:156140,MO:340841,similar,06
mo,MO:156140,MO:340845,similar,06
mo,MO:156140,MO:340932,similar,06
mo,MO:156140,MO:340936,similar,06
mo,MO:156140,MO:340937,similar,06
mo,MO:156140,MO:341064,similar,06
mo,MO:156140,MO:341152,similar,06
mo,MO:156140,MO:341301,similar,06
mo,MO:156140,MO:341304,similar,06
mo,MO:156140,MO:341773,similar,06
mo,MO:156140,MO:341774,similar,06
mo,MO:156140,MO:341860,similar,06
mo,MO:156140,MO:342741,similar,06
mo,MO:156140,MO:342781,similar,06
mo,MO:156140,MO:342824,similar,06
mo,MO:156140,MO:343259,similar,06
mo,MO:156140,MO:352149,similar,06
mo,MO:156140,MO:375277,similar,06
mo,MO:156140,MO:376973,similar,06
mo,MO:156140,MO:379243,similar,06
mo,MO:156140,MO:381270,similar,06
mo,MO:156140,MO:381271,similar,06
mo,MO:156140,MO:381289,similar,06
mo,MO:156140,MO:385277,similar,06
mo,MO:156140,MO:388006,similar,06
mo,MO:156140,MO:425105,similar,06
mo,MO:156140,MO:440629,similar,06
mo,MO:156140,MO:440634,similar,06
mo,MO:156140,MO:440716,similar,06
mo,MO:156140,MO:440722,similar,06
mo,MO:156140,MO:440765,similar,06
mo,MO:156140,MO:440769,similar,06
mo,MO:156140,MO:459367,similar,06
mo,MO:156140,MO:467220,similar,06
mo,MO:167612,MO:202570,similar,06
mo,MO:167612,MO:202571,similar,06
mo,MO:167612,MO:202572,similar,06
mo,MO:167612,MO:202573,similar,06
mo,MO:167612,MO:202601,similar,06
mo,MO:167612,MO:259865,similar,06
mo,MO:167612,MO:294292,similar,06
mo,MO:167612,MO:330151,similar,06
mo,MO:167612,MO:336972,similar,06
mo,MO:167612,MO:337952,similar,06
mo,MO:167612,MO:340839,similar,06
mo,MO:167612,MO:340841,similar,06
mo,MO:167612,MO:340845,similar,06
mo,MO:167612,MO:340932,similar,06
mo,MO:167612,MO:340936,similar,06
mo,MO:167612,MO:340937,similar,06
mo,MO:167612,MO:341064,similar,06
mo,MO:167612,MO:341152,similar,06
mo,MO:167612,MO:341301,similar,06
mo,MO:167612,MO:341304,similar,06
mo,MO:167612,MO:341773,similar,06
mo,MO:167612,MO:341774,similar,06
mo,MO:167612,MO:341860,similar,06
mo,MO:167612,MO:342741,similar,06
mo,MO:167612,MO:342781,similar,06
mo,MO:167612,MO:342824,similar,06
mo,MO:167612,MO:343259,similar,06
mo,MO:167612,MO:352149,similar,06
mo,MO:167612,MO:375277,similar,06
mo,MO:167612,MO:376973,similar,06
mo,MO:167612,MO:379243,similar,06
mo,MO:167612,MO:381270,similar,06
mo,MO:167612,MO:381271,similar,06
mo,MO:167612,MO:381289,similar,06
mo,MO:167612,MO:385277,similar,06
mo,MO:167612,MO:388006,similar,06
mo,MO:167612,MO:425105,similar,06
mo,MO:167612,MO:440629,similar,06
mo,MO:167612,MO:440634,similar,06
mo,MO:167612,MO:440716,similar,06
mo,MO:167612,MO:440722,similar,06
mo,MO:167612,MO:440765,similar,06
mo,MO:167612,MO:440769,similar,06
mo,MO:167612,MO:459367,similar,06
mo,MO:167612,MO:467220,similar,06
mo,MO:202570,MO:202571,similar,06
mo,MO:202570,MO:202572,similar,06
mo,MO:202570,MO:202573,similar,06
mo,MO:202570,MO:202601,similar,06
mo,MO:202570,MO:259865,similar,06
mo,MO:202570,MO:294292,similar,06
mo,MO:202570,MO:330151,similar,06
mo,MO:202570,MO:336972,similar,06
mo,MO:202570,MO:337952,similar,06
mo,MO:202570,MO:340839,similar,06
mo,MO:202570,MO:340841,similar,06
mo,MO:202570,MO:340845,similar,06
mo,MO:202570,MO:340932,similar,06
mo,MO:202570,MO:340936,similar,06
mo,MO:202570,MO:340937,similar,06
mo,MO:202570,MO:341064,similar,06
mo,MO:202570,MO:341152,similar,06
mo,MO:202570,MO:341301,similar,06
mo,MO:202570,MO:341304,similar,06
mo,MO:202570,MO:341773,similar,06
mo,MO:202570,MO:341774,similar,06
mo,MO:202570,MO:341860,similar,06
mo,MO:202570,MO:342741,similar,06
mo,MO:202570,MO:342781,similar,06
mo,MO:202570,MO:342824,similar,06
mo,MO:202570,MO:343259,similar,06
mo,MO:202570,MO:352149,similar,06
mo,MO:202570,MO:375277,similar,06
mo,MO:202570,MO:376973,similar,06
mo,MO:202570,MO:379243,similar,06
mo,MO:202570,MO:381270,similar,06
mo,MO:202570,MO:381271,similar,06
mo,MO:202570,MO:381289,similar,06
mo,MO:202570,MO:385277,similar,06
mo,MO:202570,MO:388006,similar,06
mo,MO:202570,MO:425105,similar,06
mo,MO:202570,MO:440629,similar,06
mo,MO:202570,MO:440634,similar,06
mo,MO:202570,MO:440716,similar,06
mo,MO:202570,MO:440722,similar,06
mo,MO:202570,MO:440765,similar,06
mo,MO:202570,MO:440769,similar,06
mo,MO:202570,MO:459367,similar,06
mo,MO:202570,MO:467220,similar,06
mo,MO:202571,MO:202572,similar,06
mo,MO:202571,MO:202573,similar,06
mo,MO:202571,MO:202601,similar,06
mo,MO:202571,MO:259865,similar,06
mo,MO:202571,MO:294292,similar,06
mo,MO:202571,MO:330151,similar,06
mo,MO:202571,MO:336972,similar,06
mo,MO:202571,MO:337952,similar,06
mo,MO:202571,MO:340839,similar,06
mo,MO:202571,MO:340841,similar,06
mo,MO:202571,MO:340845,similar,06
mo,MO:202571,MO:340932,similar,06
mo,MO:202571,MO:340936,similar,06
mo,MO:202571,MO:340937,similar,06
mo,MO:202571,MO:341064,similar,06
mo,MO:202571,MO:341152,similar,06
mo,MO:202571,MO:341301,similar,06
mo,MO:202571,MO:341304,similar,06
mo,MO:202571,MO:341773,similar,06
mo,MO:202571,MO:341774,similar,06
mo,MO:202571,MO:341860,similar,06
mo,MO:202571,MO:342741,similar,06
mo,MO:202571,MO:342781,similar,06
mo,MO:202571,MO:342824,similar,06
mo,MO:202571,MO:343259,similar,06
mo,MO:202571,MO:352149,similar,06
mo,MO:202571,MO:375277,similar,06
mo,MO:202571,MO:376973,similar,06
mo,MO:202571,MO:379243,similar,06
mo,MO:202571,MO:381270,similar,06
mo,MO:202571,MO:381271,similar,06
mo,MO:202571,MO:381289,similar,06
mo,MO:202571,MO:385277,similar,06
mo,MO:202571,MO:388006,similar,06
mo,MO:202571,MO:425105,similar,06
mo,MO:202571,MO:440629,similar,06
mo,MO:202571,MO:440634,similar,06
mo,MO:202571,MO:440716,similar,06
mo,MO:202571,MO:440722,similar,06
mo,MO:202571,MO:440765,similar,06
mo,MO:202571,MO:440769,similar,06
mo,MO:202571,MO:459367,similar,06
mo,MO:202571,MO:467220,similar,06
mo,MO:202572,MO:202573,similar,06
mo,MO:202572,MO:202601,similar,06
mo,MO:202572,MO:259865,similar,06
mo,MO:202572,MO:294292,similar,06
mo,MO:202572,MO:330151,similar,06
mo,MO:202572,MO:336972,similar,06
mo,MO:202572,MO:337952,similar,06
mo,MO:202572,MO:340839,similar,06
mo,MO:202572,MO:340841,similar,06
mo,MO:202572,MO:340845,similar,06
mo,MO:202572,MO:340932,similar,06
mo,MO:202572,MO:340936,similar,06
mo,MO:202572,MO:340937,similar,06
mo,MO:202572,MO:341064,similar,06
mo,MO:202572,MO:341152,similar,06
mo,MO:202572,MO:341301,similar,06
mo,MO:202572,MO:341304,similar,06
mo,MO:202572,MO:341773,similar,06
mo,MO:202572,MO:341774,similar,06
mo,MO:202572,MO:341860,similar,06
mo,MO:202572,MO:342741,similar,06
mo,MO:202572,MO:342781,similar,06
mo,MO:202572,MO:342824,similar,06
mo,MO:202572,MO:343259,similar,06
mo,MO:202572,MO:352149,similar,06
mo,MO:202572,MO:375277,similar,06
mo,MO:202572,MO:376973,similar,06
mo,MO:202572,MO:379243,similar,06
mo,MO:202572,MO:381270,similar,06
mo,MO:202572,MO:381271,similar,06
mo,MO:202572,MO:381289,similar,06
mo,MO:202572,MO:385277,similar,06
mo,MO:202572,MO:388006,similar,06
mo,MO:202572,MO:425105,similar,06
mo,MO:202572,MO:440629,similar,06
mo,MO:202572,MO:440634,similar,06
mo,MO:202572,MO:440716,similar,06
mo,MO:202572,MO:440722,similar,06
mo,MO:202572,MO:440765,similar,06
mo,MO:202572,MO:440769,similar,06
mo,MO:202572,MO:459367,similar,06
mo,MO:202572,MO:467220,similar,06
mo,MO:202573,MO:202601,similar,06
mo,MO:202573,MO:259865,similar,06
mo,MO:202573,MO:294292,similar,06
mo,MO:202573,MO:330151,similar,06
mo,MO:202573,MO:336972,similar,06
mo,MO:202573,MO:337952,similar,06
mo,MO:202573,MO:340839,similar,06
mo,MO:202573,MO:340841,similar,06
mo,MO:202573,MO:340845,similar,06
mo,MO:202573,MO:340932,similar,06
mo,MO:202573,MO:340936,similar,06
mo,MO:202573,MO:340937,similar,06
mo,MO:202573,MO:341064,similar,06
mo,MO:202573,MO:341152,similar,06
mo,MO:202573,MO:341301,similar,06
mo,MO:202573,MO:341304,similar,06
mo,MO:202573,MO:341773,similar,06
mo,MO:202573,MO:341774,similar,06
mo,MO:202573,MO:341860,similar,06
mo,MO:202573,MO:342741,similar,06
mo,MO:202573,MO:342781,similar,06
mo,MO:202573,MO:342824,similar,06
mo,MO:202573,MO:343259,similar,06
mo,MO:202573,MO:352149,similar,06
mo,MO:202573,MO:375277,similar,06
mo,MO:202573,MO:376973,similar,06
mo,MO:202573,MO:379243,similar,06
mo,MO:202573,MO:381270,similar,06
mo,MO:202573,MO:381271,similar,06
mo,MO:202573,MO:381289,similar,06
mo,MO:202573,MO:385277,similar,06
mo,MO:202573,MO:388006,similar,06
mo,MO:202573,MO:425105,similar,06
mo,MO:202573,MO:440629,similar,06
mo,MO:202573,MO:440634,similar,06
mo,MO:202573,MO:440716,similar,06
mo,MO:202573,MO:440722,similar,06
mo,MO:202573,MO:440765,similar,06
mo,MO:202573,MO:440769,similar,06
mo,MO:202573,MO:459367,similar,06
mo,MO:202573,MO:467220,similar,06
mo,MO:202601,MO:259865,similar,06
mo,MO:202601,MO:294292,similar,06
mo,MO:202601,MO:330151,similar,06
mo,MO:202601,MO:336972,similar,06
mo,MO:202601,MO:337952,similar,06
mo,MO:202601,MO:340839,similar,06
mo,MO:202601,MO:340841,similar,06
mo,MO:202601,MO:340845,similar,06
mo,MO:202601,MO:340932,similar,06
mo,MO:202601,MO:340936,similar,06
mo,MO:202601,MO:340937,similar,06
mo,MO:202601,MO:341064,similar,06
mo,MO:202601,MO:341152,similar,06
mo,MO:202601,MO:341301,similar,06
mo,MO:202601,MO:341304,similar,06
mo,MO:202601,MO:341773,similar,06
mo,MO:202601,MO:341774,similar,06
mo,MO:202601,MO:341860,similar,06
mo,MO:202601,MO:342741,similar,06
mo,MO:202601,MO:342781,similar,06
mo,MO:202601,MO:342824,similar,06
mo,MO:202601,MO:343259,similar,06
mo,MO:202601,MO:352149,similar,06
mo,MO:202601,MO:375277,similar,06
mo,MO:202601,MO:376973,similar,06
mo,MO:202601,MO:379243,similar,06
mo,MO:202601,MO:381270,similar,06
mo,MO:202601,MO:381271,similar,06
mo,MO:202601,MO:381289,similar,06
mo,MO:202601,MO:385277,similar,06
mo,MO:202601,MO:388006,similar,06
mo,MO:202601,MO:425105,similar,06
mo,MO:202601,MO:440629,similar,06
mo,MO:202601,MO:440634,similar,06
mo,MO:202601,MO:440716,similar,06
mo,MO:202601,MO:440722,similar,06
mo,MO:202601,MO:440765,similar,06
mo,MO:202601,MO:440769,similar,06
mo,MO:202601,MO:459367,similar,06
mo,MO:202601,MO:467220,similar,06
mo,MO:259865,MO:294292,similar,06
mo,MO:259865,MO:330151,similar,06
mo,MO:259865,MO:336972,similar,06
mo,MO:259865,MO:337952,similar,06
mo,MO:259865,MO:340839,similar,06
mo,MO:259865,MO:340841,similar,06
mo,MO:259865,MO:340845,similar,06
mo,MO:259865,MO:340932,similar,06
mo,MO:259865,MO:340936,similar,06
mo,MO:259865,MO:340937,similar,06
mo,MO:259865,MO:341064,similar,06
mo,MO:259865,MO:341152,similar,06
mo,MO:259865,MO:341301,similar,06
mo,MO:259865,MO:341304,similar,06
mo,MO:259865,MO:341773,similar,06
mo,MO:259865,MO:341774,similar,06
mo,MO:259865,MO:341860,similar,06
mo,MO:259865,MO:342741,similar,06
mo,MO:259865,MO:342781,similar,06
mo,MO:259865,MO:342824,similar,06
mo,MO:259865,MO:343259,similar,06
mo,MO:259865,MO:352149,similar,06
mo,MO:259865,MO:375277,similar,06
mo,MO:259865,MO:376973,similar,06
mo,MO:259865,MO:379243,similar,06
mo,MO:259865,MO:381270,similar,06
mo,MO:259865,MO:381271,similar,06
mo,MO:259865,MO:381289,similar,06
mo,MO:259865,MO:385277,similar,06
mo,MO:259865,MO:388006,similar,06
mo,MO:259865,MO:425105,similar,06
mo,MO:259865,MO:440629,similar,06
mo,MO:259865,MO:440634,similar,06
mo,MO:259865,MO:440716,similar,06
mo,MO:259865,MO:440722,similar,06
mo,MO:259865,MO:440765,similar,06
mo,MO:259865,MO:440769,similar,06
mo,MO:259865,MO:459367,similar,06
mo,MO:259865,MO:467220,similar,06
mo,MO:294292,MO:330151,similar,06
mo,MO:294292,MO:336972,similar,06
mo,MO:294292,MO:337952,similar,06
mo,MO:294292,MO:340839,similar,06
mo,MO:294292,MO:340841,similar,06
mo,MO:294292,MO:340845,similar,06
mo,MO:294292,MO:340932,similar,06
mo,MO:294292,MO:340936,similar,06
mo,MO:294292,MO:340937,similar,06
mo,MO:294292,MO:341064,similar,06
mo,MO:294292,MO:341152,similar,06
mo,MO:294292,MO:341301,similar,06
mo,MO:294292,MO:341304,similar,06
mo,MO:294292,MO:341773,similar,06
mo,MO:294292,MO:341774,similar,06
mo,MO:294292,MO:341860,similar,06
mo,MO:294292,MO:342741,similar,06
mo,MO:294292,MO:342781,similar,06
mo,MO:294292,MO:342824,similar,06
mo,MO:294292,MO:343259,similar,06
mo,MO:294292,MO:352149,similar,06
mo,MO:294292,MO:375277,similar,06
mo,MO:294292,MO:376973,similar,06
mo,MO:294292,MO:379243,similar,06
mo,MO:294292,MO:381270,similar,06
mo,MO:294292,MO:381271,similar,06
mo,MO:294292,MO:381289,similar,06
mo,MO:294292,MO:385277,similar,06
mo,MO:294292,MO:388006,similar,06
mo,MO:294292,MO:425105,similar,06
mo,MO:294292,MO:440629,similar,06
mo,MO:294292,MO:440634,similar,06
mo,MO:294292,MO:440716,similar,06
mo,MO:294292,MO:440722,similar,06
mo,MO:294292,MO:440765,similar,06
mo,MO:294292,MO:440769,similar,06
mo,MO:294292,MO:459367,similar,06
mo,MO:294292,MO:467220,similar,06
mo,MO:330151,MO:336972,similar,06
mo,MO:330151,MO:337952,similar,06
mo,MO:330151,MO:340839,similar,06
mo,MO:330151,MO:340841,similar,06
mo,MO:330151,MO:340845,similar,06
mo,MO:330151,MO:340932,similar,06
mo,MO:330151,MO:340936,similar,06
mo,MO:330151,MO:340937,similar,06
mo,MO:330151,MO:341064,similar,06
mo,MO:330151,MO:341152,similar,06
mo,MO:330151,MO:341301,similar,06
mo,MO:330151,MO:341304,similar,06
mo,MO:330151,MO:341773,similar,06
mo,MO:330151,MO:341774,similar,06
mo,MO:330151,MO:341860,similar,06
mo,MO:330151,MO:342741,similar,06
mo,MO:330151,MO:342781,similar,06
mo,MO:330151,MO:342824,similar,06
mo,MO:330151,MO:343259,similar,06
mo,MO:330151,MO:352149,similar,06
mo,MO:330151,MO:375277,similar,06
mo,MO:330151,MO:376973,similar,06
mo,MO:330151,MO:379243,similar,06
mo,MO:330151,MO:381270,similar,06
mo,MO:330151,MO:381271,similar,06
mo,MO:330151,MO:381289,similar,06
mo,MO:330151,MO:385277,similar,06
mo,MO:330151,MO:388006,similar,06
mo,MO:330151,MO:425105,similar,06
mo,MO:330151,MO:440629,similar,06
mo,MO:330151,MO:440634,similar,06
mo,MO:330151,MO:440716,similar,06
mo,MO:330151,MO:440722,similar,06
mo,MO:330151,MO:440765,similar,06
mo,MO:330151,MO:440769,similar,06
mo,MO:330151,MO:459367,similar,06
mo,MO:330151,MO:467220,similar,06
mo,MO:336972,MO:337952,similar,06
mo,MO:336972,MO:340839,similar,06
mo,MO:336972,MO:340841,similar,06
mo,MO:336972,MO:340845,similar,06
mo,MO:336972,MO:340932,similar,06
mo,MO:336972,MO:340936,similar,06
mo,MO:336972,MO:340937,similar,06
mo,MO:336972,MO:341064,similar,06
mo,MO:336972,MO:341152,similar,06
mo,MO:336972,MO:341301,similar,06
mo,MO:336972,MO:341304,similar,06
mo,MO:336972,MO:341773,similar,06
mo,MO:336972,MO:341774,similar,06
mo,MO:336972,MO:341860,similar,06
mo,MO:336972,MO:342741,similar,06
mo,MO:336972,MO:342781,similar,06
mo,MO:336972,MO:342824,similar,06
mo,MO:336972,MO:343259,similar,06
mo,MO:336972,MO:352149,similar,06
mo,MO:336972,MO:375277,similar,06
mo,MO:336972,MO:376973,similar,06
mo,MO:336972,MO:379243,similar,06
mo,MO:336972,MO:381270,similar,06
mo,MO:336972,MO:381271,similar,06
mo,MO:336972,MO:381289,similar,06
mo,MO:336972,MO:385277,similar,06
mo,MO:336972,MO:388006,similar,06
mo,MO:336972,MO:425105,similar,06
mo,MO:336972,MO:440629,similar,06
mo,MO:336972,MO:440634,similar,06
mo,MO:336972,MO:440716,similar,06
mo,MO:336972,MO:440722,similar,06
mo,MO:336972,MO:440765,similar,06
mo,MO:336972,MO:440769,similar,06
mo,MO:336972,MO:459367,similar,06
mo,MO:336972,MO:467220,similar,06
mo,MO:337952,MO:340839,similar,06
mo,MO:337952,MO:340841,similar,06
mo,MO:337952,MO:340845,similar,06
mo,MO:337952,MO:340932,similar,06
mo,MO:337952,MO:340936,similar,06
mo,MO:337952,MO:340937,similar,06
mo,MO:337952,MO:341064,similar,06
mo,MO:337952,MO:341152,similar,06
mo,MO:337952,MO:341301,similar,06
mo,MO:337952,MO:341304,similar,06
mo,MO:337952,MO:341773,similar,06
mo,MO:337952,MO:341774,similar,06
mo,MO:337952,MO:341860,similar,06
mo,MO:337952,MO:342741,similar,06
mo,MO:337952,MO:342781,similar,06
mo,MO:337952,MO:342824,similar,06
mo,MO:337952,MO:343259,similar,06
mo,MO:337952,MO:352149,similar,06
mo,MO:337952,MO:375277,similar,06
mo,MO:337952,MO:376973,similar,06
mo,MO:337952,MO:379243,similar,06
mo,MO:337952,MO:381270,similar,06
mo,MO:337952,MO:381271,similar,06
mo,MO:337952,MO:381289,similar,06
mo,MO:337952,MO:385277,similar,06
mo,MO:337952,MO:388006,similar,06
mo,MO:337952,MO:425105,similar,06
mo,MO:337952,MO:440629,similar,06
mo,MO:337952,MO:440634,similar,06
mo,MO:337952,MO:440716,similar,06
mo,MO:337952,MO:440722,similar,06
mo,MO:337952,MO:440765,similar,06
mo,MO:337952,MO:440769,similar,06
mo,MO:337952,MO:459367,similar,06
mo,MO:337952,MO:467220,similar,06
mo,MO:340839,MO:340841,similar,06
mo,MO:340839,MO:340845,similar,06
mo,MO:340839,MO:340932,similar,06
mo,MO:340839,MO:340936,similar,06
mo,MO:340839,MO:340937,similar,06
mo,MO:340839,MO:341064,similar,06
mo,MO:340839,MO:341152,similar,06
mo,MO:340839,MO:341301,similar,06
mo,MO:340839,MO:341304,similar,06
mo,MO:340839,MO:341773,similar,06
mo,MO:340839,MO:341774,similar,06
mo,MO:340839,MO:341860,similar,06
mo,MO:340839,MO:342741,similar,06
mo,MO:340839,MO:342781,similar,06
mo,MO:340839,MO:342824,similar,06
mo,MO:340839,MO:343259,similar,06
mo,MO:340839,MO:352149,similar,06
mo,MO:340839,MO:375277,similar,06
mo,MO:340839,MO:376973,similar,06
mo,MO:340839,MO:379243,similar,06
mo,MO:340839,MO:381270,similar,06
mo,MO:340839,MO:381271,similar,06
mo,MO:340839,MO:381289,similar,06
mo,MO:340839,MO:385277,similar,06
mo,MO:340839,MO:388006,similar,06
mo,MO:340839,MO:425105,similar,06
mo,MO:340839,MO:440629,similar,06
mo,MO:340839,MO:440634,similar,06
mo,MO:340839,MO:440716,similar,06
mo,MO:340839,MO:440722,similar,06
mo,MO:340839,MO:440765,similar,06
mo,MO:340839,MO:440769,similar,06
mo,MO:340839,MO:459367,similar,06
mo,MO:340839,MO:467220,similar,06
mo,MO:340841,MO:340845,similar,06
mo,MO:340841,MO:340932,similar,06
mo,MO:340841,MO:340936,similar,06
mo,MO:340841,MO:340937,similar,06
mo,MO:340841,MO:341064,similar,06
mo,MO:340841,MO:341152,similar,06
mo,MO:340841,MO:341301,similar,06
mo,MO:340841,MO:341304,similar,06
mo,MO:340841,MO:341773,similar,06
mo,MO:340841,MO:341774,similar,06
mo,MO:340841,MO:341860,similar,06
mo,MO:340841,MO:342741,similar,06
mo,MO:340841,MO:342781,similar,06
mo,MO:340841,MO:342824,similar,06
mo,MO:340841,MO:343259,similar,06
mo,MO:340841,MO:352149,similar,06
mo,MO:340841,MO:375277,similar,06
mo,MO:340841,MO:376973,similar,06
mo,MO:340841,MO:379243,similar,06
mo,MO:340841,MO:381270,similar,06
mo,MO:340841,MO:381271,similar,06
mo,MO:340841,MO:381289,similar,06
mo,MO:340841,MO:385277,similar,06
mo,MO:340841,MO:388006,similar,06
mo,MO:340841,MO:425105,similar,06
mo,MO:340841,MO:440629,similar,06
mo,MO:340841,MO:440634,similar,06
mo,MO:340841,MO:440716,similar,06
mo,MO:340841,MO:440722,similar,06
mo,MO:340841,MO:440765,similar,06
mo,MO:340841,MO:440769,similar,06
mo,MO:340841,MO:459367,similar,06
mo,MO:340841,MO:467220,similar,06
mo,MO:340845,MO:340932,similar,06
mo,MO:340845,MO:340936,similar,06
mo,MO:340845,MO:340937,similar,06
mo,MO:340845,MO:341064,similar,06
mo,MO:340845,MO:341152,similar,06
mo,MO:340845,MO:341301,similar,06
mo,MO:340845,MO:341304,similar,06
mo,MO:340845,MO:341773,similar,06
mo,MO:340845,MO:341774,similar,06
mo,MO:340845,MO:341860,similar,06
mo,MO:340845,MO:342741,similar,06
mo,MO:340845,MO:342781,similar,06
mo,MO:340845,MO:342824,similar,06
mo,MO:340845,MO:343259,similar,06
mo,MO:340845,MO:352149,similar,06
mo,MO:340845,MO:375277,similar,06
mo,MO:340845,MO:376973,similar,06
mo,MO:340845,MO:379243,similar,06
mo,MO:340845,MO:381270,similar,06
mo,MO:340845,MO:381271,similar,06
mo,MO:340845,MO:381289,similar,06
mo,MO:340845,MO:385277,similar,06
mo,MO:340845,MO:388006,similar,06
mo,MO:340845,MO:425105,similar,06
mo,MO:340845,MO:440629,similar,06
mo,MO:340845,MO:440634,similar,06
mo,MO:340845,MO:440716,similar,06
mo,MO:340845,MO:440722,similar,06
mo,MO:340845,MO:440765,similar,06
mo,MO:340845,MO:440769,similar,06
mo,MO:340845,MO:459367,similar,06
mo,MO:340845,MO:467220,similar,06
mo,MO:340932,MO:340936,similar,06
mo,MO:340932,MO:340937,similar,06
mo,MO:340932,MO:341064,similar,06
mo,MO:340932,MO:341152,similar,06
mo,MO:340932,MO:341301,similar,06
mo,MO:340932,MO:341304,similar,06
mo,MO:340932,MO:341773,similar,06
mo,MO:340932,MO:341774,similar,06
mo,MO:340932,MO:341860,similar,06
mo,MO:340932,MO:342741,similar,06
mo,MO:340932,MO:342781,similar,06
mo,MO:340932,MO:342824,similar,06
mo,MO:340932,MO:343259,similar,06
mo,MO:340932,MO:352149,similar,06
mo,MO:340932,MO:375277,similar,06
mo,MO:340932,MO:376973,similar,06
mo,MO:340932,MO:379243,similar,06
mo,MO:340932,MO:381270,similar,06
mo,MO:340932,MO:381271,similar,06
mo,MO:340932,MO:381289,similar,06
mo,MO:340932,MO:385277,similar,06
mo,MO:340932,MO:388006,similar,06
mo,MO:340932,MO:425105,similar,06
mo,MO:340932,MO:440629,similar,06
mo,MO:340932,MO:440634,similar,06
mo,MO:340932,MO:440716,similar,06
mo,MO:340932,MO:440722,similar,06
mo,MO:340932,MO:440765,similar,06
mo,MO:340932,MO:440769,similar,06
mo,MO:340932,MO:459367,similar,06
mo,MO:340932,MO:467220,similar,06
mo,MO:340936,MO:340937,similar,06
mo,MO:340936,MO:341064,similar,06
mo,MO:340936,MO:341152,similar,06
mo,MO:340936,MO:341301,similar,06
mo,MO:340936,MO:341304,similar,06
mo,MO:340936,MO:341773,similar,06
mo,MO:340936,MO:341774,similar,06
mo,MO:340936,MO:341860,similar,06
mo,MO:340936,MO:342741,similar,06
mo,MO:340936,MO:342781,similar,06
mo,MO:340936,MO:342824,similar,06
mo,MO:340936,MO:343259,similar,06
mo,MO:340936,MO:352149,similar,06
mo,MO:340936,MO:375277,similar,06
mo,MO:340936,MO:376973,similar,06
mo,MO:340936,MO:379243,similar,06
mo,MO:340936,MO:381270,similar,06
mo,MO:340936,MO:381271,similar,06
mo,MO:340936,MO:381289,similar,06
mo,MO:340936,MO:385277,similar,06
mo,MO:340936,MO:388006,similar,06
mo,MO:340936,MO:425105,similar,06
mo,MO:340936,MO:440629,similar,06
mo,MO:340936,MO:440634,similar,06
mo,MO:340936,MO:440716,similar,06
mo,MO:340936,MO:440722,similar,06
mo,MO:340936,MO:440765,similar,06
mo,MO:340936,MO:440769,similar,06
mo,MO:340936,MO:459367,similar,06
mo,MO:340936,MO:467220,similar,06
mo,MO:340937,MO:341064,similar,06
mo,MO:340937,MO:341152,similar,06
mo,MO:340937,MO:341301,similar,06
mo,MO:340937,MO:341304,similar,06
mo,MO:340937,MO:341773,similar,06
mo,MO:340937,MO:341774,similar,06
mo,MO:340937,MO:341860,similar,06
mo,MO:340937,MO:342741,similar,06
mo,MO:340937,MO:342781,similar,06
mo,MO:340937,MO:342824,similar,06
mo,MO:340937,MO:343259,similar,06
mo,MO:340937,MO:352149,similar,06
mo,MO:340937,MO:375277,similar,06
mo,MO:340937,MO:376973,similar,06
mo,MO:340937,MO:379243,similar,06
mo,MO:340937,MO:381270,similar,06
mo,MO:340937,MO:381271,similar,06
mo,MO:340937,MO:381289,similar,06
mo,MO:340937,MO:385277,similar,06
mo,MO:340937,MO:388006,similar,06
mo,MO:340937,MO:425105,similar,06
mo,MO:340937,MO:440629,similar,06
mo,MO:340937,MO:440634,similar,06
mo,MO:340937,MO:440716,similar,06
mo,MO:340937,MO:440722,similar,06
mo,MO:340937,MO:440765,similar,06
mo,MO:340937,MO:440769,similar,06
mo,MO:340937,MO:459367,similar,06
mo,MO:340937,MO:467220,similar,06
mo,MO:341064,MO:341152,similar,06
mo,MO:341064,MO:341301,similar,06
mo,MO:341064,MO:341304,similar,06
mo,MO:341064,MO:341773,similar,06
mo,MO:341064,MO:341774,similar,06
mo,MO:341064,MO:341860,similar,06
mo,MO:341064,MO:342741,similar,06
mo,MO:341064,MO:342781,similar,06
mo,MO:341064,MO:342824,similar,06
mo,MO:341064,MO:343259,similar,06
mo,MO:341064,MO:352149,similar,06
mo,MO:341064,MO:375277,similar,06
mo,MO:341064,MO:376973,similar,06
mo,MO:341064,MO:379243,similar,06
mo,MO:341064,MO:381270,similar,06
mo,MO:341064,MO:381271,similar,06
mo,MO:341064,MO:381289,similar,06
mo,MO:341064,MO:385277,similar,06
mo,MO:341064,MO:388006,similar,06
mo,MO:341064,MO:425105,similar,06
mo,MO:341064,MO:440629,similar,06
mo,MO:341064,MO:440634,similar,06
mo,MO:341064,MO:440716,similar,06
mo,MO:341064,MO:440722,similar,06
mo,MO:341064,MO:440765,similar,06
mo,MO:341064,MO:440769,similar,06
mo,MO:341064,MO:459367,similar,06
mo,MO:341064,MO:467220,similar,06
mo,MO:341152,MO:341301,similar,06
mo,MO:341152,MO:341304,similar,06
mo,MO:341152,MO:341773,similar,06
mo,MO:341152,MO:341774,similar,06
mo,MO:341152,MO:341860,similar,06
mo,MO:341152,MO:342741,similar,06
mo,MO:341152,MO:342781,similar,06
mo,MO:341152,MO:342824,similar,06
mo,MO:341152,MO:343259,similar,06
mo,MO:341152,MO:352149,similar,06
mo,MO:341152,MO:375277,similar,06
mo,MO:341152,MO:376973,similar,06
mo,MO:341152,MO:379243,similar,06
mo,MO:341152,MO:381270,similar,06
mo,MO:341152,MO:381271,similar,06
mo,MO:341152,MO:381289,similar,06
mo,MO:341152,MO:385277,similar,06
mo,MO:341152,MO:388006,similar,06
mo,MO:341152,MO:425105,similar,06
mo,MO:341152,MO:440629,similar,06
mo,MO:341152,MO:440634,similar,06
mo,MO:341152,MO:440716,similar,06
mo,MO:341152,MO:440722,similar,06
mo,MO:341152,MO:440765,similar,06
mo,MO:341152,MO:440769,similar,06
mo,MO:341152,MO:459367,similar,06
mo,MO:341152,MO:467220,similar,06
mo,MO:341301,MO:341304,similar,06
mo,MO:341301,MO:341773,similar,06
mo,MO:341301,MO:341774,similar,06
mo,MO:341301,MO:341860,similar,06
mo,MO:341301,MO:342741,similar,06
mo,MO:341301,MO:342781,similar,06
mo,MO:341301,MO:342824,similar,06
mo,MO:341301,MO:343259,similar,06
mo,MO:341301,MO:352149,similar,06
mo,MO:341301,MO:375277,similar,06
mo,MO:341301,MO:376973,similar,06
mo,MO:341301,MO:379243,similar,06
mo,MO:341301,MO:381270,similar,06
mo,MO:341301,MO:381271,similar,06
mo,MO:341301,MO:381289,similar,06
mo,MO:341301,MO:385277,similar,06
mo,MO:341301,MO:388006,similar,06
mo,MO:341301,MO:425105,similar,06
mo,MO:341301,MO:440629,similar,06
mo,MO:341301,MO:440634,similar,06
mo,MO:341301,MO:440716,similar,06
mo,MO:341301,MO:440722,similar,06
mo,MO:341301,MO:440765,similar,06
mo,MO:341301,MO:440769,similar,06
mo,MO:341301,MO:459367,similar,06
mo,MO:341301,MO:467220,similar,06
mo,MO:341304,MO:341773,similar,06
mo,MO:341304,MO:341774,similar,06
mo,MO:341304,MO:341860,similar,06
mo,MO:341304,MO:342741,similar,06
mo,MO:341304,MO:342781,similar,06
mo,MO:341304,MO:342824,similar,06
mo,MO:341304,MO:343259,similar,06
mo,MO:341304,MO:352149,similar,06
mo,MO:341304,MO:375277,similar,06
mo,MO:341304,MO:376973,similar,06
mo,MO:341304,MO:379243,similar,06
mo,MO:341304,MO:381270,similar,06
mo,MO:341304,MO:381271,similar,06
mo,MO:341304,MO:381289,similar,06
mo,MO:341304,MO:385277,similar,06
mo,MO:341304,MO:388006,similar,06
mo,MO:341304,MO:425105,similar,06
mo,MO:341304,MO:440629,similar,06
mo,MO:341304,MO:440634,similar,06
mo,MO:341304,MO:440716,similar,06
mo,MO:341304,MO:440722,similar,06
mo,MO:341304,MO:440765,similar,06
mo,MO:341304,MO:440769,similar,06
mo,MO:341304,MO:459367,similar,06
mo,MO:341304,MO:467220,similar,06
mo,MO:341773,MO:341774,similar,06
mo,MO:341773,MO:341860,similar,06
mo,MO:341773,MO:342741,similar,06
mo,MO:341773,MO:342781,similar,06
mo,MO:341773,MO:342824,similar,06
mo,MO:341773,MO:343259,similar,06
mo,MO:341773,MO:352149,similar,06
mo,MO:341773,MO:375277,similar,06
mo,MO:341773,MO:376973,similar,06
mo,MO:341773,MO:379243,similar,06
mo,MO:341773,MO:381270,similar,06
mo,MO:341773,MO:381271,similar,06
mo,MO:341773,MO:381289,similar,06
mo,MO:341773,MO:385277,similar,06
mo,MO:341773,MO:388006,similar,06
mo,MO:341773,MO:425105,similar,06
mo,MO:341773,MO:440629,similar,06
mo,MO:341773,MO:440634,similar,06
mo,MO:341773,MO:440716,similar,06
mo,MO:341773,MO:440722,similar,06
mo,MO:341773,MO:440765,similar,06
mo,MO:341773,MO:440769,similar,06
mo,MO:341773,MO:459367,similar,06
mo,MO:341773,MO:467220,similar,06
mo,MO:341774,MO:341860,similar,06
mo,MO:341774,MO:342741,similar,06
mo,MO:341774,MO:342781,similar,06
mo,MO:341774,MO:342824,similar,06
mo,MO:341774,MO:343259,similar,06
mo,MO:341774,MO:352149,similar,06
mo,MO:341774,MO:375277,similar,06
mo,MO:341774,MO:376973,similar,06
mo,MO:341774,MO:379243,similar,06
mo,MO:341774,MO:381270,similar,06
mo,MO:341774,MO:381271,similar,06
mo,MO:341774,MO:381289,similar,06
mo,MO:341774,MO:385277,similar,06
mo,MO:341774,MO:388006,similar,06
mo,MO:341774,MO:425105,similar,06
mo,MO:341774,MO:440629,similar,06
mo,MO:341774,MO:440634,similar,06
mo,MO:341774,MO:440716,similar,06
mo,MO:341774,MO:440722,similar,06
mo,MO:341774,MO:440765,similar,06
mo,MO:341774,MO:440769,similar,06
mo,MO:341774,MO:459367,similar,06
mo,MO:341774,MO:467220,similar,06
mo,MO:341860,MO:342741,similar,06
mo,MO:341860,MO:342781,similar,06
mo,MO:341860,MO:342824,similar,06
mo,MO:341860,MO:343259,similar,06
mo,MO:341860,MO:352149,similar,06
mo,MO:341860,MO:375277,similar,06
mo,MO:341860,MO:376973,similar,06
mo,MO:341860,MO:379243,similar,06
mo,MO:341860,MO:381270,similar,06
mo,MO:341860,MO:381271,similar,06
mo,MO:341860,MO:381289,similar,06
mo,MO:341860,MO:385277,similar,06
mo,MO:341860,MO:388006,similar,06
mo,MO:341860,MO:425105,similar,06
mo,MO:341860,MO:440629,similar,06
mo,MO:341860,MO:440634,similar,06
mo,MO:341860,MO:440716,similar,06
mo,MO:341860,MO:440722,similar,06
mo,MO:341860,MO:440765,similar,06
mo,MO:341860,MO:440769,similar,06
mo,MO:341860,MO:459367,similar,06
mo,MO:341860,MO:467220,similar,06
mo,MO:342741,MO:342781,similar,06
mo,MO:342741,MO:342824,similar,06
mo,MO:342741,MO:343259,similar,06
mo,MO:342741,MO:352149,similar,06
mo,MO:342741,MO:375277,similar,06
mo,MO:342741,MO:376973,similar,06
mo,MO:342741,MO:379243,similar,06
mo,MO:342741,MO:381270,similar,06
mo,MO:342741,MO:381271,similar,06
mo,MO:342741,MO:381289,similar,06
mo,MO:342741,MO:385277,similar,06
mo,MO:342741,MO:388006,similar,06
mo,MO:342741,MO:425105,similar,06
mo,MO:342741,MO:440629,similar,06
mo,MO:342741,MO:440634,similar,06
mo,MO:342741,MO:440716,similar,06
mo,MO:342741,MO:440722,similar,06
mo,MO:342741,MO:440765,similar,06
mo,MO:342741,MO:440769,similar,06
mo,MO:342741,MO:459367,similar,06
mo,MO:342741,MO:467220,similar,06
mo,MO:342781,MO:342824,similar,06
mo,MO:342781,MO:343259,similar,06
mo,MO:342781,MO:352149,similar,06
mo,MO:342781,MO:375277,similar,06
mo,MO:342781,MO:376973,similar,06
mo,MO:342781,MO:379243,similar,06
mo,MO:342781,MO:381270,similar,06
mo,MO:342781,MO:381271,similar,06
mo,MO:342781,MO:381289,similar,06
mo,MO:342781,MO:385277,similar,06
mo,MO:342781,MO:388006,similar,06
mo,MO:342781,MO:425105,similar,06
mo,MO:342781,MO:440629,similar,06
mo,MO:342781,MO:440634,similar,06
mo,MO:342781,MO:440716,similar,06
mo,MO:342781,MO:440722,similar,06
mo,MO:342781,MO:440765,similar,06
mo,MO:342781,MO:440769,similar,06
mo,MO:342781,MO:459367,similar,06
mo,MO:342781,MO:467220,similar,06
mo,MO:342824,MO:343259,similar,06
mo,MO:342824,MO:352149,similar,06
mo,MO:342824,MO:375277,similar,06
mo,MO:342824,MO:376973,similar,06
mo,MO:342824,MO:379243,similar,06
mo,MO:342824,MO:381270,similar,06
mo,MO:342824,MO:381271,similar,06
mo,MO:342824,MO:381289,similar,06
mo,MO:342824,MO:385277,similar,06
mo,MO:342824,MO:388006,similar,06
mo,MO:342824,MO:425105,similar,06
mo,MO:342824,MO:440629,similar,06
mo,MO:342824,MO:440634,similar,06
mo,MO:342824,MO:440716,similar,06
mo,MO:342824,MO:440722,similar,06
mo,MO:342824,MO:440765,similar,06
mo,MO:342824,MO:440769,similar,06
mo,MO:342824,MO:459367,similar,06
mo,MO:342824,MO:467220,similar,06
mo,MO:343259,MO:352149,similar,06
mo,MO:343259,MO:375277,similar,06
mo,MO:343259,MO:376973,similar,06
mo,MO:343259,MO:379243,similar,06
mo,MO:343259,MO:381270,similar,06
mo,MO:343259,MO:381271,similar,06
mo,MO:343259,MO:381289,similar,06
mo,MO:343259,MO:385277,similar,06
mo,MO:343259,MO:388006,similar,06
mo,MO:343259,MO:425105,similar,06
mo,MO:343259,MO:440629,similar,06
mo,MO:343259,MO:440634,similar,06
mo,MO:343259,MO:440716,similar,06
mo,MO:343259,MO:440722,similar,06
mo,MO:343259,MO:440765,similar,06
mo,MO:343259,MO:440769,similar,06
mo,MO:343259,MO:459367,similar,06
mo,MO:343259,MO:467220,similar,06
mo,MO:352149,MO:375277,similar,06
mo,MO:352149,MO:376973,similar,06
mo,MO:352149,MO:379243,similar,06
mo,MO:352149,MO:381270,similar,06
mo,MO:352149,MO:381271,similar,06
mo,MO:352149,MO:381289,similar,06
mo,MO:352149,MO:385277,similar,06
mo,MO:352149,MO:388006,similar,06
mo,MO:352149,MO:425105,similar,06
mo,MO:352149,MO:440629,similar,06
mo,MO:352149,MO:440634,similar,06
mo,MO:352149,MO:440716,similar,06
mo,MO:352149,MO:440722,similar,06
mo,MO:352149,MO:440765,similar,06
mo,MO:352149,MO:440769,similar,06
mo,MO:352149,MO:459367,similar,06
mo,MO:352149,MO:467220,similar,06
mo,MO:375277,MO:376973,similar,06
mo,MO:375277,MO:379243,similar,06
mo,MO:375277,MO:381270,similar,06
mo,MO:375277,MO:381271,similar,06
mo,MO:375277,MO:381289,similar,06
mo,MO:375277,MO:385277,similar,06
mo,MO:375277,MO:388006,similar,06
mo,MO:375277,MO:425105,similar,06
mo,MO:375277,MO:440629,similar,06
mo,MO:375277,MO:440634,similar,06
mo,MO:375277,MO:440716,similar,06
mo,MO:375277,MO:440722,similar,06
mo,MO:375277,MO:440765,similar,06
mo,MO:375277,MO:440769,similar,06
mo,MO:375277,MO:459367,similar,06
mo,MO:375277,MO:467220,similar,06
mo,MO:376973,MO:379243,similar,06
mo,MO:376973,MO:381270,similar,06
mo,MO:376973,MO:381271,similar,06
mo,MO:376973,MO:381289,similar,06
mo,MO:376973,MO:385277,similar,06
mo,MO:376973,MO:388006,similar,06
mo,MO:376973,MO:425105,similar,06
mo,MO:376973,MO:440629,similar,06
mo,MO:376973,MO:440634,similar,06
mo,MO:376973,MO:440716,similar,06
mo,MO:376973,MO:440722,similar,06
mo,MO:376973,MO:440765,similar,06
mo,MO:376973,MO:440769,similar,06
mo,MO:376973,MO:459367,similar,06
mo,MO:376973,MO:467220,similar,06
mo,MO:379243,MO:381270,similar,06
mo,MO:379243,MO:381271,similar,06
mo,MO:379243,MO:381289,similar,06
mo,MO:379243,MO:385277,similar,06
mo,MO:379243,MO:388006,similar,06
mo,MO:379243,MO:425105,similar,06
mo,MO:379243,MO:440629,similar,06
mo,MO:379243,MO:440634,similar,06
mo,MO:379243,MO:440716,similar,06
mo,MO:379243,MO:440722,similar,06
mo,MO:379243,MO:440765,similar,06
mo,MO:379243,MO:440769,similar,06
mo,MO:379243,MO:459367,similar,06
mo,MO:379243,MO:467220,similar,06
mo,MO:381270,MO:381271,similar,06
mo,MO:381270,MO:381289,similar,06
mo,MO:381270,MO:385277,similar,06
mo,MO:381270,MO:388006,similar,06
mo,MO:381270,MO:425105,similar,06
mo,MO:381270,MO:440629,similar,06
mo,MO:381270,MO:440634,similar,06
mo,MO:381270,MO:440716,similar,06
mo,MO:381270,MO:440722,similar,06
mo,MO:381270,MO:440765,similar,06
mo,MO:381270,MO:440769,similar,06
mo,MO:381270,MO:459367,similar,06
mo,MO:381270,MO:467220,similar,06
mo,MO:381271,MO:381289,similar,06
mo,MO:381271,MO:385277,similar,06
mo,MO:381271,MO:388006,similar,06
mo,MO:381271,MO:425105,similar,06
mo,MO:381271,MO:440629,similar,06
mo,MO:381271,MO:440634,similar,06
mo,MO:381271,MO:440716,similar,06
mo,MO:381271,MO:440722,similar,06
mo,MO:381271,MO:440765,similar,06
mo,MO:381271,MO:440769,similar,06
mo,MO:381271,MO:459367,similar,06
mo,MO:381271,MO:467220,similar,06
mo,MO:381289,MO:385277,similar,06
mo,MO:381289,MO:388006,similar,06
mo,MO:381289,MO:425105,similar,06
mo,MO:381289,MO:440629,similar,06
mo,MO:381289,MO:440634,similar,06
mo,MO:381289,MO:440716,similar,06
mo,MO:381289,MO:440722,similar,06
mo,MO:381289,MO:440765,similar,06
mo,MO:381289,MO:440769,similar,06
mo,MO:381289,MO:459367,similar,06
mo,MO:381289,MO:467220,similar,06
mo,MO:385277,MO:388006,similar,06
mo,MO:385277,MO:425105,similar,06
mo,MO:385277,MO:440629,similar,06
mo,MO:385277,MO:440634,similar,06
mo,MO:385277,MO:440716,similar,06
mo,MO:385277,MO:440722,similar,06
mo,MO:385277,MO:440765,similar,06
mo,MO:385277,MO:440769,similar,06
mo,MO:385277,MO:459367,similar,06
mo,MO:385277,MO:467220,similar,06
mo,MO:388006,MO:425105,similar,06
mo,MO:388006,MO:440629,similar,06
mo,MO:388006,MO:440634,similar,06
mo,MO:388006,MO:440716,similar,06
mo,MO:388006,MO:440722,similar,06
mo,MO:388006,MO:440765,similar,06
mo,MO:388006,MO:440769,similar,06
mo,MO:388006,MO:459367,similar,06
mo,MO:388006,MO:467220,similar,06
mo,MO:425105,MO:440629,similar,06
mo,MO:425105,MO:440634,similar,06
mo,MO:425105,MO:440716,similar,06
mo,MO:425105,MO:440722,similar,06
mo,MO:425105,MO:440765,similar,06
mo,MO:425105,MO:440769,similar,06
mo,MO:425105,MO:459367,similar,06
mo,MO:425105,MO:467220,similar,06
mo,MO:440629,MO:440634,similar,06
mo,MO:440629,MO:440716,similar,06
mo,MO:440629,MO:440722,similar,06
mo,MO:440629,MO:440765,similar,06
mo,MO:440629,MO:440769,similar,06
mo,MO:440629,MO:459367,similar,06
mo,MO:440629,MO:467220,similar,06
mo,MO:440634,MO:440716,similar,06
mo,MO:440634,MO:440722,similar,06
mo,MO:440634,MO:440765,similar,06
mo,MO:440634,MO:440769,similar,06
mo,MO:440634,MO:459367,similar,06
mo,MO:440634,MO:467220,similar,06
mo,MO:440716,MO:440722,similar,06
mo,MO:440716,MO:440765,similar,06
mo,MO:440716,MO:440769,similar,06
mo,MO:440716,MO:459367,similar,06
mo,MO:440716,MO:467220,similar,06
mo,MO:440722,MO:440765,similar,06
mo,MO:440722,MO:440769,similar,06
mo,MO:440722,MO:459367,similar,06
mo,MO:440722,MO:467220,similar,06
mo,MO:440765,MO:440769,similar,06
mo,MO:440765,MO:459367,similar,06
mo,MO:440765,MO:467220,similar,06
mo,MO:440769,MO:459367,similar,06
mo,MO:440769,MO:467220,similar,06
mo,MO:459367,MO:467220,similar,06
BBM,BBM:F023201,BBM:F023202,similar,06
BBM,BBM:F023201,BBM:F023203,similar,06
BBM,BBM:F023201,BBM:F035613,similar,06
BBM,BBM:F023202,BBM:F023203,similar,06
BBM,BBM:F023202,BBM:F035613,similar,06
BBM,BBM:F023203,BBM:F035613,similar,06
BBM,BBM:F023205,BBM:F023344,strict,06
BBM,BBM:F023207,BBM:F023309,similar,06
BBM,BBM:F023217,BBM:F023218,similar,06
BBM,BBM:F023217,BBM:F023219,similar,06
BBM,BBM:F023218,BBM:F023219,similar,06
BBM,BBM:F023233,BBM:F023234,strict,06
BBM,BBM:F023233,BBM:F023235,strict,06
BBM,BBM:F023233,BBM:F023236,strict,06
BBM,BBM:F023233,BBM:F023251,strict,06
BBM,BBM:F023233,BBM:F023252,strict,06
BBM,BBM:F023233,BBM:F023253,strict,06
BBM,BBM:F023233,BBM:F023254,strict,06
BBM,BBM:F023234,BBM:F023235,strict,06
BBM,BBM:F023234,BBM:F023236,strict,06
BBM,BBM:F023234,BBM:F023251,strict,06
BBM,BBM:F023234,BBM:F023252,strict,06
BBM,BBM:F023234,BBM:F023253,strict,06
BBM,BBM:F023234,BBM:F023254,strict,06
BBM,BBM:F023235,BBM:F023236,strict,06
BBM,BBM:F023235,BBM:F023251,strict,06
BBM,BBM:F023235,BBM:F023252,strict,06
BBM,BBM:F023235,BBM:F023253,strict,06
BBM,BBM:F023235,BBM:F023254,strict,06
BBM,BBM:F023236,BBM:F023251,strict,06
BBM,BBM:F023236,BBM:F023252,strict,06
BBM,BBM:F023236,BBM:F023253,strict,06
BBM,BBM:F023236,BBM:F023254,strict,06
BBM,BBM:F023251,BBM:F023252,strict,06
BBM,BBM:F023251,BBM:F023253,strict,06
BBM,BBM:F023251,BBM:F023254,strict,06
BBM,BBM:F023252,BBM:F023253,strict,06
BBM,BBM:F023252,BBM:F023254,strict,06
BBM,BBM:F023253,BBM:F023254,strict,06
BBM,BBM:F023237,BBM:F023238,similar,06
BBM,BBM:F023237,BBM:F023239,similar,06
BBM,BBM:F023237,BBM:F023240,similar,06
BBM,BBM:F023237,BBM:F023241,similar,06
BBM,BBM:F023237,BBM:F023242,similar,06
BBM,BBM:F023237,BBM:F023243,similar,06
BBM,BBM:F023237,BBM:F023244,similar,06
BBM,BBM:F023237,BBM:F023245,similar,06
BBM,BBM:F023237,BBM:F023246,similar,06
BBM,BBM:F023237,BBM:F023247,similar,06
BBM,BBM:F023237,BBM:F023248,similar,06
BBM,BBM:F023237,BBM:F023249,similar,06
BBM,BBM:F023238,BBM:F023239,similar,06
BBM,BBM:F023238,BBM:F023240,similar,06
BBM,BBM:F023238,BBM:F023241,similar,06
BBM,BBM:F023238,BBM:F023242,similar,06
BBM,BBM:F023238,BBM:F023243,similar,06
BBM,BBM:F023238,BBM:F023244,similar,06
BBM,BBM:F023238,BBM:F023245,similar,06
BBM,BBM:F023238,BBM:F023246,similar,06
BBM,BBM:F023238,BBM:F023247,similar,06
BBM,BBM:F023238,BBM:F023248,similar,06
BBM,BBM:F023238,BBM:F023249,similar,06
BBM,BBM:F023239,BBM:F023240,similar,06
BBM,BBM:F023239,BBM:F023241,similar,06
BBM,BBM:F023239,BBM:F023242,similar,06
BBM,BBM:F023239,BBM:F023243,similar,06
BBM,BBM:F023239,BBM:F023244,similar,06
BBM,BBM:F023239,BBM:F023245,similar,06
BBM,BBM:F023239,BBM:F023246,similar,06
BBM,BBM:F023239,BBM:F023247,similar,06
BBM,BBM:F023239,BBM:F023248,similar,06
BBM,BBM:F023239,BBM:F023249,similar,06
BBM,BBM:F023240,BBM:F023241,similar,06
BBM,BBM:F023240,BBM:F023242,similar,06
BBM,BBM:F023240,BBM:F023243,similar,06
BBM,BBM:F023240,BBM:F023244,similar,06
BBM,BBM:F023240,BBM:F023245,similar,06
BBM,BBM:F023240,BBM:F023246,similar,06
BBM,BBM:F023240,BBM:F023247,similar,06
BBM,BBM:F023240,BBM:F023248,similar,06
BBM,BBM:F023240,BBM:F023249,similar,06
BBM,BBM:F023241,BBM:F023242,similar,06
BBM,BBM:F023241,BBM:F023243,similar,06
BBM,BBM:F023241,BBM:F023244,similar,06
BBM,BBM:F023241,BBM:F023245,similar,06
BBM,BBM:F023241,BBM:F023246,similar,06
BBM,BBM:F023241,BBM:F023247,similar,06
BBM,BBM:F023241,BBM:F023248,similar,06
BBM,BBM:F023241,BBM:F023249,similar,06
BBM,BBM:F023242,BBM:F023243,similar,06
BBM,BBM:F023242,BBM:F023244,similar,06
BBM,BBM:F023242,BBM:F023245,similar,06
BBM,BBM:F023242,BBM:F023246,similar,06
BBM,BBM:F023242,BBM:F023247,similar,06
BBM,BBM:F023242,BBM:F023248,similar,06
BBM,BBM:F023242,BBM:F023249,similar,06
BBM,BBM:F023243,BBM:F023244,similar,06
BBM,BBM:F023243,BBM:F023245,similar,06
BBM,BBM:F023243,BBM:F023246,similar,06
BBM,BBM:F023243,BBM:F023247,similar,06
BBM,BBM:F023243,BBM:F023248,similar,06
BBM,BBM:F023243,BBM:F023249,similar,06
BBM,BBM:F023244,BBM:F023245,similar,06
BBM,BBM:F023244,BBM:F023246,similar,06
BBM,BBM:F023244,BBM:F023247,similar,06
BBM,BBM:F023244,BBM:F023248,similar,06
BBM,BBM:F023244,BBM:F023249,similar,06
BBM,BBM:F023245,BBM:F023246,similar,06
BBM,BBM:F023245,BBM:F023247,similar,06
BBM,BBM:F023245,BBM:F023248,similar,06
BBM,BBM:F023245,BBM:F023249,similar,06
BBM,BBM:F023246,BBM:F023247,similar,06
BBM,BBM:F023246,BBM:F023248,similar,06
BBM,BBM:F023246,BBM:F023249,similar,06
BBM,BBM:F023247,BBM:F023248,similar,06
BBM,BBM:F023247,BBM:F023249,similar,06
BBM,BBM:F023248,BBM:F023249,similar,06
mo,MO:82711,MO:105989,similar,06
BBM,BBM:F023261,BBM:F023262,similar,06
BBM,BBM:F023267,BBM:F034694,similar,06
BBM,BBM:F023267,BBM:F034870,similar,06
BBM,BBM:F034694,BBM:F034870,similar,06
BBM,BBM:F023268,BBM:F023269,similar,06
BBM,BBM:F023268,BBM:F023270,similar,06
BBM,BBM:F023268,BBM:F023271,similar,06
BBM,BBM:F023268,BBM:F035687,similar,06
BBM,BBM:F023269,BBM:F023270,similar,06
BBM,BBM:F023269,BBM:F023271,similar,06
BBM,BBM:F023269,BBM:F035687,similar,06
BBM,BBM:F023270,BBM:F023271,similar,06
BBM,BBM:F023270,BBM:F035687,similar,06
BBM,BBM:F023271,BBM:F035687,similar,06
BBM,BBM:F023273,BBM:F023274,similar,06
mo,MO:90435,MO:105976,similar,06
BBM,BBM:F023276,BBM:F023277,strict,06
BBM,BBM:F023279,BBM:F023281,similar,06
BBM,BBM:F023279,BBM:F023282,similar,06
BBM,BBM:F023279,BBM:F023283,similar,06
BBM,BBM:F023281,BBM:F023282,similar,06
BBM,BBM:F023281,BBM:F023283,similar,06
BBM,BBM:F023282,BBM:F023283,similar,06
BBM,BBM:F023284,BBM:F023285,similar,06
BBM,BBM:F023286,BBM:F025720,similar,06
BBM,BBM:F023286,BBM:F028018,similar,06
BBM,BBM:F025720,BBM:F028018,similar,06
BBM,BBM:F023287,BBM:F035460,similar,06
BBM,BBM:F023290,BBM:F023291,similar,06
BBM,BBM:F023290,BBM:F023292,similar,06
BBM,BBM:F023291,BBM:F023292,similar,06
mo,MO:82714,MO:83024,similar,06
BBM,BBM:F023293,BBM:F023294,similar,06
BBM,BBM:F023293,BBM:F023295,similar,06
BBM,BBM:F023293,BBM:F023296,similar,06
BBM,BBM:F023293,BBM:F023297,similar,06
BBM,BBM:F023294,BBM:F023295,similar,06
BBM,BBM:F023294,BBM:F023296,similar,06
BBM,BBM:F023294,BBM:F023297,similar,06
BBM,BBM:F023295,BBM:F023296,similar,06
BBM,BBM:F023295,BBM:F023297,similar,06
BBM,BBM:F023296,BBM:F023297,similar,06
BBM,BBM:F023301,BBM:F023302,strict,06
BBM,BBM:F023304,BBM:F023305,strict,06
BBM,BBM:F023306,BBM:F023307,strict,06
BBM,BBM:F023311,BBM:F023312,similar,06
BBM,BBM:F023319,BBM:F023320,similar,06
BBM,BBM:F023319,BBM:F023422,similar,06
BBM,BBM:F023320,BBM:F023422,similar,06
BBM,BBM:F023321,BBM:F023408,similar,06
BBM,BBM:F023321,BBM:F023409,similar,06
BBM,BBM:F023321,BBM:F023410,similar,06
BBM,BBM:F023321,BBM:F023411,similar,06
BBM,BBM:F023321,BBM:F023412,similar,06
BBM,BBM:F023321,BBM:F023413,similar,06
BBM,BBM:F023321,BBM:F023414,similar,06
BBM,BBM:F023321,BBM:F023415,similar,06
BBM,BBM:F023321,BBM:F023416,similar,06
BBM,BBM:F023321,BBM:F023417,similar,06
BBM,BBM:F023321,BBM:F023418,similar,06
BBM,BBM:F023321,BBM:F023419,similar,06
BBM,BBM:F023321,BBM:F023712,similar,06
BBM,BBM:F023321,BBM:F023717,similar,06
BBM,BBM:F023408,BBM:F023409,similar,06
BBM,BBM:F023408,BBM:F023410,similar,06
BBM,BBM:F023408,BBM:F023411,similar,06
BBM,BBM:F023408,BBM:F023412,similar,06
BBM,BBM:F023408,BBM:F023413,similar,06
BBM,BBM:F023408,BBM:F023414,similar,06
BBM,BBM:F023408,BBM:F023415,similar,06
BBM,BBM:F023408,BBM:F023416,similar,06
BBM,BBM:F023408,BBM:F023417,similar,06
BBM,BBM:F023408,BBM:F023418,similar,06
BBM,BBM:F023408,BBM:F023419,similar,06
BBM,BBM:F023408,BBM:F023712,similar,06
BBM,BBM:F023408,BBM:F023717,similar,06
BBM,BBM:F023409,BBM:F023410,similar,06
BBM,BBM:F023409,BBM:F023411,similar,06
BBM,BBM:F023409,BBM:F023412,similar,06
BBM,BBM:F023409,BBM:F023413,similar,06
BBM,BBM:F023409,BBM:F023414,similar,06
BBM,BBM:F023409,BBM:F023415,similar,06
BBM,BBM:F023409,BBM:F023416,similar,06
BBM,BBM:F023409,BBM:F023417,similar,06
BBM,BBM:F023409,BBM:F023418,similar,06
BBM,BBM:F023409,BBM:F023419,similar,06
BBM,BBM:F023409,BBM:F023712,similar,06
BBM,BBM:F023409,BBM:F023717,similar,06
BBM,BBM:F023410,BBM:F023411,similar,06
BBM,BBM:F023410,BBM:F023412,similar,06
BBM,BBM:F023410,BBM:F023413,similar,06
BBM,BBM:F023410,BBM:F023414,similar,06
BBM,BBM:F023410,BBM:F023415,similar,06
BBM,BBM:F023410,BBM:F023416,similar,06
BBM,BBM:F023410,BBM:F023417,similar,06
BBM,BBM:F023410,BBM:F023418,similar,06
BBM,BBM:F023410,BBM:F023419,similar,06
BBM,BBM:F023410,BBM:F023712,similar,06
BBM,BBM:F023410,BBM:F023717,similar,06
BBM,BBM:F023411,BBM:F023412,similar,06
BBM,BBM:F023411,BBM:F023413,similar,06
BBM,BBM:F023411,BBM:F023414,similar,06
BBM,BBM:F023411,BBM:F023415,similar,06
BBM,BBM:F023411,BBM:F023416,similar,06
BBM,BBM:F023411,BBM:F023417,similar,06
BBM,BBM:F023411,BBM:F023418,similar,06
BBM,BBM:F023411,BBM:F023419,similar,06
BBM,BBM:F023411,BBM:F023712,similar,06
BBM,BBM:F023411,BBM:F023717,similar,06
BBM,BBM:F023412,BBM:F023413,similar,06
BBM,BBM:F023412,BBM:F023414,similar,06
BBM,BBM:F023412,BBM:F023415,similar,06
BBM,BBM:F023412,BBM:F023416,similar,06
BBM,BBM:F023412,BBM:F023417,similar,06
BBM,BBM:F023412,BBM:F023418,similar,06
BBM,BBM:F023412,BBM:F023419,similar,06
BBM,BBM:F023412,BBM:F023712,similar,06
BBM,BBM:F023412,BBM:F023717,similar,06
BBM,BBM:F023413,BBM:F023414,similar,06
BBM,BBM:F023413,BBM:F023415,similar,06
BBM,BBM:F023413,BBM:F023416,similar,06
BBM,BBM:F023413,BBM:F023417,similar,06
BBM,BBM:F023413,BBM:F023418,similar,06
BBM,BBM:F023413,BBM:F023419,similar,06
BBM,BBM:F023413,BBM:F023712,similar,06
BBM,BBM:F023413,BBM:F023717,similar,06
BBM,BBM:F023414,BBM:F023415,similar,06
BBM,BBM:F023414,BBM:F023416,similar,06
BBM,BBM:F023414,BBM:F023417,similar,06
BBM,BBM:F023414,BBM:F023418,similar,06
BBM,BBM:F023414,BBM:F023419,similar,06
BBM,BBM:F023414,BBM:F023712,similar,06
BBM,BBM:F023414,BBM:F023717,similar,06
BBM,BBM:F023415,BBM:F023416,similar,06
BBM,BBM:F023415,BBM:F023417,similar,06
BBM,BBM:F023415,BBM:F023418,similar,06
BBM,BBM:F023415,BBM:F023419,similar,06
BBM,BBM:F023415,BBM:F023712,similar,06
BBM,BBM:F023415,BBM:F023717,similar,06
BBM,BBM:F023416,BBM:F023417,similar,06
BBM,BBM:F023416,BBM:F023418,similar,06
BBM,BBM:F023416,BBM:F023419,similar,06
BBM,BBM:F023416,BBM:F023712,similar,06
BBM,BBM:F023416,BBM:F023717,similar,06
BBM,BBM:F023417,BBM:F023418,similar,06
BBM,BBM:F023417,BBM:F023419,similar,06
BBM,BBM:F023417,BBM:F023712,similar,06
BBM,BBM:F023417,BBM:F023717,similar,06
BBM,BBM:F023418,BBM:F023419,similar,06
BBM,BBM:F023418,BBM:F023712,similar,06
BBM,BBM:F023418,BBM:F023717,similar,06
BBM,BBM:F023419,BBM:F023712,similar,06
BBM,BBM:F023419,BBM:F023717,similar,06
BBM,BBM:F023712,BBM:F023717,similar,06
BBM,BBM:F023325,BBM:F023326,strict,06
BBM,BBM:F023328,BBM:F023329,strict,06
BBM,BBM:F023328,BBM:F023331,strict,06
BBM,BBM:F023329,BBM:F023331,strict,06
BBM,BBM:F023330,BBM:F023332,similar,06
BBM,BBM:F023330,BBM:F023333,similar,06
BBM,BBM:F023330,BBM:F023334,similar,06
BBM,BBM:F023330,BBM:F023335,similar,06
BBM,BBM:F023330,BBM:F023336,similar,06
BBM,BBM:F023330,BBM:F023337,similar,06
BBM,BBM:F023332,BBM:F023333,similar,06
BBM,BBM:F023332,BBM:F023334,similar,06
BBM,BBM:F023332,BBM:F023335,similar,06
BBM,BBM:F023332,BBM:F023336,similar,06
BBM,BBM:F023332,BBM:F023337,similar,06
BBM,BBM:F023333,BBM:F023334,similar,06
BBM,BBM:F023333,BBM:F023335,similar,06
BBM,BBM:F023333,BBM:F023336,similar,06
BBM,BBM:F023333,BBM:F023337,similar,06
BBM,BBM:F023334,BBM:F023335,similar,06
BBM,BBM:F023334,BBM:F023336,similar,06
BBM,BBM:F023334,BBM:F023337,similar,06
BBM,BBM:F023335,BBM:F023336,similar,06
BBM,BBM:F023335,BBM:F023337,similar,06
BBM,BBM:F023336,BBM:F023337,similar,06
BBM,BBM:F023338,BBM:F023339,strict,06
BBM,BBM:F023342,BBM:F023343,strict,06
BBM,BBM:F023345,BBM:F023346,similar,06
BBM,BBM:F023345,BBM:F023347,similar,06
BBM,BBM:F023345,BBM:F023348,similar,06
BBM,BBM:F023345,BBM:F023349,similar,06
BBM,BBM:F023345,BBM:F023350,similar,06
BBM,BBM:F023345,BBM:F023351,similar,06
BBM,BBM:F023345,BBM:F023352,similar,06
BBM,BBM:F023345,BBM:F023353,similar,06
BBM,BBM:F023345,BBM:F023354,similar,06
BBM,BBM:F023345,BBM:F023355,similar,06
BBM,BBM:F023345,BBM:F023356,similar,06
BBM,BBM:F023346,BBM:F023347,similar,06
BBM,BBM:F023346,BBM:F023348,similar,06
BBM,BBM:F023346,BBM:F023349,similar,06
BBM,BBM:F023346,BBM:F023350,similar,06
BBM,BBM:F023346,BBM:F023351,similar,06
BBM,BBM:F023346,BBM:F023352,similar,06
BBM,BBM:F023346,BBM:F023353,similar,06
BBM,BBM:F023346,BBM:F023354,similar,06
BBM,BBM:F023346,BBM:F023355,similar,06
BBM,BBM:F023346,BBM:F023356,similar,06
BBM,BBM:F023347,BBM:F023348,similar,06
BBM,BBM:F023347,BBM:F023349,similar,06
BBM,BBM:F023347,BBM:F023350,similar,06
BBM,BBM:F023347,BBM:F023351,similar,06
BBM,BBM:F023347,BBM:F023352,similar,06
BBM,BBM:F023347,BBM:F023353,similar,06
BBM,BBM:F023347,BBM:F023354,similar,06
BBM,BBM:F023347,BBM:F023355,similar,06
BBM,BBM:F023347,BBM:F023356,similar,06
BBM,BBM:F023348,BBM:F023349,similar,06
BBM,BBM:F023348,BBM:F023350,similar,06
BBM,BBM:F023348,BBM:F023351,similar,06
BBM,BBM:F023348,BBM:F023352,similar,06
BBM,BBM:F023348,BBM:F023353,similar,06
BBM,BBM:F023348,BBM:F023354,similar,06
BBM,BBM:F023348,BBM:F023355,similar,06
BBM,BBM:F023348,BBM:F023356,similar,06
BBM,BBM:F023349,BBM:F023350,similar,06
BBM,BBM:F023349,BBM:F023351,similar,06
BBM,BBM:F023349,BBM:F023352,similar,06
BBM,BBM:F023349,BBM:F023353,similar,06
BBM,BBM:F023349,BBM:F023354,similar,06
BBM,BBM:F023349,BBM:F023355,similar,06
BBM,BBM:F023349,BBM:F023356,similar,06
BBM,BBM:F023350,BBM:F023351,similar,06
BBM,BBM:F023350,BBM:F023352,similar,06
BBM,BBM:F023350,BBM:F023353,similar,06
BBM,BBM:F023350,BBM:F023354,similar,06
BBM,BBM:F023350,BBM:F023355,similar,06
BBM,BBM:F023350,BBM:F023356,similar,06
BBM,BBM:F023351,BBM:F023352,similar,06
BBM,BBM:F023351,BBM:F023353,similar,06
BBM,BBM:F023351,BBM:F023354,similar,06
BBM,BBM:F023351,BBM:F023355,similar,06
BBM,BBM:F023351,BBM:F023356,similar,06
BBM,BBM:F023352,BBM:F023353,similar,06
BBM,BBM:F023352,BBM:F023354,similar,06
BBM,BBM:F023352,BBM:F023355,similar,06
BBM,BBM:F023352,BBM:F023356,similar,06
BBM,BBM:F023353,BBM:F023354,similar,06
BBM,BBM:F023353,BBM:F023355,similar,06
BBM,BBM:F023353,BBM:F023356,similar,06
BBM,BBM:F023354,BBM:F023355,similar,06
BBM,BBM:F023354,BBM:F023356,similar,06
BBM,BBM:F023355,BBM:F023356,similar,06
BBM,BBM:F023357,BBM:F023358,strict,06
mo,MO:85658,MO:106070,strict,06
BBM,BBM:F023373,BBM:F023374,strict,06
BBM,BBM:F023373,BBM:F023375,strict,06
BBM,BBM:F023373,BBM:F023376,strict,06
BBM,BBM:F023373,BBM:F023377,strict,06
BBM,BBM:F023374,BBM:F023375,strict,06
BBM,BBM:F023374,BBM:F023376,strict,06
BBM,BBM:F023374,BBM:F023377,strict,06
BBM,BBM:F023375,BBM:F023376,strict,06
BBM,BBM:F023375,BBM:F023377,strict,06
BBM,BBM:F023376,BBM:F023377,strict,06
BBM,BBM:F023378,BBM:F023381,similar,06
BBM,BBM:F023378,BBM:F023382,similar,06
BBM,BBM:F023378,BBM:F023390,similar,06
BBM,BBM:F023378,BBM:F023393,similar,06
BBM,BBM:F023381,BBM:F023382,similar,06
BBM,BBM:F023381,BBM:F023390,similar,06
BBM,BBM:F023381,BBM:F023393,similar,06
BBM,BBM:F023382,BBM:F023390,similar,06
BBM,BBM:F023382,BBM:F023393,similar,06
BBM,BBM:F023390,BBM:F023393,similar,06
BBM,BBM:F023384,BBM:F023391,similar,06
BBM,BBM:F023384,BBM:F023392,similar,06
BBM,BBM:F023391,BBM:F023392,similar,06
mo,MO:105166,MO:105825,similar,06
BBM,BBM:F023386,BBM:F023387,strict,06
BBM,BBM:F023394,BBM:F023395,strict,06
BBM,BBM:F023396,BBM:F023397,similar,06
BBM,BBM:F023396,BBM:F023399,similar,06
BBM,BBM:F023396,BBM:F023400,similar,06
BBM,BBM:F023396,BBM:F023401,similar,06
BBM,BBM:F023396,BBM:F023402,similar,06
BBM,BBM:F023396,BBM:F023403,similar,06
BBM,BBM:F023396,BBM:F023404,similar,06
BBM,BBM:F023396,BBM:F023405,similar,06
BBM,BBM:F023397,BBM:F023399,similar,06
BBM,BBM:F023397,BBM:F023400,similar,06
BBM,BBM:F023397,BBM:F023401,similar,06
BBM,BBM:F023397,BBM:F023402,similar,06
BBM,BBM:F023397,BBM:F023403,similar,06
BBM,BBM:F023397,BBM:F023404,similar,06
BBM,BBM:F023397,BBM:F023405,similar,06
BBM,BBM:F023399,BBM:F023400,similar,06
BBM,BBM:F023399,BBM:F023401,similar,06
BBM,BBM:F023399,BBM:F023402,similar,06
BBM,BBM:F023399,BBM:F023403,similar,06
BBM,BBM:F023399,BBM:F023404,similar,06
BBM,BBM:F023399,BBM:F023405,similar,06
BBM,BBM:F023400,BBM:F023401,similar,06
BBM,BBM:F023400,BBM:F023402,similar,06
BBM,BBM:F023400,BBM:F023403,similar,06
BBM,BBM:F023400,BBM:F023404,similar,06
BBM,BBM:F023400,BBM:F023405,similar,06
BBM,BBM:F023401,BBM:F023402,similar,06
BBM,BBM:F023401,BBM:F023403,similar,06
BBM,BBM:F023401,BBM:F023404,similar,06
BBM,BBM:F023401,BBM:F023405,similar,06
BBM,BBM:F023402,BBM:F023403,similar,06
BBM,BBM:F023402,BBM:F023404,similar,06
BBM,BBM:F023402,BBM:F023405,similar,06
BBM,BBM:F023403,BBM:F023404,similar,06
BBM,BBM:F023403,BBM:F023405,similar,06
BBM,BBM:F023404,BBM:F023405,similar,06
BBM,BBM:F023698,BBM:F023706,strict,06
BBM,BBM:F023698,BBM:F023707,strict,06
BBM,BBM:F023698,BBM:F023710,strict,06
BBM,BBM:F023698,BBM:F023711,strict,06
BBM,BBM:F023698,BBM:F023713,strict,06
BBM,BBM:F023706,BBM:F023707,strict,06
BBM,BBM:F023706,BBM:F023710,strict,06
BBM,BBM:F023706,BBM:F023711,strict,06
BBM,BBM:F023706,BBM:F023713,strict,06
BBM,BBM:F023707,BBM:F023710,strict,06
BBM,BBM:F023707,BBM:F023711,strict,06
BBM,BBM:F023707,BBM:F023713,strict,06
BBM,BBM:F023710,BBM:F023711,strict,06
BBM,BBM:F023710,BBM:F023713,strict,06
BBM,BBM:F023711,BBM:F023713,strict,06
BBM,BBM:F023728,BBM:F023738,strict,06
BBM,BBM:F023731,BBM:F023736,strict,06
BBM,BBM:F023735,BBM:F023741,similar,06
BBM,BBM:F023744,BBM:F023746,strict,06
BBM,BBM:F023748,BBM:F023749,strict,06
BBM,BBM:F023854,BBM:F023857,strict,06
BBM,BBM:F023854,BBM:F023858,strict,06
BBM,BBM:F023857,BBM:F023858,strict,06
BBM,BBM:F023887,BBM:F023888,strict,06
BBM,BBM:F025898,BBM:F025913,similar,06
BBM,BBM:F025898,BBM:F026213,similar,06
BBM,BBM:F025898,BBM:F026214,similar,06
BBM,BBM:F025913,BBM:F026213,similar,06
BBM,BBM:F025913,BBM:F026214,similar,06
BBM,BBM:F026213,BBM:F026214,similar,06
BBM,BBM:F026166,BBM:F026167,strict,06
BBM,BBM:F026168,BBM:F026242,similar,06
BBM,BBM:F026211,BBM:F026240,similar,06
BBM,BBM:F026211,BBM:F026315,similar,06
BBM,BBM:F026211,BBM:F026316,similar,06
BBM,BBM:F026240,BBM:F026315,similar,06
BBM,BBM:F026240,BBM:F026316,similar,06
BBM,BBM:F026315,BBM:F026316,similar,06
BBM,BBM:F026241,BBM:F026275,similar,06
BBM,BBM:F026276,BBM:F026371,similar,06
BBM,BBM:F026277,BBM:F026320,similar,06
BBM,BBM:F026277,BBM:F026404,similar,06
BBM,BBM:F026320,BBM:F026404,similar,06
mo,MO:153893,MO:155602,similar,06
BBM,BBM:F026278,BBM:F026279,strict,06
BBM,BBM:F026317,BBM:F026369,similar,06
BBM,BBM:F026342,BBM:F026343,similar,06
BBM,BBM:F026373,BBM:F026405,similar,06
BBM,BBM:F026402,BBM:F026403,strict,06
BBM,BBM:F027982,BBM:F027983,strict,06
mo,MO:109213,MO:109674,strict,06
BBM,BBM:F028019,BBM:F028040,similar,06
BBM,BBM:F028019,BBM:F028056,similar,06
BBM,BBM:F028019,BBM:F028057,similar,06
BBM,BBM:F028040,BBM:F028056,similar,06
BBM,BBM:F028040,BBM:F028057,similar,06
BBM,BBM:F028056,BBM:F028057,similar,06
BBM,BBM:F028114,BBM:F028115,strict,06
BBM,BBM:F028114,BBM:F028116,strict,06
BBM,BBM:F028115,BBM:F028116,strict,06
BBM,BBM:F028208,BBM:F028209,strict,06
BBM,BBM:F028305,BBM:F028306,strict,06
BBM,BBM:F028307,BBM:F032313,strict,06
BBM,BBM:F028309,BBM:F028310,strict,06
BBM,BBM:F028435,BBM:F028437,strict,06
BBM,BBM:F028447,BBM:F034511,similar,06
BBM,BBM:F030383,BBM:F030420,similar,06
BBM,BBM:F030496,BBM:F030616,similar,06
BBM,BBM:F030512,BBM:F030603,similar,06
BBM,BBM:F030512,BBM:F030740,similar,06
BBM,BBM:F030512,BBM:F033167,similar,06
BBM,BBM:F030603,BBM:F030740,similar,06
BBM,BBM:F030603,BBM:F033167,similar,06
BBM,BBM:F030740,BBM:F033167,similar,06
BBM,BBM:F030513,BBM:F030750,similar,06
BBM,BBM:F030513,BBM:F030805,similar,06
BBM,BBM:F030513,BBM:F030875,similar,06
BBM,BBM:F030750,BBM:F030805,similar,06
BBM,BBM:F030750,BBM:F030875,similar,06
BBM,BBM:F030805,BBM:F030875,similar,06
BBM,BBM:F030596,BBM:F030749,similar,06
BBM,BBM:F030597,BBM:F030751,similar,06
BBM,BBM:F030597,BBM:F030784,similar,06
BBM,BBM:F030751,BBM:F030784,similar,06
BBM,BBM:F030758,BBM:F030831,similar,06
BBM,BBM:F030808,BBM:F033173,strict,06
BBM,BBM:F031311,BBM:F031312,strict,06
BBM,BBM:F031319,BBM:F031320,strict,06
BBM,BBM:F031324,BBM:F031325,strict,06
BBM,BBM:F031329,BBM:F031330,strict,06
BBM,BBM:F031334,BBM:F031335,strict,06
BBM,BBM:F031342,BBM:F032543,strict,06
BBM,BBM:F031352,BBM:F031353,strict,06
BBM,BBM:F031352,BBM:F032597,strict,06
BBM,BBM:F031353,BBM:F032597,strict,06
BBM,BBM:F031354,BBM:F031355,strict,06
BBM,BBM:F032042,BBM:F032058,similar,06
BBM,BBM:F032201,BBM:F032202,strict,06
BBM,BBM:F032669,BBM:F032670,strict,06
BBM,BBM:F032685,BBM:F032689,strict,06
BBM,BBM:F032685,BBM:F032690,strict,06
BBM,BBM:F032689,BBM:F032690,strict,06
BBM,BBM:F032686,BBM:F032687,strict,06
BBM,BBM:F032778,BBM:F032779,strict,06
BBM,BBM:F032778,BBM:F032780,strict,06
BBM,BBM:F032779,BBM:F032780,strict,06
BBM,BBM:F032791,BBM:F032792,strict,06
BBM,BBM:F032791,BBM:F032793,strict,06
BBM,BBM:F032792,BBM:F032793,strict,06
BBM,BBM:F033164,BBM:F033168,similar,06
BBM,BBM:F033667,BBM:F033933,similar,06
BBM,BBM:F033910,BBM:F034540,similar,06
mo,MO:79216,MO:248905,similar,06
mo,MO:79216,MO:251555,similar,06
mo,MO:79216,MO:329645,similar,06
mo,MO:79216,MO:381313,similar,06
mo,MO:248905,MO:251555,similar,06
mo,MO:248905,MO:329645,similar,06
mo,MO:248905,MO:381313,similar,06
mo,MO:251555,MO:329645,similar,06
mo,MO:251555,MO:381313,similar,06
mo,MO:329645,MO:381313,similar,06
BBM,BBM:F033991,BBM:F033992,similar,06
BBM,BBM:F033991,BBM:F033993,similar,06
BBM,BBM:F033991,BBM:F033994,similar,06
BBM,BBM:F033991,BBM:F033995,similar,06
BBM,BBM:F033991,BBM:F033996,similar,06
BBM,BBM:F033991,BBM:F033997,similar,06
BBM,BBM:F033991,BBM:F033998,similar,06
BBM,BBM:F033992,BBM:F033993,similar,06
BBM,BBM:F033992,BBM:F033994,similar,06
BBM,BBM:F033992,BBM:F033995,similar,06
BBM,BBM:F033992,BBM:F033996,similar,06
BBM,BBM:F033992,BBM:F033997,similar,06
BBM,BBM:F033992,BBM:F033998,similar,06
BBM,BBM:F033993,BBM:F033994,similar,06
BBM,BBM:F033993,BBM:F033995,similar,06
BBM,BBM:F033993,BBM:F033996,similar,06
BBM,BBM:F033993,BBM:F033997,similar,06
BBM,BBM:F033993,BBM:F033998,similar,06
BBM,BBM:F033994,BBM:F033995,similar,06
BBM,BBM:F033994,BBM:F033996,similar,06
BBM,BBM:F033994,BBM:F033997,similar,06
BBM,BBM:F033994,BBM:F033998,similar,06
BBM,BBM:F033995,BBM:F033996,similar,06
BBM,BBM:F033995,BBM:F033997,similar,06
BBM,BBM:F033995,BBM:F033998,similar,06
BBM,BBM:F033996,BBM:F033997,similar,06
BBM,BBM:F033996,BBM:F033998,similar,06
BBM,BBM:F033997,BBM:F033998,similar,06
mo,MO:255751,MO:295454,similar,06
mo,MO:255751,MO:381221,similar,06
mo,MO:255751,MO:381222,similar,06
mo,MO:255751,MO:381224,similar,06
mo,MO:255751,MO:381342,similar,06
mo,MO:255751,MO:410260,similar,06
mo,MO:255751,MO:411589,similar,06
mo,MO:255751,MO:449415,similar,06
mo,MO:295454,MO:381221,similar,06
mo,MO:295454,MO:381222,similar,06
mo,MO:295454,MO:381224,similar,06
mo,MO:295454,MO:381342,similar,06
mo,MO:295454,MO:410260,similar,06
mo,MO:295454,MO:411589,similar,06
mo,MO:295454,MO:449415,similar,06
mo,MO:381221,MO:381222,similar,06
mo,MO:381221,MO:381224,similar,06
mo,MO:381221,MO:381342,similar,06
mo,MO:381221,MO:410260,similar,06
mo,MO:381221,MO:411589,similar,06
mo,MO:381221,MO:449415,similar,06
mo,MO:381222,MO:381224,similar,06
mo,MO:381222,MO:381342,similar,06
mo,MO:381222,MO:410260,similar,06
mo,MO:381222,MO:411589,similar,06
mo,MO:381222,MO:449415,similar,06
mo,MO:381224,MO:381342,similar,06
mo,MO:381224,MO:410260,similar,06
mo,MO:381224,MO:411589,similar,06
mo,MO:381224,MO:449415,similar,06
mo,MO:381342,MO:410260,similar,06
mo,MO:381342,MO:411589,similar,06
mo,MO:381342,MO:449415,similar,06
mo,MO:410260,MO:411589,similar,06
mo,MO:410260,MO:449415,similar,06
mo,MO:411589,MO:449415,similar,06
mo,MO:271240,MO:296336,similar,06
mo,MO:271240,MO:344588,similar,06
mo,MO:271240,MO:392952,similar,06
mo,MO:296336,MO:344588,similar,06
mo,MO:296336,MO:392952,similar,06
mo,MO:344588,MO:392952,similar,06
BBM,BBM:F034363,BBM:F034374,similar,06
BBM,BBM:F034363,BBM:F034522,similar,06
BBM,BBM:F034374,BBM:F034522,similar,06
mo,MO:253151,MO:253248,similar,06
mo,MO:253151,MO:255263,similar,06
mo,MO:253151,MO:378235,similar,06
mo,MO:253151,MO:379094,similar,06
mo,MO:253248,MO:255263,similar,06
mo,MO:253248,MO:378235,similar,06
mo,MO:253248,MO:379094,similar,06
mo,MO:255263,MO:378235,similar,06
mo,MO:255263,MO:379094,similar,06
mo,MO:378235,MO:379094,similar,06
mo,MO:376538,MO:378241,similar,06
mo,MO:376538,MO:379102,similar,06
mo,MO:378241,MO:379102,similar,06
BBM,BBM:F034516,BBM:F034572,similar,06
BBM,BBM:F034516,BBM:F034965,similar,06
BBM,BBM:F034572,BBM:F034965,similar,06
mo,MO:259717,MO:381234,similar,06
mo,MO:82293,MO:248242,similar,06
mo,MO:82293,MO:253155,similar,06
mo,MO:82293,MO:327402,similar,06
mo,MO:82293,MO:379244,similar,06
mo,MO:248242,MO:253155,similar,06
mo,MO:248242,MO:327402,similar,06
mo,MO:248242,MO:379244,similar,06
mo,MO:253155,MO:327402,similar,06
mo,MO:253155,MO:379244,similar,06
mo,MO:327402,MO:379244,similar,06
mo,MO:248593,MO:248902,similar,06
mo,MO:248593,MO:253259,similar,06
mo,MO:248593,MO:375868,similar,06
mo,MO:248593,MO:414092,similar,06
mo,MO:248593,MO:414093,similar,06
mo,MO:248902,MO:253259,similar,06
mo,MO:248902,MO:375868,similar,06
mo,MO:248902,MO:414092,similar,06
mo,MO:248902,MO:414093,similar,06
mo,MO:253259,MO:375868,similar,06
mo,MO:253259,MO:414092,similar,06
mo,MO:253259,MO:414093,similar,06
mo,MO:375868,MO:414092,similar,06
mo,MO:375868,MO:414093,similar,06
mo,MO:414092,MO:414093,similar,06
BBM,BBM:F034554,BBM:F034581,similar,06
BBM,BBM:F034554,BBM:F035191,similar,06
BBM,BBM:F034554,BBM:F035192,similar,06
BBM,BBM:F034554,BBM:F035197,similar,06
BBM,BBM:F034554,BBM:F035199,similar,06
BBM,BBM:F034581,BBM:F035191,similar,06
BBM,BBM:F034581,BBM:F035192,similar,06
BBM,BBM:F034581,BBM:F035197,similar,06
BBM,BBM:F034581,BBM:F035199,similar,06
BBM,BBM:F035191,BBM:F035192,similar,06
BBM,BBM:F035191,BBM:F035197,similar,06
BBM,BBM:F035191,BBM:F035199,similar,06
BBM,BBM:F035192,BBM:F035197,similar,06
BBM,BBM:F035192,BBM:F035199,similar,06
BBM,BBM:F035197,BBM:F035199,similar,06
mo,MO:395865,MO:400318,similar,06
mo,MO:395865,MO:440720,similar,06
mo,MO:395865,MO:440775,similar,06
mo,MO:395865,MO:441708,similar,06
mo,MO:395865,MO:467623,similar,06
mo,MO:395865,MO:467632,similar,06
mo,MO:400318,MO:440720,similar,06
mo,MO:400318,MO:440775,similar,06
mo,MO:400318,MO:441708,similar,06
mo,MO:400318,MO:467623,similar,06
mo,MO:400318,MO:467632,similar,06
mo,MO:440720,MO:440775,similar,06
mo,MO:440720,MO:441708,similar,06
mo,MO:440720,MO:467623,similar,06
mo,MO:440720,MO:467632,similar,06
mo,MO:440775,MO:441708,similar,06
mo,MO:440775,MO:467623,similar,06
mo,MO:440775,MO:467632,similar,06
mo,MO:441708,MO:467623,similar,06
mo,MO:441708,MO:467632,similar,06
mo,MO:467623,MO:467632,similar,06
BBM,BBM:F035764,BBM:F035770,similar,06
BBM,BBM:F035764,BBM:F035794,similar,06
BBM,BBM:F035764,BBM:F035802,similar,06
BBM,BBM:F035770,BBM:F035794,similar,06
BBM,BBM:F035770,BBM:F035802,similar,06
BBM,BBM:F035794,BBM:F035802,similar,06
mo,MO:216228,MO:340007,similar,06
mo,MO:216228,MO:340010,similar,06
mo,MO:340007,MO:340010,similar,06
mo,MO:66116,MO:132511,similar,06
mo,MO:68803,MO:69554,similar,06
mo,MO:76315,MO:157226,similar,06
mo,MO:90543,MO:92208,similar,06
mo,MO:96668,MO:105350,similar,06
mo,MO:104739,MO:105883,similar,06
mo,MO:104739,MO:105884,similar,06
mo,MO:104739,MO:105885,similar,06
mo,MO:104739,MO:105886,similar,06
mo,MO:104739,MO:105887,similar,06
mo,MO:104739,MO:105889,similar,06
mo,MO:104739,MO:105891,similar,06
mo,MO:104739,MO:105892,similar,06
mo,MO:104739,MO:106015,similar,06
mo,MO:105883,MO:105884,similar,06
mo,MO:105883,MO:105885,similar,06
mo,MO:105883,MO:105886,similar,06
mo,MO:105883,MO:105887,similar,06
mo,MO:105883,MO:105889,similar,06
mo,MO:105883,MO:105891,similar,06
mo,MO:105883,MO:105892,similar,06
mo,MO:105883,MO:106015,similar,06
mo,MO:105884,MO:105885,similar,06
mo,MO:105884,MO:105886,similar,06
mo,MO:105884,MO:105887,similar,06
mo,MO:105884,MO:105889,similar,06
mo,MO:105884,MO:105891,similar,06
mo,MO:105884,MO:105892,similar,06
mo,MO:105884,MO:106015,similar,06
mo,MO:105885,MO:105886,similar,06
mo,MO:105885,MO:105887,similar,06
mo,MO:105885,MO:105889,similar,06
mo,MO:105885,MO:105891,similar,06
mo,MO:105885,MO:105892,similar,06
mo,MO:105885,MO:106015,similar,06
mo,MO:105886,MO:105887,similar,06
mo,MO:105886,MO:105889,similar,06
mo,MO:105886,MO:105891,similar,06
mo,MO:105886,MO:105892,similar,06
mo,MO:105886,MO:106015,similar,06
mo,MO:105887,MO:105889,similar,06
mo,MO:105887,MO:105891,similar,06
mo,MO:105887,MO:105892,similar,06
mo,MO:105887,MO:106015,similar,06
mo,MO:105889,MO:105891,similar,06
mo,MO:105889,MO:105892,similar,06
mo,MO:105889,MO:106015,similar,06
mo,MO:105891,MO:105892,similar,06
mo,MO:105891,MO:106015,similar,06
mo,MO:105892,MO:106015,similar,06
mo,MO:105305,MO:105309,strict,06
mo,MO:106300,MO:112098,similar,06
mo,MO:163924,MO:164534,similar,06
mo,MO:163924,MO:164535,similar,06
mo,MO:163924,MO:164536,similar,06
mo,MO:163924,MO:164538,similar,06
mo,MO:163924,MO:169297,similar,06
mo,MO:164534,MO:164535,similar,06
mo,MO:164534,MO:164536,similar,06
mo,MO:164534,MO:164538,similar,06
mo,MO:164534,MO:169297,similar,06
mo,MO:164535,MO:164536,similar,06
mo,MO:164535,MO:164538,similar,06
mo,MO:164535,MO:169297,similar,06
mo,MO:164536,MO:164538,similar,06
mo,MO:164536,MO:169297,similar,06
mo,MO:164538,MO:169297,similar,06
mo,MO:164262,MO:166096,similar,06
mo,MO:164262,MO:166099,similar,06
mo,MO:166096,MO:166099,similar,06
mo,MO:164422,MO:176068,similar,06
mo,MO:165575,MO:165754,strict,06
mo,MO:166095,MO:169292,similar,06
mo,MO:166095,MO:169293,similar,06
mo,MO:166095,MO:169294,similar,06
mo,MO:166095,MO:169295,similar,06
mo,MO:166095,MO:285141,similar,06
mo,MO:169292,MO:169293,similar,06
mo,MO:169292,MO:169294,similar,06
mo,MO:169292,MO:169295,similar,06
mo,MO:169292,MO:285141,similar,06
mo,MO:169293,MO:169294,similar,06
mo,MO:169293,MO:169295,similar,06
mo,MO:169293,MO:285141,similar,06
mo,MO:169294,MO:169295,similar,06
mo,MO:169294,MO:285141,similar,06
mo,MO:169295,MO:285141,similar,06
mo,MO:166513,MO:525292,strict,06
mo,MO:173915,MO:173918,strict,06
mo,MO:173915,MO:173922,strict,06
mo,MO:173918,MO:173922,strict,06
mo,MO:188788,MO:193063,similar,06
mo,MO:192321,MO:192322,similar,06
mo,MO:203237,MO:203244,strict,06
mo,MO:207016,MO:223713,similar,06
mo,MO:207016,MO:235692,similar,06
mo,MO:207016,MO:235693,similar,06
mo,MO:207016,MO:285459,similar,06
mo,MO:223713,MO:235692,similar,06
mo,MO:223713,MO:235693,similar,06
mo,MO:223713,MO:285459,similar,06
mo,MO:235692,MO:235693,similar,06
mo,MO:235692,MO:285459,similar,06
mo,MO:235693,MO:285459,similar,06
mo,MO:218988,MO:224982,similar,06
mo,MO:218988,MO:225704,similar,06
mo,MO:224982,MO:225704,similar,06
mo,MO:224977,MO:285458,similar,06
mo,MO:235694,MO:237156,similar,06
mo,MO:235694,MO:237157,similar,06
mo,MO:235694,MO:238157,similar,06
mo,MO:235694,MO:238158,similar,06
mo,MO:235694,MO:238160,similar,06
mo,MO:235694,MO:259846,similar,06
mo,MO:235694,MO:262678,similar,06
mo,MO:237156,MO:237157,similar,06
mo,MO:237156,MO:238157,similar,06
mo,MO:237156,MO:238158,similar,06
mo,MO:237156,MO:238160,similar,06
mo,MO:237156,MO:259846,similar,06
mo,MO:237156,MO:262678,similar,06
mo,MO:237157,MO:238157,similar,06
mo,MO:237157,MO:238158,similar,06
mo,MO:237157,MO:238160,similar,06
mo,MO:237157,MO:259846,similar,06
mo,MO:237157,MO:262678,similar,06
mo,MO:238157,MO:238158,similar,06
mo,MO:238157,MO:238160,similar,06
mo,MO:238157,MO:259846,similar,06
mo,MO:238157,MO:262678,similar,06
mo,MO:238158,MO:238160,similar,06
mo,MO:238158,MO:259846,similar,06
mo,MO:238158,MO:262678,similar,06
mo,MO:238160,MO:259846,similar,06
mo,MO:238160,MO:262678,similar,06
mo,MO:259846,MO:262678,similar,06
mo,MO:248889,MO:250365,similar,06
mo,MO:248889,MO:250366,similar,06
mo,MO:250365,MO:250366,similar,06
mo,MO:276558,MO:276572,strict,06
mo,MO:292921,MO:303556,similar,06
mo,MO:340014,MO:344562,similar,06
mo,MO:340014,MO:344594,similar,06
mo,MO:340014,MO:345112,similar,06
mo,MO:340014,MO:345579,similar,06
mo,MO:340014,MO:345587,similar,06
mo,MO:340014,MO:346555,similar,06
mo,MO:340014,MO:346560,similar,06
mo,MO:340014,MO:347094,similar,06
mo,MO:340014,MO:347155,similar,06
mo,MO:340014,MO:347341,similar,06
mo,MO:340014,MO:347604,similar,06
mo,MO:344562,MO:344594,similar,06
mo,MO:344562,MO:345112,similar,06
mo,MO:344562,MO:345579,similar,06
mo,MO:344562,MO:345587,similar,06
mo,MO:344562,MO:346555,similar,06
mo,MO:344562,MO:346560,similar,06
mo,MO:344562,MO:347094,similar,06
mo,MO:344562,MO:347155,similar,06
mo,MO:344562,MO:347341,similar,06
mo,MO:344562,MO:347604,similar,06
mo,MO:344594,MO:345112,similar,06
mo,MO:344594,MO:345579,similar,06
mo,MO:344594,MO:345587,similar,06
mo,MO:344594,MO:346555,similar,06
mo,MO:344594,MO:346560,similar,06
mo,MO:344594,MO:347094,similar,06
mo,MO:344594,MO:347155,similar,06
mo,MO:344594,MO:347341,similar,06
mo,MO:344594,MO:347604,similar,06
mo,MO:345112,MO:345579,similar,06
mo,MO:345112,MO:345587,similar,06
mo,MO:345112,MO:346555,similar,06
mo,MO:345112,MO:346560,similar,06
mo,MO:345112,MO:347094,similar,06
mo,MO:345112,MO:347155,similar,06
mo,MO:345112,MO:347341,similar,06
mo,MO:345112,MO:347604,similar,06
mo,MO:345579,MO:345587,similar,06
mo,MO:345579,MO:346555,similar,06
mo,MO:345579,MO:346560,similar,06
mo,MO:345579,MO:347094,similar,06
mo,MO:345579,MO:347155,similar,06
mo,MO:345579,MO:347341,similar,06
mo,MO:345579,MO:347604,similar,06
mo,MO:345587,MO:346555,similar,06
mo,MO:345587,MO:346560,similar,06
mo,MO:345587,MO:347094,similar,06
mo,MO:345587,MO:347155,similar,06
mo,MO:345587,MO:347341,similar,06
mo,MO:345587,MO:347604,similar,06
mo,MO:346555,MO:346560,similar,06
mo,MO:346555,MO:347094,similar,06
mo,MO:346555,MO:347155,similar,06
mo,MO:346555,MO:347341,similar,06
mo,MO:346555,MO:347604,similar,06
mo,MO:346560,MO:347094,similar,06
mo,MO:346560,MO:347155,similar,06
mo,MO:346560,MO:347341,similar,06
mo,MO:346560,MO:347604,similar,06
mo,MO:347094,MO:347155,similar,06
mo,MO:347094,MO:347341,similar,06
mo,MO:347094,MO:347604,similar,06
mo,MO:347155,MO:347341,similar,06
mo,MO:347155,MO:347604,similar,06
mo,MO:347341,MO:347604,similar,06
mo,MO:345549,MO:351200,similar,06
mo,MO:373180,MO:378459,similar,06
mo,MO:373180,MO:388071,similar,06
mo,MO:373180,MO:397530,similar,06
mo,MO:373180,MO:397532,similar,06
mo,MO:373180,MO:400316,similar,06
mo,MO:373180,MO:405888,similar,06
mo,MO:373180,MO:409374,similar,06
mo,MO:378459,MO:388071,similar,06
mo,MO:378459,MO:397530,similar,06
mo,MO:378459,MO:397532,similar,06
mo,MO:378459,MO:400316,similar,06
mo,MO:378459,MO:405888,similar,06
mo,MO:378459,MO:409374,similar,06
mo,MO:388071,MO:397530,similar,06
mo,MO:388071,MO:397532,similar,06
mo,MO:388071,MO:400316,similar,06
mo,MO:388071,MO:405888,similar,06
mo,MO:388071,MO:409374,similar,06
mo,MO:397530,MO:397532,similar,06
mo,MO:397530,MO:400316,similar,06
mo,MO:397530,MO:405888,similar,06
mo,MO:397530,MO:409374,similar,06
mo,MO:397532,MO:400316,similar,06
mo,MO:397532,MO:405888,similar,06
mo,MO:397532,MO:409374,similar,06
mo,MO:400316,MO:405888,similar,06
mo,MO:400316,MO:409374,similar,06
mo,MO:405888,MO:409374,similar,06
mo,MO:379098,MO:381269,similar,06
mo,MO:381235,MO:385224,similar,06
mo,MO:381277,MO:414481,similar,06
mo,MO:381311,MO:381312,strict,06
mo,MO:395873,MO:395880,similar,06
mo,MO:404267,MO:441734,similar,06
mo,MO:404267,MO:441985,similar,06
mo,MO:404267,MO:442108,similar,06
mo,MO:404267,MO:442111,similar,06
mo,MO:404267,MO:443317,similar,06
mo,MO:404267,MO:466421,similar,06
mo,MO:404267,MO:466434,similar,06
mo,MO:404267,MO:466435,similar,06
mo,MO:404267,MO:466469,similar,06
mo,MO:404267,MO:466478,similar,06
mo,MO:404267,MO:466483,similar,06
mo,MO:404267,MO:466484,similar,06
mo,MO:404267,MO:467216,similar,06
mo,MO:404267,MO:467217,similar,06
mo,MO:404267,MO:467445,similar,06
mo,MO:404267,MO:467689,similar,06
mo,MO:404267,MO:467690,similar,06
mo,MO:404267,MO:467866,similar,06
mo,MO:404267,MO:468461,similar,06
mo,MO:404267,MO:468532,similar,06
mo,MO:441734,MO:441985,similar,06
mo,MO:441734,MO:442108,similar,06
mo,MO:441734,MO:442111,similar,06
mo,MO:441734,MO:443317,similar,06
mo,MO:441734,MO:466421,similar,06
mo,MO:441734,MO:466434,similar,06
mo,MO:441734,MO:466435,similar,06
mo,MO:441734,MO:466469,similar,06
mo,MO:441734,MO:466478,similar,06
mo,MO:441734,MO:466483,similar,06
mo,MO:441734,MO:466484,similar,06
mo,MO:441734,MO:467216,similar,06
mo,MO:441734,MO:467217,similar,06
mo,MO:441734,MO:467445,similar,06
mo,MO:441734,MO:467689,similar,06
mo,MO:441734,MO:467690,similar,06
mo,MO:441734,MO:467866,similar,06
mo,MO:441734,MO:468461,similar,06
mo,MO:441734,MO:468532,similar,06
mo,MO:441985,MO:442108,similar,06
mo,MO:441985,MO:442111,similar,06
mo,MO:441985,MO:443317,similar,06
mo,MO:441985,MO:466421,similar,06
mo,MO:441985,MO:466434,similar,06
mo,MO:441985,MO:466435,similar,06
mo,MO:441985,MO:466469,similar,06
mo,MO:441985,MO:466478,similar,06
mo,MO:441985,MO:466483,similar,06
mo,MO:441985,MO:466484,similar,06
mo,MO:441985,MO:467216,similar,06
mo,MO:441985,MO:467217,similar,06
mo,MO:441985,MO:467445,similar,06
mo,MO:441985,MO:467689,similar,06
mo,MO:441985,MO:467690,similar,06
mo,MO:441985,MO:467866,similar,06
mo,MO:441985,MO:468461,similar,06
mo,MO:441985,MO:468532,similar,06
mo,MO:442108,MO:442111,similar,06
mo,MO:442108,MO:443317,similar,06
mo,MO:442108,MO:466421,similar,06
mo,MO:442108,MO:466434,similar,06
mo,MO:442108,MO:466435,similar,06
mo,MO:442108,MO:466469,similar,06
mo,MO:442108,MO:466478,similar,06
mo,MO:442108,MO:466483,similar,06
mo,MO:442108,MO:466484,similar,06
mo,MO:442108,MO:467216,similar,06
mo,MO:442108,MO:467217,similar,06
mo,MO:442108,MO:467445,similar,06
mo,MO:442108,MO:467689,similar,06
mo,MO:442108,MO:467690,similar,06
mo,MO:442108,MO:467866,similar,06
mo,MO:442108,MO:468461,similar,06
mo,MO:442108,MO:468532,similar,06
mo,MO:442111,MO:443317,similar,06
mo,MO:442111,MO:466421,similar,06
mo,MO:442111,MO:466434,similar,06
mo,MO:442111,MO:466435,similar,06
mo,MO:442111,MO:466469,similar,06
mo,MO:442111,MO:466478,similar,06
mo,MO:442111,MO:466483,similar,06
mo,MO:442111,MO:466484,similar,06
mo,MO:442111,MO:467216,similar,06
mo,MO:442111,MO:467217,similar,06
mo,MO:442111,MO:467445,similar,06
mo,MO:442111,MO:467689,similar,06
mo,MO:442111,MO:467690,similar,06
mo,MO:442111,MO:467866,similar,06
mo,MO:442111,MO:468461,similar,06
mo,MO:442111,MO:468532,similar,06
mo,MO:443317,MO:466421,similar,06
mo,MO:443317,MO:466434,similar,06
mo,MO:443317,MO:466435,similar,06
mo,MO:443317,MO:466469,similar,06
mo,MO:443317,MO:466478,similar,06
mo,MO:443317,MO:466483,similar,06
mo,MO:443317,MO:466484,similar,06
mo,MO:443317,MO:467216,similar,06
mo,MO:443317,MO:467217,similar,06
mo,MO:443317,MO:467445,similar,06
mo,MO:443317,MO:467689,similar,06
mo,MO:443317,MO:467690,similar,06
mo,MO:443317,MO:467866,similar,06
mo,MO:443317,MO:468461,similar,06
mo,MO:443317,MO:468532,similar,06
mo,MO:466421,MO:466434,similar,06
mo,MO:466421,MO:466435,similar,06
mo,MO:466421,MO:466469,similar,06
mo,MO:466421,MO:466478,similar,06
mo,MO:466421,MO:466483,similar,06
mo,MO:466421,MO:466484,similar,06
mo,MO:466421,MO:467216,similar,06
mo,MO:466421,MO:467217,similar,06
mo,MO:466421,MO:467445,similar,06
mo,MO:466421,MO:467689,similar,06
mo,MO:466421,MO:467690,similar,06
mo,MO:466421,MO:467866,similar,06
mo,MO:466421,MO:468461,similar,06
mo,MO:466421,MO:468532,similar,06
mo,MO:466434,MO:466435,similar,06
mo,MO:466434,MO:466469,similar,06
mo,MO:466434,MO:466478,similar,06
mo,MO:466434,MO:466483,similar,06
mo,MO:466434,MO:466484,similar,06
mo,MO:466434,MO:467216,similar,06
mo,MO:466434,MO:467217,similar,06
mo,MO:466434,MO:467445,similar,06
mo,MO:466434,MO:467689,similar,06
mo,MO:466434,MO:467690,similar,06
mo,MO:466434,MO:467866,similar,06
mo,MO:466434,MO:468461,similar,06
mo,MO:466434,MO:468532,similar,06
mo,MO:466435,MO:466469,similar,06
mo,MO:466435,MO:466478,similar,06
mo,MO:466435,MO:466483,similar,06
mo,MO:466435,MO:466484,similar,06
mo,MO:466435,MO:467216,similar,06
mo,MO:466435,MO:467217,similar,06
mo,MO:466435,MO:467445,similar,06
mo,MO:466435,MO:467689,similar,06
mo,MO:466435,MO:467690,similar,06
mo,MO:466435,MO:467866,similar,06
mo,MO:466435,MO:468461,similar,06
mo,MO:466435,MO:468532,similar,06
mo,MO:466469,MO:466478,similar,06
mo,MO:466469,MO:466483,similar,06
mo,MO:466469,MO:466484,similar,06
mo,MO:466469,MO:467216,similar,06
mo,MO:466469,MO:467217,similar,06
mo,MO:466469,MO:467445,similar,06
mo,MO:466469,MO:467689,similar,06
mo,MO:466469,MO:467690,similar,06
mo,MO:466469,MO:467866,similar,06
mo,MO:466469,MO:468461,similar,06
mo,MO:466469,MO:468532,similar,06
mo,MO:466478,MO:466483,similar,06
mo,MO:466478,MO:466484,similar,06
mo,MO:466478,MO:467216,similar,06
mo,MO:466478,MO:467217,similar,06
mo,MO:466478,MO:467445,similar,06
mo,MO:466478,MO:467689,similar,06
mo,MO:466478,MO:467690,similar,06
mo,MO:466478,MO:467866,similar,06
mo,MO:466478,MO:468461,similar,06
mo,MO:466478,MO:468532,similar,06
mo,MO:466483,MO:466484,similar,06
mo,MO:466483,MO:467216,similar,06
mo,MO:466483,MO:467217,similar,06
mo,MO:466483,MO:467445,similar,06
mo,MO:466483,MO:467689,similar,06
mo,MO:466483,MO:467690,similar,06
mo,MO:466483,MO:467866,similar,06
mo,MO:466483,MO:468461,similar,06
mo,MO:466483,MO:468532,similar,06
mo,MO:466484,MO:467216,similar,06
mo,MO:466484,MO:467217,similar,06
mo,MO:466484,MO:467445,similar,06
mo,MO:466484,MO:467689,similar,06
mo,MO:466484,MO:467690,similar,06
mo,MO:466484,MO:467866,similar,06
mo,MO:466484,MO:468461,similar,06
mo,MO:466484,MO:468532,similar,06
mo,MO:467216,MO:467217,similar,06
mo,MO:467216,MO:467445,similar,06
mo,MO:467216,MO:467689,similar,06
mo,MO:467216,MO:467690,similar,06
mo,MO:467216,MO:467866,similar,06
mo,MO:467216,MO:468461,similar,06
mo,MO:467216,MO:468532,similar,06
mo,MO:467217,MO:467445,similar,06
mo,MO:467217,MO:467689,similar,06
mo,MO:467217,MO:467690,similar,06
mo,MO:467217,MO:467866,similar,06
mo,MO:467217,MO:468461,similar,06
mo,MO:467217,MO:468532,similar,06
mo,MO:467445,MO:467689,similar,06
mo,MO:467445,MO:467690,similar,06
mo,MO:467445,MO:467866,similar,06
mo,MO:467445,MO:468461,similar,06
mo,MO:467445,MO:468532,similar,06
mo,MO:467689,MO:467690,similar,06
mo,MO:467689,MO:467866,similar,06
mo,MO:467689,MO:468461,similar,06
mo,MO:467689,MO:468532,similar,06
mo,MO:467690,MO:467866,similar,06
mo,MO:467690,MO:468461,similar,06
mo,MO:467690,MO:468532,similar,06
mo,MO:467866,MO:468461,similar,06
mo,MO:467866,MO:468532,similar,06
mo,MO:468461,MO:468532,similar,06
mo,MO:438538,MO:441694,similar,06
mo,MO:438593,MO:441714,similar,06
mo,MO:438593,MO:467444,similar,06
mo,MO:441714,MO:467444,similar,06
mo,MO:439471,MO:439668,strict,06
mo,MO:439471,MO:451956,strict,06
mo,MO:439668,MO:451956,strict,06
mo,MO:441843,MO:467446,similar,06
mo,MO:442497,MO:468463,similar,06
mo,MO:451707,MO:451708,strict,06
mo,MO:451707,MO:451710,strict,06
mo,MO:451707,MO:451713,strict,06
mo,MO:451707,MO:451715,strict,06
mo,MO:451708,MO:451710,strict,06
mo,MO:451708,MO:451713,strict,06
mo,MO:451708,MO:451715,strict,06
mo,MO:451710,MO:451713,strict,06
mo,MO:451710,MO:451715,strict,06
mo,MO:451713,MO:451715,strict,06
mo,MO:455283,MO:478057,similar,06
BBM,BBM:F008540,BBM:F021739,similar,06
BBM,BBM:F008540,BBM:F021798,similar,06
BBM,BBM:F008540,BBM:F021808,similar,06
BBM,BBM:F021739,BBM:F021798,similar,06
BBM,BBM:F021739,BBM:F021808,similar,06
BBM,BBM:F021798,BBM:F021808,similar,06
BBM,BBM:F008551,BBM:F008552,similar,06
BBM,BBM:F008558,BBM:F008559,similar,06
BBM,BBM:F008558,BBM:F008561,similar,06
BBM,BBM:F008558,BBM:F008563,similar,06
BBM,BBM:F008558,BBM:F008564,similar,06
BBM,BBM:F008558,BBM:F008565,similar,06
BBM,BBM:F008558,BBM:F008567,similar,06
BBM,BBM:F008558,BBM:F008568,similar,06
BBM,BBM:F008558,BBM:F008569,similar,06
BBM,BBM:F008559,BBM:F008561,similar,06
BBM,BBM:F008559,BBM:F008563,similar,06
BBM,BBM:F008559,BBM:F008564,similar,06
BBM,BBM:F008559,BBM:F008565,similar,06
BBM,BBM:F008559,BBM:F008567,similar,06
BBM,BBM:F008559,BBM:F008568,similar,06
BBM,BBM:F008559,BBM:F008569,similar,06
BBM,BBM:F008561,BBM:F008563,similar,06
BBM,BBM:F008561,BBM:F008564,similar,06
BBM,BBM:F008561,BBM:F008565,similar,06
BBM,BBM:F008561,BBM:F008567,similar,06
BBM,BBM:F008561,BBM:F008568,similar,06
BBM,BBM:F008561,BBM:F008569,similar,06
BBM,BBM:F008563,BBM:F008564,similar,06
BBM,BBM:F008563,BBM:F008565,similar,06
BBM,BBM:F008563,BBM:F008567,similar,06
BBM,BBM:F008563,BBM:F008568,similar,06
BBM,BBM:F008563,BBM:F008569,similar,06
BBM,BBM:F008564,BBM:F008565,similar,06
BBM,BBM:F008564,BBM:F008567,similar,06
BBM,BBM:F008564,BBM:F008568,similar,06
BBM,BBM:F008564,BBM:F008569,similar,06
BBM,BBM:F008565,BBM:F008567,similar,06
BBM,BBM:F008565,BBM:F008568,similar,06
BBM,BBM:F008565,BBM:F008569,similar,06
BBM,BBM:F008567,BBM:F008568,similar,06
BBM,BBM:F008567,BBM:F008569,similar,06
BBM,BBM:F008568,BBM:F008569,similar,06
BBM,BBM:F008562,BBM:F008566,similar,06
BBM,BBM:F013504,BBM:F021670,similar,06
BBM,BBM:F013923,BBM:F013924,similar,06
BBM,BBM:F013926,BBM:F014725,strict,06
BBM,BBM:F014433,BBM:F015496,similar,06
BBM,BBM:F014581,BBM:F034497,similar,06
BBM,BBM:F014587,BBM:F035569,similar,06
BBM,BBM:F014599,BBM:F034377,similar,06
BBM,BBM:F014639,BBM:F023175,similar,06
BBM,BBM:F014639,BBM:F023183,similar,06
BBM,BBM:F014639,BBM:F034571,similar,06
BBM,BBM:F014639,BBM:F034933,similar,06
BBM,BBM:F023175,BBM:F023183,similar,06
BBM,BBM:F023175,BBM:F034571,similar,06
BBM,BBM:F023175,BBM:F034933,similar,06
BBM,BBM:F023183,BBM:F034571,similar,06
BBM,BBM:F023183,BBM:F034933,similar,06
BBM,BBM:F034571,BBM:F034933,similar,06
BBM,BBM:F014742,BBM:F034730,similar,06
BBM,BBM:F014747,BBM:F034169,similar,06
BBM,BBM:F014747,BBM:F034526,similar,06
BBM,BBM:F034169,BBM:F034526,similar,06
BBM,BBM:F014982,BBM:F017345,similar,06
BBM,BBM:F015619,BBM:F015620,strict,06
BBM,BBM:F015630,BBM:F015646,similar,06
BBM,BBM:F015630,BBM:F015658,similar,06
BBM,BBM:F015630,BBM:F015725,similar,06
BBM,BBM:F015646,BBM:F015658,similar,06
BBM,BBM:F015646,BBM:F015725,similar,06
BBM,BBM:F015658,BBM:F015725,similar,06
BBM,BBM:F015675,BBM:F015713,similar,06
BBM,BBM:F015675,BBM:F015760,similar,06
BBM,BBM:F015713,BBM:F015760,similar,06
BBM,BBM:F015737,BBM:F015759,strict,06
BBM,BBM:F015747,BBM:F015761,similar,06
BBM,BBM:F015763,BBM:F015782,similar,06
BBM,BBM:F015763,BBM:F015797,similar,06
BBM,BBM:F015782,BBM:F015797,similar,06
BBM,BBM:F015790,BBM:F015793,similar,06
BBM,BBM:F015790,BBM:F015798,similar,06
BBM,BBM:F015793,BBM:F015798,similar,06
BBM,BBM:F016858,BBM:F030667,strict,06
BBM,BBM:F016874,BBM:F030896,similar,06
BBM,BBM:F016875,BBM:F030897,similar,06
BBM,BBM:F016876,BBM:F030796,strict,06
BBM,BBM:F017097,BBM:F021643,similar,06
BBM,BBM:F017097,BBM:F021806,similar,06
BBM,BBM:F021643,BBM:F021806,similar,06
BBM,BBM:F017421,BBM:F017460,similar,06
BBM,BBM:F018344,BBM:F018345,similar,06
BBM,BBM:F018799,BBM:F018813,strict,06
BBM,BBM:F020360,BBM:F024665,similar,06
BBM,BBM:F020677,BBM:F021214,similar,06
BBM,BBM:F021333,BBM:F021799,similar,06
BBM,BBM:F021415,BBM:F021727,similar,06
BBM,BBM:F021527,BBM:F021805,similar,06
BBM,BBM:F021625,BBM:F021762,similar,06
BBM,BBM:F022130,BBM:F022140,similar,06
BBM,BBM:F022152,BBM:F027564,similar,06
BBM,BBM:F022377,BBM:F022419,similar,06
BBM,BBM:F022378,BBM:F022435,similar,06
BBM,BBM:F022379,BBM:F022432,similar,06
BBM,BBM:F022502,BBM:F027653,similar,06
BBM,BBM:F022502,BBM:F034276,similar,06
BBM,BBM:F022502,BBM:F034731,similar,06
BBM,BBM:F022502,BBM:F034739,similar,06
BBM,BBM:F022502,BBM:F035212,similar,06
BBM,BBM:F022502,BBM:F035565,similar,06
BBM,BBM:F022502,BBM:F035784,similar,06
BBM,BBM:F022502,BBM:F035800,similar,06
BBM,BBM:F027653,BBM:F034276,similar,06
BBM,BBM:F027653,BBM:F034731,similar,06
BBM,BBM:F027653,BBM:F034739,similar,06
BBM,BBM:F027653,BBM:F035212,similar,06
BBM,BBM:F027653,BBM:F035565,similar,06
BBM,BBM:F027653,BBM:F035784,similar,06
BBM,BBM:F027653,BBM:F035800,similar,06
BBM,BBM:F034276,BBM:F034731,similar,06
BBM,BBM:F034276,BBM:F034739,similar,06
BBM,BBM:F034276,BBM:F035212,similar,06
BBM,BBM:F034276,BBM:F035565,similar,06
BBM,BBM:F034276,BBM:F035784,similar,06
BBM,BBM:F034276,BBM:F035800,similar,06
BBM,BBM:F034731,BBM:F034739,similar,06
BBM,BBM:F034731,BBM:F035212,similar,06
BBM,BBM:F034731,BBM:F035565,similar,06
BBM,BBM:F034731,BBM:F035784,similar,06
BBM,BBM:F034731,BBM:F035800,similar,06
BBM,BBM:F034739,BBM:F035212,similar,06
BBM,BBM:F034739,BBM:F035565,similar,06
BBM,BBM:F034739,BBM:F035784,similar,06
BBM,BBM:F034739,BBM:F035800,similar,06
BBM,BBM:F035212,BBM:F035565,similar,06
BBM,BBM:F035212,BBM:F035784,similar,06
BBM,BBM:F035212,BBM:F035800,similar,06
BBM,BBM:F035565,BBM:F035784,similar,06
BBM,BBM:F035565,BBM:F035800,similar,06
BBM,BBM:F035784,BBM:F035800,similar,06
BBM,BBM:F022854,BBM:F025334,similar,06
BBM,BBM:F022856,BBM:F022916,strict,06
BBM,BBM:F022856,BBM:F022917,strict,06
BBM,BBM:F022916,BBM:F022917,strict,06
BBM,BBM:F023132,BBM:F023163,strict,06
BBM,BBM:F023181,BBM:F028340,similar,06
BBM,BBM:F024251,BBM:F034733,similar,06
BBM,BBM:F024251,BBM:F035046,similar,06
BBM,BBM:F024251,BBM:F035088,similar,06
BBM,BBM:F024251,BBM:F035273,similar,06
BBM,BBM:F024251,BBM:F035354,similar,06
BBM,BBM:F034733,BBM:F035046,similar,06
BBM,BBM:F034733,BBM:F035088,similar,06
BBM,BBM:F034733,BBM:F035273,similar,06
BBM,BBM:F034733,BBM:F035354,similar,06
BBM,BBM:F035046,BBM:F035088,similar,06
BBM,BBM:F035046,BBM:F035273,similar,06
BBM,BBM:F035046,BBM:F035354,similar,06
BBM,BBM:F035088,BBM:F035273,similar,06
BBM,BBM:F035088,BBM:F035354,similar,06
BBM,BBM:F035273,BBM:F035354,similar,06
BBM,BBM:F024423,BBM:F024553,similar,06
BBM,BBM:F024644,BBM:F035419,similar,06
BBM,BBM:F024644,BBM:F035608,similar,06
BBM,BBM:F035419,BBM:F035608,similar,06
BBM,BBM:F024656,BBM:F034848,similar,06
BBM,BBM:F024656,BBM:F035469,similar,06
BBM,BBM:F034848,BBM:F035469,similar,06
BBM,BBM:F025242,BBM:F025259,similar,06
BBM,BBM:F025242,BBM:F025263,similar,06
BBM,BBM:F025259,BBM:F025263,similar,06
BBM,BBM:F025251,BBM:F025314,similar,06
BBM,BBM:F025539,BBM:F034594,similar,06
BBM,BBM:F025539,BBM:F035564,similar,06
BBM,BBM:F034594,BBM:F035564,similar,06
BBM,BBM:F025910,BBM:F025974,similar,06
BBM,BBM:F026162,BBM:F026312,similar,06
BBM,BBM:F026162,BBM:F026399,similar,06
BBM,BBM:F026312,BBM:F026399,similar,06
mo,MO:152235,MO:152236,strict,06
BBM,BBM:F026310,BBM:F026311,strict,06
BBM,BBM:F027009,BBM:F027321,similar,06
BBM,BBM:F027030,BBM:F027322,similar,06
BBM,BBM:F027179,BBM:F027188,similar,06
BBM,BBM:F027820,BBM:F034953,similar,06
BBM,BBM:F029881,BBM:F029963,similar,06
BBM,BBM:F029964,BBM:F032447,similar,06
BBM,BBM:F030643,BBM:F030658,strict,06
BBM,BBM:F031021,BBM:F031022,strict,06
BBM,BBM:F031023,BBM:F031024,strict,06
BBM,BBM:F031831,BBM:F031927,similar,06
mo,MO:68956,MO:69258,similar,06
BBM,BBM:F034291,BBM:F034308,similar,06
BBM,BBM:F034291,BBM:F035758,similar,06
BBM,BBM:F034308,BBM:F035758,similar,06
mo,MO:297596,MO:340001,similar,06
mo,MO:297596,MO:396553,similar,06
mo,MO:297596,MO:439653,similar,06
mo,MO:340001,MO:396553,similar,06
mo,MO:340001,MO:439653,similar,06
mo,MO:396553,MO:439653,similar,06
mo,MO:306907,MO:335106,similar,06
mo,MO:306907,MO:335117,similar,06
mo,MO:306907,MO:344595,similar,06
mo,MO:335106,MO:335117,similar,06
mo,MO:335106,MO:344595,similar,06
mo,MO:335117,MO:344595,similar,06
mo,MO:355972,MO:392358,similar,06
mo,MO:355972,MO:405861,similar,06
mo,MO:392358,MO:405861,similar,06
mo,MO:358824,MO:387987,similar,06
mo,MO:358824,MO:388015,similar,06
mo,MO:358824,MO:388020,similar,06
mo,MO:358824,MO:388063,similar,06
mo,MO:358824,MO:393123,similar,06
mo,MO:358824,MO:411781,similar,06
mo,MO:387987,MO:388015,similar,06
mo,MO:387987,MO:388020,similar,06
mo,MO:387987,MO:388063,similar,06
mo,MO:387987,MO:393123,similar,06
mo,MO:387987,MO:411781,similar,06
mo,MO:388015,MO:388020,similar,06
mo,MO:388015,MO:388063,similar,06
mo,MO:388015,MO:393123,similar,06
mo,MO:388015,MO:411781,similar,06
mo,MO:388020,MO:388063,similar,06
mo,MO:388020,MO:393123,similar,06
mo,MO:388020,MO:411781,similar,06
mo,MO:388063,MO:393123,similar,06
mo,MO:388063,MO:411781,similar,06
mo,MO:393123,MO:411781,similar,06
mo,MO:379096,MO:385189,similar,06
mo,MO:379096,MO:414103,similar,06
mo,MO:385189,MO:414103,similar,06
mo,MO:387901,MO:387990,strict,06
mo,MO:388060,MO:392244,similar,06
mo,MO:392246,MO:392351,strict,06
mo,MO:392247,MO:392951,similar,06
mo,MO:392247,MO:411790,similar,06
mo,MO:392951,MO:411790,similar,06
mo,MO:471050,MO:478102,similar,06
BBM,BBM:F013201,BBM:F013211,similar,06
BBM,BBM:F000627,BBM:F034625,similar,06
BBM,BBM:F000627,BBM:F035148,similar,06
BBM,BBM:F000627,BBM:F035338,similar,06
BBM,BBM:F034625,BBM:F035148,similar,06
BBM,BBM:F034625,BBM:F035338,similar,06
BBM,BBM:F035148,BBM:F035338,similar,06
BBM,BBM:F009923,BBM:F009924,similar,06
BBM,BBM:F009928,BBM:F009929,strict,06
BBM,BBM:F009944,BBM:F009945,strict,06
BBM,BBM:F009944,BBM:F009946,strict,06
BBM,BBM:F009945,BBM:F009946,strict,06
BBM,BBM:F009966,BBM:F035740,similar,06
BBM,BBM:F009967,BBM:F009968,similar,06
BBM,BBM:F009967,BBM:F009975,similar,06
BBM,BBM:F009968,BBM:F009975,similar,06
BBM,BBM:F009970,BBM:F009973,strict,06
BBM,BBM:F009981,BBM:F009986,similar,06
BBM,BBM:F009984,BBM:F009985,similar,06
BBM,BBM:F009995,BBM:F009996,similar,06
BBM,BBM:F009995,BBM:F009997,similar,06
BBM,BBM:F009995,BBM:F009998,similar,06
BBM,BBM:F009996,BBM:F009997,similar,06
BBM,BBM:F009996,BBM:F009998,similar,06
BBM,BBM:F009997,BBM:F009998,similar,06
BBM,BBM:F010293,BBM:F010303,strict,06
BBM,BBM:F010294,BBM:F010295,similar,06
BBM,BBM:F010294,BBM:F010297,similar,06
BBM,BBM:F010295,BBM:F010297,similar,06
BBM,BBM:F010296,BBM:F010305,similar,06
BBM,BBM:F010298,BBM:F010300,similar,06
BBM,BBM:F010298,BBM:F010307,similar,06
BBM,BBM:F010298,BBM:F010309,similar,06
BBM,BBM:F010298,BBM:F010312,similar,06
BBM,BBM:F010300,BBM:F010307,similar,06
BBM,BBM:F010300,BBM:F010309,similar,06
BBM,BBM:F010300,BBM:F010312,similar,06
BBM,BBM:F010307,BBM:F010309,similar,06
BBM,BBM:F010307,BBM:F010312,similar,06
BBM,BBM:F010309,BBM:F010312,similar,06
BBM,BBM:F010302,BBM:F010304,similar,06
BBM,BBM:F010308,BBM:F010310,similar,06
BBM,BBM:F010328,BBM:F010329,similar,06
BBM,BBM:F010328,BBM:F010331,similar,06
BBM,BBM:F010329,BBM:F010331,similar,06
BBM,BBM:F010330,BBM:F010332,similar,06
BBM,BBM:F010330,BBM:F010333,similar,06
BBM,BBM:F010332,BBM:F010333,similar,06
BBM,BBM:F010363,BBM:F010364,strict,06
BBM,BBM:F024124,BBM:F024792,similar,06
BBM,BBM:F025859,BBM:F025894,similar,06
BBM,BBM:F026463,BBM:F026522,similar,06
BBM,BBM:F026463,BBM:F029674,similar,06
BBM,BBM:F026522,BBM:F029674,similar,06
BBM,BBM:F026715,BBM:F026731,similar,06
BBM,BBM:F026715,BBM:F026743,similar,06
BBM,BBM:F026715,BBM:F026744,similar,06
BBM,BBM:F026715,BBM:F026772,similar,06
BBM,BBM:F026715,BBM:F027316,similar,06
BBM,BBM:F026715,BBM:F027317,similar,06
BBM,BBM:F026731,BBM:F026743,similar,06
BBM,BBM:F026731,BBM:F026744,similar,06
BBM,BBM:F026731,BBM:F026772,similar,06
BBM,BBM:F026731,BBM:F027316,similar,06
BBM,BBM:F026731,BBM:F027317,similar,06
BBM,BBM:F026743,BBM:F026744,similar,06
BBM,BBM:F026743,BBM:F026772,similar,06
BBM,BBM:F026743,BBM:F027316,similar,06
BBM,BBM:F026743,BBM:F027317,similar,06
BBM,BBM:F026744,BBM:F026772,similar,06
BBM,BBM:F026744,BBM:F027316,similar,06
BBM,BBM:F026744,BBM:F027317,similar,06
BBM,BBM:F026772,BBM:F027316,similar,06
BBM,BBM:F026772,BBM:F027317,similar,06
BBM,BBM:F027316,BBM:F027317,similar,06
mo,MO:260687,MO:264983,similar,06
mo,MO:274379,MO:303598,similar,06
mo,MO:355941,MO:383072,similar,06
mo,MO:355941,MO:398007,similar,06
mo,MO:383072,MO:398007,similar,06
mo,MO:399952,MO:444796,similar,06
mo,MO:448460,MO:449339,similar,06
BBM,BBM:F010467,BBM:F010468,similar,06
BBM,BBM:F024200,BBM:F024201,strict,06
BBM,BBM:F024238,BBM:F024326,similar,06
BBM,BBM:F024238,BBM:F024829,similar,06
BBM,BBM:F024238,BBM:F035043,similar,06
BBM,BBM:F024238,BBM:F035321,similar,06
BBM,BBM:F024238,BBM:F035328,similar,06
BBM,BBM:F024238,BBM:F035345,similar,06
BBM,BBM:F024238,BBM:F035528,similar,06
BBM,BBM:F024326,BBM:F024829,similar,06
BBM,BBM:F024326,BBM:F035043,similar,06
BBM,BBM:F024326,BBM:F035321,similar,06
BBM,BBM:F024326,BBM:F035328,similar,06
BBM,BBM:F024326,BBM:F035345,similar,06
BBM,BBM:F024326,BBM:F035528,similar,06
BBM,BBM:F024829,BBM:F035043,similar,06
BBM,BBM:F024829,BBM:F035321,similar,06
BBM,BBM:F024829,BBM:F035328,similar,06
BBM,BBM:F024829,BBM:F035345,similar,06
BBM,BBM:F024829,BBM:F035528,similar,06
BBM,BBM:F035043,BBM:F035321,similar,06
BBM,BBM:F035043,BBM:F035328,similar,06
BBM,BBM:F035043,BBM:F035345,similar,06
BBM,BBM:F035043,BBM:F035528,similar,06
BBM,BBM:F035321,BBM:F035328,similar,06
BBM,BBM:F035321,BBM:F035345,similar,06
BBM,BBM:F035321,BBM:F035528,similar,06
BBM,BBM:F035328,BBM:F035345,similar,06
BBM,BBM:F035328,BBM:F035528,similar,06
BBM,BBM:F035345,BBM:F035528,similar,06
BBM,BBM:F024894,BBM:F025060,similar,06
BBM,BBM:F024894,BBM:F025090,similar,06
BBM,BBM:F024894,BBM:F025140,similar,06
BBM,BBM:F025060,BBM:F025090,similar,06
BBM,BBM:F025060,BBM:F025140,similar,06
BBM,BBM:F025090,BBM:F025140,similar,06
BBM,BBM:F024895,BBM:F024935,similar,06
BBM,BBM:F024895,BBM:F024975,similar,06
BBM,BBM:F024895,BBM:F024976,similar,06
BBM,BBM:F024895,BBM:F025007,similar,06
BBM,BBM:F024895,BBM:F025008,similar,06
BBM,BBM:F024895,BBM:F025092,similar,06
BBM,BBM:F024895,BBM:F025093,similar,06
BBM,BBM:F024895,BBM:F025141,similar,06
BBM,BBM:F024895,BBM:F025142,similar,06
BBM,BBM:F024895,BBM:F025143,similar,06
BBM,BBM:F024895,BBM:F025144,similar,06
BBM,BBM:F024935,BBM:F024975,similar,06
BBM,BBM:F024935,BBM:F024976,similar,06
BBM,BBM:F024935,BBM:F025007,similar,06
BBM,BBM:F024935,BBM:F025008,similar,06
BBM,BBM:F024935,BBM:F025092,similar,06
BBM,BBM:F024935,BBM:F025093,similar,06
BBM,BBM:F024935,BBM:F025141,similar,06
BBM,BBM:F024935,BBM:F025142,similar,06
BBM,BBM:F024935,BBM:F025143,similar,06
BBM,BBM:F024935,BBM:F025144,similar,06
BBM,BBM:F024975,BBM:F024976,similar,06
BBM,BBM:F024975,BBM:F025007,similar,06
BBM,BBM:F024975,BBM:F025008,similar,06
BBM,BBM:F024975,BBM:F025092,similar,06
BBM,BBM:F024975,BBM:F025093,similar,06
BBM,BBM:F024975,BBM:F025141,similar,06
BBM,BBM:F024975,BBM:F025142,similar,06
BBM,BBM:F024975,BBM:F025143,similar,06
BBM,BBM:F024975,BBM:F025144,similar,06
BBM,BBM:F024976,BBM:F025007,similar,06
BBM,BBM:F024976,BBM:F025008,similar,06
BBM,BBM:F024976,BBM:F025092,similar,06
BBM,BBM:F024976,BBM:F025093,similar,06
BBM,BBM:F024976,BBM:F025141,similar,06
BBM,BBM:F024976,BBM:F025142,similar,06
BBM,BBM:F024976,BBM:F025143,similar,06
BBM,BBM:F024976,BBM:F025144,similar,06
BBM,BBM:F025007,BBM:F025008,similar,06
BBM,BBM:F025007,BBM:F025092,similar,06
BBM,BBM:F025007,BBM:F025093,similar,06
BBM,BBM:F025007,BBM:F025141,similar,06
BBM,BBM:F025007,BBM:F025142,similar,06
BBM,BBM:F025007,BBM:F025143,similar,06
BBM,BBM:F025007,BBM:F025144,similar,06
BBM,BBM:F025008,BBM:F025092,similar,06
BBM,BBM:F025008,BBM:F025093,similar,06
BBM,BBM:F025008,BBM:F025141,similar,06
BBM,BBM:F025008,BBM:F025142,similar,06
BBM,BBM:F025008,BBM:F025143,similar,06
BBM,BBM:F025008,BBM:F025144,similar,06
BBM,BBM:F025092,BBM:F025093,similar,06
BBM,BBM:F025092,BBM:F025141,similar,06
BBM,BBM:F025092,BBM:F025142,similar,06
BBM,BBM:F025092,BBM:F025143,similar,06
BBM,BBM:F025092,BBM:F025144,similar,06
BBM,BBM:F025093,BBM:F025141,similar,06
BBM,BBM:F025093,BBM:F025142,similar,06
BBM,BBM:F025093,BBM:F025143,similar,06
BBM,BBM:F025093,BBM:F025144,similar,06
BBM,BBM:F025141,BBM:F025142,similar,06
BBM,BBM:F025141,BBM:F025143,similar,06
BBM,BBM:F025141,BBM:F025144,similar,06
BBM,BBM:F025142,BBM:F025143,similar,06
BBM,BBM:F025142,BBM:F025144,similar,06
BBM,BBM:F025143,BBM:F025144,similar,06
mo,MO:72669,MO:159093,similar,06
BBM,BBM:F025034,BBM:F025094,similar,06
BBM,BBM:F025034,BBM:F025095,similar,06
BBM,BBM:F025094,BBM:F025095,similar,06
BBM,BBM:F025491,BBM:F025514,similar,06
BBM,BBM:F025842,BBM:F025843,strict,06
BBM,BBM:F025883,BBM:F025955,similar,06
BBM,BBM:F025883,BBM:F026043,similar,06
BBM,BBM:F025955,BBM:F026043,similar,06
BBM,BBM:F025995,BBM:F025996,strict,06
BBM,BBM:F026044,BBM:F028132,similar,06
BBM,BBM:F027302,BBM:F027367,similar,06
BBM,BBM:F024115,BBM:F024428,similar,06
BBM,BBM:F024115,BBM:F024722,similar,06
BBM,BBM:F024115,BBM:F024763,similar,06
BBM,BBM:F024115,BBM:F024787,similar,06
BBM,BBM:F024115,BBM:F035294,similar,06
BBM,BBM:F024115,BBM:F035424,similar,06
BBM,BBM:F024115,BBM:F035610,similar,06
BBM,BBM:F024428,BBM:F024722,similar,06
BBM,BBM:F024428,BBM:F024763,similar,06
BBM,BBM:F024428,BBM:F024787,similar,06
BBM,BBM:F024428,BBM:F035294,similar,06
BBM,BBM:F024428,BBM:F035424,similar,06
BBM,BBM:F024428,BBM:F035610,similar,06
BBM,BBM:F024722,BBM:F024763,similar,06
BBM,BBM:F024722,BBM:F024787,similar,06
BBM,BBM:F024722,BBM:F035294,similar,06
BBM,BBM:F024722,BBM:F035424,similar,06
BBM,BBM:F024722,BBM:F035610,similar,06
BBM,BBM:F024763,BBM:F024787,similar,06
BBM,BBM:F024763,BBM:F035294,similar,06
BBM,BBM:F024763,BBM:F035424,similar,06
BBM,BBM:F024763,BBM:F035610,similar,06
BBM,BBM:F024787,BBM:F035294,similar,06
BBM,BBM:F024787,BBM:F035424,similar,06
BBM,BBM:F024787,BBM:F035610,similar,06
BBM,BBM:F035294,BBM:F035424,similar,06
BBM,BBM:F035294,BBM:F035610,similar,06
BBM,BBM:F035424,BBM:F035610,similar,06
BBM,BBM:F024993,BBM:F025269,similar,06
BBM,BBM:F025440,BBM:F025446,similar,06
BBM,BBM:F026692,BBM:F026723,similar,06
BBM,BBM:F026692,BBM:F026736,similar,06
BBM,BBM:F026692,BBM:F026764,similar,06
BBM,BBM:F026723,BBM:F026736,similar,06
BBM,BBM:F026723,BBM:F026764,similar,06
BBM,BBM:F026736,BBM:F026764,similar,06
BBM,BBM:F026841,BBM:F027339,similar,06
BBM,BBM:F029068,BBM:F029117,similar,06
mo,MO:314706,MO:364426,similar,06
BBM,BBM:F002447,BBM:F002448,similar,06
BBM,BBM:F025052,BBM:F025108,similar,06
BBM,BBM:F025052,BBM:F025122,similar,06
BBM,BBM:F025108,BBM:F025122,similar,06
BBM,BBM:F025498,BBM:F025513,similar,06
BBM,BBM:F026877,BBM:F027348,similar,06
BBM,BBM:F029155,BBM:F035068,similar,06
mo,MO:170509,MO:471853,similar,06
mo,MO:159112,MO:194592,similar,06
BBM,BBM:F005705,BBM:F005707,similar,06
BBM,BBM:F005705,BBM:F010061,similar,06
BBM,BBM:F005707,BBM:F010061,similar,06
BBM,BBM:F021973,BBM:F021974,strict,06
BBM,BBM:F021981,BBM:F021984,strict,06
BBM,BBM:F021981,BBM:F021989,strict,06
BBM,BBM:F021984,BBM:F021989,strict,06
BBM,BBM:F021986,BBM:F021988,strict,06
BBM,BBM:F005961,BBM:F005964,strict,06
BBM,BBM:F005992,BBM:F005993,similar,06
BBM,BBM:F005994,BBM:F005995,strict,06
BBM,BBM:F005999,BBM:F006001,strict,06
BBM,BBM:F006002,BBM:F006003,similar,06
BBM,BBM:F006011,BBM:F006014,strict,06
BBM,BBM:F006012,BBM:F006015,similar,06
BBM,BBM:F006027,BBM:F006028,similar,06
BBM,BBM:F001342,BBM:F003925,similar,06
BBM,BBM:F003950,BBM:F003951,strict,06
BBM,BBM:F003966,BBM:F003967,similar,06
BBM,BBM:F003968,BBM:F003969,strict,06
BBM,BBM:F003996,BBM:F035057,similar,06
BBM,BBM:F002867,BBM:F002869,similar,06
BBM,BBM:F002884,BBM:F002887,similar,06
BBM,BBM:F003068,BBM:F035058,similar,06
BBM,BBM:F003075,BBM:F003077,strict,06
BBM,BBM:F003076,BBM:F003079,similar,06
BBM,BBM:F003081,BBM:F003082,similar,06
BBM,BBM:F020703,BBM:F021098,similar,06
BBM,BBM:F024167,BBM:F024168,strict,06
BBM,BBM:F024191,BBM:F024843,similar,06
BBM,BBM:F026518,BBM:F026519,strict,06
BBM,BBM:F002323,BBM:F002324,strict,06
BBM,BBM:F002325,BBM:F002326,strict,06
BBM,BBM:F002331,BBM:F002332,similar,06
BBM,BBM:F002333,BBM:F002334,strict,06
BBM,BBM:F023824,BBM:F025782,similar,06
BBM,BBM:F024344,BBM:F027580,similar,06
BBM,BBM:F026690,BBM:F027309,similar,06
BBM,BBM:F028042,BBM:F035649,similar,06
BBM,BBM:F028042,BBM:F035724,similar,06
BBM,BBM:F035649,BBM:F035724,similar,06
BBM,BBM:F031653,BBM:F031654,strict,06
mo,MO:359462,MO:377474,similar,06
BBM,BBM:F002851,BBM:F002852,similar,06
BBM,BBM:F012605,BBM:F012612,strict,06
BBM,BBM:F003320,BBM:F003321,strict,06
BBM,BBM:F013394,BBM:F034395,similar,06
BBM,BBM:F013394,BBM:F034403,similar,06
BBM,BBM:F013394,BBM:F034404,similar,06
BBM,BBM:F034395,BBM:F034403,similar,06
BBM,BBM:F034395,BBM:F034404,similar,06
BBM,BBM:F034403,BBM:F034404,similar,06
BBM,BBM:F025924,BBM:F032408,similar,06
BBM,BBM:F028197,BBM:F028198,strict,06
mo,MO:122879,MO:156042,similar,06
mo,MO:122879,MO:156046,similar,06
mo,MO:156042,MO:156046,similar,06
mo,MO:133148,MO:133150,strict,06
mo,MO:139454,MO:160579,similar,06
mo,MO:164062,MO:164748,similar,06
mo,MO:164062,MO:164749,similar,06
mo,MO:164748,MO:164749,similar,06
mo,MO:235291,MO:236483,similar,06
mo,MO:314995,MO:315960,similar,06
mo,MO:365794,MO:368537,similar,06
mo,MO:365794,MO:368597,similar,06
mo,MO:368537,MO:368597,similar,06
BBM,BBM:F004390,BBM:F004393,strict,06
BBM,BBM:F006193,BBM:F006194,similar,06
BBM,BBM:F006202,BBM:F006204,strict,06
BBM,BBM:F006248,BBM:F006249,similar,06
BBM,BBM:F007240,BBM:F007244,similar,06
BBM,BBM:F004609,BBM:F004624,similar,06
BBM,BBM:F004612,BBM:F034970,similar,06
BBM,BBM:F012974,BBM:F012975,strict,06
BBM,BBM:F012976,BBM:F012981,similar,06
mo,MO:352863,MO:364995,similar,06
BBM,BBM:F009879,BBM:F009881,strict,06
BBM,BBM:F000712,BBM:F000729,similar,06
BBM,BBM:F003237,BBM:F003270,similar,06
BBM,BBM:F003247,BBM:F003269,strict,06
BBM,BBM:F016904,BBM:F016905,strict,06
BBM,BBM:F021221,BBM:F021227,strict,06
BBM,BBM:F021221,BBM:F021253,strict,06
BBM,BBM:F021227,BBM:F021253,strict,06
BBM,BBM:F032917,BBM:F032935,strict,06
mo,MO:132344,MO:132791,similar,06
BBM,BBM:F002650,BBM:F002653,similar,06
BBM,BBM:F025417,BBM:F025466,similar,06
BBM,BBM:F026419,BBM:F029682,strict,06
BBM,BBM:F026420,BBM:F029681,strict,06
BBM,BBM:F027450,BBM:F027572,similar,06
BBM,BBM:F027669,BBM:F035716,similar,06
mo,MO:234205,MO:234524,similar,06
BBM,BBM:F000879,BBM:F000884,similar,06
BBM,BBM:F002787,BBM:F002788,similar,06
BBM,BBM:F002791,BBM:F002796,strict,06
BBM,BBM:F002793,BBM:F002797,strict,06
BBM,BBM:F016596,BBM:F030476,strict,06
BBM,BBM:F016596,BBM:F030477,strict,06
BBM,BBM:F030476,BBM:F030477,strict,06
BBM,BBM:F030452,BBM:F030464,similar,06
BBM,BBM:F030452,BBM:F030465,similar,06
BBM,BBM:F030464,BBM:F030465,similar,06
BBM,BBM:F000732,BBM:F000733,similar,06
BBM,BBM:F007964,BBM:F007965,similar,06
BBM,BBM:F000742,BBM:F000743,similar,06
BBM,BBM:F000745,BBM:F000746,similar,06
BBM,BBM:F016005,BBM:F016010,strict,06
BBM,BBM:F019683,BBM:F035054,similar,06
mo,MO:95075,MO:116384,similar,06
mo,MO:158968,MO:182165,similar,06
mo,MO:306469,MO:352685,similar,06
mo,MO:401777,MO:425587,similar,06
BBM,BBM:F002663,BBM:F002665,strict,06
BBM,BBM:F002667,BBM:F002668,strict,06
BBM,BBM:F002680,BBM:F002685,strict,06
BBM,BBM:F002692,BBM:F002693,similar,06
BBM,BBM:F002701,BBM:F002703,strict,06
BBM,BBM:F012412,BBM:F034373,similar,06
BBM,BBM:F015324,BBM:F015339,strict,06
BBM,BBM:F015836,BBM:F015840,similar,06
BBM,BBM:F015836,BBM:F033664,similar,06
BBM,BBM:F015840,BBM:F033664,similar,06
BBM,BBM:F015837,BBM:F015839,similar,06
BBM,BBM:F016023,BBM:F016082,similar,06
BBM,BBM:F016645,BBM:F016704,similar,06
BBM,BBM:F018359,BBM:F021656,similar,06
BBM,BBM:F019664,BBM:F019704,strict,06
BBM,BBM:F019664,BBM:F019710,strict,06
BBM,BBM:F019704,BBM:F019710,strict,06
BBM,BBM:F021077,BBM:F021127,strict,06
BBM,BBM:F021236,BBM:F021902,similar,06
BBM,BBM:F021448,BBM:F021460,strict,06
BBM,BBM:F021451,BBM:F021452,strict,06
BBM,BBM:F021451,BBM:F021462,strict,06
BBM,BBM:F021452,BBM:F021462,strict,06
BBM,BBM:F021520,BBM:F021521,strict,06
BBM,BBM:F021788,BBM:F031049,similar,06
BBM,BBM:F022596,BBM:F022610,similar,06
BBM,BBM:F023783,BBM:F023784,strict,06
BBM,BBM:F024402,BBM:F027509,similar,06
BBM,BBM:F024556,BBM:F024579,similar,06
BBM,BBM:F024556,BBM:F033669,similar,06
BBM,BBM:F024579,BBM:F033669,similar,06
BBM,BBM:F025884,BBM:F025885,strict,06
BBM,BBM:F026641,BBM:F029820,similar,06
BBM,BBM:F029353,BBM:F032400,similar,06
BBM,BBM:F030450,BBM:F030459,similar,06
BBM,BBM:F030450,BBM:F030473,similar,06
BBM,BBM:F030450,BBM:F030479,similar,06
BBM,BBM:F030450,BBM:F030486,similar,06
BBM,BBM:F030459,BBM:F030473,similar,06
BBM,BBM:F030459,BBM:F030479,similar,06
BBM,BBM:F030459,BBM:F030486,similar,06
BBM,BBM:F030473,BBM:F030479,similar,06
BBM,BBM:F030473,BBM:F030486,similar,06
BBM,BBM:F030479,BBM:F030486,similar,06
BBM,BBM:F030458,BBM:F030472,similar,06
BBM,BBM:F030458,BBM:F030478,similar,06
BBM,BBM:F030458,BBM:F030481,similar,06
BBM,BBM:F030458,BBM:F030509,similar,06
BBM,BBM:F030472,BBM:F030478,similar,06
BBM,BBM:F030472,BBM:F030481,similar,06
BBM,BBM:F030472,BBM:F030509,similar,06
BBM,BBM:F030478,BBM:F030481,similar,06
BBM,BBM:F030478,BBM:F030509,similar,06
BBM,BBM:F030481,BBM:F030509,similar,06
BBM,BBM:F033251,BBM:F034028,similar,06
mo,MO:295370,MO:303558,similar,06
mo,MO:379231,MO:388004,similar,06
BBM,BBM:F000755,BBM:F000757,similar,06
BBM,BBM:F014577,BBM:F014631,similar,06
BBM,BBM:F015312,BBM:F015334,similar,06
BBM,BBM:F015312,BBM:F015340,similar,06
BBM,BBM:F015312,BBM:F015420,similar,06
BBM,BBM:F015334,BBM:F015340,similar,06
BBM,BBM:F015334,BBM:F015420,similar,06
BBM,BBM:F015340,BBM:F015420,similar,06
BBM,BBM:F016011,BBM:F016079,similar,06
BBM,BBM:F016776,BBM:F030726,similar,06
BBM,BBM:F022586,BBM:F022614,similar,06
BBM,BBM:F022586,BBM:F022669,similar,06
BBM,BBM:F022586,BBM:F022676,similar,06
BBM,BBM:F022586,BBM:F022677,similar,06
BBM,BBM:F022614,BBM:F022669,similar,06
BBM,BBM:F022614,BBM:F022676,similar,06
BBM,BBM:F022614,BBM:F022677,similar,06
BBM,BBM:F022669,BBM:F022676,similar,06
BBM,BBM:F022669,BBM:F022677,similar,06
BBM,BBM:F022676,BBM:F022677,similar,06
BBM,BBM:F022636,BBM:F022637,strict,06
BBM,BBM:F022667,BBM:F022727,similar,06
BBM,BBM:F022667,BBM:F022755,similar,06
BBM,BBM:F022727,BBM:F022755,similar,06
BBM,BBM:F022668,BBM:F022779,similar,06
BBM,BBM:F024249,BBM:F024573,similar,06
BBM,BBM:F025240,BBM:F025332,similar,06
BBM,BBM:F025432,BBM:F025578,similar,06
BBM,BBM:F026544,BBM:F030014,similar,06
BBM,BBM:F029227,BBM:F034191,similar,06
BBM,BBM:F029376,BBM:F034755,similar,06
BBM,BBM:F030466,BBM:F030470,strict,06
BBM,BBM:F031733,BBM:F031910,similar,06
BBM,BBM:F031796,BBM:F031881,similar,06
BBM,BBM:F024846,BBM:F035546,similar,06
BBM,BBM:F007939,BBM:F007940,similar,06
BBM,BBM:F007942,BBM:F034769,similar,06
BBM,BBM:F015170,BBM:F015251,similar,06
BBM,BBM:F016070,BBM:F016090,similar,06
BBM,BBM:F016716,BBM:F016769,similar,06
BBM,BBM:F019673,BBM:F034005,similar,06
BBM,BBM:F024515,BBM:F035282,similar,06
BBM,BBM:F024515,BBM:F035465,similar,06
BBM,BBM:F035282,BBM:F035465,similar,06
BBM,BBM:F024715,BBM:F035392,similar,06
BBM,BBM:F026562,BBM:F029825,similar,06
BBM,BBM:F026752,BBM:F027093,similar,06
BBM,BBM:F026752,BBM:F027115,similar,06
BBM,BBM:F026752,BBM:F027116,similar,06
BBM,BBM:F026752,BBM:F027141,similar,06
BBM,BBM:F026752,BBM:F027168,similar,06
BBM,BBM:F026752,BBM:F027333,similar,06
BBM,BBM:F027093,BBM:F027115,similar,06
BBM,BBM:F027093,BBM:F027116,similar,06
BBM,BBM:F027093,BBM:F027141,similar,06
BBM,BBM:F027093,BBM:F027168,similar,06
BBM,BBM:F027093,BBM:F027333,similar,06
BBM,BBM:F027115,BBM:F027116,similar,06
BBM,BBM:F027115,BBM:F027141,similar,06
BBM,BBM:F027115,BBM:F027168,similar,06
BBM,BBM:F027115,BBM:F027333,similar,06
BBM,BBM:F027116,BBM:F027141,similar,06
BBM,BBM:F027116,BBM:F027168,similar,06
BBM,BBM:F027116,BBM:F027333,similar,06
BBM,BBM:F027141,BBM:F027168,similar,06
BBM,BBM:F027141,BBM:F027333,similar,06
BBM,BBM:F027168,BBM:F027333,similar,06
BBM,BBM:F027803,BBM:F034535,similar,06
BBM,BBM:F027803,BBM:F034866,similar,06
BBM,BBM:F027803,BBM:F035430,similar,06
BBM,BBM:F034535,BBM:F034866,similar,06
BBM,BBM:F034535,BBM:F035430,similar,06
BBM,BBM:F034866,BBM:F035430,similar,06
BBM,BBM:F029104,BBM:F029361,similar,06
BBM,BBM:F029104,BBM:F029569,similar,06
BBM,BBM:F029104,BBM:F029604,similar,06
BBM,BBM:F029361,BBM:F029569,similar,06
BBM,BBM:F029361,BBM:F029604,similar,06
BBM,BBM:F029569,BBM:F029604,similar,06
BBM,BBM:F032452,BBM:F032454,similar,06
BBM,BBM:F032458,BBM:F032459,similar,06
mo,MO:248249,MO:248887,similar,06
mo,MO:248249,MO:253030,similar,06
mo,MO:248887,MO:253030,similar,06
mo,MO:260656,MO:262096,similar,06
mo,MO:278871,MO:279735,similar,06
mo,MO:278975,MO:279244,strict,06
mo,MO:294271,MO:406977,similar,06
BBM,BBM:F016591,BBM:F016592,strict,06
BBM,BBM:F000770,BBM:F010184,similar,06
BBM,BBM:F012758,BBM:F012759,similar,06
BBM,BBM:F012758,BBM:F015541,similar,06
BBM,BBM:F012759,BBM:F015541,similar,06
BBM,BBM:F021771,BBM:F021772,strict,06
BBM,BBM:F024298,BBM:F035075,similar,06
BBM,BBM:F024298,BBM:F035378,similar,06
BBM,BBM:F035075,BBM:F035378,similar,06
BBM,BBM:F024497,BBM:F024591,similar,06
BBM,BBM:F024977,BBM:F025011,similar,06
BBM,BBM:F026037,BBM:F026053,similar,06
BBM,BBM:F026037,BBM:F026127,similar,06
BBM,BBM:F026037,BBM:F026209,similar,06
BBM,BBM:F026053,BBM:F026127,similar,06
BBM,BBM:F026053,BBM:F026209,similar,06
BBM,BBM:F026127,BBM:F026209,similar,06
BBM,BBM:F026828,BBM:F026835,similar,06
BBM,BBM:F026828,BBM:F026849,similar,06
BBM,BBM:F026835,BBM:F026849,similar,06
mo,MO:316968,MO:319710,similar,06
mo,MO:364472,MO:364848,similar,06
mo,MO:364472,MO:368598,similar,06
mo,MO:364848,MO:368598,similar,06
BBM,BBM:F024210,BBM:F024267,similar,06
BBM,BBM:F024226,BBM:F024307,similar,06
BBM,BBM:F024226,BBM:F024407,similar,06
BBM,BBM:F024226,BBM:F024408,similar,06
BBM,BBM:F024226,BBM:F024427,similar,06
BBM,BBM:F024307,BBM:F024407,similar,06
BBM,BBM:F024307,BBM:F024408,similar,06
BBM,BBM:F024307,BBM:F024427,similar,06
BBM,BBM:F024407,BBM:F024408,similar,06
BBM,BBM:F024407,BBM:F024427,similar,06
BBM,BBM:F024408,BBM:F024427,similar,06
BBM,BBM:F024247,BBM:F024268,similar,06
BBM,BBM:F024247,BBM:F024343,similar,06
BBM,BBM:F024247,BBM:F024373,similar,06
BBM,BBM:F024247,BBM:F024409,similar,06
BBM,BBM:F024268,BBM:F024343,similar,06
BBM,BBM:F024268,BBM:F024373,similar,06
BBM,BBM:F024268,BBM:F024409,similar,06
BBM,BBM:F024343,BBM:F024373,similar,06
BBM,BBM:F024343,BBM:F024409,similar,06
BBM,BBM:F024373,BBM:F024409,similar,06
BBM,BBM:F024786,BBM:F035313,similar,06
BBM,BBM:F024967,BBM:F025027,similar,06
BBM,BBM:F025045,BBM:F025099,similar,06
BBM,BBM:F025045,BBM:F025116,similar,06
BBM,BBM:F025045,BBM:F025159,similar,06
BBM,BBM:F025045,BBM:F025198,similar,06
BBM,BBM:F025099,BBM:F025116,similar,06
BBM,BBM:F025099,BBM:F025159,similar,06
BBM,BBM:F025099,BBM:F025198,similar,06
BBM,BBM:F025116,BBM:F025159,similar,06
BBM,BBM:F025116,BBM:F025198,similar,06
BBM,BBM:F025159,BBM:F025198,similar,06
BBM,BBM:F025067,BBM:F035728,similar,06
BBM,BBM:F003340,BBM:F003341,strict,06
BBM,BBM:F003342,BBM:F003343,strict,06
BBM,BBM:F014592,BBM:F035399,similar,06
BBM,BBM:F014592,BBM:F035481,similar,06
BBM,BBM:F014592,BBM:F035557,similar,06
BBM,BBM:F014592,BBM:F035712,similar,06
BBM,BBM:F035399,BBM:F035481,similar,06
BBM,BBM:F035399,BBM:F035557,similar,06
BBM,BBM:F035399,BBM:F035712,similar,06
BBM,BBM:F035481,BBM:F035557,similar,06
BBM,BBM:F035481,BBM:F035712,similar,06
BBM,BBM:F035557,BBM:F035712,similar,06
BBM,BBM:F021269,BBM:F021315,strict,06
BBM,BBM:F024727,BBM:F027593,similar,06
BBM,BBM:F027545,BBM:F027592,similar,06
BBM,BBM:F029538,BBM:F034677,similar,06
BBM,BBM:F029538,BBM:F034678,similar,06
BBM,BBM:F034677,BBM:F034678,similar,06
BBM,BBM:F031443,BBM:F031530,similar,06
BBM,BBM:F031632,BBM:F032013,similar,06
mo,MO:308441,MO:349072,similar,06
BBM,BBM:F000777,BBM:F034975,similar,06
BBM,BBM:F000777,BBM:F035667,similar,06
BBM,BBM:F034975,BBM:F035667,similar,06
BBM,BBM:F000950,BBM:F000957,similar,06
BBM,BBM:F003401,BBM:F003403,similar,06
BBM,BBM:F003415,BBM:F003416,similar,06
BBM,BBM:F003418,BBM:F003419,strict,06
BBM,BBM:F003418,BBM:F003420,strict,06
BBM,BBM:F003419,BBM:F003420,strict,06
BBM,BBM:F003421,BBM:F003422,similar,06
BBM,BBM:F003430,BBM:F003432,similar,06
BBM,BBM:F003439,BBM:F003442,similar,06
BBM,BBM:F021242,BBM:F021250,strict,06
BBM,BBM:F021242,BBM:F021251,strict,06
BBM,BBM:F021250,BBM:F021251,strict,06
BBM,BBM:F021257,BBM:F021882,strict,06
BBM,BBM:F026891,BBM:F026892,strict,06
BBM,BBM:F029207,BBM:F029208,strict,06
mo,MO:171426,MO:171427,strict,06
mo,MO:234922,MO:235030,strict,06
BBM,BBM:F002913,BBM:F002915,strict,06
BBM,BBM:F002913,BBM:F002916,strict,06
BBM,BBM:F002913,BBM:F002917,strict,06
BBM,BBM:F002915,BBM:F002916,strict,06
BBM,BBM:F002915,BBM:F002917,strict,06
BBM,BBM:F002916,BBM:F002917,strict,06
BBM,BBM:F032253,BBM:F032254,strict,06
BBM,BBM:F000789,BBM:F001041,strict,06
BBM,BBM:F000792,BBM:F000793,similar,06
BBM,BBM:F000792,BBM:F000794,similar,06
BBM,BBM:F000792,BBM:F000795,similar,06
BBM,BBM:F000792,BBM:F000796,similar,06
BBM,BBM:F000792,BBM:F000797,similar,06
BBM,BBM:F000792,BBM:F001035,similar,06
BBM,BBM:F000792,BBM:F001040,similar,06
BBM,BBM:F000793,BBM:F000794,similar,06
BBM,BBM:F000793,BBM:F000795,similar,06
BBM,BBM:F000793,BBM:F000796,similar,06
BBM,BBM:F000793,BBM:F000797,similar,06
BBM,BBM:F000793,BBM:F001035,similar,06
BBM,BBM:F000793,BBM:F001040,similar,06
BBM,BBM:F000794,BBM:F000795,similar,06
BBM,BBM:F000794,BBM:F000796,similar,06
BBM,BBM:F000794,BBM:F000797,similar,06
BBM,BBM:F000794,BBM:F001035,similar,06
BBM,BBM:F000794,BBM:F001040,similar,06
BBM,BBM:F000795,BBM:F000796,similar,06
BBM,BBM:F000795,BBM:F000797,similar,06
BBM,BBM:F000795,BBM:F001035,similar,06
BBM,BBM:F000795,BBM:F001040,similar,06
BBM,BBM:F000796,BBM:F000797,similar,06
BBM,BBM:F000796,BBM:F001035,similar,06
BBM,BBM:F000796,BBM:F001040,similar,06
BBM,BBM:F000797,BBM:F001035,similar,06
BBM,BBM:F000797,BBM:F001040,similar,06
BBM,BBM:F001035,BBM:F001040,similar,06
BBM,BBM:F000810,BBM:F021937,similar,06
BBM,BBM:F012176,BBM:F013000,similar,06
BBM,BBM:F027038,BBM:F035259,similar,06
BBM,BBM:F027038,BBM:F035471,similar,06
BBM,BBM:F035259,BBM:F035471,similar,06
BBM,BBM:F029109,BBM:F029191,similar,06
BBM,BBM:F031503,BBM:F031558,similar,06
mo,MO:375865,MO:381017,similar,06
mo,MO:429084,MO:449358,similar,06
BBM,BBM:F009546,BBM:F034182,similar,06
BBM,BBM:F009546,BBM:F034520,similar,06
BBM,BBM:F034182,BBM:F034520,similar,06
BBM,BBM:F025282,BBM:F035234,similar,06
BBM,BBM:F026546,BBM:F026547,strict,06
mo,MO:271188,MO:271189,strict,06
BBM,BBM:F014063,BBM:F015767,similar,06
BBM,BBM:F016027,BBM:F016069,similar,06
BBM,BBM:F016672,BBM:F016684,strict,06
BBM,BBM:F030704,BBM:F030736,similar,06
BBM,BBM:F030704,BBM:F030757,similar,06
BBM,BBM:F030704,BBM:F030795,similar,06
BBM,BBM:F030704,BBM:F030828,similar,06
BBM,BBM:F030704,BBM:F030842,similar,06
BBM,BBM:F030704,BBM:F030859,similar,06
BBM,BBM:F030736,BBM:F030757,similar,06
BBM,BBM:F030736,BBM:F030795,similar,06
BBM,BBM:F030736,BBM:F030828,similar,06
BBM,BBM:F030736,BBM:F030842,similar,06
BBM,BBM:F030736,BBM:F030859,similar,06
BBM,BBM:F030757,BBM:F030795,similar,06
BBM,BBM:F030757,BBM:F030828,similar,06
BBM,BBM:F030757,BBM:F030842,similar,06
BBM,BBM:F030757,BBM:F030859,similar,06
BBM,BBM:F030795,BBM:F030828,similar,06
BBM,BBM:F030795,BBM:F030842,similar,06
BBM,BBM:F030795,BBM:F030859,similar,06
BBM,BBM:F030828,BBM:F030842,similar,06
BBM,BBM:F030828,BBM:F030859,similar,06
BBM,BBM:F030842,BBM:F030859,similar,06
mo,MO:382932,MO:396730,similar,06
mo,MO:382932,MO:397675,similar,06
mo,MO:396730,MO:397675,similar,06
BBM,BBM:F000848,BBM:F000850,strict,06
BBM,BBM:F000860,BBM:F001046,similar,06
BBM,BBM:F000909,BBM:F000910,similar,06
BBM,BBM:F004976,BBM:F004981,strict,06
BBM,BBM:F000874,BBM:F034105,similar,06
BBM,BBM:F008438,BBM:F008439,strict,06
BBM,BBM:F008440,BBM:F008442,strict,06
BBM,BBM:F008441,BBM:F023171,similar,06
BBM,BBM:F008441,BBM:F023172,similar,06
BBM,BBM:F008441,BBM:F023173,similar,06
BBM,BBM:F008441,BBM:F023182,similar,06
BBM,BBM:F008441,BBM:F023184,similar,06
BBM,BBM:F008441,BBM:F023188,similar,06
BBM,BBM:F008441,BBM:F023199,similar,06
BBM,BBM:F008441,BBM:F034139,similar,06
BBM,BBM:F008441,BBM:F034140,similar,06
BBM,BBM:F008441,BBM:F034141,similar,06
BBM,BBM:F008441,BBM:F034227,similar,06
BBM,BBM:F008441,BBM:F034234,similar,06
BBM,BBM:F008441,BBM:F034246,similar,06
BBM,BBM:F008441,BBM:F034248,similar,06
BBM,BBM:F008441,BBM:F034249,similar,06
BBM,BBM:F008441,BBM:F034250,similar,06
BBM,BBM:F008441,BBM:F035676,similar,06
BBM,BBM:F008441,BBM:F035760,similar,06
BBM,BBM:F023171,BBM:F023172,similar,06
BBM,BBM:F023171,BBM:F023173,similar,06
BBM,BBM:F023171,BBM:F023182,similar,06
BBM,BBM:F023171,BBM:F023184,similar,06
BBM,BBM:F023171,BBM:F023188,similar,06
BBM,BBM:F023171,BBM:F023199,similar,06
BBM,BBM:F023171,BBM:F034139,similar,06
BBM,BBM:F023171,BBM:F034140,similar,06
BBM,BBM:F023171,BBM:F034141,similar,06
BBM,BBM:F023171,BBM:F034227,similar,06
BBM,BBM:F023171,BBM:F034234,similar,06
BBM,BBM:F023171,BBM:F034246,similar,06
BBM,BBM:F023171,BBM:F034248,similar,06
BBM,BBM:F023171,BBM:F034249,similar,06
BBM,BBM:F023171,BBM:F034250,similar,06
BBM,BBM:F023171,BBM:F035676,similar,06
BBM,BBM:F023171,BBM:F035760,similar,06
BBM,BBM:F023172,BBM:F023173,similar,06
BBM,BBM:F023172,BBM:F023182,similar,06
BBM,BBM:F023172,BBM:F023184,similar,06
BBM,BBM:F023172,BBM:F023188,similar,06
BBM,BBM:F023172,BBM:F023199,similar,06
BBM,BBM:F023172,BBM:F034139,similar,06
BBM,BBM:F023172,BBM:F034140,similar,06
BBM,BBM:F023172,BBM:F034141,similar,06
BBM,BBM:F023172,BBM:F034227,similar,06
BBM,BBM:F023172,BBM:F034234,similar,06
BBM,BBM:F023172,BBM:F034246,similar,06
BBM,BBM:F023172,BBM:F034248,similar,06
BBM,BBM:F023172,BBM:F034249,similar,06
BBM,BBM:F023172,BBM:F034250,similar,06
BBM,BBM:F023172,BBM:F035676,similar,06
BBM,BBM:F023172,BBM:F035760,similar,06
BBM,BBM:F023173,BBM:F023182,similar,06
BBM,BBM:F023173,BBM:F023184,similar,06
BBM,BBM:F023173,BBM:F023188,similar,06
BBM,BBM:F023173,BBM:F023199,similar,06
BBM,BBM:F023173,BBM:F034139,similar,06
BBM,BBM:F023173,BBM:F034140,similar,06
BBM,BBM:F023173,BBM:F034141,similar,06
BBM,BBM:F023173,BBM:F034227,similar,06
BBM,BBM:F023173,BBM:F034234,similar,06
BBM,BBM:F023173,BBM:F034246,similar,06
BBM,BBM:F023173,BBM:F034248,similar,06
BBM,BBM:F023173,BBM:F034249,similar,06
BBM,BBM:F023173,BBM:F034250,similar,06
BBM,BBM:F023173,BBM:F035676,similar,06
BBM,BBM:F023173,BBM:F035760,similar,06
BBM,BBM:F023182,BBM:F023184,similar,06
BBM,BBM:F023182,BBM:F023188,similar,06
BBM,BBM:F023182,BBM:F023199,similar,06
BBM,BBM:F023182,BBM:F034139,similar,06
BBM,BBM:F023182,BBM:F034140,similar,06
BBM,BBM:F023182,BBM:F034141,similar,06
BBM,BBM:F023182,BBM:F034227,similar,06
BBM,BBM:F023182,BBM:F034234,similar,06
BBM,BBM:F023182,BBM:F034246,similar,06
BBM,BBM:F023182,BBM:F034248,similar,06
BBM,BBM:F023182,BBM:F034249,similar,06
BBM,BBM:F023182,BBM:F034250,similar,06
BBM,BBM:F023182,BBM:F035676,similar,06
BBM,BBM:F023182,BBM:F035760,similar,06
BBM,BBM:F023184,BBM:F023188,similar,06
BBM,BBM:F023184,BBM:F023199,similar,06
BBM,BBM:F023184,BBM:F034139,similar,06
BBM,BBM:F023184,BBM:F034140,similar,06
BBM,BBM:F023184,BBM:F034141,similar,06
BBM,BBM:F023184,BBM:F034227,similar,06
BBM,BBM:F023184,BBM:F034234,similar,06
BBM,BBM:F023184,BBM:F034246,similar,06
BBM,BBM:F023184,BBM:F034248,similar,06
BBM,BBM:F023184,BBM:F034249,similar,06
BBM,BBM:F023184,BBM:F034250,similar,06
BBM,BBM:F023184,BBM:F035676,similar,06
BBM,BBM:F023184,BBM:F035760,similar,06
BBM,BBM:F023188,BBM:F023199,similar,06
BBM,BBM:F023188,BBM:F034139,similar,06
BBM,BBM:F023188,BBM:F034140,similar,06
BBM,BBM:F023188,BBM:F034141,similar,06
BBM,BBM:F023188,BBM:F034227,similar,06
BBM,BBM:F023188,BBM:F034234,similar,06
BBM,BBM:F023188,BBM:F034246,similar,06
BBM,BBM:F023188,BBM:F034248,similar,06
BBM,BBM:F023188,BBM:F034249,similar,06
BBM,BBM:F023188,BBM:F034250,similar,06
BBM,BBM:F023188,BBM:F035676,similar,06
BBM,BBM:F023188,BBM:F035760,similar,06
BBM,BBM:F023199,BBM:F034139,similar,06
BBM,BBM:F023199,BBM:F034140,similar,06
BBM,BBM:F023199,BBM:F034141,similar,06
BBM,BBM:F023199,BBM:F034227,similar,06
BBM,BBM:F023199,BBM:F034234,similar,06
BBM,BBM:F023199,BBM:F034246,similar,06
BBM,BBM:F023199,BBM:F034248,similar,06
BBM,BBM:F023199,BBM:F034249,similar,06
BBM,BBM:F023199,BBM:F034250,similar,06
BBM,BBM:F023199,BBM:F035676,similar,06
BBM,BBM:F023199,BBM:F035760,similar,06
BBM,BBM:F034139,BBM:F034140,similar,06
BBM,BBM:F034139,BBM:F034141,similar,06
BBM,BBM:F034139,BBM:F034227,similar,06
BBM,BBM:F034139,BBM:F034234,similar,06
BBM,BBM:F034139,BBM:F034246,similar,06
BBM,BBM:F034139,BBM:F034248,similar,06
BBM,BBM:F034139,BBM:F034249,similar,06
BBM,BBM:F034139,BBM:F034250,similar,06
BBM,BBM:F034139,BBM:F035676,similar,06
BBM,BBM:F034139,BBM:F035760,similar,06
BBM,BBM:F034140,BBM:F034141,similar,06
BBM,BBM:F034140,BBM:F034227,similar,06
BBM,BBM:F034140,BBM:F034234,similar,06
BBM,BBM:F034140,BBM:F034246,similar,06
BBM,BBM:F034140,BBM:F034248,similar,06
BBM,BBM:F034140,BBM:F034249,similar,06
BBM,BBM:F034140,BBM:F034250,similar,06
BBM,BBM:F034140,BBM:F035676,similar,06
BBM,BBM:F034140,BBM:F035760,similar,06
BBM,BBM:F034141,BBM:F034227,similar,06
BBM,BBM:F034141,BBM:F034234,similar,06
BBM,BBM:F034141,BBM:F034246,similar,06
BBM,BBM:F034141,BBM:F034248,similar,06
BBM,BBM:F034141,BBM:F034249,similar,06
BBM,BBM:F034141,BBM:F034250,similar,06
BBM,BBM:F034141,BBM:F035676,similar,06
BBM,BBM:F034141,BBM:F035760,similar,06
BBM,BBM:F034227,BBM:F034234,similar,06
BBM,BBM:F034227,BBM:F034246,similar,06
BBM,BBM:F034227,BBM:F034248,similar,06
BBM,BBM:F034227,BBM:F034249,similar,06
BBM,BBM:F034227,BBM:F034250,similar,06
BBM,BBM:F034227,BBM:F035676,similar,06
BBM,BBM:F034227,BBM:F035760,similar,06
BBM,BBM:F034234,BBM:F034246,similar,06
BBM,BBM:F034234,BBM:F034248,similar,06
BBM,BBM:F034234,BBM:F034249,similar,06
BBM,BBM:F034234,BBM:F034250,similar,06
BBM,BBM:F034234,BBM:F035676,similar,06
BBM,BBM:F034234,BBM:F035760,similar,06
BBM,BBM:F034246,BBM:F034248,similar,06
BBM,BBM:F034246,BBM:F034249,similar,06
BBM,BBM:F034246,BBM:F034250,similar,06
BBM,BBM:F034246,BBM:F035676,similar,06
BBM,BBM:F034246,BBM:F035760,similar,06
BBM,BBM:F034248,BBM:F034249,similar,06
BBM,BBM:F034248,BBM:F034250,similar,06
BBM,BBM:F034248,BBM:F035676,similar,06
BBM,BBM:F034248,BBM:F035760,similar,06
BBM,BBM:F034249,BBM:F034250,similar,06
BBM,BBM:F034249,BBM:F035676,similar,06
BBM,BBM:F034249,BBM:F035760,similar,06
BBM,BBM:F034250,BBM:F035676,similar,06
BBM,BBM:F034250,BBM:F035760,similar,06
BBM,BBM:F035676,BBM:F035760,similar,06
BBM,BBM:F008447,BBM:F019771,similar,06
BBM,BBM:F013612,BBM:F013617,similar,06
BBM,BBM:F013612,BBM:F013625,similar,06
BBM,BBM:F013612,BBM:F013635,similar,06
BBM,BBM:F013617,BBM:F013625,similar,06
BBM,BBM:F013617,BBM:F013635,similar,06
BBM,BBM:F013625,BBM:F013635,similar,06
BBM,BBM:F013643,BBM:F035389,similar,06
BBM,BBM:F013672,BBM:F013684,similar,06
BBM,BBM:F013687,BBM:F013688,strict,06
BBM,BBM:F013687,BBM:F013689,strict,06
BBM,BBM:F013688,BBM:F013689,strict,06
BBM,BBM:F014065,BBM:F015724,similar,06
BBM,BBM:F014065,BBM:F034039,similar,06
BBM,BBM:F015724,BBM:F034039,similar,06
BBM,BBM:F014306,BBM:F014309,strict,06
BBM,BBM:F014672,BBM:F014726,strict,06
BBM,BBM:F015197,BBM:F033889,similar,06
BBM,BBM:F015197,BBM:F034539,similar,06
BBM,BBM:F033889,BBM:F034539,similar,06
BBM,BBM:F015244,BBM:F015272,similar,06
BBM,BBM:F015325,BBM:F015367,similar,06
BBM,BBM:F015325,BBM:F015389,similar,06
BBM,BBM:F015325,BBM:F015440,similar,06
BBM,BBM:F015367,BBM:F015389,similar,06
BBM,BBM:F015367,BBM:F015440,similar,06
BBM,BBM:F015389,BBM:F015440,similar,06
BBM,BBM:F015330,BBM:F015363,similar,06
BBM,BBM:F015346,BBM:F015359,similar,06
BBM,BBM:F015346,BBM:F015424,similar,06
BBM,BBM:F015346,BBM:F015428,similar,06
BBM,BBM:F015346,BBM:F015443,similar,06
BBM,BBM:F015359,BBM:F015424,similar,06
BBM,BBM:F015359,BBM:F015428,similar,06
BBM,BBM:F015359,BBM:F015443,similar,06
BBM,BBM:F015424,BBM:F015428,similar,06
BBM,BBM:F015424,BBM:F015443,similar,06
BBM,BBM:F015428,BBM:F015443,similar,06
BBM,BBM:F015353,BBM:F015376,similar,06
BBM,BBM:F015353,BBM:F015387,similar,06
BBM,BBM:F015353,BBM:F015423,similar,06
BBM,BBM:F015353,BBM:F015433,similar,06
BBM,BBM:F015353,BBM:F015439,similar,06
BBM,BBM:F015353,BBM:F015445,similar,06
BBM,BBM:F015376,BBM:F015387,similar,06
BBM,BBM:F015376,BBM:F015423,similar,06
BBM,BBM:F015376,BBM:F015433,similar,06
BBM,BBM:F015376,BBM:F015439,similar,06
BBM,BBM:F015376,BBM:F015445,similar,06
BBM,BBM:F015387,BBM:F015423,similar,06
BBM,BBM:F015387,BBM:F015433,similar,06
BBM,BBM:F015387,BBM:F015439,similar,06
BBM,BBM:F015387,BBM:F015445,similar,06
BBM,BBM:F015423,BBM:F015433,similar,06
BBM,BBM:F015423,BBM:F015439,similar,06
BBM,BBM:F015423,BBM:F015445,similar,06
BBM,BBM:F015433,BBM:F015439,similar,06
BBM,BBM:F015433,BBM:F015445,similar,06
BBM,BBM:F015439,BBM:F015445,similar,06
BBM,BBM:F015632,BBM:F015696,similar,06
BBM,BBM:F015632,BBM:F018900,similar,06
BBM,BBM:F015696,BBM:F018900,similar,06
BBM,BBM:F015640,BBM:F018818,similar,06
BBM,BBM:F015882,BBM:F015911,similar,06
BBM,BBM:F015900,BBM:F015935,strict,06
BBM,BBM:F015942,BBM:F015953,similar,06
BBM,BBM:F015942,BBM:F015971,similar,06
BBM,BBM:F015942,BBM:F016026,similar,06
BBM,BBM:F015942,BBM:F016041,similar,06
BBM,BBM:F015942,BBM:F016077,similar,06
BBM,BBM:F015942,BBM:F016147,similar,06
BBM,BBM:F015953,BBM:F015971,similar,06
BBM,BBM:F015953,BBM:F016026,similar,06
BBM,BBM:F015953,BBM:F016041,similar,06
BBM,BBM:F015953,BBM:F016077,similar,06
BBM,BBM:F015953,BBM:F016147,similar,06
BBM,BBM:F015971,BBM:F016026,similar,06
BBM,BBM:F015971,BBM:F016041,similar,06
BBM,BBM:F015971,BBM:F016077,similar,06
BBM,BBM:F015971,BBM:F016147,similar,06
BBM,BBM:F016026,BBM:F016041,similar,06
BBM,BBM:F016026,BBM:F016077,similar,06
BBM,BBM:F016026,BBM:F016147,similar,06
BBM,BBM:F016041,BBM:F016077,similar,06
BBM,BBM:F016041,BBM:F016147,similar,06
BBM,BBM:F016077,BBM:F016147,similar,06
BBM,BBM:F015943,BBM:F016149,similar,06
BBM,BBM:F015947,BBM:F016123,similar,06
BBM,BBM:F015957,BBM:F016058,similar,06
BBM,BBM:F015957,BBM:F016103,similar,06
BBM,BBM:F016058,BBM:F016103,similar,06
BBM,BBM:F015972,BBM:F016037,similar,06
BBM,BBM:F015987,BBM:F016075,similar,06
BBM,BBM:F015987,BBM:F016121,similar,06
BBM,BBM:F016075,BBM:F016121,similar,06
BBM,BBM:F016138,BBM:F016155,similar,06
BBM,BBM:F016257,BBM:F016260,strict,06
BBM,BBM:F016662,BBM:F030561,similar,06
BBM,BBM:F016685,BBM:F030508,similar,06
BBM,BBM:F017323,BBM:F017324,similar,06
BBM,BBM:F017423,BBM:F017474,similar,06
BBM,BBM:F018817,BBM:F035223,similar,06
BBM,BBM:F018817,BBM:F035642,similar,06
BBM,BBM:F018817,BBM:F035643,similar,06
BBM,BBM:F018817,BBM:F035644,similar,06
BBM,BBM:F035223,BBM:F035642,similar,06
BBM,BBM:F035223,BBM:F035643,similar,06
BBM,BBM:F035223,BBM:F035644,similar,06
BBM,BBM:F035642,BBM:F035643,similar,06
BBM,BBM:F035642,BBM:F035644,similar,06
BBM,BBM:F035643,BBM:F035644,similar,06
BBM,BBM:F018820,BBM:F034742,similar,06
BBM,BBM:F018828,BBM:F018829,similar,06
BBM,BBM:F018828,BBM:F034568,similar,06
BBM,BBM:F018828,BBM:F034711,similar,06
BBM,BBM:F018828,BBM:F035031,similar,06
BBM,BBM:F018829,BBM:F034568,similar,06
BBM,BBM:F018829,BBM:F034711,similar,06
BBM,BBM:F018829,BBM:F035031,similar,06
BBM,BBM:F034568,BBM:F034711,similar,06
BBM,BBM:F034568,BBM:F035031,similar,06
BBM,BBM:F034711,BBM:F035031,similar,06
BBM,BBM:F018833,BBM:F035189,similar,06
BBM,BBM:F018835,BBM:F018836,similar,06
BBM,BBM:F018835,BBM:F034702,similar,06
BBM,BBM:F018835,BBM:F035421,similar,06
BBM,BBM:F018835,BBM:F035558,similar,06
BBM,BBM:F018836,BBM:F034702,similar,06
BBM,BBM:F018836,BBM:F035421,similar,06
BBM,BBM:F018836,BBM:F035558,similar,06
BBM,BBM:F034702,BBM:F035421,similar,06
BBM,BBM:F034702,BBM:F035558,similar,06
BBM,BBM:F035421,BBM:F035558,similar,06
BBM,BBM:F018837,BBM:F018838,similar,06
BBM,BBM:F018841,BBM:F019839,similar,06
BBM,BBM:F018841,BBM:F019843,similar,06
BBM,BBM:F018841,BBM:F019846,similar,06
BBM,BBM:F018841,BBM:F019865,similar,06
BBM,BBM:F018841,BBM:F023177,similar,06
BBM,BBM:F019839,BBM:F019843,similar,06
BBM,BBM:F019839,BBM:F019846,similar,06
BBM,BBM:F019839,BBM:F019865,similar,06
BBM,BBM:F019839,BBM:F023177,similar,06
BBM,BBM:F019843,BBM:F019846,similar,06
BBM,BBM:F019843,BBM:F019865,similar,06
BBM,BBM:F019843,BBM:F023177,similar,06
BBM,BBM:F019846,BBM:F019865,similar,06
BBM,BBM:F019846,BBM:F023177,similar,06
BBM,BBM:F019865,BBM:F023177,similar,06
BBM,BBM:F018842,BBM:F018854,similar,06
BBM,BBM:F018843,BBM:F018849,similar,06
BBM,BBM:F018843,BBM:F018850,similar,06
BBM,BBM:F018843,BBM:F018851,similar,06
BBM,BBM:F018843,BBM:F034680,similar,06
BBM,BBM:F018843,BBM:F035645,similar,06
BBM,BBM:F018849,BBM:F018850,similar,06
BBM,BBM:F018849,BBM:F018851,similar,06
BBM,BBM:F018849,BBM:F034680,similar,06
BBM,BBM:F018849,BBM:F035645,similar,06
BBM,BBM:F018850,BBM:F018851,similar,06
BBM,BBM:F018850,BBM:F034680,similar,06
BBM,BBM:F018850,BBM:F035645,similar,06
BBM,BBM:F018851,BBM:F034680,similar,06
BBM,BBM:F018851,BBM:F035645,similar,06
BBM,BBM:F034680,BBM:F035645,similar,06
BBM,BBM:F018845,BBM:F018846,similar,06
BBM,BBM:F018847,BBM:F018848,similar,06
BBM,BBM:F018847,BBM:F018852,similar,06
BBM,BBM:F018847,BBM:F018853,similar,06
BBM,BBM:F018848,BBM:F018852,similar,06
BBM,BBM:F018848,BBM:F018853,similar,06
BBM,BBM:F018852,BBM:F018853,similar,06
BBM,BBM:F018855,BBM:F018865,strict,06
BBM,BBM:F018856,BBM:F018862,similar,06
BBM,BBM:F018857,BBM:F018861,similar,06
BBM,BBM:F018858,BBM:F018859,similar,06
BBM,BBM:F018858,BBM:F018860,similar,06
BBM,BBM:F018859,BBM:F018860,similar,06
BBM,BBM:F018863,BBM:F018864,strict,06
BBM,BBM:F018866,BBM:F018867,strict,06
BBM,BBM:F018868,BBM:F018869,strict,06
BBM,BBM:F018882,BBM:F018883,similar,06
BBM,BBM:F018885,BBM:F018886,similar,06
BBM,BBM:F018887,BBM:F018888,similar,06
BBM,BBM:F018891,BBM:F018892,similar,06
BBM,BBM:F018891,BBM:F035475,similar,06
BBM,BBM:F018892,BBM:F035475,similar,06
BBM,BBM:F018893,BBM:F018895,similar,06
BBM,BBM:F018893,BBM:F035679,similar,06
BBM,BBM:F018893,BBM:F035775,similar,06
BBM,BBM:F018893,BBM:F035799,similar,06
BBM,BBM:F018893,BBM:F035804,similar,06
BBM,BBM:F018893,BBM:F035808,similar,06
BBM,BBM:F018893,BBM:F035810,similar,06
BBM,BBM:F018895,BBM:F035679,similar,06
BBM,BBM:F018895,BBM:F035775,similar,06
BBM,BBM:F018895,BBM:F035799,similar,06
BBM,BBM:F018895,BBM:F035804,similar,06
BBM,BBM:F018895,BBM:F035808,similar,06
BBM,BBM:F018895,BBM:F035810,similar,06
BBM,BBM:F035679,BBM:F035775,similar,06
BBM,BBM:F035679,BBM:F035799,similar,06
BBM,BBM:F035679,BBM:F035804,similar,06
BBM,BBM:F035679,BBM:F035808,similar,06
BBM,BBM:F035679,BBM:F035810,similar,06
BBM,BBM:F035775,BBM:F035799,similar,06
BBM,BBM:F035775,BBM:F035804,similar,06
BBM,BBM:F035775,BBM:F035808,similar,06
BBM,BBM:F035775,BBM:F035810,similar,06
BBM,BBM:F035799,BBM:F035804,similar,06
BBM,BBM:F035799,BBM:F035808,similar,06
BBM,BBM:F035799,BBM:F035810,similar,06
BBM,BBM:F035804,BBM:F035808,similar,06
BBM,BBM:F035804,BBM:F035810,similar,06
BBM,BBM:F035808,BBM:F035810,similar,06
BBM,BBM:F018894,BBM:F019988,similar,06
BBM,BBM:F018897,BBM:F018898,strict,06
BBM,BBM:F018899,BBM:F018901,similar,06
BBM,BBM:F018899,BBM:F018902,similar,06
BBM,BBM:F018901,BBM:F018902,similar,06
BBM,BBM:F018903,BBM:F023174,similar,06
BBM,BBM:F018905,BBM:F018910,strict,06
BBM,BBM:F018905,BBM:F019999,strict,06
BBM,BBM:F018910,BBM:F019999,strict,06
BBM,BBM:F018906,BBM:F034305,similar,06
BBM,BBM:F018906,BBM:F034675,similar,06
BBM,BBM:F018906,BBM:F035383,similar,06
BBM,BBM:F018906,BBM:F035514,similar,06
BBM,BBM:F018906,BBM:F035680,similar,06
BBM,BBM:F018906,BBM:F035736,similar,06
BBM,BBM:F018906,BBM:F035773,similar,06
BBM,BBM:F034305,BBM:F034675,similar,06
BBM,BBM:F034305,BBM:F035383,similar,06
BBM,BBM:F034305,BBM:F035514,similar,06
BBM,BBM:F034305,BBM:F035680,similar,06
BBM,BBM:F034305,BBM:F035736,similar,06
BBM,BBM:F034305,BBM:F035773,similar,06
BBM,BBM:F034675,BBM:F035383,similar,06
BBM,BBM:F034675,BBM:F035514,similar,06
BBM,BBM:F034675,BBM:F035680,similar,06
BBM,BBM:F034675,BBM:F035736,similar,06
BBM,BBM:F034675,BBM:F035773,similar,06
BBM,BBM:F035383,BBM:F035514,similar,06
BBM,BBM:F035383,BBM:F035680,similar,06
BBM,BBM:F035383,BBM:F035736,similar,06
BBM,BBM:F035383,BBM:F035773,similar,06
BBM,BBM:F035514,BBM:F035680,similar,06
BBM,BBM:F035514,BBM:F035736,similar,06
BBM,BBM:F035514,BBM:F035773,similar,06
BBM,BBM:F035680,BBM:F035736,similar,06
BBM,BBM:F035680,BBM:F035773,similar,06
BBM,BBM:F035736,BBM:F035773,similar,06
BBM,BBM:F018907,BBM:F018908,similar,06
BBM,BBM:F018911,BBM:F018912,similar,06
BBM,BBM:F019836,BBM:F019842,similar,06
BBM,BBM:F019841,BBM:F019867,similar,06
BBM,BBM:F019856,BBM:F019857,strict,06
BBM,BBM:F019873,BBM:F035477,similar,06
BBM,BBM:F019873,BBM:F035530,similar,06
BBM,BBM:F035477,BBM:F035530,similar,06
BBM,BBM:F019878,BBM:F034873,similar,06
BBM,BBM:F019878,BBM:F035276,similar,06
BBM,BBM:F034873,BBM:F035276,similar,06
BBM,BBM:F019893,BBM:F019921,similar,06
BBM,BBM:F019898,BBM:F019901,similar,06
BBM,BBM:F019907,BBM:F019909,strict,06
BBM,BBM:F019919,BBM:F019920,strict,06
BBM,BBM:F019930,BBM:F019931,strict,06
BBM,BBM:F019935,BBM:F019947,similar,06
BBM,BBM:F019939,BBM:F019940,strict,06
BBM,BBM:F019945,BBM:F019951,strict,06
BBM,BBM:F019949,BBM:F019967,similar,06
BBM,BBM:F019958,BBM:F034603,similar,06
BBM,BBM:F019958,BBM:F034648,similar,06
BBM,BBM:F019958,BBM:F034679,similar,06
BBM,BBM:F019958,BBM:F034732,similar,06
BBM,BBM:F019958,BBM:F034841,similar,06
BBM,BBM:F019958,BBM:F034843,similar,06
BBM,BBM:F019958,BBM:F035382,similar,06
BBM,BBM:F019958,BBM:F035414,similar,06
BBM,BBM:F019958,BBM:F035499,similar,06
BBM,BBM:F019958,BBM:F035502,similar,06
BBM,BBM:F019958,BBM:F035553,similar,06
BBM,BBM:F034603,BBM:F034648,similar,06
BBM,BBM:F034603,BBM:F034679,similar,06
BBM,BBM:F034603,BBM:F034732,similar,06
BBM,BBM:F034603,BBM:F034841,similar,06
BBM,BBM:F034603,BBM:F034843,similar,06
BBM,BBM:F034603,BBM:F035382,similar,06
BBM,BBM:F034603,BBM:F035414,similar,06
BBM,BBM:F034603,BBM:F035499,similar,06
BBM,BBM:F034603,BBM:F035502,similar,06
BBM,BBM:F034603,BBM:F035553,similar,06
BBM,BBM:F034648,BBM:F034679,similar,06
BBM,BBM:F034648,BBM:F034732,similar,06
BBM,BBM:F034648,BBM:F034841,similar,06
BBM,BBM:F034648,BBM:F034843,similar,06
BBM,BBM:F034648,BBM:F035382,similar,06
BBM,BBM:F034648,BBM:F035414,similar,06
BBM,BBM:F034648,BBM:F035499,similar,06
BBM,BBM:F034648,BBM:F035502,similar,06
BBM,BBM:F034648,BBM:F035553,similar,06
BBM,BBM:F034679,BBM:F034732,similar,06
BBM,BBM:F034679,BBM:F034841,similar,06
BBM,BBM:F034679,BBM:F034843,similar,06
BBM,BBM:F034679,BBM:F035382,similar,06
BBM,BBM:F034679,BBM:F035414,similar,06
BBM,BBM:F034679,BBM:F035499,similar,06
BBM,BBM:F034679,BBM:F035502,similar,06
BBM,BBM:F034679,BBM:F035553,similar,06
BBM,BBM:F034732,BBM:F034841,similar,06
BBM,BBM:F034732,BBM:F034843,similar,06
BBM,BBM:F034732,BBM:F035382,similar,06
BBM,BBM:F034732,BBM:F035414,similar,06
BBM,BBM:F034732,BBM:F035499,similar,06
BBM,BBM:F034732,BBM:F035502,similar,06
BBM,BBM:F034732,BBM:F035553,similar,06
BBM,BBM:F034841,BBM:F034843,similar,06
BBM,BBM:F034841,BBM:F035382,similar,06
BBM,BBM:F034841,BBM:F035414,similar,06
BBM,BBM:F034841,BBM:F035499,similar,06
BBM,BBM:F034841,BBM:F035502,similar,06
BBM,BBM:F034841,BBM:F035553,similar,06
BBM,BBM:F034843,BBM:F035382,similar,06
BBM,BBM:F034843,BBM:F035414,similar,06
BBM,BBM:F034843,BBM:F035499,similar,06
BBM,BBM:F034843,BBM:F035502,similar,06
BBM,BBM:F034843,BBM:F035553,similar,06
BBM,BBM:F035382,BBM:F035414,similar,06
BBM,BBM:F035382,BBM:F035499,similar,06
BBM,BBM:F035382,BBM:F035502,similar,06
BBM,BBM:F035382,BBM:F035553,similar,06
BBM,BBM:F035414,BBM:F035499,similar,06
BBM,BBM:F035414,BBM:F035502,similar,06
BBM,BBM:F035414,BBM:F035553,similar,06
BBM,BBM:F035499,BBM:F035502,similar,06
BBM,BBM:F035499,BBM:F035553,similar,06
BBM,BBM:F035502,BBM:F035553,similar,06
BBM,BBM:F019971,BBM:F019978,similar,06
BBM,BBM:F019974,BBM:F019979,similar,06
BBM,BBM:F019974,BBM:F019980,similar,06
BBM,BBM:F019979,BBM:F019980,similar,06
BBM,BBM:F019981,BBM:F035671,similar,06
BBM,BBM:F019981,BBM:F035683,similar,06
BBM,BBM:F019981,BBM:F035734,similar,06
BBM,BBM:F019981,BBM:F035735,similar,06
BBM,BBM:F019981,BBM:F035761,similar,06
BBM,BBM:F035671,BBM:F035683,similar,06
BBM,BBM:F035671,BBM:F035734,similar,06
BBM,BBM:F035671,BBM:F035735,similar,06
BBM,BBM:F035671,BBM:F035761,similar,06
BBM,BBM:F035683,BBM:F035734,similar,06
BBM,BBM:F035683,BBM:F035735,similar,06
BBM,BBM:F035683,BBM:F035761,similar,06
BBM,BBM:F035734,BBM:F035735,similar,06
BBM,BBM:F035734,BBM:F035761,similar,06
BBM,BBM:F035735,BBM:F035761,similar,06
BBM,BBM:F019990,BBM:F022955,similar,06
BBM,BBM:F019990,BBM:F022956,similar,06
BBM,BBM:F022955,BBM:F022956,similar,06
BBM,BBM:F019991,BBM:F019994,similar,06
BBM,BBM:F019997,BBM:F020004,similar,06
BBM,BBM:F019997,BBM:F020027,similar,06
BBM,BBM:F020004,BBM:F020027,similar,06
BBM,BBM:F020913,BBM:F020937,similar,06
BBM,BBM:F021034,BBM:F021107,strict,06
BBM,BBM:F021299,BBM:F021513,similar,06
BBM,BBM:F021299,BBM:F021688,similar,06
BBM,BBM:F021299,BBM:F021923,similar,06
BBM,BBM:F021513,BBM:F021688,similar,06
BBM,BBM:F021513,BBM:F021923,similar,06
BBM,BBM:F021688,BBM:F021923,similar,06
BBM,BBM:F021456,BBM:F021728,similar,06
BBM,BBM:F021481,BBM:F021742,similar,06
BBM,BBM:F021561,BBM:F021597,strict,06
BBM,BBM:F021701,BBM:F021712,similar,06
BBM,BBM:F021701,BBM:F028400,similar,06
BBM,BBM:F021701,BBM:F033484,similar,06
BBM,BBM:F021712,BBM:F028400,similar,06
BBM,BBM:F021712,BBM:F033484,similar,06
BBM,BBM:F028400,BBM:F033484,similar,06
BBM,BBM:F022394,BBM:F022426,similar,06
BBM,BBM:F022841,BBM:F022864,strict,06
BBM,BBM:F022866,BBM:F022881,strict,06
BBM,BBM:F022866,BBM:F022885,strict,06
BBM,BBM:F022881,BBM:F022885,strict,06
BBM,BBM:F022940,BBM:F023001,similar,06
BBM,BBM:F022940,BBM:F023026,similar,06
BBM,BBM:F023001,BBM:F023026,similar,06
BBM,BBM:F022944,BBM:F034243,similar,06
BBM,BBM:F022944,BBM:F034850,similar,06
BBM,BBM:F034243,BBM:F034850,similar,06
BBM,BBM:F022945,BBM:F023168,similar,06
BBM,BBM:F022948,BBM:F034647,similar,06
BBM,BBM:F022948,BBM:F034859,similar,06
BBM,BBM:F022948,BBM:F034865,similar,06
BBM,BBM:F022948,BBM:F035488,similar,06
BBM,BBM:F022948,BBM:F035504,similar,06
BBM,BBM:F022948,BBM:F035518,similar,06
BBM,BBM:F034647,BBM:F034859,similar,06
BBM,BBM:F034647,BBM:F034865,similar,06
BBM,BBM:F034647,BBM:F035488,similar,06
BBM,BBM:F034647,BBM:F035504,similar,06
BBM,BBM:F034647,BBM:F035518,similar,06
BBM,BBM:F034859,BBM:F034865,similar,06
BBM,BBM:F034859,BBM:F035488,similar,06
BBM,BBM:F034859,BBM:F035504,similar,06
BBM,BBM:F034859,BBM:F035518,similar,06
BBM,BBM:F034865,BBM:F035488,similar,06
BBM,BBM:F034865,BBM:F035504,similar,06
BBM,BBM:F034865,BBM:F035518,similar,06
BBM,BBM:F035488,BBM:F035504,similar,06
BBM,BBM:F035488,BBM:F035518,similar,06
BBM,BBM:F035504,BBM:F035518,similar,06
BBM,BBM:F022951,BBM:F034244,similar,06
BBM,BBM:F022951,BBM:F034264,similar,06
BBM,BBM:F022951,BBM:F034283,similar,06
BBM,BBM:F022951,BBM:F034289,similar,06
BBM,BBM:F022951,BBM:F034601,similar,06
BBM,BBM:F022951,BBM:F034717,similar,06
BBM,BBM:F022951,BBM:F035219,similar,06
BBM,BBM:F022951,BBM:F035220,similar,06
BBM,BBM:F022951,BBM:F035533,similar,06
BBM,BBM:F022951,BBM:F035733,similar,06
BBM,BBM:F034244,BBM:F034264,similar,06
BBM,BBM:F034244,BBM:F034283,similar,06
BBM,BBM:F034244,BBM:F034289,similar,06
BBM,BBM:F034244,BBM:F034601,similar,06
BBM,BBM:F034244,BBM:F034717,similar,06
BBM,BBM:F034244,BBM:F035219,similar,06
BBM,BBM:F034244,BBM:F035220,similar,06
BBM,BBM:F034244,BBM:F035533,similar,06
BBM,BBM:F034244,BBM:F035733,similar,06
BBM,BBM:F034264,BBM:F034283,similar,06
BBM,BBM:F034264,BBM:F034289,similar,06
BBM,BBM:F034264,BBM:F034601,similar,06
BBM,BBM:F034264,BBM:F034717,similar,06
BBM,BBM:F034264,BBM:F035219,similar,06
BBM,BBM:F034264,BBM:F035220,similar,06
BBM,BBM:F034264,BBM:F035533,similar,06
BBM,BBM:F034264,BBM:F035733,similar,06
BBM,BBM:F034283,BBM:F034289,similar,06
BBM,BBM:F034283,BBM:F034601,similar,06
BBM,BBM:F034283,BBM:F034717,similar,06
BBM,BBM:F034283,BBM:F035219,similar,06
BBM,BBM:F034283,BBM:F035220,similar,06
BBM,BBM:F034283,BBM:F035533,similar,06
BBM,BBM:F034283,BBM:F035733,similar,06
BBM,BBM:F034289,BBM:F034601,similar,06
BBM,BBM:F034289,BBM:F034717,similar,06
BBM,BBM:F034289,BBM:F035219,similar,06
BBM,BBM:F034289,BBM:F035220,similar,06
BBM,BBM:F034289,BBM:F035533,similar,06
BBM,BBM:F034289,BBM:F035733,similar,06
BBM,BBM:F034601,BBM:F034717,similar,06
BBM,BBM:F034601,BBM:F035219,similar,06
BBM,BBM:F034601,BBM:F035220,similar,06
BBM,BBM:F034601,BBM:F035533,similar,06
BBM,BBM:F034601,BBM:F035733,similar,06
BBM,BBM:F034717,BBM:F035219,similar,06
BBM,BBM:F034717,BBM:F035220,similar,06
BBM,BBM:F034717,BBM:F035533,similar,06
BBM,BBM:F034717,BBM:F035733,similar,06
BBM,BBM:F035219,BBM:F035220,similar,06
BBM,BBM:F035219,BBM:F035533,similar,06
BBM,BBM:F035219,BBM:F035733,similar,06
BBM,BBM:F035220,BBM:F035533,similar,06
BBM,BBM:F035220,BBM:F035733,similar,06
BBM,BBM:F035533,BBM:F035733,similar,06
BBM,BBM:F022953,BBM:F022954,strict,06
BBM,BBM:F022961,BBM:F023099,similar,06
BBM,BBM:F022961,BBM:F034681,similar,06
BBM,BBM:F023099,BBM:F034681,similar,06
BBM,BBM:F022964,BBM:F023015,similar,06
BBM,BBM:F022967,BBM:F035258,similar,06
BBM,BBM:F022967,BBM:F035612,similar,06
BBM,BBM:F035258,BBM:F035612,similar,06
BBM,BBM:F022968,BBM:F023005,similar,06
BBM,BBM:F022968,BBM:F023027,similar,06
BBM,BBM:F022968,BBM:F023049,similar,06
BBM,BBM:F022968,BBM:F023056,similar,06
BBM,BBM:F022968,BBM:F023084,similar,06
BBM,BBM:F022968,BBM:F023085,similar,06
BBM,BBM:F023005,BBM:F023027,similar,06
BBM,BBM:F023005,BBM:F023049,similar,06
BBM,BBM:F023005,BBM:F023056,similar,06
BBM,BBM:F023005,BBM:F023084,similar,06
BBM,BBM:F023005,BBM:F023085,similar,06
BBM,BBM:F023027,BBM:F023049,similar,06
BBM,BBM:F023027,BBM:F023056,similar,06
BBM,BBM:F023027,BBM:F023084,similar,06
BBM,BBM:F023027,BBM:F023085,similar,06
BBM,BBM:F023049,BBM:F023056,similar,06
BBM,BBM:F023049,BBM:F023084,similar,06
BBM,BBM:F023049,BBM:F023085,similar,06
BBM,BBM:F023056,BBM:F023084,similar,06
BBM,BBM:F023056,BBM:F023085,similar,06
BBM,BBM:F023084,BBM:F023085,similar,06
BBM,BBM:F022969,BBM:F023025,similar,06
BBM,BBM:F022969,BBM:F023028,similar,06
BBM,BBM:F023025,BBM:F023028,similar,06
BBM,BBM:F022970,BBM:F023032,similar,06
BBM,BBM:F022971,BBM:F023081,similar,06
BBM,BBM:F022971,BBM:F023098,similar,06
BBM,BBM:F023081,BBM:F023098,similar,06
BBM,BBM:F022972,BBM:F022998,strict,06
BBM,BBM:F022973,BBM:F022974,strict,06
BBM,BBM:F022973,BBM:F022999,strict,06
BBM,BBM:F022974,BBM:F022999,strict,06
BBM,BBM:F022975,BBM:F023046,similar,06
BBM,BBM:F022975,BBM:F023047,similar,06
BBM,BBM:F022975,BBM:F023048,similar,06
BBM,BBM:F022975,BBM:F023077,similar,06
BBM,BBM:F023046,BBM:F023047,similar,06
BBM,BBM:F023046,BBM:F023048,similar,06
BBM,BBM:F023046,BBM:F023077,similar,06
BBM,BBM:F023047,BBM:F023048,similar,06
BBM,BBM:F023047,BBM:F023077,similar,06
BBM,BBM:F023048,BBM:F023077,similar,06
BBM,BBM:F022980,BBM:F023036,similar,06
BBM,BBM:F022980,BBM:F023065,similar,06
BBM,BBM:F022980,BBM:F023066,similar,06
BBM,BBM:F022980,BBM:F023075,similar,06
BBM,BBM:F023036,BBM:F023065,similar,06
BBM,BBM:F023036,BBM:F023066,similar,06
BBM,BBM:F023036,BBM:F023075,similar,06
BBM,BBM:F023065,BBM:F023066,similar,06
BBM,BBM:F023065,BBM:F023075,similar,06
BBM,BBM:F023066,BBM:F023075,similar,06
BBM,BBM:F022981,BBM:F023076,similar,06
BBM,BBM:F022982,BBM:F023072,similar,06
BBM,BBM:F022982,BBM:F023101,similar,06
BBM,BBM:F023072,BBM:F023101,similar,06
BBM,BBM:F022986,BBM:F023043,similar,06
BBM,BBM:F022986,BBM:F023070,similar,06
BBM,BBM:F023043,BBM:F023070,similar,06
BBM,BBM:F022987,BBM:F023042,similar,06
BBM,BBM:F022990,BBM:F023044,similar,06
BBM,BBM:F022992,BBM:F027026,similar,06
BBM,BBM:F023002,BBM:F023078,similar,06
BBM,BBM:F023002,BBM:F023083,similar,06
BBM,BBM:F023078,BBM:F023083,similar,06
BBM,BBM:F023003,BBM:F023050,similar,06
BBM,BBM:F023003,BBM:F023079,similar,06
BBM,BBM:F023003,BBM:F023080,similar,06
BBM,BBM:F023050,BBM:F023079,similar,06
BBM,BBM:F023050,BBM:F023080,similar,06
BBM,BBM:F023079,BBM:F023080,similar,06
BBM,BBM:F023004,BBM:F023089,similar,06
BBM,BBM:F023006,BBM:F023105,similar,06
BBM,BBM:F023017,BBM:F023018,strict,06
BBM,BBM:F023020,BBM:F023021,strict,06
BBM,BBM:F023024,BBM:F023031,similar,06
BBM,BBM:F023029,BBM:F023054,similar,06
BBM,BBM:F023029,BBM:F023055,similar,06
BBM,BBM:F023029,BBM:F023086,similar,06
BBM,BBM:F023029,BBM:F023087,similar,06
BBM,BBM:F023029,BBM:F023088,similar,06
BBM,BBM:F023029,BBM:F024123,similar,06
BBM,BBM:F023054,BBM:F023055,similar,06
BBM,BBM:F023054,BBM:F023086,similar,06
BBM,BBM:F023054,BBM:F023087,similar,06
BBM,BBM:F023054,BBM:F023088,similar,06
BBM,BBM:F023054,BBM:F024123,similar,06
BBM,BBM:F023055,BBM:F023086,similar,06
BBM,BBM:F023055,BBM:F023087,similar,06
BBM,BBM:F023055,BBM:F023088,similar,06
BBM,BBM:F023055,BBM:F024123,similar,06
BBM,BBM:F023086,BBM:F023087,similar,06
BBM,BBM:F023086,BBM:F023088,similar,06
BBM,BBM:F023086,BBM:F024123,similar,06
BBM,BBM:F023087,BBM:F023088,similar,06
BBM,BBM:F023087,BBM:F024123,similar,06
BBM,BBM:F023088,BBM:F024123,similar,06
BBM,BBM:F023033,BBM:F023061,similar,06
BBM,BBM:F023033,BBM:F023090,similar,06
BBM,BBM:F023033,BBM:F023092,similar,06
BBM,BBM:F023061,BBM:F023090,similar,06
BBM,BBM:F023061,BBM:F023092,similar,06
BBM,BBM:F023090,BBM:F023092,similar,06
BBM,BBM:F023034,BBM:F023063,similar,06
BBM,BBM:F023034,BBM:F023073,similar,06
BBM,BBM:F023063,BBM:F023073,similar,06
BBM,BBM:F023035,BBM:F023069,similar,06
BBM,BBM:F023035,BBM:F023096,similar,06
BBM,BBM:F023069,BBM:F023096,similar,06
BBM,BBM:F023037,BBM:F023038,strict,06
mo,MO:83437,MO:106001,strict,06
BBM,BBM:F023040,BBM:F023041,strict,06
BBM,BBM:F023051,BBM:F023052,strict,06
BBM,BBM:F023057,BBM:F023059,similar,06
BBM,BBM:F023060,BBM:F023100,similar,06
BBM,BBM:F023067,BBM:F023068,strict,06
BBM,BBM:F023071,BBM:F023094,similar,06
BBM,BBM:F023071,BBM:F023097,similar,06
BBM,BBM:F023094,BBM:F023097,similar,06
BBM,BBM:F023121,BBM:F023180,similar,06
BBM,BBM:F023778,BBM:F023779,strict,06
BBM,BBM:F023911,BBM:F023912,strict,06
BBM,BBM:F023911,BBM:F030066,strict,06
BBM,BBM:F023912,BBM:F030066,strict,06
BBM,BBM:F023913,BBM:F030077,strict,06
BBM,BBM:F023914,BBM:F030049,strict,06
BBM,BBM:F023914,BBM:F030051,strict,06
BBM,BBM:F023914,BBM:F030068,strict,06
BBM,BBM:F023914,BBM:F030069,strict,06
BBM,BBM:F030049,BBM:F030051,strict,06
BBM,BBM:F030049,BBM:F030068,strict,06
BBM,BBM:F030049,BBM:F030069,strict,06
BBM,BBM:F030051,BBM:F030068,strict,06
BBM,BBM:F030051,BBM:F030069,strict,06
BBM,BBM:F030068,BBM:F030069,strict,06
BBM,BBM:F026032,BBM:F026155,similar,06
BBM,BBM:F026032,BBM:F026156,similar,06
BBM,BBM:F026032,BBM:F026157,similar,06
BBM,BBM:F026032,BBM:F026158,similar,06
BBM,BBM:F026032,BBM:F026159,similar,06
BBM,BBM:F026032,BBM:F026207,similar,06
BBM,BBM:F026032,BBM:F026363,similar,06
BBM,BBM:F026032,BBM:F033362,similar,06
BBM,BBM:F026155,BBM:F026156,similar,06
BBM,BBM:F026155,BBM:F026157,similar,06
BBM,BBM:F026155,BBM:F026158,similar,06
BBM,BBM:F026155,BBM:F026159,similar,06
BBM,BBM:F026155,BBM:F026207,similar,06
BBM,BBM:F026155,BBM:F026363,similar,06
BBM,BBM:F026155,BBM:F033362,similar,06
BBM,BBM:F026156,BBM:F026157,similar,06
BBM,BBM:F026156,BBM:F026158,similar,06
BBM,BBM:F026156,BBM:F026159,similar,06
BBM,BBM:F026156,BBM:F026207,similar,06
BBM,BBM:F026156,BBM:F026363,similar,06
BBM,BBM:F026156,BBM:F033362,similar,06
BBM,BBM:F026157,BBM:F026158,similar,06
BBM,BBM:F026157,BBM:F026159,similar,06
BBM,BBM:F026157,BBM:F026207,similar,06
BBM,BBM:F026157,BBM:F026363,similar,06
BBM,BBM:F026157,BBM:F033362,similar,06
BBM,BBM:F026158,BBM:F026159,similar,06
BBM,BBM:F026158,BBM:F026207,similar,06
BBM,BBM:F026158,BBM:F026363,similar,06
BBM,BBM:F026158,BBM:F033362,similar,06
BBM,BBM:F026159,BBM:F026207,similar,06
BBM,BBM:F026159,BBM:F026363,similar,06
BBM,BBM:F026159,BBM:F033362,similar,06
BBM,BBM:F026207,BBM:F026363,similar,06
BBM,BBM:F026207,BBM:F033362,similar,06
BBM,BBM:F026363,BBM:F033362,similar,06
mo,MO:139073,MO:148516,similar,06
BBM,BBM:F026073,BBM:F026095,similar,06
BBM,BBM:F026073,BBM:F026096,similar,06
BBM,BBM:F026095,BBM:F026096,similar,06
BBM,BBM:F026074,BBM:F026075,strict,06
BBM,BBM:F026076,BBM:F026237,similar,06
BBM,BBM:F026097,BBM:F026122,similar,06
BBM,BBM:F026097,BBM:F026153,similar,06
BBM,BBM:F026097,BBM:F026154,similar,06
BBM,BBM:F026097,BBM:F026206,similar,06
BBM,BBM:F026097,BBM:F033361,similar,06
BBM,BBM:F026122,BBM:F026153,similar,06
BBM,BBM:F026122,BBM:F026154,similar,06
BBM,BBM:F026122,BBM:F026206,similar,06
BBM,BBM:F026122,BBM:F033361,similar,06
BBM,BBM:F026153,BBM:F026154,similar,06
BBM,BBM:F026153,BBM:F026206,similar,06
BBM,BBM:F026153,BBM:F033361,similar,06
BBM,BBM:F026154,BBM:F026206,similar,06
BBM,BBM:F026154,BBM:F033361,similar,06
BBM,BBM:F026206,BBM:F033361,similar,06
BBM,BBM:F026148,BBM:F026149,strict,06
mo,MO:148514,MO:148517,strict,06
BBM,BBM:F026151,BBM:F026152,strict,06
BBM,BBM:F026203,BBM:F026338,similar,06
BBM,BBM:F026204,BBM:F026262,similar,06
BBM,BBM:F026204,BBM:F026263,similar,06
BBM,BBM:F026204,BBM:F026304,similar,06
BBM,BBM:F026262,BBM:F026263,similar,06
BBM,BBM:F026262,BBM:F026304,similar,06
BBM,BBM:F026263,BBM:F026304,similar,06
BBM,BBM:F026305,BBM:F026364,similar,06
BBM,BBM:F026305,BBM:F033345,similar,06
BBM,BBM:F026364,BBM:F033345,similar,06
mo,MO:123269,MO:152317,similar,06
BBM,BBM:F026339,BBM:F031198,strict,06
BBM,BBM:F027054,BBM:F027055,strict,06
BBM,BBM:F028287,BBM:F028288,strict,06
BBM,BBM:F028287,BBM:F028289,strict,06
BBM,BBM:F028288,BBM:F028289,strict,06
BBM,BBM:F028313,BBM:F028314,strict,06
BBM,BBM:F028315,BBM:F028316,strict,06
BBM,BBM:F028317,BBM:F028318,strict,06
BBM,BBM:F028482,BBM:F028485,similar,06
BBM,BBM:F030020,BBM:F030042,strict,06
BBM,BBM:F030021,BBM:F030022,strict,06
BBM,BBM:F030021,BBM:F030023,strict,06
BBM,BBM:F030021,BBM:F030039,strict,06
BBM,BBM:F030021,BBM:F030040,strict,06
BBM,BBM:F030021,BBM:F030041,strict,06
BBM,BBM:F030022,BBM:F030023,strict,06
BBM,BBM:F030022,BBM:F030039,strict,06
BBM,BBM:F030022,BBM:F030040,strict,06
BBM,BBM:F030022,BBM:F030041,strict,06
BBM,BBM:F030023,BBM:F030039,strict,06
BBM,BBM:F030023,BBM:F030040,strict,06
BBM,BBM:F030023,BBM:F030041,strict,06
BBM,BBM:F030039,BBM:F030040,strict,06
BBM,BBM:F030039,BBM:F030041,strict,06
BBM,BBM:F030040,BBM:F030041,strict,06
BBM,BBM:F030024,BBM:F030026,strict,06
BBM,BBM:F030028,BBM:F030029,strict,06
BBM,BBM:F030028,BBM:F030030,strict,06
BBM,BBM:F030028,BBM:F030031,strict,06
BBM,BBM:F030028,BBM:F030032,strict,06
BBM,BBM:F030028,BBM:F030033,strict,06
BBM,BBM:F030029,BBM:F030030,strict,06
BBM,BBM:F030029,BBM:F030031,strict,06
BBM,BBM:F030029,BBM:F030032,strict,06
BBM,BBM:F030029,BBM:F030033,strict,06
BBM,BBM:F030030,BBM:F030031,strict,06
BBM,BBM:F030030,BBM:F030032,strict,06
BBM,BBM:F030030,BBM:F030033,strict,06
BBM,BBM:F030031,BBM:F030032,strict,06
BBM,BBM:F030031,BBM:F030033,strict,06
BBM,BBM:F030032,BBM:F030033,strict,06
BBM,BBM:F030036,BBM:F030037,strict,06
BBM,BBM:F030038,BBM:F030141,similar,06
BBM,BBM:F030045,BBM:F030046,strict,06
BBM,BBM:F030045,BBM:F030047,strict,06
BBM,BBM:F030045,BBM:F030048,strict,06
BBM,BBM:F030046,BBM:F030047,strict,06
BBM,BBM:F030046,BBM:F030048,strict,06
BBM,BBM:F030047,BBM:F030048,strict,06
BBM,BBM:F030050,BBM:F030053,strict,06
BBM,BBM:F030050,BBM:F030070,strict,06
BBM,BBM:F030050,BBM:F030071,strict,06
BBM,BBM:F030050,BBM:F030072,strict,06
BBM,BBM:F030050,BBM:F030073,strict,06
BBM,BBM:F030050,BBM:F030075,strict,06
BBM,BBM:F030050,BBM:F030076,strict,06
BBM,BBM:F030050,BBM:F030078,strict,06
BBM,BBM:F030050,BBM:F030079,strict,06
BBM,BBM:F030053,BBM:F030070,strict,06
BBM,BBM:F030053,BBM:F030071,strict,06
BBM,BBM:F030053,BBM:F030072,strict,06
BBM,BBM:F030053,BBM:F030073,strict,06
BBM,BBM:F030053,BBM:F030075,strict,06
BBM,BBM:F030053,BBM:F030076,strict,06
BBM,BBM:F030053,BBM:F030078,strict,06
BBM,BBM:F030053,BBM:F030079,strict,06
BBM,BBM:F030070,BBM:F030071,strict,06
BBM,BBM:F030070,BBM:F030072,strict,06
BBM,BBM:F030070,BBM:F030073,strict,06
BBM,BBM:F030070,BBM:F030075,strict,06
BBM,BBM:F030070,BBM:F030076,strict,06
BBM,BBM:F030070,BBM:F030078,strict,06
BBM,BBM:F030070,BBM:F030079,strict,06
BBM,BBM:F030071,BBM:F030072,strict,06
BBM,BBM:F030071,BBM:F030073,strict,06
BBM,BBM:F030071,BBM:F030075,strict,06
BBM,BBM:F030071,BBM:F030076,strict,06
BBM,BBM:F030071,BBM:F030078,strict,06
BBM,BBM:F030071,BBM:F030079,strict,06
BBM,BBM:F030072,BBM:F030073,strict,06
BBM,BBM:F030072,BBM:F030075,strict,06
BBM,BBM:F030072,BBM:F030076,strict,06
BBM,BBM:F030072,BBM:F030078,strict,06
BBM,BBM:F030072,BBM:F030079,strict,06
BBM,BBM:F030073,BBM:F030075,strict,06
BBM,BBM:F030073,BBM:F030076,strict,06
BBM,BBM:F030073,BBM:F030078,strict,06
BBM,BBM:F030073,BBM:F030079,strict,06
BBM,BBM:F030075,BBM:F030076,strict,06
BBM,BBM:F030075,BBM:F030078,strict,06
BBM,BBM:F030075,BBM:F030079,strict,06
BBM,BBM:F030076,BBM:F030078,strict,06
BBM,BBM:F030076,BBM:F030079,strict,06
BBM,BBM:F030078,BBM:F030079,strict,06
BBM,BBM:F030052,BBM:F030054,strict,06
BBM,BBM:F030055,BBM:F030056,strict,06
BBM,BBM:F030055,BBM:F030057,strict,06
BBM,BBM:F030055,BBM:F030058,strict,06
BBM,BBM:F030055,BBM:F030059,strict,06
BBM,BBM:F030055,BBM:F030067,strict,06
BBM,BBM:F030056,BBM:F030057,strict,06
BBM,BBM:F030056,BBM:F030058,strict,06
BBM,BBM:F030056,BBM:F030059,strict,06
BBM,BBM:F030056,BBM:F030067,strict,06
BBM,BBM:F030057,BBM:F030058,strict,06
BBM,BBM:F030057,BBM:F030059,strict,06
BBM,BBM:F030057,BBM:F030067,strict,06
BBM,BBM:F030058,BBM:F030059,strict,06
BBM,BBM:F030058,BBM:F030067,strict,06
BBM,BBM:F030059,BBM:F030067,strict,06
BBM,BBM:F030060,BBM:F030061,strict,06
BBM,BBM:F030060,BBM:F030062,strict,06
BBM,BBM:F030060,BBM:F030063,strict,06
BBM,BBM:F030061,BBM:F030062,strict,06
BBM,BBM:F030061,BBM:F030063,strict,06
BBM,BBM:F030062,BBM:F030063,strict,06
BBM,BBM:F030084,BBM:F030085,strict,06
BBM,BBM:F030084,BBM:F030086,strict,06
BBM,BBM:F030084,BBM:F030087,strict,06
BBM,BBM:F030085,BBM:F030086,strict,06
BBM,BBM:F030085,BBM:F030087,strict,06
BBM,BBM:F030086,BBM:F030087,strict,06
BBM,BBM:F030090,BBM:F030092,strict,06
BBM,BBM:F030090,BBM:F030093,strict,06
BBM,BBM:F030090,BBM:F030096,strict,06
BBM,BBM:F030090,BBM:F030097,strict,06
BBM,BBM:F030090,BBM:F030098,strict,06
BBM,BBM:F030090,BBM:F030099,strict,06
BBM,BBM:F030090,BBM:F030100,strict,06
BBM,BBM:F030092,BBM:F030093,strict,06
BBM,BBM:F030092,BBM:F030096,strict,06
BBM,BBM:F030092,BBM:F030097,strict,06
BBM,BBM:F030092,BBM:F030098,strict,06
BBM,BBM:F030092,BBM:F030099,strict,06
BBM,BBM:F030092,BBM:F030100,strict,06
BBM,BBM:F030093,BBM:F030096,strict,06
BBM,BBM:F030093,BBM:F030097,strict,06
BBM,BBM:F030093,BBM:F030098,strict,06
BBM,BBM:F030093,BBM:F030099,strict,06
BBM,BBM:F030093,BBM:F030100,strict,06
BBM,BBM:F030096,BBM:F030097,strict,06
BBM,BBM:F030096,BBM:F030098,strict,06
BBM,BBM:F030096,BBM:F030099,strict,06
BBM,BBM:F030096,BBM:F030100,strict,06
BBM,BBM:F030097,BBM:F030098,strict,06
BBM,BBM:F030097,BBM:F030099,strict,06
BBM,BBM:F030097,BBM:F030100,strict,06
BBM,BBM:F030098,BBM:F030099,strict,06
BBM,BBM:F030098,BBM:F030100,strict,06
BBM,BBM:F030099,BBM:F030100,strict,06
BBM,BBM:F030091,BBM:F030094,strict,06
BBM,BBM:F030091,BBM:F030095,strict,06
BBM,BBM:F030094,BBM:F030095,strict,06
BBM,BBM:F030102,BBM:F030103,strict,06
BBM,BBM:F030102,BBM:F030104,strict,06
BBM,BBM:F030102,BBM:F030106,strict,06
BBM,BBM:F030102,BBM:F030107,strict,06
BBM,BBM:F030102,BBM:F030108,strict,06
BBM,BBM:F030103,BBM:F030104,strict,06
BBM,BBM:F030103,BBM:F030106,strict,06
BBM,BBM:F030103,BBM:F030107,strict,06
BBM,BBM:F030103,BBM:F030108,strict,06
BBM,BBM:F030104,BBM:F030106,strict,06
BBM,BBM:F030104,BBM:F030107,strict,06
BBM,BBM:F030104,BBM:F030108,strict,06
BBM,BBM:F030106,BBM:F030107,strict,06
BBM,BBM:F030106,BBM:F030108,strict,06
BBM,BBM:F030107,BBM:F030108,strict,06
BBM,BBM:F030110,BBM:F030111,strict,06
BBM,BBM:F030110,BBM:F030113,strict,06
BBM,BBM:F030110,BBM:F030119,strict,06
BBM,BBM:F030110,BBM:F030120,strict,06
BBM,BBM:F030111,BBM:F030113,strict,06
BBM,BBM:F030111,BBM:F030119,strict,06
BBM,BBM:F030111,BBM:F030120,strict,06
BBM,BBM:F030113,BBM:F030119,strict,06
BBM,BBM:F030113,BBM:F030120,strict,06
BBM,BBM:F030119,BBM:F030120,strict,06
BBM,BBM:F030112,BBM:F030114,strict,06
BBM,BBM:F030112,BBM:F030115,strict,06
BBM,BBM:F030112,BBM:F030116,strict,06
BBM,BBM:F030112,BBM:F030117,strict,06
BBM,BBM:F030112,BBM:F030118,strict,06
BBM,BBM:F030114,BBM:F030115,strict,06
BBM,BBM:F030114,BBM:F030116,strict,06
BBM,BBM:F030114,BBM:F030117,strict,06
BBM,BBM:F030114,BBM:F030118,strict,06
BBM,BBM:F030115,BBM:F030116,strict,06
BBM,BBM:F030115,BBM:F030117,strict,06
BBM,BBM:F030115,BBM:F030118,strict,06
BBM,BBM:F030116,BBM:F030117,strict,06
BBM,BBM:F030116,BBM:F030118,strict,06
BBM,BBM:F030117,BBM:F030118,strict,06
BBM,BBM:F030121,BBM:F030122,strict,06
BBM,BBM:F030121,BBM:F030123,strict,06
BBM,BBM:F030121,BBM:F030124,strict,06
BBM,BBM:F030121,BBM:F030127,strict,06
BBM,BBM:F030121,BBM:F030136,strict,06
BBM,BBM:F030122,BBM:F030123,strict,06
BBM,BBM:F030122,BBM:F030124,strict,06
BBM,BBM:F030122,BBM:F030127,strict,06
BBM,BBM:F030122,BBM:F030136,strict,06
BBM,BBM:F030123,BBM:F030124,strict,06
BBM,BBM:F030123,BBM:F030127,strict,06
BBM,BBM:F030123,BBM:F030136,strict,06
BBM,BBM:F030124,BBM:F030127,strict,06
BBM,BBM:F030124,BBM:F030136,strict,06
BBM,BBM:F030127,BBM:F030136,strict,06
BBM,BBM:F030125,BBM:F030126,strict,06
BBM,BBM:F030130,BBM:F030131,strict,06
BBM,BBM:F030133,BBM:F030134,strict,06
BBM,BBM:F030133,BBM:F030135,strict,06
BBM,BBM:F030134,BBM:F030135,strict,06
BBM,BBM:F030137,BBM:F030138,strict,06
BBM,BBM:F030140,BBM:F030143,similar,06
BBM,BBM:F030144,BBM:F030146,strict,06
BBM,BBM:F030144,BBM:F030148,strict,06
BBM,BBM:F030146,BBM:F030148,strict,06
BBM,BBM:F030145,BBM:F030147,strict,06
BBM,BBM:F030149,BBM:F030151,similar,06
BBM,BBM:F030150,BBM:F030154,similar,06
BBM,BBM:F030150,BBM:F030155,similar,06
BBM,BBM:F030154,BBM:F030155,similar,06
BBM,BBM:F030152,BBM:F030153,strict,06
BBM,BBM:F030156,BBM:F030157,strict,06
BBM,BBM:F030156,BBM:F030158,strict,06
BBM,BBM:F030157,BBM:F030158,strict,06
BBM,BBM:F030164,BBM:F030165,strict,06
BBM,BBM:F030167,BBM:F030171,strict,06
BBM,BBM:F030167,BBM:F030172,strict,06
BBM,BBM:F030167,BBM:F030173,strict,06
BBM,BBM:F030167,BBM:F030174,strict,06
BBM,BBM:F030167,BBM:F030176,strict,06
BBM,BBM:F030167,BBM:F030177,strict,06
BBM,BBM:F030167,BBM:F030178,strict,06
BBM,BBM:F030171,BBM:F030172,strict,06
BBM,BBM:F030171,BBM:F030173,strict,06
BBM,BBM:F030171,BBM:F030174,strict,06
BBM,BBM:F030171,BBM:F030176,strict,06
BBM,BBM:F030171,BBM:F030177,strict,06
BBM,BBM:F030171,BBM:F030178,strict,06
BBM,BBM:F030172,BBM:F030173,strict,06
BBM,BBM:F030172,BBM:F030174,strict,06
BBM,BBM:F030172,BBM:F030176,strict,06
BBM,BBM:F030172,BBM:F030177,strict,06
BBM,BBM:F030172,BBM:F030178,strict,06
BBM,BBM:F030173,BBM:F030174,strict,06
BBM,BBM:F030173,BBM:F030176,strict,06
BBM,BBM:F030173,BBM:F030177,strict,06
BBM,BBM:F030173,BBM:F030178,strict,06
BBM,BBM:F030174,BBM:F030176,strict,06
BBM,BBM:F030174,BBM:F030177,strict,06
BBM,BBM:F030174,BBM:F030178,strict,06
BBM,BBM:F030176,BBM:F030177,strict,06
BBM,BBM:F030176,BBM:F030178,strict,06
BBM,BBM:F030177,BBM:F030178,strict,06
BBM,BBM:F030168,BBM:F030180,strict,06
BBM,BBM:F030168,BBM:F030181,strict,06
BBM,BBM:F030168,BBM:F030182,strict,06
BBM,BBM:F030180,BBM:F030181,strict,06
BBM,BBM:F030180,BBM:F030182,strict,06
BBM,BBM:F030181,BBM:F030182,strict,06
BBM,BBM:F030169,BBM:F030170,strict,06
BBM,BBM:F030183,BBM:F030184,strict,06
BBM,BBM:F030185,BBM:F030257,similar,06
BBM,BBM:F030188,BBM:F030189,strict,06
BBM,BBM:F030188,BBM:F030190,strict,06
BBM,BBM:F030189,BBM:F030190,strict,06
BBM,BBM:F030192,BBM:F030193,strict,06
BBM,BBM:F030195,BBM:F030196,strict,06
BBM,BBM:F030198,BBM:F030203,strict,06
BBM,BBM:F030198,BBM:F030208,strict,06
BBM,BBM:F030203,BBM:F030208,strict,06
BBM,BBM:F030199,BBM:F030200,strict,06
BBM,BBM:F030199,BBM:F030201,strict,06
BBM,BBM:F030200,BBM:F030201,strict,06
BBM,BBM:F030202,BBM:F030205,strict,06
BBM,BBM:F030202,BBM:F030206,strict,06
BBM,BBM:F030202,BBM:F030210,strict,06
BBM,BBM:F030205,BBM:F030206,strict,06
BBM,BBM:F030205,BBM:F030210,strict,06
BBM,BBM:F030206,BBM:F030210,strict,06
BBM,BBM:F030207,BBM:F030209,strict,06
BBM,BBM:F030213,BBM:F030214,strict,06
BBM,BBM:F030215,BBM:F030223,strict,06
BBM,BBM:F030215,BBM:F030233,strict,06
BBM,BBM:F030223,BBM:F030233,strict,06
BBM,BBM:F030217,BBM:F030218,strict,06
BBM,BBM:F030217,BBM:F030220,strict,06
BBM,BBM:F030218,BBM:F030220,strict,06
BBM,BBM:F030221,BBM:F030222,strict,06
BBM,BBM:F030221,BBM:F030224,strict,06
BBM,BBM:F030222,BBM:F030224,strict,06
BBM,BBM:F030225,BBM:F030227,strict,06
BBM,BBM:F030226,BBM:F030228,strict,06
BBM,BBM:F030226,BBM:F030229,strict,06
BBM,BBM:F030228,BBM:F030229,strict,06
BBM,BBM:F030230,BBM:F030234,strict,06
BBM,BBM:F030231,BBM:F030232,strict,06
BBM,BBM:F030240,BBM:F030241,strict,06
BBM,BBM:F030242,BBM:F030243,strict,06
BBM,BBM:F030242,BBM:F030244,strict,06
BBM,BBM:F030242,BBM:F030245,strict,06
BBM,BBM:F030242,BBM:F030246,strict,06
BBM,BBM:F030242,BBM:F030247,strict,06
BBM,BBM:F030242,BBM:F030248,strict,06
BBM,BBM:F030242,BBM:F030249,strict,06
BBM,BBM:F030242,BBM:F030250,strict,06
BBM,BBM:F030243,BBM:F030244,strict,06
BBM,BBM:F030243,BBM:F030245,strict,06
BBM,BBM:F030243,BBM:F030246,strict,06
BBM,BBM:F030243,BBM:F030247,strict,06
BBM,BBM:F030243,BBM:F030248,strict,06
BBM,BBM:F030243,BBM:F030249,strict,06
BBM,BBM:F030243,BBM:F030250,strict,06
BBM,BBM:F030244,BBM:F030245,strict,06
BBM,BBM:F030244,BBM:F030246,strict,06
BBM,BBM:F030244,BBM:F030247,strict,06
BBM,BBM:F030244,BBM:F030248,strict,06
BBM,BBM:F030244,BBM:F030249,strict,06
BBM,BBM:F030244,BBM:F030250,strict,06
BBM,BBM:F030245,BBM:F030246,strict,06
BBM,BBM:F030245,BBM:F030247,strict,06
BBM,BBM:F030245,BBM:F030248,strict,06
BBM,BBM:F030245,BBM:F030249,strict,06
BBM,BBM:F030245,BBM:F030250,strict,06
BBM,BBM:F030246,BBM:F030247,strict,06
BBM,BBM:F030246,BBM:F030248,strict,06
BBM,BBM:F030246,BBM:F030249,strict,06
BBM,BBM:F030246,BBM:F030250,strict,06
BBM,BBM:F030247,BBM:F030248,strict,06
BBM,BBM:F030247,BBM:F030249,strict,06
BBM,BBM:F030247,BBM:F030250,strict,06
BBM,BBM:F030248,BBM:F030249,strict,06
BBM,BBM:F030248,BBM:F030250,strict,06
BBM,BBM:F030249,BBM:F030250,strict,06
BBM,BBM:F030252,BBM:F030255,similar,06
BBM,BBM:F030252,BBM:F030256,similar,06
BBM,BBM:F030255,BBM:F030256,similar,06
BBM,BBM:F030253,BBM:F030271,strict,06
BBM,BBM:F030258,BBM:F030259,strict,06
BBM,BBM:F030260,BBM:F030263,strict,06
BBM,BBM:F030261,BBM:F030262,strict,06
BBM,BBM:F030265,BBM:F030268,strict,06
BBM,BBM:F030265,BBM:F030269,strict,06
BBM,BBM:F030268,BBM:F030269,strict,06
BBM,BBM:F030273,BBM:F030274,strict,06
BBM,BBM:F030273,BBM:F030275,strict,06
BBM,BBM:F030273,BBM:F030276,strict,06
BBM,BBM:F030273,BBM:F030277,strict,06
BBM,BBM:F030273,BBM:F030278,strict,06
BBM,BBM:F030273,BBM:F030279,strict,06
BBM,BBM:F030273,BBM:F030280,strict,06
BBM,BBM:F030274,BBM:F030275,strict,06
BBM,BBM:F030274,BBM:F030276,strict,06
BBM,BBM:F030274,BBM:F030277,strict,06
BBM,BBM:F030274,BBM:F030278,strict,06
BBM,BBM:F030274,BBM:F030279,strict,06
BBM,BBM:F030274,BBM:F030280,strict,06
BBM,BBM:F030275,BBM:F030276,strict,06
BBM,BBM:F030275,BBM:F030277,strict,06
BBM,BBM:F030275,BBM:F030278,strict,06
BBM,BBM:F030275,BBM:F030279,strict,06
BBM,BBM:F030275,BBM:F030280,strict,06
BBM,BBM:F030276,BBM:F030277,strict,06
BBM,BBM:F030276,BBM:F030278,strict,06
BBM,BBM:F030276,BBM:F030279,strict,06
BBM,BBM:F030276,BBM:F030280,strict,06
BBM,BBM:F030277,BBM:F030278,strict,06
BBM,BBM:F030277,BBM:F030279,strict,06
BBM,BBM:F030277,BBM:F030280,strict,06
BBM,BBM:F030278,BBM:F030279,strict,06
BBM,BBM:F030278,BBM:F030280,strict,06
BBM,BBM:F030279,BBM:F030280,strict,06
BBM,BBM:F030284,BBM:F030285,strict,06
BBM,BBM:F030284,BBM:F030286,strict,06
BBM,BBM:F030284,BBM:F030287,strict,06
BBM,BBM:F030284,BBM:F030288,strict,06
BBM,BBM:F030284,BBM:F030289,strict,06
BBM,BBM:F030284,BBM:F030290,strict,06
BBM,BBM:F030284,BBM:F030292,strict,06
BBM,BBM:F030285,BBM:F030286,strict,06
BBM,BBM:F030285,BBM:F030287,strict,06
BBM,BBM:F030285,BBM:F030288,strict,06
BBM,BBM:F030285,BBM:F030289,strict,06
BBM,BBM:F030285,BBM:F030290,strict,06
BBM,BBM:F030285,BBM:F030292,strict,06
BBM,BBM:F030286,BBM:F030287,strict,06
BBM,BBM:F030286,BBM:F030288,strict,06
BBM,BBM:F030286,BBM:F030289,strict,06
BBM,BBM:F030286,BBM:F030290,strict,06
BBM,BBM:F030286,BBM:F030292,strict,06
BBM,BBM:F030287,BBM:F030288,strict,06
BBM,BBM:F030287,BBM:F030289,strict,06
BBM,BBM:F030287,BBM:F030290,strict,06
BBM,BBM:F030287,BBM:F030292,strict,06
BBM,BBM:F030288,BBM:F030289,strict,06
BBM,BBM:F030288,BBM:F030290,strict,06
BBM,BBM:F030288,BBM:F030292,strict,06
BBM,BBM:F030289,BBM:F030290,strict,06
BBM,BBM:F030289,BBM:F030292,strict,06
BBM,BBM:F030290,BBM:F030292,strict,06
BBM,BBM:F030301,BBM:F030306,strict,06
BBM,BBM:F030304,BBM:F030307,strict,06
BBM,BBM:F030310,BBM:F030311,strict,06
BBM,BBM:F030310,BBM:F030312,strict,06
BBM,BBM:F030311,BBM:F030312,strict,06
BBM,BBM:F030313,BBM:F030314,strict,06
BBM,BBM:F030316,BBM:F030320,similar,06
BBM,BBM:F030317,BBM:F030319,similar,06
BBM,BBM:F030321,BBM:F030322,strict,06
BBM,BBM:F030321,BBM:F030323,strict,06
BBM,BBM:F030321,BBM:F030324,strict,06
BBM,BBM:F030321,BBM:F030325,strict,06
BBM,BBM:F030321,BBM:F030326,strict,06
BBM,BBM:F030321,BBM:F030327,strict,06
BBM,BBM:F030322,BBM:F030323,strict,06
BBM,BBM:F030322,BBM:F030324,strict,06
BBM,BBM:F030322,BBM:F030325,strict,06
BBM,BBM:F030322,BBM:F030326,strict,06
BBM,BBM:F030322,BBM:F030327,strict,06
BBM,BBM:F030323,BBM:F030324,strict,06
BBM,BBM:F030323,BBM:F030325,strict,06
BBM,BBM:F030323,BBM:F030326,strict,06
BBM,BBM:F030323,BBM:F030327,strict,06
BBM,BBM:F030324,BBM:F030325,strict,06
BBM,BBM:F030324,BBM:F030326,strict,06
BBM,BBM:F030324,BBM:F030327,strict,06
BBM,BBM:F030325,BBM:F030326,strict,06
BBM,BBM:F030325,BBM:F030327,strict,06
BBM,BBM:F030326,BBM:F030327,strict,06
BBM,BBM:F030531,BBM:F030547,similar,06
BBM,BBM:F030532,BBM:F030533,strict,06
BBM,BBM:F031215,BBM:F031219,strict,06
BBM,BBM:F031215,BBM:F031226,strict,06
BBM,BBM:F031215,BBM:F031227,strict,06
BBM,BBM:F031219,BBM:F031226,strict,06
BBM,BBM:F031219,BBM:F031227,strict,06
BBM,BBM:F031226,BBM:F031227,strict,06
BBM,BBM:F031216,BBM:F031223,strict,06
BBM,BBM:F032024,BBM:F034040,similar,06
BBM,BBM:F032861,BBM:F032913,strict,06
BBM,BBM:F032887,BBM:F032942,strict,06
BBM,BBM:F033341,BBM:F033349,similar,06
BBM,BBM:F033352,BBM:F033356,strict,06
mo,MO:109475,MO:109476,strict,06
BBM,BBM:F033353,BBM:F033820,similar,06
mo,MO:109527,MO:109528,strict,06
BBM,BBM:F033357,BBM:F033358,strict,06
BBM,BBM:F033360,BBM:F033819,strict,06
BBM,BBM:F033363,BBM:F033364,strict,06
BBM,BBM:F033478,BBM:F033479,strict,06
BBM,BBM:F034835,BBM:F035221,similar,06
BBM,BBM:F034835,BBM:F035222,similar,06
BBM,BBM:F035221,BBM:F035222,similar,06
mo,MO:73109,MO:73110,similar,06
mo,MO:176038,MO:176040,strict,06
mo,MO:176038,MO:176041,strict,06
mo,MO:176040,MO:176041,strict,06
mo,MO:216567,MO:220043,similar,06
mo,MO:223710,MO:225800,similar,06
mo,MO:247827,MO:248888,similar,06
mo,MO:258708,MO:261784,similar,06
mo,MO:284338,MO:303596,similar,06
mo,MO:322798,MO:322800,similar,06
mo,MO:322798,MO:340005,similar,06
mo,MO:322800,MO:340005,similar,06
mo,MO:323942,MO:325268,similar,06
mo,MO:325017,MO:343531,similar,06
mo,MO:325017,MO:349071,similar,06
mo,MO:325017,MO:349076,similar,06
mo,MO:343531,MO:349071,similar,06
mo,MO:343531,MO:349076,similar,06
mo,MO:349071,MO:349076,similar,06
mo,MO:325270,MO:329622,similar,06
mo,MO:325270,MO:329623,similar,06
mo,MO:325270,MO:329631,similar,06
mo,MO:325270,MO:329635,similar,06
mo,MO:329622,MO:329623,similar,06
mo,MO:329622,MO:329631,similar,06
mo,MO:329622,MO:329635,similar,06
mo,MO:329623,MO:329631,similar,06
mo,MO:329623,MO:329635,similar,06
mo,MO:329631,MO:329635,similar,06
mo,MO:329597,MO:330121,similar,06
mo,MO:334749,MO:335477,similar,06
mo,MO:366928,MO:368954,similar,06
mo,MO:366928,MO:373178,similar,06
mo,MO:366928,MO:374084,similar,06
mo,MO:366928,MO:392476,similar,06
mo,MO:366928,MO:405891,similar,06
mo,MO:368954,MO:373178,similar,06
mo,MO:368954,MO:374084,similar,06
mo,MO:368954,MO:392476,similar,06
mo,MO:368954,MO:405891,similar,06
mo,MO:373178,MO:374084,similar,06
mo,MO:373178,MO:392476,similar,06
mo,MO:373178,MO:405891,similar,06
mo,MO:374084,MO:392476,similar,06
mo,MO:374084,MO:405891,similar,06
mo,MO:392476,MO:405891,similar,06
mo,MO:366934,MO:374540,similar,06
mo,MO:366934,MO:375265,similar,06
mo,MO:366934,MO:375898,similar,06
mo,MO:366934,MO:405857,similar,06
mo,MO:374540,MO:375265,similar,06
mo,MO:374540,MO:375898,similar,06
mo,MO:374540,MO:405857,similar,06
mo,MO:375265,MO:375898,similar,06
mo,MO:375265,MO:405857,similar,06
mo,MO:375898,MO:405857,similar,06
mo,MO:368989,MO:373440,similar,06
mo,MO:368989,MO:374083,similar,06
mo,MO:368989,MO:376572,similar,06
mo,MO:368989,MO:378805,similar,06
mo,MO:373440,MO:374083,similar,06
mo,MO:373440,MO:376572,similar,06
mo,MO:373440,MO:378805,similar,06
mo,MO:374083,MO:376572,similar,06
mo,MO:374083,MO:378805,similar,06
mo,MO:376572,MO:378805,similar,06
mo,MO:373462,MO:376974,similar,06
mo,MO:373462,MO:387920,similar,06
mo,MO:373462,MO:388001,similar,06
mo,MO:373462,MO:388010,similar,06
mo,MO:376974,MO:387920,similar,06
mo,MO:376974,MO:388001,similar,06
mo,MO:376974,MO:388010,similar,06
mo,MO:387920,MO:388001,similar,06
mo,MO:387920,MO:388010,similar,06
mo,MO:388001,MO:388010,similar,06
mo,MO:375270,MO:375902,similar,06
mo,MO:375270,MO:379250,similar,06
mo,MO:375270,MO:381018,similar,06
mo,MO:375902,MO:379250,similar,06
mo,MO:375902,MO:381018,similar,06
mo,MO:379250,MO:381018,similar,06
mo,MO:378398,MO:381275,similar,06
mo,MO:379228,MO:392359,similar,06
mo,MO:379228,MO:393122,similar,06
mo,MO:392359,MO:393122,similar,06
mo,MO:380996,MO:408722,strict,06
mo,MO:395875,MO:396758,similar,06
mo,MO:425103,MO:426926,similar,06
mo,MO:426589,MO:426884,strict,06
mo,MO:426589,MO:426885,strict,06
mo,MO:426884,MO:426885,strict,06
mo,MO:426924,MO:426925,strict,06
mo,MO:429146,MO:438592,similar,06
BBM,BBM:F002995,BBM:F002996,similar,06
BBM,BBM:F015592,BBM:F015594,similar,06
BBM,BBM:F024714,BBM:F024833,similar,06
BBM,BBM:F024714,BBM:F034749,similar,06
BBM,BBM:F024833,BBM:F034749,similar,06
mo,MO:263991,MO:265299,similar,06
mo,MO:394672,MO:396957,similar,06
mo,MO:358844,MO:364178,similar,06
BBM,BBM:F002957,BBM:F002959,strict,06
BBM,BBM:F002958,BBM:F002961,strict,06
BBM,BBM:F002963,BBM:F002964,strict,06
BBM,BBM:F000890,BBM:F034298,similar,06
BBM,BBM:F000890,BBM:F034703,similar,06
BBM,BBM:F000890,BBM:F034981,similar,06
BBM,BBM:F000890,BBM:F035014,similar,06
BBM,BBM:F000890,BBM:F035066,similar,06
BBM,BBM:F000890,BBM:F035371,similar,06
BBM,BBM:F034298,BBM:F034703,similar,06
BBM,BBM:F034298,BBM:F034981,similar,06
BBM,BBM:F034298,BBM:F035014,similar,06
BBM,BBM:F034298,BBM:F035066,similar,06
BBM,BBM:F034298,BBM:F035371,similar,06
BBM,BBM:F034703,BBM:F034981,similar,06
BBM,BBM:F034703,BBM:F035014,similar,06
BBM,BBM:F034703,BBM:F035066,similar,06
BBM,BBM:F034703,BBM:F035371,similar,06
BBM,BBM:F034981,BBM:F035014,similar,06
BBM,BBM:F034981,BBM:F035066,similar,06
BBM,BBM:F034981,BBM:F035371,similar,06
BBM,BBM:F035014,BBM:F035066,similar,06
BBM,BBM:F035014,BBM:F035371,similar,06
BBM,BBM:F035066,BBM:F035371,similar,06
BBM,BBM:F012832,BBM:F035544,similar,06
BBM,BBM:F013169,BBM:F034799,similar,06
BBM,BBM:F013169,BBM:F034845,similar,06
BBM,BBM:F034799,BBM:F034845,similar,06
BBM,BBM:F013507,BBM:F021749,similar,06
BBM,BBM:F013622,BBM:F034631,similar,06
BBM,BBM:F013622,BBM:F035566,similar,06
BBM,BBM:F034631,BBM:F035566,similar,06
BBM,BBM:F014298,BBM:F034505,similar,06
BBM,BBM:F014298,BBM:F034669,similar,06
BBM,BBM:F014298,BBM:F034858,similar,06
BBM,BBM:F014298,BBM:F035096,similar,06
BBM,BBM:F034505,BBM:F034669,similar,06
BBM,BBM:F034505,BBM:F034858,similar,06
BBM,BBM:F034505,BBM:F035096,similar,06
BBM,BBM:F034669,BBM:F034858,similar,06
BBM,BBM:F034669,BBM:F035096,similar,06
BBM,BBM:F034858,BBM:F035096,similar,06
BBM,BBM:F016878,BBM:F030776,strict,06
BBM,BBM:F016878,BBM:F030777,strict,06
BBM,BBM:F030776,BBM:F030777,strict,06
BBM,BBM:F019706,BBM:F019719,strict,06
BBM,BBM:F019706,BBM:F019738,strict,06
BBM,BBM:F019719,BBM:F019738,strict,06
BBM,BBM:F020460,BBM:F020461,strict,06
BBM,BBM:F020467,BBM:F020468,strict,06
BBM,BBM:F020530,BBM:F029865,similar,06
BBM,BBM:F020654,BBM:F020898,similar,06
BBM,BBM:F020654,BBM:F021072,similar,06
BBM,BBM:F020654,BBM:F021102,similar,06
BBM,BBM:F020898,BBM:F021072,similar,06
BBM,BBM:F020898,BBM:F021102,similar,06
BBM,BBM:F021072,BBM:F021102,similar,06
BBM,BBM:F021009,BBM:F021015,strict,06
BBM,BBM:F021009,BBM:F021024,strict,06
BBM,BBM:F021009,BBM:F021121,strict,06
BBM,BBM:F021015,BBM:F021024,strict,06
BBM,BBM:F021015,BBM:F021121,strict,06
BBM,BBM:F021024,BBM:F021121,strict,06
BBM,BBM:F022703,BBM:F022718,similar,06
BBM,BBM:F022703,BBM:F022736,similar,06
BBM,BBM:F022703,BBM:F022737,similar,06
BBM,BBM:F022718,BBM:F022736,similar,06
BBM,BBM:F022718,BBM:F022737,similar,06
BBM,BBM:F022736,BBM:F022737,similar,06
BBM,BBM:F024112,BBM:F024243,similar,06
BBM,BBM:F024112,BBM:F024260,similar,06
BBM,BBM:F024112,BBM:F024755,similar,06
BBM,BBM:F024243,BBM:F024260,similar,06
BBM,BBM:F024243,BBM:F024755,similar,06
BBM,BBM:F024260,BBM:F024755,similar,06
BBM,BBM:F024159,BBM:F024734,similar,06
BBM,BBM:F024159,BBM:F024816,similar,06
BBM,BBM:F024159,BBM:F034810,similar,06
BBM,BBM:F024734,BBM:F024816,similar,06
BBM,BBM:F024734,BBM:F034810,similar,06
BBM,BBM:F024816,BBM:F034810,similar,06
BBM,BBM:F024259,BBM:F024290,similar,06
BBM,BBM:F024259,BBM:F035710,similar,06
BBM,BBM:F024290,BBM:F035710,similar,06
BBM,BBM:F024337,BBM:F027518,similar,06
BBM,BBM:F024393,BBM:F034723,similar,06
BBM,BBM:F024393,BBM:F034748,similar,06
BBM,BBM:F034723,BBM:F034748,similar,06
BBM,BBM:F024518,BBM:F024562,similar,06
BBM,BBM:F024518,BBM:F024581,similar,06
BBM,BBM:F024518,BBM:F024682,similar,06
BBM,BBM:F024518,BBM:F024733,similar,06
BBM,BBM:F024562,BBM:F024581,similar,06
BBM,BBM:F024562,BBM:F024682,similar,06
BBM,BBM:F024562,BBM:F024733,similar,06
BBM,BBM:F024581,BBM:F024682,similar,06
BBM,BBM:F024581,BBM:F024733,similar,06
BBM,BBM:F024682,BBM:F024733,similar,06
BBM,BBM:F024732,BBM:F024754,similar,06
BBM,BBM:F024756,BBM:F024757,strict,06
BBM,BBM:F024814,BBM:F035445,similar,06
BBM,BBM:F024817,BBM:F034666,similar,06
BBM,BBM:F024817,BBM:F035523,similar,06
BBM,BBM:F034666,BBM:F035523,similar,06
BBM,BBM:F024901,BBM:F024941,similar,06
BBM,BBM:F024901,BBM:F035745,similar,06
BBM,BBM:F024941,BBM:F035745,similar,06
BBM,BBM:F024984,BBM:F024985,strict,06
BBM,BBM:F025206,BBM:F025299,similar,06
BBM,BBM:F025206,BBM:F025316,similar,06
BBM,BBM:F025299,BBM:F025316,similar,06
BBM,BBM:F025207,BBM:F025254,similar,06
BBM,BBM:F025207,BBM:F025268,similar,06
BBM,BBM:F025207,BBM:F025317,similar,06
BBM,BBM:F025254,BBM:F025268,similar,06
BBM,BBM:F025254,BBM:F025317,similar,06
BBM,BBM:F025268,BBM:F025317,similar,06
BBM,BBM:F025249,BBM:F025301,similar,06
BBM,BBM:F025253,BBM:F025298,similar,06
BBM,BBM:F025355,BBM:F025376,similar,06
BBM,BBM:F025355,BBM:F025404,similar,06
BBM,BBM:F025355,BBM:F025405,similar,06
BBM,BBM:F025355,BBM:F025429,similar,06
BBM,BBM:F025355,BBM:F025655,similar,06
BBM,BBM:F025376,BBM:F025404,similar,06
BBM,BBM:F025376,BBM:F025405,similar,06
BBM,BBM:F025376,BBM:F025429,similar,06
BBM,BBM:F025376,BBM:F025655,similar,06
BBM,BBM:F025404,BBM:F025405,similar,06
BBM,BBM:F025404,BBM:F025429,similar,06
BBM,BBM:F025404,BBM:F025655,similar,06
BBM,BBM:F025405,BBM:F025429,similar,06
BBM,BBM:F025405,BBM:F025655,similar,06
BBM,BBM:F025429,BBM:F025655,similar,06
BBM,BBM:F025396,BBM:F025403,similar,06
BBM,BBM:F025396,BBM:F025416,similar,06
BBM,BBM:F025403,BBM:F025416,similar,06
BBM,BBM:F025517,BBM:F025721,similar,06
BBM,BBM:F025602,BBM:F025617,similar,06
BBM,BBM:F025615,BBM:F025633,similar,06
BBM,BBM:F025635,BBM:F025664,similar,06
BBM,BBM:F025635,BBM:F025665,similar,06
BBM,BBM:F025635,BBM:F025683,similar,06
BBM,BBM:F025635,BBM:F025684,similar,06
BBM,BBM:F025664,BBM:F025665,similar,06
BBM,BBM:F025664,BBM:F025683,similar,06
BBM,BBM:F025664,BBM:F025684,similar,06
BBM,BBM:F025665,BBM:F025683,similar,06
BBM,BBM:F025665,BBM:F025684,similar,06
BBM,BBM:F025683,BBM:F025684,similar,06
BBM,BBM:F025759,BBM:F025760,strict,06
BBM,BBM:F025762,BBM:F026374,similar,06
BBM,BBM:F025762,BBM:F026375,similar,06
BBM,BBM:F026374,BBM:F026375,similar,06
BBM,BBM:F025763,BBM:F035629,similar,06
BBM,BBM:F025786,BBM:F025797,similar,06
BBM,BBM:F025786,BBM:F025814,similar,06
BBM,BBM:F025786,BBM:F025822,similar,06
BBM,BBM:F025786,BBM:F026280,similar,06
BBM,BBM:F025786,BBM:F028108,similar,06
BBM,BBM:F025797,BBM:F025814,similar,06
BBM,BBM:F025797,BBM:F025822,similar,06
BBM,BBM:F025797,BBM:F026280,similar,06
BBM,BBM:F025797,BBM:F028108,similar,06
BBM,BBM:F025814,BBM:F025822,similar,06
BBM,BBM:F025814,BBM:F026280,similar,06
BBM,BBM:F025814,BBM:F028108,similar,06
BBM,BBM:F025822,BBM:F026280,similar,06
BBM,BBM:F025822,BBM:F028108,similar,06
BBM,BBM:F026280,BBM:F028108,similar,06
BBM,BBM:F025813,BBM:F025887,similar,06
BBM,BBM:F025813,BBM:F028143,similar,06
BBM,BBM:F025813,BBM:F028358,similar,06
BBM,BBM:F025887,BBM:F028143,similar,06
BBM,BBM:F025887,BBM:F028358,similar,06
BBM,BBM:F028143,BBM:F028358,similar,06
mo,MO:123270,MO:129940,similar,06
BBM,BBM:F026170,BBM:F026281,similar,06
BBM,BBM:F026243,BBM:F026244,strict,06
BBM,BBM:F026430,BBM:F026466,similar,06
BBM,BBM:F026430,BBM:F026534,similar,06
BBM,BBM:F026430,BBM:F026551,similar,06
BBM,BBM:F026466,BBM:F026534,similar,06
BBM,BBM:F026466,BBM:F026551,similar,06
BBM,BBM:F026534,BBM:F026551,similar,06
BBM,BBM:F026465,BBM:F029862,similar,06
BBM,BBM:F026465,BBM:F029926,similar,06
BBM,BBM:F026465,BBM:F029945,similar,06
BBM,BBM:F029862,BBM:F029926,similar,06
BBM,BBM:F029862,BBM:F029945,similar,06
BBM,BBM:F029926,BBM:F029945,similar,06
BBM,BBM:F026666,BBM:F027183,similar,06
BBM,BBM:F026666,BBM:F027220,similar,06
BBM,BBM:F026666,BBM:F027279,similar,06
BBM,BBM:F027183,BBM:F027220,similar,06
BBM,BBM:F027183,BBM:F027279,similar,06
BBM,BBM:F027220,BBM:F027279,similar,06
BBM,BBM:F026685,BBM:F027255,similar,06
BBM,BBM:F026686,BBM:F026798,similar,06
BBM,BBM:F026687,BBM:F026709,similar,06
BBM,BBM:F027068,BBM:F027169,similar,06
BBM,BBM:F027068,BBM:F027218,similar,06
BBM,BBM:F027068,BBM:F027254,similar,06
BBM,BBM:F027068,BBM:F027277,similar,06
BBM,BBM:F027068,BBM:F027278,similar,06
BBM,BBM:F027169,BBM:F027218,similar,06
BBM,BBM:F027169,BBM:F027254,similar,06
BBM,BBM:F027169,BBM:F027277,similar,06
BBM,BBM:F027169,BBM:F027278,similar,06
BBM,BBM:F027218,BBM:F027254,similar,06
BBM,BBM:F027218,BBM:F027277,similar,06
BBM,BBM:F027218,BBM:F027278,similar,06
BBM,BBM:F027254,BBM:F027277,similar,06
BBM,BBM:F027254,BBM:F027278,similar,06
BBM,BBM:F027277,BBM:F027278,similar,06
BBM,BBM:F027118,BBM:F027143,similar,06
BBM,BBM:F027118,BBM:F027144,similar,06
BBM,BBM:F027118,BBM:F027196,similar,06
BBM,BBM:F027118,BBM:F027280,similar,06
BBM,BBM:F027143,BBM:F027144,similar,06
BBM,BBM:F027143,BBM:F027196,similar,06
BBM,BBM:F027143,BBM:F027280,similar,06
BBM,BBM:F027144,BBM:F027196,similar,06
BBM,BBM:F027144,BBM:F027280,similar,06
BBM,BBM:F027196,BBM:F027280,similar,06
BBM,BBM:F027222,BBM:F027281,similar,06
BBM,BBM:F027767,BBM:F027768,similar,06
BBM,BBM:F027767,BBM:F027772,similar,06
BBM,BBM:F027767,BBM:F027773,similar,06
BBM,BBM:F027768,BBM:F027772,similar,06
BBM,BBM:F027768,BBM:F027773,similar,06
BBM,BBM:F027772,BBM:F027773,similar,06
BBM,BBM:F028779,BBM:F028796,similar,06
BBM,BBM:F028779,BBM:F028956,similar,06
BBM,BBM:F028779,BBM:F028987,similar,06
BBM,BBM:F028779,BBM:F032468,similar,06
BBM,BBM:F028779,BBM:F032469,similar,06
BBM,BBM:F028796,BBM:F028956,similar,06
BBM,BBM:F028796,BBM:F028987,similar,06
BBM,BBM:F028796,BBM:F032468,similar,06
BBM,BBM:F028796,BBM:F032469,similar,06
BBM,BBM:F028956,BBM:F028987,similar,06
BBM,BBM:F028956,BBM:F032468,similar,06
BBM,BBM:F028956,BBM:F032469,similar,06
BBM,BBM:F028987,BBM:F032468,similar,06
BBM,BBM:F028987,BBM:F032469,similar,06
BBM,BBM:F032468,BBM:F032469,similar,06
BBM,BBM:F028787,BBM:F028921,similar,06
BBM,BBM:F028787,BBM:F028933,similar,06
BBM,BBM:F028787,BBM:F028934,similar,06
BBM,BBM:F028787,BBM:F028957,similar,06
BBM,BBM:F028787,BBM:F028968,similar,06
BBM,BBM:F028787,BBM:F028988,similar,06
BBM,BBM:F028787,BBM:F029045,similar,06
BBM,BBM:F028787,BBM:F032481,similar,06
BBM,BBM:F028921,BBM:F028933,similar,06
BBM,BBM:F028921,BBM:F028934,similar,06
BBM,BBM:F028921,BBM:F028957,similar,06
BBM,BBM:F028921,BBM:F028968,similar,06
BBM,BBM:F028921,BBM:F028988,similar,06
BBM,BBM:F028921,BBM:F029045,similar,06
BBM,BBM:F028921,BBM:F032481,similar,06
BBM,BBM:F028933,BBM:F028934,similar,06
BBM,BBM:F028933,BBM:F028957,similar,06
BBM,BBM:F028933,BBM:F028968,similar,06
BBM,BBM:F028933,BBM:F028988,similar,06
BBM,BBM:F028933,BBM:F029045,similar,06
BBM,BBM:F028933,BBM:F032481,similar,06
BBM,BBM:F028934,BBM:F028957,similar,06
BBM,BBM:F028934,BBM:F028968,similar,06
BBM,BBM:F028934,BBM:F028988,similar,06
BBM,BBM:F028934,BBM:F029045,similar,06
BBM,BBM:F028934,BBM:F032481,similar,06
BBM,BBM:F028957,BBM:F028968,similar,06
BBM,BBM:F028957,BBM:F028988,similar,06
BBM,BBM:F028957,BBM:F029045,similar,06
BBM,BBM:F028957,BBM:F032481,similar,06
BBM,BBM:F028968,BBM:F028988,similar,06
BBM,BBM:F028968,BBM:F029045,similar,06
BBM,BBM:F028968,BBM:F032481,similar,06
BBM,BBM:F028988,BBM:F029045,similar,06
BBM,BBM:F028988,BBM:F032481,similar,06
BBM,BBM:F029045,BBM:F032481,similar,06
BBM,BBM:F028965,BBM:F028966,strict,06
BBM,BBM:F028986,BBM:F032470,similar,06
BBM,BBM:F029002,BBM:F032460,similar,06
BBM,BBM:F029003,BBM:F029043,similar,06
BBM,BBM:F029003,BBM:F032465,similar,06
BBM,BBM:F029043,BBM:F032465,similar,06
BBM,BBM:F029020,BBM:F032466,similar,06
BBM,BBM:F029042,BBM:F032467,similar,06
BBM,BBM:F029062,BBM:F029091,similar,06
BBM,BBM:F029062,BBM:F029173,similar,06
BBM,BBM:F029062,BBM:F029454,similar,06
BBM,BBM:F029062,BBM:F029520,similar,06
BBM,BBM:F029062,BBM:F029570,similar,06
BBM,BBM:F029091,BBM:F029173,similar,06
BBM,BBM:F029091,BBM:F029454,similar,06
BBM,BBM:F029091,BBM:F029520,similar,06
BBM,BBM:F029091,BBM:F029570,similar,06
BBM,BBM:F029173,BBM:F029454,similar,06
BBM,BBM:F029173,BBM:F029520,similar,06
BBM,BBM:F029173,BBM:F029570,similar,06
BBM,BBM:F029454,BBM:F029520,similar,06
BBM,BBM:F029454,BBM:F029570,similar,06
BBM,BBM:F029520,BBM:F029570,similar,06
BBM,BBM:F029064,BBM:F029093,similar,06
BBM,BBM:F029064,BBM:F029105,similar,06
BBM,BBM:F029064,BBM:F029129,similar,06
BBM,BBM:F029064,BBM:F029179,similar,06
BBM,BBM:F029064,BBM:F029423,similar,06
BBM,BBM:F029093,BBM:F029105,similar,06
BBM,BBM:F029093,BBM:F029129,similar,06
BBM,BBM:F029093,BBM:F029179,similar,06
BBM,BBM:F029093,BBM:F029423,similar,06
BBM,BBM:F029105,BBM:F029129,similar,06
BBM,BBM:F029105,BBM:F029179,similar,06
BBM,BBM:F029105,BBM:F029423,similar,06
BBM,BBM:F029129,BBM:F029179,similar,06
BBM,BBM:F029129,BBM:F029423,similar,06
BBM,BBM:F029179,BBM:F029423,similar,06
BBM,BBM:F029090,BBM:F029364,similar,06
BBM,BBM:F029090,BBM:F029519,similar,06
BBM,BBM:F029090,BBM:F029528,similar,06
BBM,BBM:F029364,BBM:F029519,similar,06
BBM,BBM:F029364,BBM:F029528,similar,06
BBM,BBM:F029519,BBM:F029528,similar,06
BBM,BBM:F029187,BBM:F029345,similar,06
BBM,BBM:F029187,BBM:F029420,similar,06
BBM,BBM:F029345,BBM:F029420,similar,06
BBM,BBM:F029311,BBM:F029331,similar,06
BBM,BBM:F029363,BBM:F029392,similar,06
BBM,BBM:F029363,BBM:F029421,similar,06
BBM,BBM:F029392,BBM:F029421,similar,06
BBM,BBM:F029395,BBM:F029571,similar,06
BBM,BBM:F029395,BBM:F029572,similar,06
BBM,BBM:F029571,BBM:F029572,similar,06
BBM,BBM:F029396,BBM:F029422,similar,06
BBM,BBM:F029396,BBM:F029455,similar,06
BBM,BBM:F029396,BBM:F029573,similar,06
BBM,BBM:F029396,BBM:F029592,similar,06
BBM,BBM:F029422,BBM:F029455,similar,06
BBM,BBM:F029422,BBM:F029573,similar,06
BBM,BBM:F029422,BBM:F029592,similar,06
BBM,BBM:F029455,BBM:F029573,similar,06
BBM,BBM:F029455,BBM:F029592,similar,06
BBM,BBM:F029573,BBM:F029592,similar,06
BBM,BBM:F029483,BBM:F034147,similar,06
BBM,BBM:F029530,BBM:F029633,similar,06
BBM,BBM:F029669,BBM:F029895,similar,06
BBM,BBM:F029715,BBM:F034980,similar,06
BBM,BBM:F029715,BBM:F034983,similar,06
BBM,BBM:F034980,BBM:F034983,similar,06
BBM,BBM:F029829,BBM:F032430,similar,06
BBM,BBM:F029830,BBM:F029831,strict,06
BBM,BBM:F029861,BBM:F029894,similar,06
BBM,BBM:F029861,BBM:F029984,similar,06
BBM,BBM:F029894,BBM:F029984,similar,06
BBM,BBM:F029897,BBM:F029898,strict,06
mo,MO:166509,MO:166511,strict,06
BBM,BBM:F030810,BBM:F030811,strict,06
BBM,BBM:F031587,BBM:F031975,similar,06
BBM,BBM:F031814,BBM:F031853,similar,06
BBM,BBM:F031814,BBM:F031854,similar,06
BBM,BBM:F031814,BBM:F031871,similar,06
BBM,BBM:F031853,BBM:F031854,similar,06
BBM,BBM:F031853,BBM:F031871,similar,06
BBM,BBM:F031854,BBM:F031871,similar,06
BBM,BBM:F031870,BBM:F031906,similar,06
BBM,BBM:F031870,BBM:F031932,similar,06
BBM,BBM:F031906,BBM:F031932,similar,06
BBM,BBM:F031916,BBM:F031933,similar,06
BBM,BBM:F032472,BBM:F032480,similar,06
BBM,BBM:F033458,BBM:F033459,strict,06
mo,MO:157951,MO:159218,similar,06
mo,MO:202845,MO:218987,similar,06
mo,MO:202845,MO:223707,similar,06
mo,MO:218987,MO:223707,similar,06
mo,MO:227607,MO:265415,similar,06
mo,MO:234299,MO:265043,similar,06
mo,MO:261548,MO:265416,similar,06
mo,MO:265042,MO:265423,similar,06
mo,MO:265042,MO:265506,similar,06
mo,MO:265423,MO:265506,similar,06
mo,MO:306471,MO:308736,similar,06
mo,MO:306471,MO:311025,similar,06
mo,MO:306471,MO:355908,similar,06
mo,MO:308736,MO:311025,similar,06
mo,MO:308736,MO:355908,similar,06
mo,MO:311025,MO:355908,similar,06
BBM,BBM:F001369,BBM:F001370,similar,06
BBM,BBM:F001369,BBM:F001371,similar,06
BBM,BBM:F001370,BBM:F001371,similar,06
BBM,BBM:F007699,BBM:F007700,similar,06
BBM,BBM:F007706,BBM:F007707,similar,06
BBM,BBM:F012858,BBM:F013002,strict,06
BBM,BBM:F014876,BBM:F034499,similar,06
BBM,BBM:F014876,BBM:F035563,similar,06
BBM,BBM:F034499,BBM:F035563,similar,06
BBM,BBM:F023830,BBM:F023881,strict,06
BBM,BBM:F026984,BBM:F034822,similar,06
BBM,BBM:F026984,BBM:F035812,similar,06
BBM,BBM:F034822,BBM:F035812,similar,06
BBM,BBM:F027065,BBM:F027139,similar,06
BBM,BBM:F027065,BBM:F027163,similar,06
BBM,BBM:F027065,BBM:F027164,similar,06
BBM,BBM:F027139,BBM:F027163,similar,06
BBM,BBM:F027139,BBM:F027164,similar,06
BBM,BBM:F027163,BBM:F027164,similar,06
BBM,BBM:F029354,BBM:F029479,similar,06
BBM,BBM:F029354,BBM:F029599,similar,06
BBM,BBM:F029479,BBM:F029599,similar,06
BBM,BBM:F029821,BBM:F029856,similar,06
BBM,BBM:F031803,BBM:F031849,similar,06
BBM,BBM:F031803,BBM:F031912,similar,06
BBM,BBM:F031849,BBM:F031912,similar,06
BBM,BBM:F032568,BBM:F032580,similar,06
mo,MO:330122,MO:471056,similar,06
mo,MO:330122,MO:531749,similar,06
mo,MO:471056,MO:531749,similar,06
BBM,BBM:F034262,BBM:F034263,similar,06
BBM,BBM:F035675,BBM:F035785,similar,06
BBM,BBM:F035675,BBM:F035789,similar,06
BBM,BBM:F035785,BBM:F035789,similar,06
mo,MO:189458,MO:190360,similar,06
mo,MO:306480,MO:343962,similar,06
mo,MO:306480,MO:349077,similar,06
mo,MO:343962,MO:349077,similar,06
mo,MO:374165,MO:374335,strict,06
mo,MO:471684,MO:472572,similar,06
BBM,BBM:F008877,BBM:F008878,similar,06
BBM,BBM:F014585,BBM:F034509,similar,06
BBM,BBM:F025788,BBM:F025997,similar,06
BBM,BBM:F025788,BBM:F026270,similar,06
BBM,BBM:F025788,BBM:F034710,similar,06
BBM,BBM:F025997,BBM:F026270,similar,06
BBM,BBM:F025997,BBM:F034710,similar,06
BBM,BBM:F026270,BBM:F034710,similar,06
BBM,BBM:F025820,BBM:F025848,similar,06
BBM,BBM:F025820,BBM:F025863,similar,06
BBM,BBM:F025848,BBM:F025863,similar,06
mo,MO:129947,MO:129952,similar,06
BBM,BBM:F032545,BBM:F032546,strict,06
mo,MO:127156,MO:138701,similar,06
mo,MO:127156,MO:152309,similar,06
mo,MO:138701,MO:152309,similar,06
BBM,BBM:F009021,BBM:F010147,similar,06
BBM,BBM:F001374,BBM:F034102,similar,06
BBM,BBM:F001374,BBM:F034115,similar,06
BBM,BBM:F001374,BBM:F034560,similar,06
BBM,BBM:F001374,BBM:F035077,similar,06
BBM,BBM:F034102,BBM:F034115,similar,06
BBM,BBM:F034102,BBM:F034560,similar,06
BBM,BBM:F034102,BBM:F035077,similar,06
BBM,BBM:F034115,BBM:F034560,similar,06
BBM,BBM:F034115,BBM:F035077,similar,06
BBM,BBM:F034560,BBM:F035077,similar,06
BBM,BBM:F001421,BBM:F001424,similar,06
BBM,BBM:F001421,BBM:F007717,similar,06
BBM,BBM:F001424,BBM:F007717,similar,06
BBM,BBM:F007713,BBM:F033833,similar,06
BBM,BBM:F007714,BBM:F034999,similar,06
BBM,BBM:F007719,BBM:F007720,similar,06
BBM,BBM:F007728,BBM:F007729,similar,06
BBM,BBM:F010110,BBM:F010112,strict,06
BBM,BBM:F012004,BBM:F012005,strict,06
BBM,BBM:F013339,BBM:F013358,similar,06
BBM,BBM:F014045,BBM:F015690,similar,06
BBM,BBM:F014045,BBM:F034542,similar,06
BBM,BBM:F015690,BBM:F034542,similar,06
BBM,BBM:F014145,BBM:F032105,strict,06
BBM,BBM:F014416,BBM:F033989,similar,06
BBM,BBM:F014627,BBM:F015529,similar,06
BBM,BBM:F014642,BBM:F023191,similar,06
BBM,BBM:F014642,BBM:F034167,similar,06
BBM,BBM:F023191,BBM:F034167,similar,06
BBM,BBM:F014647,BBM:F035678,similar,06
BBM,BBM:F014657,BBM:F014727,strict,06
BBM,BBM:F014734,BBM:F014750,similar,06
BBM,BBM:F014879,BBM:F014880,strict,06
BBM,BBM:F015134,BBM:F015268,similar,06
BBM,BBM:F015164,BBM:F015267,similar,06
BBM,BBM:F015229,BBM:F015230,strict,06
BBM,BBM:F015331,BBM:F015337,strict,06
BBM,BBM:F015924,BBM:F016076,similar,06
BBM,BBM:F016705,BBM:F016780,similar,06
BBM,BBM:F017001,BBM:F017002,similar,06
BBM,BBM:F017001,BBM:F035732,similar,06
BBM,BBM:F017002,BBM:F035732,similar,06
BBM,BBM:F017904,BBM:F032118,similar,06
BBM,BBM:F017904,BBM:F032119,similar,06
BBM,BBM:F017904,BBM:F032120,similar,06
BBM,BBM:F017904,BBM:F032126,similar,06
BBM,BBM:F017904,BBM:F032128,similar,06
BBM,BBM:F032118,BBM:F032119,similar,06
BBM,BBM:F032118,BBM:F032120,similar,06
BBM,BBM:F032118,BBM:F032126,similar,06
BBM,BBM:F032118,BBM:F032128,similar,06
BBM,BBM:F032119,BBM:F032120,similar,06
BBM,BBM:F032119,BBM:F032126,similar,06
BBM,BBM:F032119,BBM:F032128,similar,06
BBM,BBM:F032120,BBM:F032126,similar,06
BBM,BBM:F032120,BBM:F032128,similar,06
BBM,BBM:F032126,BBM:F032128,similar,06
BBM,BBM:F018516,BBM:F034527,similar,06
BBM,BBM:F019752,BBM:F019764,strict,06
BBM,BBM:F021267,BBM:F021880,similar,06
BBM,BBM:F021472,BBM:F021673,similar,06
BBM,BBM:F021702,BBM:F030989,similar,06
BBM,BBM:F021702,BBM:F032050,similar,06
BBM,BBM:F021702,BBM:F033054,similar,06
BBM,BBM:F021702,BBM:F033448,similar,06
BBM,BBM:F030989,BBM:F032050,similar,06
BBM,BBM:F030989,BBM:F033054,similar,06
BBM,BBM:F030989,BBM:F033448,similar,06
BBM,BBM:F032050,BBM:F033054,similar,06
BBM,BBM:F032050,BBM:F033448,similar,06
BBM,BBM:F033054,BBM:F033448,similar,06
BBM,BBM:F022111,BBM:F022113,similar,06
BBM,BBM:F022111,BBM:F022122,similar,06
BBM,BBM:F022111,BBM:F028710,similar,06
BBM,BBM:F022113,BBM:F022122,similar,06
BBM,BBM:F022113,BBM:F028710,similar,06
BBM,BBM:F022122,BBM:F028710,similar,06
BBM,BBM:F022112,BBM:F022116,similar,06
BBM,BBM:F022121,BBM:F027565,similar,06
BBM,BBM:F022138,BBM:F022143,similar,06
BBM,BBM:F022138,BBM:F022153,similar,06
BBM,BBM:F022138,BBM:F022154,similar,06
BBM,BBM:F022138,BBM:F028711,similar,06
BBM,BBM:F022143,BBM:F022153,similar,06
BBM,BBM:F022143,BBM:F022154,similar,06
BBM,BBM:F022143,BBM:F028711,similar,06
BBM,BBM:F022153,BBM:F022154,similar,06
BBM,BBM:F022153,BBM:F028711,similar,06
BBM,BBM:F022154,BBM:F028711,similar,06
BBM,BBM:F022155,BBM:F034285,similar,06
BBM,BBM:F022814,BBM:F024000,similar,06
BBM,BBM:F022814,BBM:F024001,similar,06
BBM,BBM:F022814,BBM:F024012,similar,06
BBM,BBM:F024000,BBM:F024001,similar,06
BBM,BBM:F024000,BBM:F024012,similar,06
BBM,BBM:F024001,BBM:F024012,similar,06
BBM,BBM:F023118,BBM:F032114,similar,06
BBM,BBM:F024593,BBM:F024658,similar,06
BBM,BBM:F024594,BBM:F024711,similar,06
BBM,BBM:F026862,BBM:F026863,strict,06
BBM,BBM:F027526,BBM:F027566,similar,06
BBM,BBM:F027526,BBM:F034143,similar,06
BBM,BBM:F027566,BBM:F034143,similar,06
BBM,BBM:F027606,BBM:F035529,similar,06
BBM,BBM:F028011,BBM:F034367,similar,06
BBM,BBM:F028712,BBM:F028720,similar,06
BBM,BBM:F028712,BBM:F028723,similar,06
BBM,BBM:F028712,BBM:F028739,similar,06
BBM,BBM:F028712,BBM:F028756,similar,06
BBM,BBM:F028720,BBM:F028723,similar,06
BBM,BBM:F028720,BBM:F028739,similar,06
BBM,BBM:F028720,BBM:F028756,similar,06
BBM,BBM:F028723,BBM:F028739,similar,06
BBM,BBM:F028723,BBM:F028756,similar,06
BBM,BBM:F028739,BBM:F028756,similar,06
BBM,BBM:F028713,BBM:F028717,similar,06
BBM,BBM:F028713,BBM:F028718,similar,06
BBM,BBM:F028713,BBM:F028719,similar,06
BBM,BBM:F028713,BBM:F028721,similar,06
BBM,BBM:F028713,BBM:F028722,similar,06
BBM,BBM:F028713,BBM:F028726,similar,06
BBM,BBM:F028713,BBM:F028727,similar,06
BBM,BBM:F028713,BBM:F028730,similar,06
BBM,BBM:F028713,BBM:F028731,similar,06
BBM,BBM:F028713,BBM:F028732,similar,06
BBM,BBM:F028713,BBM:F028733,similar,06
BBM,BBM:F028713,BBM:F028737,similar,06
BBM,BBM:F028713,BBM:F028747,similar,06
BBM,BBM:F028713,BBM:F028748,similar,06
BBM,BBM:F028713,BBM:F028749,similar,06
BBM,BBM:F028713,BBM:F028759,similar,06
BBM,BBM:F028713,BBM:F028760,similar,06
BBM,BBM:F028713,BBM:F028761,similar,06
BBM,BBM:F028713,BBM:F028763,similar,06
BBM,BBM:F028713,BBM:F028764,similar,06
BBM,BBM:F028713,BBM:F028765,similar,06
BBM,BBM:F028713,BBM:F028767,similar,06
BBM,BBM:F028713,BBM:F028768,similar,06
BBM,BBM:F028717,BBM:F028718,similar,06
BBM,BBM:F028717,BBM:F028719,similar,06
BBM,BBM:F028717,BBM:F028721,similar,06
BBM,BBM:F028717,BBM:F028722,similar,06
BBM,BBM:F028717,BBM:F028726,similar,06
BBM,BBM:F028717,BBM:F028727,similar,06
BBM,BBM:F028717,BBM:F028730,similar,06
BBM,BBM:F028717,BBM:F028731,similar,06
BBM,BBM:F028717,BBM:F028732,similar,06
BBM,BBM:F028717,BBM:F028733,similar,06
BBM,BBM:F028717,BBM:F028737,similar,06
BBM,BBM:F028717,BBM:F028747,similar,06
BBM,BBM:F028717,BBM:F028748,similar,06
BBM,BBM:F028717,BBM:F028749,similar,06
BBM,BBM:F028717,BBM:F028759,similar,06
BBM,BBM:F028717,BBM:F028760,similar,06
BBM,BBM:F028717,BBM:F028761,similar,06
BBM,BBM:F028717,BBM:F028763,similar,06
BBM,BBM:F028717,BBM:F028764,similar,06
BBM,BBM:F028717,BBM:F028765,similar,06
BBM,BBM:F028717,BBM:F028767,similar,06
BBM,BBM:F028717,BBM:F028768,similar,06
BBM,BBM:F028718,BBM:F028719,similar,06
BBM,BBM:F028718,BBM:F028721,similar,06
BBM,BBM:F028718,BBM:F028722,similar,06
BBM,BBM:F028718,BBM:F028726,similar,06
BBM,BBM:F028718,BBM:F028727,similar,06
BBM,BBM:F028718,BBM:F028730,similar,06
BBM,BBM:F028718,BBM:F028731,similar,06
BBM,BBM:F028718,BBM:F028732,similar,06
BBM,BBM:F028718,BBM:F028733,similar,06
BBM,BBM:F028718,BBM:F028737,similar,06
BBM,BBM:F028718,BBM:F028747,similar,06
BBM,BBM:F028718,BBM:F028748,similar,06
BBM,BBM:F028718,BBM:F028749,similar,06
BBM,BBM:F028718,BBM:F028759,similar,06
BBM,BBM:F028718,BBM:F028760,similar,06
BBM,BBM:F028718,BBM:F028761,similar,06
BBM,BBM:F028718,BBM:F028763,similar,06
BBM,BBM:F028718,BBM:F028764,similar,06
BBM,BBM:F028718,BBM:F028765,similar,06
BBM,BBM:F028718,BBM:F028767,similar,06
BBM,BBM:F028718,BBM:F028768,similar,06
BBM,BBM:F028719,BBM:F028721,similar,06
BBM,BBM:F028719,BBM:F028722,similar,06
BBM,BBM:F028719,BBM:F028726,similar,06
BBM,BBM:F028719,BBM:F028727,similar,06
BBM,BBM:F028719,BBM:F028730,similar,06
BBM,BBM:F028719,BBM:F028731,similar,06
BBM,BBM:F028719,BBM:F028732,similar,06
BBM,BBM:F028719,BBM:F028733,similar,06
BBM,BBM:F028719,BBM:F028737,similar,06
BBM,BBM:F028719,BBM:F028747,similar,06
BBM,BBM:F028719,BBM:F028748,similar,06
BBM,BBM:F028719,BBM:F028749,similar,06
BBM,BBM:F028719,BBM:F028759,similar,06
BBM,BBM:F028719,BBM:F028760,similar,06
BBM,BBM:F028719,BBM:F028761,similar,06
BBM,BBM:F028719,BBM:F028763,similar,06
BBM,BBM:F028719,BBM:F028764,similar,06
BBM,BBM:F028719,BBM:F028765,similar,06
BBM,BBM:F028719,BBM:F028767,similar,06
BBM,BBM:F028719,BBM:F028768,similar,06
BBM,BBM:F028721,BBM:F028722,similar,06
BBM,BBM:F028721,BBM:F028726,similar,06
BBM,BBM:F028721,BBM:F028727,similar,06
BBM,BBM:F028721,BBM:F028730,similar,06
BBM,BBM:F028721,BBM:F028731,similar,06
BBM,BBM:F028721,BBM:F028732,similar,06
BBM,BBM:F028721,BBM:F028733,similar,06
BBM,BBM:F028721,BBM:F028737,similar,06
BBM,BBM:F028721,BBM:F028747,similar,06
BBM,BBM:F028721,BBM:F028748,similar,06
BBM,BBM:F028721,BBM:F028749,similar,06
BBM,BBM:F028721,BBM:F028759,similar,06
BBM,BBM:F028721,BBM:F028760,similar,06
BBM,BBM:F028721,BBM:F028761,similar,06
BBM,BBM:F028721,BBM:F028763,similar,06
BBM,BBM:F028721,BBM:F028764,similar,06
BBM,BBM:F028721,BBM:F028765,similar,06
BBM,BBM:F028721,BBM:F028767,similar,06
BBM,BBM:F028721,BBM:F028768,similar,06
BBM,BBM:F028722,BBM:F028726,similar,06
BBM,BBM:F028722,BBM:F028727,similar,06
BBM,BBM:F028722,BBM:F028730,similar,06
BBM,BBM:F028722,BBM:F028731,similar,06
BBM,BBM:F028722,BBM:F028732,similar,06
BBM,BBM:F028722,BBM:F028733,similar,06
BBM,BBM:F028722,BBM:F028737,similar,06
BBM,BBM:F028722,BBM:F028747,similar,06
BBM,BBM:F028722,BBM:F028748,similar,06
BBM,BBM:F028722,BBM:F028749,similar,06
BBM,BBM:F028722,BBM:F028759,similar,06
BBM,BBM:F028722,BBM:F028760,similar,06
BBM,BBM:F028722,BBM:F028761,similar,06
BBM,BBM:F028722,BBM:F028763,similar,06
BBM,BBM:F028722,BBM:F028764,similar,06
BBM,BBM:F028722,BBM:F028765,similar,06
BBM,BBM:F028722,BBM:F028767,similar,06
BBM,BBM:F028722,BBM:F028768,similar,06
BBM,BBM:F028726,BBM:F028727,similar,06
BBM,BBM:F028726,BBM:F028730,similar,06
BBM,BBM:F028726,BBM:F028731,similar,06
BBM,BBM:F028726,BBM:F028732,similar,06
BBM,BBM:F028726,BBM:F028733,similar,06
BBM,BBM:F028726,BBM:F028737,similar,06
BBM,BBM:F028726,BBM:F028747,similar,06
BBM,BBM:F028726,BBM:F028748,similar,06
BBM,BBM:F028726,BBM:F028749,similar,06
BBM,BBM:F028726,BBM:F028759,similar,06
BBM,BBM:F028726,BBM:F028760,similar,06
BBM,BBM:F028726,BBM:F028761,similar,06
BBM,BBM:F028726,BBM:F028763,similar,06
BBM,BBM:F028726,BBM:F028764,similar,06
BBM,BBM:F028726,BBM:F028765,similar,06
BBM,BBM:F028726,BBM:F028767,similar,06
BBM,BBM:F028726,BBM:F028768,similar,06
BBM,BBM:F028727,BBM:F028730,similar,06
BBM,BBM:F028727,BBM:F028731,similar,06
BBM,BBM:F028727,BBM:F028732,similar,06
BBM,BBM:F028727,BBM:F028733,similar,06
BBM,BBM:F028727,BBM:F028737,similar,06
BBM,BBM:F028727,BBM:F028747,similar,06
BBM,BBM:F028727,BBM:F028748,similar,06
BBM,BBM:F028727,BBM:F028749,similar,06
BBM,BBM:F028727,BBM:F028759,similar,06
BBM,BBM:F028727,BBM:F028760,similar,06
BBM,BBM:F028727,BBM:F028761,similar,06
BBM,BBM:F028727,BBM:F028763,similar,06
BBM,BBM:F028727,BBM:F028764,similar,06
BBM,BBM:F028727,BBM:F028765,similar,06
BBM,BBM:F028727,BBM:F028767,similar,06
BBM,BBM:F028727,BBM:F028768,similar,06
BBM,BBM:F028730,BBM:F028731,similar,06
BBM,BBM:F028730,BBM:F028732,similar,06
BBM,BBM:F028730,BBM:F028733,similar,06
BBM,BBM:F028730,BBM:F028737,similar,06
BBM,BBM:F028730,BBM:F028747,similar,06
BBM,BBM:F028730,BBM:F028748,similar,06
BBM,BBM:F028730,BBM:F028749,similar,06
BBM,BBM:F028730,BBM:F028759,similar,06
BBM,BBM:F028730,BBM:F028760,similar,06
BBM,BBM:F028730,BBM:F028761,similar,06
BBM,BBM:F028730,BBM:F028763,similar,06
BBM,BBM:F028730,BBM:F028764,similar,06
BBM,BBM:F028730,BBM:F028765,similar,06
BBM,BBM:F028730,BBM:F028767,similar,06
BBM,BBM:F028730,BBM:F028768,similar,06
BBM,BBM:F028731,BBM:F028732,similar,06
BBM,BBM:F028731,BBM:F028733,similar,06
BBM,BBM:F028731,BBM:F028737,similar,06
BBM,BBM:F028731,BBM:F028747,similar,06
BBM,BBM:F028731,BBM:F028748,similar,06
BBM,BBM:F028731,BBM:F028749,similar,06
BBM,BBM:F028731,BBM:F028759,similar,06
BBM,BBM:F028731,BBM:F028760,similar,06
BBM,BBM:F028731,BBM:F028761,similar,06
BBM,BBM:F028731,BBM:F028763,similar,06
BBM,BBM:F028731,BBM:F028764,similar,06
BBM,BBM:F028731,BBM:F028765,similar,06
BBM,BBM:F028731,BBM:F028767,similar,06
BBM,BBM:F028731,BBM:F028768,similar,06
BBM,BBM:F028732,BBM:F028733,similar,06
BBM,BBM:F028732,BBM:F028737,similar,06
BBM,BBM:F028732,BBM:F028747,similar,06
BBM,BBM:F028732,BBM:F028748,similar,06
BBM,BBM:F028732,BBM:F028749,similar,06
BBM,BBM:F028732,BBM:F028759,similar,06
BBM,BBM:F028732,BBM:F028760,similar,06
BBM,BBM:F028732,BBM:F028761,similar,06
BBM,BBM:F028732,BBM:F028763,similar,06
BBM,BBM:F028732,BBM:F028764,similar,06
BBM,BBM:F028732,BBM:F028765,similar,06
BBM,BBM:F028732,BBM:F028767,similar,06
BBM,BBM:F028732,BBM:F028768,similar,06
BBM,BBM:F028733,BBM:F028737,similar,06
BBM,BBM:F028733,BBM:F028747,similar,06
BBM,BBM:F028733,BBM:F028748,similar,06
BBM,BBM:F028733,BBM:F028749,similar,06
BBM,BBM:F028733,BBM:F028759,similar,06
BBM,BBM:F028733,BBM:F028760,similar,06
BBM,BBM:F028733,BBM:F028761,similar,06
BBM,BBM:F028733,BBM:F028763,similar,06
BBM,BBM:F028733,BBM:F028764,similar,06
BBM,BBM:F028733,BBM:F028765,similar,06
BBM,BBM:F028733,BBM:F028767,similar,06
BBM,BBM:F028733,BBM:F028768,similar,06
BBM,BBM:F028737,BBM:F028747,similar,06
BBM,BBM:F028737,BBM:F028748,similar,06
BBM,BBM:F028737,BBM:F028749,similar,06
BBM,BBM:F028737,BBM:F028759,similar,06
BBM,BBM:F028737,BBM:F028760,similar,06
BBM,BBM:F028737,BBM:F028761,similar,06
BBM,BBM:F028737,BBM:F028763,similar,06
BBM,BBM:F028737,BBM:F028764,similar,06
BBM,BBM:F028737,BBM:F028765,similar,06
BBM,BBM:F028737,BBM:F028767,similar,06
BBM,BBM:F028737,BBM:F028768,similar,06
BBM,BBM:F028747,BBM:F028748,similar,06
BBM,BBM:F028747,BBM:F028749,similar,06
BBM,BBM:F028747,BBM:F028759,similar,06
BBM,BBM:F028747,BBM:F028760,similar,06
BBM,BBM:F028747,BBM:F028761,similar,06
BBM,BBM:F028747,BBM:F028763,similar,06
BBM,BBM:F028747,BBM:F028764,similar,06
BBM,BBM:F028747,BBM:F028765,similar,06
BBM,BBM:F028747,BBM:F028767,similar,06
BBM,BBM:F028747,BBM:F028768,similar,06
BBM,BBM:F028748,BBM:F028749,similar,06
BBM,BBM:F028748,BBM:F028759,similar,06
BBM,BBM:F028748,BBM:F028760,similar,06
BBM,BBM:F028748,BBM:F028761,similar,06
BBM,BBM:F028748,BBM:F028763,similar,06
BBM,BBM:F028748,BBM:F028764,similar,06
BBM,BBM:F028748,BBM:F028765,similar,06
BBM,BBM:F028748,BBM:F028767,similar,06
BBM,BBM:F028748,BBM:F028768,similar,06
BBM,BBM:F028749,BBM:F028759,similar,06
BBM,BBM:F028749,BBM:F028760,similar,06
BBM,BBM:F028749,BBM:F028761,similar,06
BBM,BBM:F028749,BBM:F028763,similar,06
BBM,BBM:F028749,BBM:F028764,similar,06
BBM,BBM:F028749,BBM:F028765,similar,06
BBM,BBM:F028749,BBM:F028767,similar,06
BBM,BBM:F028749,BBM:F028768,similar,06
BBM,BBM:F028759,BBM:F028760,similar,06
BBM,BBM:F028759,BBM:F028761,similar,06
BBM,BBM:F028759,BBM:F028763,similar,06
BBM,BBM:F028759,BBM:F028764,similar,06
BBM,BBM:F028759,BBM:F028765,similar,06
BBM,BBM:F028759,BBM:F028767,similar,06
BBM,BBM:F028759,BBM:F028768,similar,06
BBM,BBM:F028760,BBM:F028761,similar,06
BBM,BBM:F028760,BBM:F028763,similar,06
BBM,BBM:F028760,BBM:F028764,similar,06
BBM,BBM:F028760,BBM:F028765,similar,06
BBM,BBM:F028760,BBM:F028767,similar,06
BBM,BBM:F028760,BBM:F028768,similar,06
BBM,BBM:F028761,BBM:F028763,similar,06
BBM,BBM:F028761,BBM:F028764,similar,06
BBM,BBM:F028761,BBM:F028765,similar,06
BBM,BBM:F028761,BBM:F028767,similar,06
BBM,BBM:F028761,BBM:F028768,similar,06
BBM,BBM:F028763,BBM:F028764,similar,06
BBM,BBM:F028763,BBM:F028765,similar,06
BBM,BBM:F028763,BBM:F028767,similar,06
BBM,BBM:F028763,BBM:F028768,similar,06
BBM,BBM:F028764,BBM:F028765,similar,06
BBM,BBM:F028764,BBM:F028767,similar,06
BBM,BBM:F028764,BBM:F028768,similar,06
BBM,BBM:F028765,BBM:F028767,similar,06
BBM,BBM:F028765,BBM:F028768,similar,06
BBM,BBM:F028767,BBM:F028768,similar,06
BBM,BBM:F028714,BBM:F028715,strict,06
BBM,BBM:F028724,BBM:F028753,similar,06
BBM,BBM:F028724,BBM:F028754,similar,06
BBM,BBM:F028753,BBM:F028754,similar,06
BBM,BBM:F028725,BBM:F028728,strict,06
BBM,BBM:F028729,BBM:F028734,similar,06
BBM,BBM:F028729,BBM:F028735,similar,06
BBM,BBM:F028729,BBM:F028736,similar,06
BBM,BBM:F028729,BBM:F028738,similar,06
BBM,BBM:F028729,BBM:F028740,similar,06
BBM,BBM:F028729,BBM:F028741,similar,06
BBM,BBM:F028729,BBM:F028742,similar,06
BBM,BBM:F028729,BBM:F028743,similar,06
BBM,BBM:F028729,BBM:F028744,similar,06
BBM,BBM:F028729,BBM:F028757,similar,06
BBM,BBM:F028729,BBM:F028758,similar,06
BBM,BBM:F028729,BBM:F028766,similar,06
BBM,BBM:F028734,BBM:F028735,similar,06
BBM,BBM:F028734,BBM:F028736,similar,06
BBM,BBM:F028734,BBM:F028738,similar,06
BBM,BBM:F028734,BBM:F028740,similar,06
BBM,BBM:F028734,BBM:F028741,similar,06
BBM,BBM:F028734,BBM:F028742,similar,06
BBM,BBM:F028734,BBM:F028743,similar,06
BBM,BBM:F028734,BBM:F028744,similar,06
BBM,BBM:F028734,BBM:F028757,similar,06
BBM,BBM:F028734,BBM:F028758,similar,06
BBM,BBM:F028734,BBM:F028766,similar,06
BBM,BBM:F028735,BBM:F028736,similar,06
BBM,BBM:F028735,BBM:F028738,similar,06
BBM,BBM:F028735,BBM:F028740,similar,06
BBM,BBM:F028735,BBM:F028741,similar,06
BBM,BBM:F028735,BBM:F028742,similar,06
BBM,BBM:F028735,BBM:F028743,similar,06
BBM,BBM:F028735,BBM:F028744,similar,06
BBM,BBM:F028735,BBM:F028757,similar,06
BBM,BBM:F028735,BBM:F028758,similar,06
BBM,BBM:F028735,BBM:F028766,similar,06
BBM,BBM:F028736,BBM:F028738,similar,06
BBM,BBM:F028736,BBM:F028740,similar,06
BBM,BBM:F028736,BBM:F028741,similar,06
BBM,BBM:F028736,BBM:F028742,similar,06
BBM,BBM:F028736,BBM:F028743,similar,06
BBM,BBM:F028736,BBM:F028744,similar,06
BBM,BBM:F028736,BBM:F028757,similar,06
BBM,BBM:F028736,BBM:F028758,similar,06
BBM,BBM:F028736,BBM:F028766,similar,06
BBM,BBM:F028738,BBM:F028740,similar,06
BBM,BBM:F028738,BBM:F028741,similar,06
BBM,BBM:F028738,BBM:F028742,similar,06
BBM,BBM:F028738,BBM:F028743,similar,06
BBM,BBM:F028738,BBM:F028744,similar,06
BBM,BBM:F028738,BBM:F028757,similar,06
BBM,BBM:F028738,BBM:F028758,similar,06
BBM,BBM:F028738,BBM:F028766,similar,06
BBM,BBM:F028740,BBM:F028741,similar,06
BBM,BBM:F028740,BBM:F028742,similar,06
BBM,BBM:F028740,BBM:F028743,similar,06
BBM,BBM:F028740,BBM:F028744,similar,06
BBM,BBM:F028740,BBM:F028757,similar,06
BBM,BBM:F028740,BBM:F028758,similar,06
BBM,BBM:F028740,BBM:F028766,similar,06
BBM,BBM:F028741,BBM:F028742,similar,06
BBM,BBM:F028741,BBM:F028743,similar,06
BBM,BBM:F028741,BBM:F028744,similar,06
BBM,BBM:F028741,BBM:F028757,similar,06
BBM,BBM:F028741,BBM:F028758,similar,06
BBM,BBM:F028741,BBM:F028766,similar,06
BBM,BBM:F028742,BBM:F028743,similar,06
BBM,BBM:F028742,BBM:F028744,similar,06
BBM,BBM:F028742,BBM:F028757,similar,06
BBM,BBM:F028742,BBM:F028758,similar,06
BBM,BBM:F028742,BBM:F028766,similar,06
BBM,BBM:F028743,BBM:F028744,similar,06
BBM,BBM:F028743,BBM:F028757,similar,06
BBM,BBM:F028743,BBM:F028758,similar,06
BBM,BBM:F028743,BBM:F028766,similar,06
BBM,BBM:F028744,BBM:F028757,similar,06
BBM,BBM:F028744,BBM:F028758,similar,06
BBM,BBM:F028744,BBM:F028766,similar,06
BBM,BBM:F028757,BBM:F028758,similar,06
BBM,BBM:F028757,BBM:F028766,similar,06
BBM,BBM:F028758,BBM:F028766,similar,06
BBM,BBM:F028745,BBM:F028750,similar,06
BBM,BBM:F028745,BBM:F028752,similar,06
BBM,BBM:F028745,BBM:F028755,similar,06
BBM,BBM:F028745,BBM:F028762,similar,06
BBM,BBM:F028750,BBM:F028752,similar,06
BBM,BBM:F028750,BBM:F028755,similar,06
BBM,BBM:F028750,BBM:F028762,similar,06
BBM,BBM:F028752,BBM:F028755,similar,06
BBM,BBM:F028752,BBM:F028762,similar,06
BBM,BBM:F028755,BBM:F028762,similar,06
BBM,BBM:F029270,BBM:F029295,similar,06
BBM,BBM:F030534,BBM:F030694,similar,06
BBM,BBM:F030692,BBM:F030797,similar,06
BBM,BBM:F030692,BBM:F030798,similar,06
BBM,BBM:F030797,BBM:F030798,similar,06
BBM,BBM:F031230,BBM:F033649,similar,06
BBM,BBM:F032052,BBM:F032163,similar,06
BBM,BBM:F032052,BBM:F032164,similar,06
BBM,BBM:F032052,BBM:F032165,similar,06
BBM,BBM:F032052,BBM:F032166,similar,06
BBM,BBM:F032052,BBM:F032167,similar,06
BBM,BBM:F032052,BBM:F032168,similar,06
BBM,BBM:F032052,BBM:F032169,similar,06
BBM,BBM:F032052,BBM:F032170,similar,06
BBM,BBM:F032052,BBM:F032171,similar,06
BBM,BBM:F032052,BBM:F032172,similar,06
BBM,BBM:F032052,BBM:F032173,similar,06
BBM,BBM:F032052,BBM:F032174,similar,06
BBM,BBM:F032052,BBM:F032176,similar,06
BBM,BBM:F032052,BBM:F032193,similar,06
BBM,BBM:F032052,BBM:F032194,similar,06
BBM,BBM:F032052,BBM:F032198,similar,06
BBM,BBM:F032052,BBM:F032199,similar,06
BBM,BBM:F032052,BBM:F032200,similar,06
BBM,BBM:F032052,BBM:F032203,similar,06
BBM,BBM:F032052,BBM:F032204,similar,06
BBM,BBM:F032052,BBM:F032205,similar,06
BBM,BBM:F032052,BBM:F032206,similar,06
BBM,BBM:F032052,BBM:F032207,similar,06
BBM,BBM:F032052,BBM:F032208,similar,06
BBM,BBM:F032052,BBM:F032209,similar,06
BBM,BBM:F032052,BBM:F032216,similar,06
BBM,BBM:F032163,BBM:F032164,similar,06
BBM,BBM:F032163,BBM:F032165,similar,06
BBM,BBM:F032163,BBM:F032166,similar,06
BBM,BBM:F032163,BBM:F032167,similar,06
BBM,BBM:F032163,BBM:F032168,similar,06
BBM,BBM:F032163,BBM:F032169,similar,06
BBM,BBM:F032163,BBM:F032170,similar,06
BBM,BBM:F032163,BBM:F032171,similar,06
BBM,BBM:F032163,BBM:F032172,similar,06
BBM,BBM:F032163,BBM:F032173,similar,06
BBM,BBM:F032163,BBM:F032174,similar,06
BBM,BBM:F032163,BBM:F032176,similar,06
BBM,BBM:F032163,BBM:F032193,similar,06
BBM,BBM:F032163,BBM:F032194,similar,06
BBM,BBM:F032163,BBM:F032198,similar,06
BBM,BBM:F032163,BBM:F032199,similar,06
BBM,BBM:F032163,BBM:F032200,similar,06
BBM,BBM:F032163,BBM:F032203,similar,06
BBM,BBM:F032163,BBM:F032204,similar,06
BBM,BBM:F032163,BBM:F032205,similar,06
BBM,BBM:F032163,BBM:F032206,similar,06
BBM,BBM:F032163,BBM:F032207,similar,06
BBM,BBM:F032163,BBM:F032208,similar,06
BBM,BBM:F032163,BBM:F032209,similar,06
BBM,BBM:F032163,BBM:F032216,similar,06
BBM,BBM:F032164,BBM:F032165,similar,06
BBM,BBM:F032164,BBM:F032166,similar,06
BBM,BBM:F032164,BBM:F032167,similar,06
BBM,BBM:F032164,BBM:F032168,similar,06
BBM,BBM:F032164,BBM:F032169,similar,06
BBM,BBM:F032164,BBM:F032170,similar,06
BBM,BBM:F032164,BBM:F032171,similar,06
BBM,BBM:F032164,BBM:F032172,similar,06
BBM,BBM:F032164,BBM:F032173,similar,06
BBM,BBM:F032164,BBM:F032174,similar,06
BBM,BBM:F032164,BBM:F032176,similar,06
BBM,BBM:F032164,BBM:F032193,similar,06
BBM,BBM:F032164,BBM:F032194,similar,06
BBM,BBM:F032164,BBM:F032198,similar,06
BBM,BBM:F032164,BBM:F032199,similar,06
BBM,BBM:F032164,BBM:F032200,similar,06
BBM,BBM:F032164,BBM:F032203,similar,06
BBM,BBM:F032164,BBM:F032204,similar,06
BBM,BBM:F032164,BBM:F032205,similar,06
BBM,BBM:F032164,BBM:F032206,similar,06
BBM,BBM:F032164,BBM:F032207,similar,06
BBM,BBM:F032164,BBM:F032208,similar,06
BBM,BBM:F032164,BBM:F032209,similar,06
BBM,BBM:F032164,BBM:F032216,similar,06
BBM,BBM:F032165,BBM:F032166,similar,06
BBM,BBM:F032165,BBM:F032167,similar,06
BBM,BBM:F032165,BBM:F032168,similar,06
BBM,BBM:F032165,BBM:F032169,similar,06
BBM,BBM:F032165,BBM:F032170,similar,06
BBM,BBM:F032165,BBM:F032171,similar,06
BBM,BBM:F032165,BBM:F032172,similar,06
BBM,BBM:F032165,BBM:F032173,similar,06
BBM,BBM:F032165,BBM:F032174,similar,06
BBM,BBM:F032165,BBM:F032176,similar,06
BBM,BBM:F032165,BBM:F032193,similar,06
BBM,BBM:F032165,BBM:F032194,similar,06
BBM,BBM:F032165,BBM:F032198,similar,06
BBM,BBM:F032165,BBM:F032199,similar,06
BBM,BBM:F032165,BBM:F032200,similar,06
BBM,BBM:F032165,BBM:F032203,similar,06
BBM,BBM:F032165,BBM:F032204,similar,06
BBM,BBM:F032165,BBM:F032205,similar,06
BBM,BBM:F032165,BBM:F032206,similar,06
BBM,BBM:F032165,BBM:F032207,similar,06
BBM,BBM:F032165,BBM:F032208,similar,06
BBM,BBM:F032165,BBM:F032209,similar,06
BBM,BBM:F032165,BBM:F032216,similar,06
BBM,BBM:F032166,BBM:F032167,similar,06
BBM,BBM:F032166,BBM:F032168,similar,06
BBM,BBM:F032166,BBM:F032169,similar,06
BBM,BBM:F032166,BBM:F032170,similar,06
BBM,BBM:F032166,BBM:F032171,similar,06
BBM,BBM:F032166,BBM:F032172,similar,06
BBM,BBM:F032166,BBM:F032173,similar,06
BBM,BBM:F032166,BBM:F032174,similar,06
BBM,BBM:F032166,BBM:F032176,similar,06
BBM,BBM:F032166,BBM:F032193,similar,06
BBM,BBM:F032166,BBM:F032194,similar,06
BBM,BBM:F032166,BBM:F032198,similar,06
BBM,BBM:F032166,BBM:F032199,similar,06
BBM,BBM:F032166,BBM:F032200,similar,06
BBM,BBM:F032166,BBM:F032203,similar,06
BBM,BBM:F032166,BBM:F032204,similar,06
BBM,BBM:F032166,BBM:F032205,similar,06
BBM,BBM:F032166,BBM:F032206,similar,06
BBM,BBM:F032166,BBM:F032207,similar,06
BBM,BBM:F032166,BBM:F032208,similar,06
BBM,BBM:F032166,BBM:F032209,similar,06
BBM,BBM:F032166,BBM:F032216,similar,06
BBM,BBM:F032167,BBM:F032168,similar,06
BBM,BBM:F032167,BBM:F032169,similar,06
BBM,BBM:F032167,BBM:F032170,similar,06
BBM,BBM:F032167,BBM:F032171,similar,06
BBM,BBM:F032167,BBM:F032172,similar,06
BBM,BBM:F032167,BBM:F032173,similar,06
BBM,BBM:F032167,BBM:F032174,similar,06
BBM,BBM:F032167,BBM:F032176,similar,06
BBM,BBM:F032167,BBM:F032193,similar,06
BBM,BBM:F032167,BBM:F032194,similar,06
BBM,BBM:F032167,BBM:F032198,similar,06
BBM,BBM:F032167,BBM:F032199,similar,06
BBM,BBM:F032167,BBM:F032200,similar,06
BBM,BBM:F032167,BBM:F032203,similar,06
BBM,BBM:F032167,BBM:F032204,similar,06
BBM,BBM:F032167,BBM:F032205,similar,06
BBM,BBM:F032167,BBM:F032206,similar,06
BBM,BBM:F032167,BBM:F032207,similar,06
BBM,BBM:F032167,BBM:F032208,similar,06
BBM,BBM:F032167,BBM:F032209,similar,06
BBM,BBM:F032167,BBM:F032216,similar,06
BBM,BBM:F032168,BBM:F032169,similar,06
BBM,BBM:F032168,BBM:F032170,similar,06
BBM,BBM:F032168,BBM:F032171,similar,06
BBM,BBM:F032168,BBM:F032172,similar,06
BBM,BBM:F032168,BBM:F032173,similar,06
BBM,BBM:F032168,BBM:F032174,similar,06
BBM,BBM:F032168,BBM:F032176,similar,06
BBM,BBM:F032168,BBM:F032193,similar,06
BBM,BBM:F032168,BBM:F032194,similar,06
BBM,BBM:F032168,BBM:F032198,similar,06
BBM,BBM:F032168,BBM:F032199,similar,06
BBM,BBM:F032168,BBM:F032200,similar,06
BBM,BBM:F032168,BBM:F032203,similar,06
BBM,BBM:F032168,BBM:F032204,similar,06
BBM,BBM:F032168,BBM:F032205,similar,06
BBM,BBM:F032168,BBM:F032206,similar,06
BBM,BBM:F032168,BBM:F032207,similar,06
BBM,BBM:F032168,BBM:F032208,similar,06
BBM,BBM:F032168,BBM:F032209,similar,06
BBM,BBM:F032168,BBM:F032216,similar,06
BBM,BBM:F032169,BBM:F032170,similar,06
BBM,BBM:F032169,BBM:F032171,similar,06
BBM,BBM:F032169,BBM:F032172,similar,06
BBM,BBM:F032169,BBM:F032173,similar,06
BBM,BBM:F032169,BBM:F032174,similar,06
BBM,BBM:F032169,BBM:F032176,similar,06
BBM,BBM:F032169,BBM:F032193,similar,06
BBM,BBM:F032169,BBM:F032194,similar,06
BBM,BBM:F032169,BBM:F032198,similar,06
BBM,BBM:F032169,BBM:F032199,similar,06
BBM,BBM:F032169,BBM:F032200,similar,06
BBM,BBM:F032169,BBM:F032203,similar,06
BBM,BBM:F032169,BBM:F032204,similar,06
BBM,BBM:F032169,BBM:F032205,similar,06
BBM,BBM:F032169,BBM:F032206,similar,06
BBM,BBM:F032169,BBM:F032207,similar,06
BBM,BBM:F032169,BBM:F032208,similar,06
BBM,BBM:F032169,BBM:F032209,similar,06
BBM,BBM:F032169,BBM:F032216,similar,06
BBM,BBM:F032170,BBM:F032171,similar,06
BBM,BBM:F032170,BBM:F032172,similar,06
BBM,BBM:F032170,BBM:F032173,similar,06
BBM,BBM:F032170,BBM:F032174,similar,06
BBM,BBM:F032170,BBM:F032176,similar,06
BBM,BBM:F032170,BBM:F032193,similar,06
BBM,BBM:F032170,BBM:F032194,similar,06
BBM,BBM:F032170,BBM:F032198,similar,06
BBM,BBM:F032170,BBM:F032199,similar,06
BBM,BBM:F032170,BBM:F032200,similar,06
BBM,BBM:F032170,BBM:F032203,similar,06
BBM,BBM:F032170,BBM:F032204,similar,06
BBM,BBM:F032170,BBM:F032205,similar,06
BBM,BBM:F032170,BBM:F032206,similar,06
BBM,BBM:F032170,BBM:F032207,similar,06
BBM,BBM:F032170,BBM:F032208,similar,06
BBM,BBM:F032170,BBM:F032209,similar,06
BBM,BBM:F032170,BBM:F032216,similar,06
BBM,BBM:F032171,BBM:F032172,similar,06
BBM,BBM:F032171,BBM:F032173,similar,06
BBM,BBM:F032171,BBM:F032174,similar,06
BBM,BBM:F032171,BBM:F032176,similar,06
BBM,BBM:F032171,BBM:F032193,similar,06
BBM,BBM:F032171,BBM:F032194,similar,06
BBM,BBM:F032171,BBM:F032198,similar,06
BBM,BBM:F032171,BBM:F032199,similar,06
BBM,BBM:F032171,BBM:F032200,similar,06
BBM,BBM:F032171,BBM:F032203,similar,06
BBM,BBM:F032171,BBM:F032204,similar,06
BBM,BBM:F032171,BBM:F032205,similar,06
BBM,BBM:F032171,BBM:F032206,similar,06
BBM,BBM:F032171,BBM:F032207,similar,06
BBM,BBM:F032171,BBM:F032208,similar,06
BBM,BBM:F032171,BBM:F032209,similar,06
BBM,BBM:F032171,BBM:F032216,similar,06
BBM,BBM:F032172,BBM:F032173,similar,06
BBM,BBM:F032172,BBM:F032174,similar,06
BBM,BBM:F032172,BBM:F032176,similar,06
BBM,BBM:F032172,BBM:F032193,similar,06
BBM,BBM:F032172,BBM:F032194,similar,06
BBM,BBM:F032172,BBM:F032198,similar,06
BBM,BBM:F032172,BBM:F032199,similar,06
BBM,BBM:F032172,BBM:F032200,similar,06
BBM,BBM:F032172,BBM:F032203,similar,06
BBM,BBM:F032172,BBM:F032204,similar,06
BBM,BBM:F032172,BBM:F032205,similar,06
BBM,BBM:F032172,BBM:F032206,similar,06
BBM,BBM:F032172,BBM:F032207,similar,06
BBM,BBM:F032172,BBM:F032208,similar,06
BBM,BBM:F032172,BBM:F032209,similar,06
BBM,BBM:F032172,BBM:F032216,similar,06
BBM,BBM:F032173,BBM:F032174,similar,06
BBM,BBM:F032173,BBM:F032176,similar,06
BBM,BBM:F032173,BBM:F032193,similar,06
BBM,BBM:F032173,BBM:F032194,similar,06
BBM,BBM:F032173,BBM:F032198,similar,06
BBM,BBM:F032173,BBM:F032199,similar,06
BBM,BBM:F032173,BBM:F032200,similar,06
BBM,BBM:F032173,BBM:F032203,similar,06
BBM,BBM:F032173,BBM:F032204,similar,06
BBM,BBM:F032173,BBM:F032205,similar,06
BBM,BBM:F032173,BBM:F032206,similar,06
BBM,BBM:F032173,BBM:F032207,similar,06
BBM,BBM:F032173,BBM:F032208,similar,06
BBM,BBM:F032173,BBM:F032209,similar,06
BBM,BBM:F032173,BBM:F032216,similar,06
BBM,BBM:F032174,BBM:F032176,similar,06
BBM,BBM:F032174,BBM:F032193,similar,06
BBM,BBM:F032174,BBM:F032194,similar,06
BBM,BBM:F032174,BBM:F032198,similar,06
BBM,BBM:F032174,BBM:F032199,similar,06
BBM,BBM:F032174,BBM:F032200,similar,06
BBM,BBM:F032174,BBM:F032203,similar,06
BBM,BBM:F032174,BBM:F032204,similar,06
BBM,BBM:F032174,BBM:F032205,similar,06
BBM,BBM:F032174,BBM:F032206,similar,06
BBM,BBM:F032174,BBM:F032207,similar,06
BBM,BBM:F032174,BBM:F032208,similar,06
BBM,BBM:F032174,BBM:F032209,similar,06
BBM,BBM:F032174,BBM:F032216,similar,06
BBM,BBM:F032176,BBM:F032193,similar,06
BBM,BBM:F032176,BBM:F032194,similar,06
BBM,BBM:F032176,BBM:F032198,similar,06
BBM,BBM:F032176,BBM:F032199,similar,06
BBM,BBM:F032176,BBM:F032200,similar,06
BBM,BBM:F032176,BBM:F032203,similar,06
BBM,BBM:F032176,BBM:F032204,similar,06
BBM,BBM:F032176,BBM:F032205,similar,06
BBM,BBM:F032176,BBM:F032206,similar,06
BBM,BBM:F032176,BBM:F032207,similar,06
BBM,BBM:F032176,BBM:F032208,similar,06
BBM,BBM:F032176,BBM:F032209,similar,06
BBM,BBM:F032176,BBM:F032216,similar,06
BBM,BBM:F032193,BBM:F032194,similar,06
BBM,BBM:F032193,BBM:F032198,similar,06
BBM,BBM:F032193,BBM:F032199,similar,06
BBM,BBM:F032193,BBM:F032200,similar,06
BBM,BBM:F032193,BBM:F032203,similar,06
BBM,BBM:F032193,BBM:F032204,similar,06
BBM,BBM:F032193,BBM:F032205,similar,06
BBM,BBM:F032193,BBM:F032206,similar,06
BBM,BBM:F032193,BBM:F032207,similar,06
BBM,BBM:F032193,BBM:F032208,similar,06
BBM,BBM:F032193,BBM:F032209,similar,06
BBM,BBM:F032193,BBM:F032216,similar,06
BBM,BBM:F032194,BBM:F032198,similar,06
BBM,BBM:F032194,BBM:F032199,similar,06
BBM,BBM:F032194,BBM:F032200,similar,06
BBM,BBM:F032194,BBM:F032203,similar,06
BBM,BBM:F032194,BBM:F032204,similar,06
BBM,BBM:F032194,BBM:F032205,similar,06
BBM,BBM:F032194,BBM:F032206,similar,06
BBM,BBM:F032194,BBM:F032207,similar,06
BBM,BBM:F032194,BBM:F032208,similar,06
BBM,BBM:F032194,BBM:F032209,similar,06
BBM,BBM:F032194,BBM:F032216,similar,06
BBM,BBM:F032198,BBM:F032199,similar,06
BBM,BBM:F032198,BBM:F032200,similar,06
BBM,BBM:F032198,BBM:F032203,similar,06
BBM,BBM:F032198,BBM:F032204,similar,06
BBM,BBM:F032198,BBM:F032205,similar,06
BBM,BBM:F032198,BBM:F032206,similar,06
BBM,BBM:F032198,BBM:F032207,similar,06
BBM,BBM:F032198,BBM:F032208,similar,06
BBM,BBM:F032198,BBM:F032209,similar,06
BBM,BBM:F032198,BBM:F032216,similar,06
BBM,BBM:F032199,BBM:F032200,similar,06
BBM,BBM:F032199,BBM:F032203,similar,06
BBM,BBM:F032199,BBM:F032204,similar,06
BBM,BBM:F032199,BBM:F032205,similar,06
BBM,BBM:F032199,BBM:F032206,similar,06
BBM,BBM:F032199,BBM:F032207,similar,06
BBM,BBM:F032199,BBM:F032208,similar,06
BBM,BBM:F032199,BBM:F032209,similar,06
BBM,BBM:F032199,BBM:F032216,similar,06
BBM,BBM:F032200,BBM:F032203,similar,06
BBM,BBM:F032200,BBM:F032204,similar,06
BBM,BBM:F032200,BBM:F032205,similar,06
BBM,BBM:F032200,BBM:F032206,similar,06
BBM,BBM:F032200,BBM:F032207,similar,06
BBM,BBM:F032200,BBM:F032208,similar,06
BBM,BBM:F032200,BBM:F032209,similar,06
BBM,BBM:F032200,BBM:F032216,similar,06
BBM,BBM:F032203,BBM:F032204,similar,06
BBM,BBM:F032203,BBM:F032205,similar,06
BBM,BBM:F032203,BBM:F032206,similar,06
BBM,BBM:F032203,BBM:F032207,similar,06
BBM,BBM:F032203,BBM:F032208,similar,06
BBM,BBM:F032203,BBM:F032209,similar,06
BBM,BBM:F032203,BBM:F032216,similar,06
BBM,BBM:F032204,BBM:F032205,similar,06
BBM,BBM:F032204,BBM:F032206,similar,06
BBM,BBM:F032204,BBM:F032207,similar,06
BBM,BBM:F032204,BBM:F032208,similar,06
BBM,BBM:F032204,BBM:F032209,similar,06
BBM,BBM:F032204,BBM:F032216,similar,06
BBM,BBM:F032205,BBM:F032206,similar,06
BBM,BBM:F032205,BBM:F032207,similar,06
BBM,BBM:F032205,BBM:F032208,similar,06
BBM,BBM:F032205,BBM:F032209,similar,06
BBM,BBM:F032205,BBM:F032216,similar,06
BBM,BBM:F032206,BBM:F032207,similar,06
BBM,BBM:F032206,BBM:F032208,similar,06
BBM,BBM:F032206,BBM:F032209,similar,06
BBM,BBM:F032206,BBM:F032216,similar,06
BBM,BBM:F032207,BBM:F032208,similar,06
BBM,BBM:F032207,BBM:F032209,similar,06
BBM,BBM:F032207,BBM:F032216,similar,06
BBM,BBM:F032208,BBM:F032209,similar,06
BBM,BBM:F032208,BBM:F032216,similar,06
BBM,BBM:F032209,BBM:F032216,similar,06
BBM,BBM:F032096,BBM:F032098,similar,06
BBM,BBM:F032116,BBM:F032117,similar,06
BBM,BBM:F032121,BBM:F032122,strict,06
BBM,BBM:F032121,BBM:F032123,strict,06
BBM,BBM:F032122,BBM:F032123,strict,06
BBM,BBM:F032127,BBM:F032129,similar,06
BBM,BBM:F032130,BBM:F032131,similar,06
BBM,BBM:F032130,BBM:F032132,similar,06
BBM,BBM:F032130,BBM:F032134,similar,06
BBM,BBM:F032131,BBM:F032132,similar,06
BBM,BBM:F032131,BBM:F032134,similar,06
BBM,BBM:F032132,BBM:F032134,similar,06
BBM,BBM:F032136,BBM:F032137,strict,06
BBM,BBM:F032138,BBM:F032139,similar,06
BBM,BBM:F032138,BBM:F032140,similar,06
BBM,BBM:F032139,BBM:F032140,similar,06
BBM,BBM:F032175,BBM:F032269,similar,06
BBM,BBM:F032229,BBM:F032238,similar,06
BBM,BBM:F032311,BBM:F032355,similar,06
BBM,BBM:F032311,BBM:F032380,similar,06
BBM,BBM:F032355,BBM:F032380,similar,06
BBM,BBM:F032551,BBM:F032552,similar,06
BBM,BBM:F032708,BBM:F032709,strict,06
BBM,BBM:F032708,BBM:F032710,strict,06
BBM,BBM:F032708,BBM:F032711,strict,06
BBM,BBM:F032709,BBM:F032710,strict,06
BBM,BBM:F032709,BBM:F032711,strict,06
BBM,BBM:F032710,BBM:F032711,strict,06
mo,MO:203754,MO:203755,strict,06
mo,MO:203754,MO:203756,strict,06
mo,MO:203755,MO:203756,strict,06
BBM,BBM:F032881,BBM:F032989,strict,06
BBM,BBM:F032911,BBM:F032971,strict,06
BBM,BBM:F033759,BBM:F033788,similar,06
BBM,BBM:F033759,BBM:F033789,similar,06
BBM,BBM:F033788,BBM:F033789,similar,06
BBM,BBM:F033768,BBM:F033770,similar,06
mo,MO:107915,MO:112590,similar,06
mo,MO:180020,MO:185358,similar,06
mo,MO:220642,MO:220643,strict,06
mo,MO:235507,MO:238407,similar,06
mo,MO:282460,MO:284337,similar,06
mo,MO:282460,MO:289939,similar,06
mo,MO:282460,MO:297495,similar,06
mo,MO:284337,MO:289939,similar,06
mo,MO:284337,MO:297495,similar,06
mo,MO:289939,MO:297495,similar,06
mo,MO:297498,MO:297500,similar,06
mo,MO:297498,MO:297501,similar,06
mo,MO:297498,MO:298329,similar,06
mo,MO:297500,MO:297501,similar,06
mo,MO:297500,MO:298329,similar,06
mo,MO:297501,MO:298329,similar,06
mo,MO:323930,MO:326810,similar,06
mo,MO:325014,MO:330018,similar,06
mo,MO:325014,MO:333121,similar,06
mo,MO:325014,MO:334680,similar,06
mo,MO:330018,MO:333121,similar,06
mo,MO:330018,MO:334680,similar,06
mo,MO:333121,MO:334680,similar,06
mo,MO:326751,MO:344401,similar,06
mo,MO:339999,MO:344543,similar,06
mo,MO:366941,MO:368979,similar,06
mo,MO:366941,MO:392950,similar,06
mo,MO:366941,MO:396552,similar,06
mo,MO:368979,MO:392950,similar,06
mo,MO:368979,MO:396552,similar,06
mo,MO:392950,MO:396552,similar,06
mo,MO:370689,MO:371221,similar,06
mo,MO:370689,MO:371603,similar,06
mo,MO:370689,MO:373177,similar,06
mo,MO:370689,MO:373465,similar,06
mo,MO:370689,MO:373466,similar,06
mo,MO:370689,MO:373793,similar,06
mo,MO:370689,MO:376570,similar,06
mo,MO:370689,MO:376573,similar,06
mo,MO:370689,MO:376574,similar,06
mo,MO:370689,MO:377483,similar,06
mo,MO:370689,MO:377711,similar,06
mo,MO:370689,MO:377712,similar,06
mo,MO:370689,MO:378432,similar,06
mo,MO:370689,MO:378453,similar,06
mo,MO:370689,MO:378766,similar,06
mo,MO:370689,MO:378779,similar,06
mo,MO:370689,MO:396726,similar,06
mo,MO:371221,MO:371603,similar,06
mo,MO:371221,MO:373177,similar,06
mo,MO:371221,MO:373465,similar,06
mo,MO:371221,MO:373466,similar,06
mo,MO:371221,MO:373793,similar,06
mo,MO:371221,MO:376570,similar,06
mo,MO:371221,MO:376573,similar,06
mo,MO:371221,MO:376574,similar,06
mo,MO:371221,MO:377483,similar,06
mo,MO:371221,MO:377711,similar,06
mo,MO:371221,MO:377712,similar,06
mo,MO:371221,MO:378432,similar,06
mo,MO:371221,MO:378453,similar,06
mo,MO:371221,MO:378766,similar,06
mo,MO:371221,MO:378779,similar,06
mo,MO:371221,MO:396726,similar,06
mo,MO:371603,MO:373177,similar,06
mo,MO:371603,MO:373465,similar,06
mo,MO:371603,MO:373466,similar,06
mo,MO:371603,MO:373793,similar,06
mo,MO:371603,MO:376570,similar,06
mo,MO:371603,MO:376573,similar,06
mo,MO:371603,MO:376574,similar,06
mo,MO:371603,MO:377483,similar,06
mo,MO:371603,MO:377711,similar,06
mo,MO:371603,MO:377712,similar,06
mo,MO:371603,MO:378432,similar,06
mo,MO:371603,MO:378453,similar,06
mo,MO:371603,MO:378766,similar,06
mo,MO:371603,MO:378779,similar,06
mo,MO:371603,MO:396726,similar,06
mo,MO:373177,MO:373465,similar,06
mo,MO:373177,MO:373466,similar,06
mo,MO:373177,MO:373793,similar,06
mo,MO:373177,MO:376570,similar,06
mo,MO:373177,MO:376573,similar,06
mo,MO:373177,MO:376574,similar,06
mo,MO:373177,MO:377483,similar,06
mo,MO:373177,MO:377711,similar,06
mo,MO:373177,MO:377712,similar,06
mo,MO:373177,MO:378432,similar,06
mo,MO:373177,MO:378453,similar,06
mo,MO:373177,MO:378766,similar,06
mo,MO:373177,MO:378779,similar,06
mo,MO:373177,MO:396726,similar,06
mo,MO:373465,MO:373466,similar,06
mo,MO:373465,MO:373793,similar,06
mo,MO:373465,MO:376570,similar,06
mo,MO:373465,MO:376573,similar,06
mo,MO:373465,MO:376574,similar,06
mo,MO:373465,MO:377483,similar,06
mo,MO:373465,MO:377711,similar,06
mo,MO:373465,MO:377712,similar,06
mo,MO:373465,MO:378432,similar,06
mo,MO:373465,MO:378453,similar,06
mo,MO:373465,MO:378766,similar,06
mo,MO:373465,MO:378779,similar,06
mo,MO:373465,MO:396726,similar,06
mo,MO:373466,MO:373793,similar,06
mo,MO:373466,MO:376570,similar,06
mo,MO:373466,MO:376573,similar,06
mo,MO:373466,MO:376574,similar,06
mo,MO:373466,MO:377483,similar,06
mo,MO:373466,MO:377711,similar,06
mo,MO:373466,MO:377712,similar,06
mo,MO:373466,MO:378432,similar,06
mo,MO:373466,MO:378453,similar,06
mo,MO:373466,MO:378766,similar,06
mo,MO:373466,MO:378779,similar,06
mo,MO:373466,MO:396726,similar,06
mo,MO:373793,MO:376570,similar,06
mo,MO:373793,MO:376573,similar,06
mo,MO:373793,MO:376574,similar,06
mo,MO:373793,MO:377483,similar,06
mo,MO:373793,MO:377711,similar,06
mo,MO:373793,MO:377712,similar,06
mo,MO:373793,MO:378432,similar,06
mo,MO:373793,MO:378453,similar,06
mo,MO:373793,MO:378766,similar,06
mo,MO:373793,MO:378779,similar,06
mo,MO:373793,MO:396726,similar,06
mo,MO:376570,MO:376573,similar,06
mo,MO:376570,MO:376574,similar,06
mo,MO:376570,MO:377483,similar,06
mo,MO:376570,MO:377711,similar,06
mo,MO:376570,MO:377712,similar,06
mo,MO:376570,MO:378432,similar,06
mo,MO:376570,MO:378453,similar,06
mo,MO:376570,MO:378766,similar,06
mo,MO:376570,MO:378779,similar,06
mo,MO:376570,MO:396726,similar,06
mo,MO:376573,MO:376574,similar,06
mo,MO:376573,MO:377483,similar,06
mo,MO:376573,MO:377711,similar,06
mo,MO:376573,MO:377712,similar,06
mo,MO:376573,MO:378432,similar,06
mo,MO:376573,MO:378453,similar,06
mo,MO:376573,MO:378766,similar,06
mo,MO:376573,MO:378779,similar,06
mo,MO:376573,MO:396726,similar,06
mo,MO:376574,MO:377483,similar,06
mo,MO:376574,MO:377711,similar,06
mo,MO:376574,MO:377712,similar,06
mo,MO:376574,MO:378432,similar,06
mo,MO:376574,MO:378453,similar,06
mo,MO:376574,MO:378766,similar,06
mo,MO:376574,MO:378779,similar,06
mo,MO:376574,MO:396726,similar,06
mo,MO:377483,MO:377711,similar,06
mo,MO:377483,MO:377712,similar,06
mo,MO:377483,MO:378432,similar,06
mo,MO:377483,MO:378453,similar,06
mo,MO:377483,MO:378766,similar,06
mo,MO:377483,MO:378779,similar,06
mo,MO:377483,MO:396726,similar,06
mo,MO:377711,MO:377712,similar,06
mo,MO:377711,MO:378432,similar,06
mo,MO:377711,MO:378453,similar,06
mo,MO:377711,MO:378766,similar,06
mo,MO:377711,MO:378779,similar,06
mo,MO:377711,MO:396726,similar,06
mo,MO:377712,MO:378432,similar,06
mo,MO:377712,MO:378453,similar,06
mo,MO:377712,MO:378766,similar,06
mo,MO:377712,MO:378779,similar,06
mo,MO:377712,MO:396726,similar,06
mo,MO:378432,MO:378453,similar,06
mo,MO:378432,MO:378766,similar,06
mo,MO:378432,MO:378779,similar,06
mo,MO:378432,MO:396726,similar,06
mo,MO:378453,MO:378766,similar,06
mo,MO:378453,MO:378779,similar,06
mo,MO:378453,MO:396726,similar,06
mo,MO:378766,MO:378779,similar,06
mo,MO:378766,MO:396726,similar,06
mo,MO:378779,MO:396726,similar,06
mo,MO:373151,MO:377001,similar,06
mo,MO:373151,MO:379240,similar,06
mo,MO:377001,MO:379240,similar,06
mo,MO:374404,MO:395870,similar,06
mo,MO:374404,MO:396823,similar,06
mo,MO:395870,MO:396823,similar,06
mo,MO:375879,MO:376015,similar,06
mo,MO:375879,MO:378227,similar,06
mo,MO:375879,MO:381020,similar,06
mo,MO:376015,MO:378227,similar,06
mo,MO:376015,MO:381020,similar,06
mo,MO:378227,MO:381020,similar,06
mo,MO:378226,MO:379218,similar,06
mo,MO:378226,MO:381226,similar,06
mo,MO:379218,MO:381226,similar,06
mo,MO:464906,MO:469531,strict,06
mo,MO:491531,MO:493196,similar,06
BBM,BBM:F000908,BBM:F022175,similar,06
BBM,BBM:F010375,BBM:F010376,strict,06
BBM,BBM:F010381,BBM:F034145,similar,06
BBM,BBM:F010381,BBM:F034900,similar,06
BBM,BBM:F034145,BBM:F034900,similar,06
BBM,BBM:F010382,BBM:F010383,strict,06
BBM,BBM:F020691,BBM:F020777,similar,06
BBM,BBM:F024474,BBM:F024620,similar,06
BBM,BBM:F024474,BBM:F024621,similar,06
BBM,BBM:F024474,BBM:F024773,similar,06
BBM,BBM:F024620,BBM:F024621,similar,06
BBM,BBM:F024620,BBM:F024773,similar,06
BBM,BBM:F024621,BBM:F024773,similar,06
BBM,BBM:F026613,BBM:F026623,similar,06
BBM,BBM:F030573,BBM:F030576,similar,06
mo,MO:73214,MO:191208,similar,06
BBM,BBM:F001656,BBM:F001681,similar,06
BBM,BBM:F009090,BBM:F012233,similar,06
BBM,BBM:F001176,BBM:F001179,strict,06
BBM,BBM:F001191,BBM:F001196,strict,06
BBM,BBM:F030346,BBM:F030348,strict,06
BBM,BBM:F001256,BBM:F001260,similar,06
BBM,BBM:F001256,BBM:F001266,similar,06
BBM,BBM:F001260,BBM:F001266,similar,06
BBM,BBM:F001274,BBM:F001277,strict,06
BBM,BBM:F001281,BBM:F035079,similar,06
BBM,BBM:F001283,BBM:F001306,similar,06
BBM,BBM:F001298,BBM:F001300,strict,06
BBM,BBM:F001302,BBM:F001308,strict,06
BBM,BBM:F000942,BBM:F001235,strict,06
BBM,BBM:F001223,BBM:F001232,strict,06
BBM,BBM:F001108,BBM:F001160,strict,06
BBM,BBM:F001157,BBM:F001158,strict,06
BBM,BBM:F001632,BBM:F011892,similar,06
BBM,BBM:F011867,BBM:F011868,similar,06
BBM,BBM:F011867,BBM:F011869,similar,06
BBM,BBM:F011868,BBM:F011869,similar,06
BBM,BBM:F011873,BBM:F011874,similar,06
BBM,BBM:F011880,BBM:F011881,similar,06
BBM,BBM:F011888,BBM:F011891,strict,06
BBM,BBM:F032875,BBM:F032900,strict,06
BBM,BBM:F002925,BBM:F002926,similar,06
BBM,BBM:F000954,BBM:F000955,similar,06
BBM,BBM:F031472,BBM:F032417,strict,06
mo,MO:316353,MO:365015,similar,06
BBM,BBM:F002774,BBM:F002777,similar,06
BBM,BBM:F000978,BBM:F000981,similar,06
BBM,BBM:F022914,BBM:F027721,similar,06
BBM,BBM:F027548,BBM:F034518,similar,06
BBM,BBM:F027919,BBM:F027920,strict,06
BBM,BBM:F027919,BBM:F027921,strict,06
BBM,BBM:F027920,BBM:F027921,strict,06
mo,MO:163433,MO:164264,similar,06
BBM,BBM:F014082,BBM:F014101,similar,06
BBM,BBM:F029463,BBM:F029621,similar,06
BBM,BBM:F029902,BBM:F029903,strict,06
BBM,BBM:F001482,BBM:F035341,similar,06
BBM,BBM:F013979,BBM:F013987,similar,06
BBM,BBM:F015514,BBM:F034639,similar,06
BBM,BBM:F016293,BBM:F034030,similar,06
BBM,BBM:F021025,BBM:F034855,similar,06
BBM,BBM:F023775,BBM:F028045,strict,06
BBM,BBM:F023908,BBM:F034031,similar,06
BBM,BBM:F024296,BBM:F035353,similar,06
BBM,BBM:F024296,BBM:F035390,similar,06
BBM,BBM:F035353,BBM:F035390,similar,06
BBM,BBM:F024382,BBM:F024637,similar,06
BBM,BBM:F024382,BBM:F024638,similar,06
BBM,BBM:F024382,BBM:F035171,similar,06
BBM,BBM:F024382,BBM:F035256,similar,06
BBM,BBM:F024382,BBM:F035257,similar,06
BBM,BBM:F024637,BBM:F024638,similar,06
BBM,BBM:F024637,BBM:F035171,similar,06
BBM,BBM:F024637,BBM:F035256,similar,06
BBM,BBM:F024637,BBM:F035257,similar,06
BBM,BBM:F024638,BBM:F035171,similar,06
BBM,BBM:F024638,BBM:F035256,similar,06
BBM,BBM:F024638,BBM:F035257,similar,06
BBM,BBM:F035171,BBM:F035256,similar,06
BBM,BBM:F035171,BBM:F035257,similar,06
BBM,BBM:F035256,BBM:F035257,similar,06
BBM,BBM:F024383,BBM:F024400,similar,06
BBM,BBM:F024383,BBM:F027594,similar,06
BBM,BBM:F024400,BBM:F027594,similar,06
BBM,BBM:F025165,BBM:F025166,strict,06
BBM,BBM:F025484,BBM:F025591,similar,06
BBM,BBM:F025484,BBM:F025646,similar,06
BBM,BBM:F025591,BBM:F025646,similar,06
BBM,BBM:F025523,BBM:F025524,strict,06
BBM,BBM:F025535,BBM:F025536,strict,06
BBM,BBM:F026621,BBM:F034087,similar,06
BBM,BBM:F026959,BBM:F034854,similar,06
BBM,BBM:F028044,BBM:F028091,similar,06
BBM,BBM:F028044,BBM:F033705,similar,06
BBM,BBM:F028091,BBM:F033705,similar,06
BBM,BBM:F029314,BBM:F029315,strict,06
BBM,BBM:F032824,BBM:F032825,strict,06
mo,MO:204291,MO:236477,similar,06
mo,MO:204291,MO:308391,similar,06
mo,MO:236477,MO:308391,similar,06
mo,MO:206668,MO:211723,similar,06
mo,MO:218859,MO:218903,similar,06
mo,MO:243221,MO:251326,similar,06
mo,MO:243221,MO:260680,similar,06
mo,MO:251326,MO:260680,similar,06
mo,MO:319855,MO:344432,similar,06
mo,MO:329595,MO:344430,similar,06
mo,MO:329595,MO:351373,similar,06
mo,MO:344430,MO:351373,similar,06
mo,MO:348790,MO:351382,strict,06
mo,MO:364179,MO:373295,similar,06
mo,MO:373412,MO:374175,strict,06
BBM,BBM:F008716,BBM:F008718,similar,06
BBM,BBM:F001406,BBM:F010106,similar,06
BBM,BBM:F010233,BBM:F010234,strict,06
BBM,BBM:F020550,BBM:F020607,similar,06
BBM,BBM:F022623,BBM:F022670,similar,06
BBM,BBM:F022623,BBM:F022671,similar,06
BBM,BBM:F022623,BBM:F022729,similar,06
BBM,BBM:F022623,BBM:F022791,similar,06
BBM,BBM:F022623,BBM:F022792,similar,06
BBM,BBM:F022623,BBM:F022793,similar,06
BBM,BBM:F022670,BBM:F022671,similar,06
BBM,BBM:F022670,BBM:F022729,similar,06
BBM,BBM:F022670,BBM:F022791,similar,06
BBM,BBM:F022670,BBM:F022792,similar,06
BBM,BBM:F022670,BBM:F022793,similar,06
BBM,BBM:F022671,BBM:F022729,similar,06
BBM,BBM:F022671,BBM:F022791,similar,06
BBM,BBM:F022671,BBM:F022792,similar,06
BBM,BBM:F022671,BBM:F022793,similar,06
BBM,BBM:F022729,BBM:F022791,similar,06
BBM,BBM:F022729,BBM:F022792,similar,06
BBM,BBM:F022729,BBM:F022793,similar,06
BBM,BBM:F022791,BBM:F022792,similar,06
BBM,BBM:F022791,BBM:F022793,similar,06
BBM,BBM:F022792,BBM:F022793,similar,06
BBM,BBM:F022740,BBM:F022810,similar,06
BBM,BBM:F024303,BBM:F024514,similar,06
BBM,BBM:F025912,BBM:F026102,similar,06
BBM,BBM:F025959,BBM:F025960,strict,06
BBM,BBM:F026058,BBM:F026210,similar,06
BBM,BBM:F026619,BBM:F026643,similar,06
BBM,BBM:F026619,BBM:F032426,similar,06
BBM,BBM:F026643,BBM:F032426,similar,06
BBM,BBM:F029417,BBM:F029452,similar,06
BBM,BBM:F001005,BBM:F017522,similar,06
BBM,BBM:F008055,BBM:F014056,similar,06
BBM,BBM:F012491,BBM:F034041,similar,06
BBM,BBM:F012731,BBM:F012732,strict,06
BBM,BBM:F012731,BBM:F012733,strict,06
BBM,BBM:F012731,BBM:F012734,strict,06
BBM,BBM:F012732,BBM:F012733,strict,06
BBM,BBM:F012732,BBM:F012734,strict,06
BBM,BBM:F012733,BBM:F012734,strict,06
BBM,BBM:F012735,BBM:F012736,strict,06
BBM,BBM:F012735,BBM:F012737,strict,06
BBM,BBM:F012736,BBM:F012737,strict,06
BBM,BBM:F012738,BBM:F012739,similar,06
BBM,BBM:F012740,BBM:F012741,strict,06
BBM,BBM:F015163,BBM:F015165,strict,06
BBM,BBM:F016014,BBM:F016040,similar,06
BBM,BBM:F016014,BBM:F016167,similar,06
BBM,BBM:F016040,BBM:F016167,similar,06
BBM,BBM:F016245,BBM:F034740,similar,06
BBM,BBM:F016245,BBM:F035167,similar,06
BBM,BBM:F034740,BBM:F035167,similar,06
BBM,BBM:F016681,BBM:F030617,similar,06
BBM,BBM:F016681,BBM:F030630,similar,06
BBM,BBM:F016681,BBM:F030671,similar,06
BBM,BBM:F016681,BBM:F030683,similar,06
BBM,BBM:F016681,BBM:F030691,similar,06
BBM,BBM:F030617,BBM:F030630,similar,06
BBM,BBM:F030617,BBM:F030671,similar,06
BBM,BBM:F030617,BBM:F030683,similar,06
BBM,BBM:F030617,BBM:F030691,similar,06
BBM,BBM:F030630,BBM:F030671,similar,06
BBM,BBM:F030630,BBM:F030683,similar,06
BBM,BBM:F030630,BBM:F030691,similar,06
BBM,BBM:F030671,BBM:F030683,similar,06
BBM,BBM:F030671,BBM:F030691,similar,06
BBM,BBM:F030683,BBM:F030691,similar,06
BBM,BBM:F018096,BBM:F018110,strict,06
BBM,BBM:F019747,BBM:F019774,strict,06
BBM,BBM:F020366,BBM:F021704,similar,06
BBM,BBM:F020366,BBM:F023718,similar,06
BBM,BBM:F020366,BBM:F034548,similar,06
BBM,BBM:F021704,BBM:F023718,similar,06
BBM,BBM:F021704,BBM:F034548,similar,06
BBM,BBM:F023718,BBM:F034548,similar,06
BBM,BBM:F020389,BBM:F020398,strict,06
BBM,BBM:F020389,BBM:F020429,strict,06
BBM,BBM:F020398,BBM:F020429,strict,06
BBM,BBM:F021385,BBM:F021486,strict,06
BBM,BBM:F021574,BBM:F021814,similar,06
BBM,BBM:F021574,BBM:F022174,similar,06
BBM,BBM:F021814,BBM:F022174,similar,06
BBM,BBM:F022834,BBM:F022884,strict,06
BBM,BBM:F024762,BBM:F027375,similar,06
BBM,BBM:F030618,BBM:F030632,similar,06
BBM,BBM:F030618,BBM:F030665,similar,06
BBM,BBM:F030632,BBM:F030665,similar,06
BBM,BBM:F030817,BBM:F030889,similar,06
BBM,BBM:F030818,BBM:F030891,similar,06
BBM,BBM:F031006,BBM:F032063,strict,06
BBM,BBM:F032876,BBM:F032908,strict,06
BBM,BBM:F032876,BBM:F032928,strict,06
BBM,BBM:F032876,BBM:F032960,strict,06
BBM,BBM:F032876,BBM:F033003,strict,06
BBM,BBM:F032908,BBM:F032928,strict,06
BBM,BBM:F032908,BBM:F032960,strict,06
BBM,BBM:F032908,BBM:F033003,strict,06
BBM,BBM:F032928,BBM:F032960,strict,06
BBM,BBM:F032928,BBM:F033003,strict,06
BBM,BBM:F032960,BBM:F033003,strict,06
BBM,BBM:F033499,BBM:F033791,similar,06
mo,MO:357691,MO:372876,similar,06
mo,MO:357691,MO:377000,similar,06
mo,MO:372876,MO:377000,similar,06
mo,MO:380989,MO:411782,similar,06
mo,MO:403117,MO:442106,similar,06
BBM,BBM:F015648,BBM:F015841,similar,06
BBM,BBM:F016060,BBM:F016119,similar,06
BBM,BBM:F030588,BBM:F030672,similar,06
BBM,BBM:F033302,BBM:F033395,strict,06
BBM,BBM:F024187,BBM:F024685,similar,06
BBM,BBM:F028990,BBM:F029006,similar,06
BBM,BBM:F021268,BBM:F021743,similar,06
BBM,BBM:F022224,BBM:F033686,similar,06
BBM,BBM:F026066,BBM:F026391,similar,06
BBM,BBM:F026066,BBM:F034741,similar,06
BBM,BBM:F026066,BBM:F035270,similar,06
BBM,BBM:F026391,BBM:F034741,similar,06
BBM,BBM:F026391,BBM:F035270,similar,06
BBM,BBM:F034741,BBM:F035270,similar,06
mo,MO:394279,MO:395885,similar,06
BBM,BBM:F001036,BBM:F010138,strict,06
BBM,BBM:F012319,BBM:F012960,similar,06
BBM,BBM:F014066,BBM:F015748,similar,06
BBM,BBM:F028049,BBM:F028050,strict,06
BBM,BBM:F010967,BBM:F010968,strict,06
BBM,BBM:F025414,BBM:F025492,similar,06
BBM,BBM:F011067,BBM:F011068,similar,06
BBM,BBM:F012340,BBM:F012341,strict,06
BBM,BBM:F001072,BBM:F010023,strict,06
BBM,BBM:F001072,BBM:F010025,strict,06
BBM,BBM:F010023,BBM:F010025,strict,06
BBM,BBM:F010026,BBM:F010027,strict,06
BBM,BBM:F010031,BBM:F010032,strict,06
BBM,BBM:F010031,BBM:F010033,strict,06
BBM,BBM:F010032,BBM:F010033,strict,06
BBM,BBM:F011126,BBM:F011127,similar,06
BBM,BBM:F013475,BBM:F013799,strict,06
BBM,BBM:F011925,BBM:F034536,similar,06
BBM,BBM:F011931,BBM:F011932,similar,06
BBM,BBM:F015161,BBM:F015176,similar,06
BBM,BBM:F015161,BBM:F032264,similar,06
BBM,BBM:F015176,BBM:F032264,similar,06
BBM,BBM:F022861,BBM:F034008,similar,06
mo,MO:319858,MO:323933,similar,06
mo,MO:319858,MO:325264,similar,06
mo,MO:319858,MO:329628,similar,06
mo,MO:323933,MO:325264,similar,06
mo,MO:323933,MO:329628,similar,06
mo,MO:325264,MO:329628,similar,06
mo,MO:375275,MO:414255,similar,06
mo,MO:426581,MO:430976,similar,06
BBM,BBM:F004951,BBM:F004954,similar,06
BBM,BBM:F004955,BBM:F004956,strict,06
BBM,BBM:F004955,BBM:F004957,strict,06
BBM,BBM:F004956,BBM:F004957,strict,06
BBM,BBM:F012372,BBM:F012373,strict,06
BBM,BBM:F001111,BBM:F001155,strict,06
BBM,BBM:F001113,BBM:F001115,similar,06
BBM,BBM:F001133,BBM:F001134,similar,06
BBM,BBM:F001168,BBM:F001170,similar,06
BBM,BBM:F001252,BBM:F001254,similar,06
BBM,BBM:F012437,BBM:F012438,similar,06
BBM,BBM:F012864,BBM:F012868,similar,06
BBM,BBM:F001326,BBM:F003491,similar,06
BBM,BBM:F001326,BBM:F003492,similar,06
BBM,BBM:F003491,BBM:F003492,similar,06
BBM,BBM:F003490,BBM:F003494,similar,06
BBM,BBM:F001328,BBM:F003226,similar,06
BBM,BBM:F001328,BBM:F003227,similar,06
BBM,BBM:F003226,BBM:F003227,similar,06
BBM,BBM:F016906,BBM:F029736,similar,06
BBM,BBM:F003577,BBM:F003578,similar,06
BBM,BBM:F003819,BBM:F003820,strict,06
BBM,BBM:F017898,BBM:F018124,similar,06
BBM,BBM:F002547,BBM:F021782,similar,06
BBM,BBM:F020645,BBM:F020690,similar,06
BBM,BBM:F021322,BBM:F021347,strict,06
BBM,BBM:F021360,BBM:F021377,strict,06
BBM,BBM:F021360,BBM:F021454,strict,06
BBM,BBM:F021377,BBM:F021454,strict,06
BBM,BBM:F027804,BBM:F034801,similar,06
BBM,BBM:F029787,BBM:F030580,similar,06
mo,MO:294287,MO:295285,similar,06
BBM,BBM:F003035,BBM:F003036,similar,06
BBM,BBM:F003039,BBM:F003041,similar,06
BBM,BBM:F003042,BBM:F003043,strict,06
BBM,BBM:F003048,BBM:F034641,similar,06
BBM,BBM:F003048,BBM:F035447,similar,06
BBM,BBM:F034641,BBM:F035447,similar,06
BBM,BBM:F026355,BBM:F026409,similar,06
BBM,BBM:F026355,BBM:F033306,similar,06
BBM,BBM:F026409,BBM:F033306,similar,06
mo,MO:370219,MO:374489,similar,06
mo,MO:376997,MO:378219,similar,06
mo,MO:376997,MO:378231,similar,06
mo,MO:378219,MO:378231,similar,06
BBM,BBM:F013996,BBM:F013997,strict,06
BBM,BBM:F001350,BBM:F004092,strict,06
BBM,BBM:F003857,BBM:F003858,similar,06
BBM,BBM:F006183,BBM:F006184,similar,06
BBM,BBM:F015865,BBM:F015866,similar,06
BBM,BBM:F022762,BBM:F022813,similar,06
BBM,BBM:F034303,BBM:F035677,similar,06
BBM,BBM:F034303,BBM:F035813,similar,06
BBM,BBM:F035677,BBM:F035813,similar,06
mo,MO:265213,MO:330017,similar,06
mo,MO:265213,MO:337939,similar,06
mo,MO:265213,MO:374842,similar,06
mo,MO:330017,MO:337939,similar,06
mo,MO:330017,MO:374842,similar,06
mo,MO:337939,MO:374842,similar,06
BBM,BBM:F008277,BBM:F008278,strict,06
BBM,BBM:F012117,BBM:F012120,similar,06
BBM,BBM:F013175,BBM:F013225,similar,06
BBM,BBM:F013639,BBM:F013654,similar,06
BBM,BBM:F020565,BBM:F030674,similar,06
BBM,BBM:F001428,BBM:F001431,strict,06
BBM,BBM:F007744,BBM:F007745,similar,06
BBM,BBM:F021524,BBM:F021531,strict,06
BBM,BBM:F023883,BBM:F034891,similar,06
BBM,BBM:F024646,BBM:F034840,similar,06
BBM,BBM:F024646,BBM:F035214,similar,06
BBM,BBM:F024646,BBM:F035217,similar,06
BBM,BBM:F034840,BBM:F035214,similar,06
BBM,BBM:F034840,BBM:F035217,similar,06
BBM,BBM:F035214,BBM:F035217,similar,06
BBM,BBM:F027067,BBM:F027092,similar,06
BBM,BBM:F034134,BBM:F034135,similar,06
BBM,BBM:F001430,BBM:F021722,similar,06
BBM,BBM:F001430,BBM:F021781,similar,06
BBM,BBM:F021722,BBM:F021781,similar,06
BBM,BBM:F014413,BBM:F021725,similar,06
BBM,BBM:F021734,BBM:F021885,similar,06
BBM,BBM:F007770,BBM:F007772,similar,06
BBM,BBM:F007770,BBM:F034286,similar,06
BBM,BBM:F007772,BBM:F034286,similar,06
BBM,BBM:F013410,BBM:F022196,strict,06
BBM,BBM:F014047,BBM:F015784,similar,06
BBM,BBM:F014596,BBM:F034170,similar,06
BBM,BBM:F015022,BBM:F021736,similar,06
BBM,BBM:F015383,BBM:F034123,similar,06
BBM,BBM:F015917,BBM:F015998,similar,06
BBM,BBM:F015917,BBM:F016036,similar,06
BBM,BBM:F015998,BBM:F016036,similar,06
BBM,BBM:F016707,BBM:F016797,similar,06
BBM,BBM:F024659,BBM:F035473,similar,06
BBM,BBM:F026585,BBM:F029822,similar,06
BBM,BBM:F026952,BBM:F034226,similar,06
BBM,BBM:F026952,BBM:F034273,similar,06
BBM,BBM:F026952,BBM:F034791,similar,06
BBM,BBM:F026952,BBM:F035674,similar,06
BBM,BBM:F026952,BBM:F035681,similar,06
BBM,BBM:F026952,BBM:F035730,similar,06
BBM,BBM:F026952,BBM:F035731,similar,06
BBM,BBM:F026952,BBM:F035809,similar,06
BBM,BBM:F034226,BBM:F034273,similar,06
BBM,BBM:F034226,BBM:F034791,similar,06
BBM,BBM:F034226,BBM:F035674,similar,06
BBM,BBM:F034226,BBM:F035681,similar,06
BBM,BBM:F034226,BBM:F035730,similar,06
BBM,BBM:F034226,BBM:F035731,similar,06
BBM,BBM:F034226,BBM:F035809,similar,06
BBM,BBM:F034273,BBM:F034791,similar,06
BBM,BBM:F034273,BBM:F035674,similar,06
BBM,BBM:F034273,BBM:F035681,similar,06
BBM,BBM:F034273,BBM:F035730,similar,06
BBM,BBM:F034273,BBM:F035731,similar,06
BBM,BBM:F034273,BBM:F035809,similar,06
BBM,BBM:F034791,BBM:F035674,similar,06
BBM,BBM:F034791,BBM:F035681,similar,06
BBM,BBM:F034791,BBM:F035730,similar,06
BBM,BBM:F034791,BBM:F035731,similar,06
BBM,BBM:F034791,BBM:F035809,similar,06
BBM,BBM:F035674,BBM:F035681,similar,06
BBM,BBM:F035674,BBM:F035730,similar,06
BBM,BBM:F035674,BBM:F035731,similar,06
BBM,BBM:F035674,BBM:F035809,similar,06
BBM,BBM:F035681,BBM:F035730,similar,06
BBM,BBM:F035681,BBM:F035731,similar,06
BBM,BBM:F035681,BBM:F035809,similar,06
BBM,BBM:F035730,BBM:F035731,similar,06
BBM,BBM:F035730,BBM:F035809,similar,06
BBM,BBM:F035731,BBM:F035809,similar,06
BBM,BBM:F027979,BBM:F034532,similar,06
BBM,BBM:F033451,BBM:F034058,similar,06
mo,MO:248808,MO:253245,similar,06
mo,MO:291972,MO:292623,similar,06
mo,MO:322965,MO:330330,similar,06
mo,MO:322965,MO:334738,similar,06
mo,MO:330330,MO:334738,similar,06
mo,MO:366793,MO:366943,strict,06
mo,MO:373175,MO:373176,similar,06
mo,MO:373175,MO:373804,similar,06
mo,MO:373175,MO:374082,similar,06
mo,MO:373175,MO:376571,similar,06
mo,MO:373175,MO:376575,similar,06
mo,MO:373175,MO:378451,similar,06
mo,MO:373176,MO:373804,similar,06
mo,MO:373176,MO:374082,similar,06
mo,MO:373176,MO:376571,similar,06
mo,MO:373176,MO:376575,similar,06
mo,MO:373176,MO:378451,similar,06
mo,MO:373804,MO:374082,similar,06
mo,MO:373804,MO:376571,similar,06
mo,MO:373804,MO:376575,similar,06
mo,MO:373804,MO:378451,similar,06
mo,MO:374082,MO:376571,similar,06
mo,MO:374082,MO:376575,similar,06
mo,MO:374082,MO:378451,similar,06
mo,MO:376571,MO:376575,similar,06
mo,MO:376571,MO:378451,similar,06
mo,MO:376575,MO:378451,similar,06
mo,MO:383388,MO:385251,similar,06
mo,MO:383388,MO:391811,similar,06
mo,MO:385251,MO:391811,similar,06
mo,MO:426915,MO:429072,similar,06
mo,MO:520793,MO:531800,similar,06
BBM,BBM:F013929,BBM:F013953,similar,06
BBM,BBM:F015379,BBM:F015406,similar,06
BBM,BBM:F015631,BBM:F015665,similar,06
BBM,BBM:F015773,BBM:F015791,similar,06
BBM,BBM:F015869,BBM:F015870,similar,06
BBM,BBM:F015869,BBM:F015871,similar,06
BBM,BBM:F015870,BBM:F015871,similar,06
BBM,BBM:F019905,BBM:F034380,similar,06
BBM,BBM:F020800,BBM:F020885,similar,06
BBM,BBM:F021489,BBM:F021730,similar,06
BBM,BBM:F022452,BBM:F022456,similar,06
BBM,BBM:F030495,BBM:F030549,similar,06
BBM,BBM:F032859,BBM:F032912,strict,06
BBM,BBM:F032884,BBM:F032954,strict,06
BBM,BBM:F032977,BBM:F032996,strict,06
mo,MO:375903,MO:379100,similar,06
mo,MO:375903,MO:381274,similar,06
mo,MO:375903,MO:407472,similar,06
mo,MO:375903,MO:414396,similar,06
mo,MO:379100,MO:381274,similar,06
mo,MO:379100,MO:407472,similar,06
mo,MO:379100,MO:414396,similar,06
mo,MO:381274,MO:407472,similar,06
mo,MO:381274,MO:414396,similar,06
mo,MO:407472,MO:414396,similar,06
BBM,BBM:F007896,BBM:F007899,similar,06
BBM,BBM:F014492,BBM:F017549,similar,06
BBM,BBM:F024204,BBM:F024560,similar,06
BBM,BBM:F024499,BBM:F024559,similar,06
BBM,BBM:F024499,BBM:F034630,similar,06
BBM,BBM:F024559,BBM:F034630,similar,06
BBM,BBM:F025570,BBM:F025581,similar,06
BBM,BBM:F026881,BBM:F027182,similar,06
BBM,BBM:F028875,BBM:F028930,similar,06
BBM,BBM:F028875,BBM:F028985,similar,06
BBM,BBM:F028930,BBM:F028985,similar,06
BBM,BBM:F029175,BBM:F033269,similar,06
BBM,BBM:F029178,BBM:F029344,similar,06
BBM,BBM:F029792,BBM:F029924,similar,06
BBM,BBM:F029824,BBM:F029915,similar,06
BBM,BBM:F035777,BBM:F035790,similar,06
mo,MO:373468,MO:374166,similar,06
mo,MO:373468,MO:389255,similar,06
mo,MO:374166,MO:389255,similar,06
mo,MO:387886,MO:388119,similar,06
BBM,BBM:F013019,BBM:F021669,similar,06
BBM,BBM:F014305,BBM:F033893,similar,06
BBM,BBM:F014305,BBM:F034802,similar,06
BBM,BBM:F033893,BBM:F034802,similar,06
BBM,BBM:F020456,BBM:F030400,strict,06
BBM,BBM:F020456,BBM:F030425,strict,06
BBM,BBM:F030400,BBM:F030425,strict,06
BBM,BBM:F026101,BBM:F035493,similar,06
BBM,BBM:F030539,BBM:F030696,similar,06
mo,MO:329632,MO:336359,similar,06
mo,MO:375870,MO:378230,similar,06
mo,MO:375870,MO:383397,similar,06
mo,MO:378230,MO:383397,similar,06
BBM,BBM:F008331,BBM:F008337,similar,06
BBM,BBM:F008332,BBM:F008333,similar,06
BBM,BBM:F008332,BBM:F008336,similar,06
BBM,BBM:F008333,BBM:F008336,similar,06
BBM,BBM:F010082,BBM:F010096,similar,06
BBM,BBM:F010145,BBM:F034231,similar,06
BBM,BBM:F010145,BBM:F034304,similar,06
BBM,BBM:F010145,BBM:F034307,similar,06
BBM,BBM:F010145,BBM:F035783,similar,06
BBM,BBM:F010145,BBM:F035805,similar,06
BBM,BBM:F010145,BBM:F035814,similar,06
BBM,BBM:F034231,BBM:F034304,similar,06
BBM,BBM:F034231,BBM:F034307,similar,06
BBM,BBM:F034231,BBM:F035783,similar,06
BBM,BBM:F034231,BBM:F035805,similar,06
BBM,BBM:F034231,BBM:F035814,similar,06
BBM,BBM:F034304,BBM:F034307,similar,06
BBM,BBM:F034304,BBM:F035783,similar,06
BBM,BBM:F034304,BBM:F035805,similar,06
BBM,BBM:F034304,BBM:F035814,similar,06
BBM,BBM:F034307,BBM:F035783,similar,06
BBM,BBM:F034307,BBM:F035805,similar,06
BBM,BBM:F034307,BBM:F035814,similar,06
BBM,BBM:F035783,BBM:F035805,similar,06
BBM,BBM:F035783,BBM:F035814,similar,06
BBM,BBM:F035805,BBM:F035814,similar,06
BBM,BBM:F013634,BBM:F013641,similar,06
BBM,BBM:F029282,BBM:F029307,similar,06
BBM,BBM:F033239,BBM:F033267,similar,06
mo,MO:261555,MO:265292,similar,06
mo,MO:333226,MO:337941,strict,06
mo,MO:334815,MO:335478,similar,06
BBM,BBM:F016980,BBM:F021705,similar,06
BBM,BBM:F013932,BBM:F013943,similar,06
BBM,BBM:F016859,BBM:F030640,similar,06
BBM,BBM:F016859,BBM:F030648,similar,06
BBM,BBM:F030640,BBM:F030648,similar,06
BBM,BBM:F022846,BBM:F034022,similar,06
BBM,BBM:F023772,BBM:F023773,similar,06
BBM,BBM:F027498,BBM:F033666,similar,06
BBM,BBM:F030735,BBM:F030794,similar,06
BBM,BBM:F030735,BBM:F030857,similar,06
BBM,BBM:F030794,BBM:F030857,similar,06
BBM,BBM:F014095,BBM:F035027,similar,06
BBM,BBM:F014095,BBM:F035053,similar,06
BBM,BBM:F014095,BBM:F035184,similar,06
BBM,BBM:F014095,BBM:F035432,similar,06
BBM,BBM:F035027,BBM:F035053,similar,06
BBM,BBM:F035027,BBM:F035184,similar,06
BBM,BBM:F035027,BBM:F035432,similar,06
BBM,BBM:F035053,BBM:F035184,similar,06
BBM,BBM:F035053,BBM:F035432,similar,06
BBM,BBM:F035184,BBM:F035432,similar,06
BBM,BBM:F014136,BBM:F014164,similar,06
mo,MO:171146,MO:302977,similar,06
mo,MO:171146,MO:302978,similar,06
mo,MO:302977,MO:302978,similar,06
mo,MO:336357,MO:457175,similar,06
mo,MO:220180,MO:220733,similar,06
BBM,BBM:F001555,BBM:F001556,similar,06
BBM,BBM:F031698,BBM:F031699,strict,06
BBM,BBM:F031700,BBM:F031701,strict,06
BBM,BBM:F001568,BBM:F001572,similar,06
BBM,BBM:F001568,BBM:F001574,similar,06
BBM,BBM:F001568,BBM:F001575,similar,06
BBM,BBM:F001572,BBM:F001574,similar,06
BBM,BBM:F001572,BBM:F001575,similar,06
BBM,BBM:F001574,BBM:F001575,similar,06
BBM,BBM:F001578,BBM:F001581,similar,06
BBM,BBM:F017562,BBM:F017565,similar,06
BBM,BBM:F001583,BBM:F017518,strict,06
BBM,BBM:F001583,BBM:F020031,strict,06
BBM,BBM:F017518,BBM:F020031,strict,06
BBM,BBM:F019985,BBM:F020009,similar,06
BBM,BBM:F019985,BBM:F020014,similar,06
BBM,BBM:F020009,BBM:F020014,similar,06
BBM,BBM:F001597,BBM:F001604,similar,06
BBM,BBM:F026625,BBM:F026642,similar,06
BBM,BBM:F001599,BBM:F001605,similar,06
BBM,BBM:F008647,BBM:F008648,strict,06
BBM,BBM:F029224,BBM:F029257,similar,06
BBM,BBM:F001626,BBM:F001627,similar,06
BBM,BBM:F008866,BBM:F034564,similar,06
BBM,BBM:F008866,BBM:F034582,similar,06
BBM,BBM:F008866,BBM:F035044,similar,06
BBM,BBM:F008866,BBM:F035435,similar,06
BBM,BBM:F034564,BBM:F034582,similar,06
BBM,BBM:F034564,BBM:F035044,similar,06
BBM,BBM:F034564,BBM:F035435,similar,06
BBM,BBM:F034582,BBM:F035044,similar,06
BBM,BBM:F034582,BBM:F035435,similar,06
BBM,BBM:F035044,BBM:F035435,similar,06
BBM,BBM:F008906,BBM:F008907,strict,06
BBM,BBM:F008910,BBM:F008911,similar,06
BBM,BBM:F008916,BBM:F008917,similar,06
BBM,BBM:F014048,BBM:F015770,similar,06
BBM,BBM:F015127,BBM:F015174,similar,06
BBM,BBM:F015385,BBM:F015404,similar,06
BBM,BBM:F015385,BBM:F015410,similar,06
BBM,BBM:F015404,BBM:F015410,similar,06
BBM,BBM:F015634,BBM:F015645,similar,06
BBM,BBM:F015885,BBM:F015981,similar,06
BBM,BBM:F015886,BBM:F016003,similar,06
BBM,BBM:F015886,BBM:F016033,similar,06
BBM,BBM:F015886,BBM:F016083,similar,06
BBM,BBM:F015886,BBM:F016141,similar,06
BBM,BBM:F016003,BBM:F016033,similar,06
BBM,BBM:F016003,BBM:F016083,similar,06
BBM,BBM:F016003,BBM:F016141,similar,06
BBM,BBM:F016033,BBM:F016083,similar,06
BBM,BBM:F016033,BBM:F016141,similar,06
BBM,BBM:F016083,BBM:F016141,similar,06
BBM,BBM:F015897,BBM:F016120,similar,06
BBM,BBM:F015897,BBM:F016144,similar,06
BBM,BBM:F016120,BBM:F016144,similar,06
BBM,BBM:F015905,BBM:F015934,strict,06
BBM,BBM:F015970,BBM:F016169,similar,06
BBM,BBM:F016676,BBM:F030577,similar,06
BBM,BBM:F016676,BBM:F030651,similar,06
BBM,BBM:F016676,BBM:F030678,similar,06
BBM,BBM:F030577,BBM:F030651,similar,06
BBM,BBM:F030577,BBM:F030678,similar,06
BBM,BBM:F030651,BBM:F030678,similar,06
BBM,BBM:F016763,BBM:F034676,similar,06
BBM,BBM:F016763,BBM:F035363,similar,06
BBM,BBM:F034676,BBM:F035363,similar,06
BBM,BBM:F020583,BBM:F030620,similar,06
BBM,BBM:F020583,BBM:F030679,similar,06
BBM,BBM:F030620,BBM:F030679,similar,06
BBM,BBM:F022852,BBM:F022897,strict,06
BBM,BBM:F022853,BBM:F034003,similar,06
BBM,BBM:F022853,BBM:F034004,similar,06
BBM,BBM:F022853,BBM:F034108,similar,06
BBM,BBM:F034003,BBM:F034004,similar,06
BBM,BBM:F034003,BBM:F034108,similar,06
BBM,BBM:F034004,BBM:F034108,similar,06
BBM,BBM:F023112,BBM:F023113,strict,06
BBM,BBM:F023815,BBM:F035322,similar,06
BBM,BBM:F024289,BBM:F024680,similar,06
BBM,BBM:F024289,BBM:F024692,similar,06
BBM,BBM:F024289,BBM:F024812,similar,06
BBM,BBM:F024680,BBM:F024692,similar,06
BBM,BBM:F024680,BBM:F024812,similar,06
BBM,BBM:F024692,BBM:F024812,similar,06
BBM,BBM:F024595,BBM:F024666,similar,06
BBM,BBM:F024595,BBM:F024748,similar,06
BBM,BBM:F024595,BBM:F024780,similar,06
BBM,BBM:F024666,BBM:F024748,similar,06
BBM,BBM:F024666,BBM:F024780,similar,06
BBM,BBM:F024748,BBM:F024780,similar,06
BBM,BBM:F024781,BBM:F035179,similar,06
BBM,BBM:F024781,BBM:F035342,similar,06
BBM,BBM:F024781,BBM:F035376,similar,06
BBM,BBM:F024781,BBM:F035442,similar,06
BBM,BBM:F035179,BBM:F035342,similar,06
BBM,BBM:F035179,BBM:F035376,similar,06
BBM,BBM:F035179,BBM:F035442,similar,06
BBM,BBM:F035342,BBM:F035376,similar,06
BBM,BBM:F035342,BBM:F035442,similar,06
BBM,BBM:F035376,BBM:F035442,similar,06
BBM,BBM:F026475,BBM:F029701,similar,06
BBM,BBM:F026475,BBM:F032424,similar,06
BBM,BBM:F029701,BBM:F032424,similar,06
BBM,BBM:F029600,BBM:F029615,similar,06
BBM,BBM:F029600,BBM:F029630,similar,06
BBM,BBM:F029600,BBM:F029651,similar,06
BBM,BBM:F029615,BBM:F029630,similar,06
BBM,BBM:F029615,BBM:F029651,similar,06
BBM,BBM:F029630,BBM:F029651,similar,06
BBM,BBM:F030525,BBM:F030535,similar,06
BBM,BBM:F030525,BBM:F030536,similar,06
BBM,BBM:F030525,BBM:F030695,similar,06
BBM,BBM:F030525,BBM:F030782,similar,06
BBM,BBM:F030525,BBM:F030845,similar,06
BBM,BBM:F030535,BBM:F030536,similar,06
BBM,BBM:F030535,BBM:F030695,similar,06
BBM,BBM:F030535,BBM:F030782,similar,06
BBM,BBM:F030535,BBM:F030845,similar,06
BBM,BBM:F030536,BBM:F030695,similar,06
BBM,BBM:F030536,BBM:F030782,similar,06
BBM,BBM:F030536,BBM:F030845,similar,06
BBM,BBM:F030695,BBM:F030782,similar,06
BBM,BBM:F030695,BBM:F030845,similar,06
BBM,BBM:F030782,BBM:F030845,similar,06
BBM,BBM:F030783,BBM:F030846,similar,06
BBM,BBM:F031241,BBM:F031242,strict,06
BBM,BBM:F031639,BBM:F031960,similar,06
BBM,BBM:F032665,BBM:F032666,strict,06
BBM,BBM:F032665,BBM:F032667,strict,06
BBM,BBM:F032666,BBM:F032667,strict,06
BBM,BBM:F033208,BBM:F034002,similar,06
BBM,BBM:F033713,BBM:F034381,similar,06
mo,MO:379222,MO:383384,similar,06
mo,MO:379222,MO:414095,similar,06
mo,MO:383384,MO:414095,similar,06
BBM,BBM:F035387,BBM:F035444,similar,06
mo,MO:233898,MO:375381,similar,06
mo,MO:233898,MO:375880,similar,06
mo,MO:233898,MO:381288,similar,06
mo,MO:233898,MO:385257,similar,06
mo,MO:233898,MO:407473,similar,06
mo,MO:233898,MO:425590,similar,06
mo,MO:233898,MO:426916,similar,06
mo,MO:375381,MO:375880,similar,06
mo,MO:375381,MO:381288,similar,06
mo,MO:375381,MO:385257,similar,06
mo,MO:375381,MO:407473,similar,06
mo,MO:375381,MO:425590,similar,06
mo,MO:375381,MO:426916,similar,06
mo,MO:375880,MO:381288,similar,06
mo,MO:375880,MO:385257,similar,06
mo,MO:375880,MO:407473,similar,06
mo,MO:375880,MO:425590,similar,06
mo,MO:375880,MO:426916,similar,06
mo,MO:381288,MO:385257,similar,06
mo,MO:381288,MO:407473,similar,06
mo,MO:381288,MO:425590,similar,06
mo,MO:381288,MO:426916,similar,06
mo,MO:385257,MO:407473,similar,06
mo,MO:385257,MO:425590,similar,06
mo,MO:385257,MO:426916,similar,06
mo,MO:407473,MO:425590,similar,06
mo,MO:407473,MO:426916,similar,06
mo,MO:425590,MO:426916,similar,06
mo,MO:199694,MO:202260,similar,06
mo,MO:199694,MO:224981,similar,06
mo,MO:199694,MO:225746,similar,06
mo,MO:202260,MO:224981,similar,06
mo,MO:202260,MO:225746,similar,06
mo,MO:224981,MO:225746,similar,06
mo,MO:358855,MO:395871,similar,06
mo,MO:358855,MO:397534,similar,06
mo,MO:395871,MO:397534,similar,06
BBM,BBM:F015776,BBM:F015842,similar,06
BBM,BBM:F035182,BBM:F035190,similar,06
mo,MO:75638,MO:442097,similar,06
mo,MO:75638,MO:444797,similar,06
mo,MO:442097,MO:444797,similar,06
BBM,BBM:F015728,BBM:F015769,strict,06
BBM,BBM:F021515,BBM:F021699,similar,06
BBM,BBM:F021515,BBM:F021726,similar,06
BBM,BBM:F021699,BBM:F021726,similar,06
BBM,BBM:F032869,BBM:F032896,strict,06
BBM,BBM:F033895,BBM:F034803,similar,06
mo,MO:292979,MO:327344,similar,06
mo,MO:292979,MO:329637,similar,06
mo,MO:292979,MO:375276,similar,06
mo,MO:292979,MO:375881,similar,06
mo,MO:292979,MO:379251,similar,06
mo,MO:292979,MO:381021,similar,06
mo,MO:327344,MO:329637,similar,06
mo,MO:327344,MO:375276,similar,06
mo,MO:327344,MO:375881,similar,06
mo,MO:327344,MO:379251,similar,06
mo,MO:327344,MO:381021,similar,06
mo,MO:329637,MO:375276,similar,06
mo,MO:329637,MO:375881,similar,06
mo,MO:329637,MO:379251,similar,06
mo,MO:329637,MO:381021,similar,06
mo,MO:375276,MO:375881,similar,06
mo,MO:375276,MO:379251,similar,06
mo,MO:375276,MO:381021,similar,06
mo,MO:375881,MO:379251,similar,06
mo,MO:375881,MO:381021,similar,06
mo,MO:379251,MO:381021,similar,06
BBM,BBM:F025710,BBM:F025734,similar,06
mo,MO:302565,MO:303450,similar,06
mo,MO:302571,MO:303464,similar,06
mo,MO:306913,MO:353948,similar,06
mo,MO:306914,MO:353950,similar,06
BBM,BBM:F009273,BBM:F009281,similar,06
BBM,BBM:F009274,BBM:F009276,strict,06
BBM,BBM:F009278,BBM:F009285,strict,06
BBM,BBM:F009792,BBM:F009793,similar,06
BBM,BBM:F009803,BBM:F009808,similar,06
BBM,BBM:F009803,BBM:F009810,similar,06
BBM,BBM:F009808,BBM:F009810,similar,06
BBM,BBM:F009804,BBM:F009807,similar,06
BBM,BBM:F009805,BBM:F009809,strict,06
BBM,BBM:F009822,BBM:F009825,similar,06
BBM,BBM:F009844,BBM:F009845,strict,06
BBM,BBM:F009864,BBM:F009870,strict,06
BBM,BBM:F001778,BBM:F010446,strict,06
BBM,BBM:F010430,BBM:F010431,similar,06
BBM,BBM:F014637,BBM:F034642,similar,06
BBM,BBM:F020357,BBM:F024775,similar,06
BBM,BBM:F020357,BBM:F034109,similar,06
BBM,BBM:F020357,BBM:F034268,similar,06
BBM,BBM:F024775,BBM:F034109,similar,06
BBM,BBM:F024775,BBM:F034268,similar,06
BBM,BBM:F034109,BBM:F034268,similar,06
BBM,BBM:F026804,BBM:F027352,similar,06
BBM,BBM:F030491,BBM:F030563,similar,06
BBM,BBM:F033316,BBM:F033317,similar,06
BBM,BBM:F033316,BBM:F033432,similar,06
BBM,BBM:F033317,BBM:F033432,similar,06
mo,MO:263224,MO:265137,similar,06
mo,MO:364174,MO:373738,similar,06
mo,MO:364174,MO:396556,similar,06
mo,MO:373738,MO:396556,similar,06
mo,MO:401776,MO:429706,similar,06
BBM,BBM:F001776,BBM:F022190,similar,06
BBM,BBM:F008868,BBM:F034852,similar,06
BBM,BBM:F013520,BBM:F022481,similar,06
BBM,BBM:F016249,BBM:F034011,similar,06
BBM,BBM:F020638,BBM:F021064,similar,06
BBM,BBM:F020641,BBM:F021103,similar,06
BBM,BBM:F021244,BBM:F021276,similar,06
BBM,BBM:F021244,BBM:F021277,similar,06
BBM,BBM:F021244,BBM:F021282,similar,06
BBM,BBM:F021244,BBM:F021309,similar,06
BBM,BBM:F021244,BBM:F021316,similar,06
BBM,BBM:F021244,BBM:F021350,similar,06
BBM,BBM:F021244,BBM:F021494,similar,06
BBM,BBM:F021244,BBM:F021495,similar,06
BBM,BBM:F021244,BBM:F021496,similar,06
BBM,BBM:F021244,BBM:F021812,similar,06
BBM,BBM:F021244,BBM:F021842,similar,06
BBM,BBM:F021244,BBM:F021854,similar,06
BBM,BBM:F021244,BBM:F021877,similar,06
BBM,BBM:F021244,BBM:F021899,similar,06
BBM,BBM:F021276,BBM:F021277,similar,06
BBM,BBM:F021276,BBM:F021282,similar,06
BBM,BBM:F021276,BBM:F021309,similar,06
BBM,BBM:F021276,BBM:F021316,similar,06
BBM,BBM:F021276,BBM:F021350,similar,06
BBM,BBM:F021276,BBM:F021494,similar,06
BBM,BBM:F021276,BBM:F021495,similar,06
BBM,BBM:F021276,BBM:F021496,similar,06
BBM,BBM:F021276,BBM:F021812,similar,06
BBM,BBM:F021276,BBM:F021842,similar,06
BBM,BBM:F021276,BBM:F021854,similar,06
BBM,BBM:F021276,BBM:F021877,similar,06
BBM,BBM:F021276,BBM:F021899,similar,06
BBM,BBM:F021277,BBM:F021282,similar,06
BBM,BBM:F021277,BBM:F021309,similar,06
BBM,BBM:F021277,BBM:F021316,similar,06
BBM,BBM:F021277,BBM:F021350,similar,06
BBM,BBM:F021277,BBM:F021494,similar,06
BBM,BBM:F021277,BBM:F021495,similar,06
BBM,BBM:F021277,BBM:F021496,similar,06
BBM,BBM:F021277,BBM:F021812,similar,06
BBM,BBM:F021277,BBM:F021842,similar,06
BBM,BBM:F021277,BBM:F021854,similar,06
BBM,BBM:F021277,BBM:F021877,similar,06
BBM,BBM:F021277,BBM:F021899,similar,06
BBM,BBM:F021282,BBM:F021309,similar,06
BBM,BBM:F021282,BBM:F021316,similar,06
BBM,BBM:F021282,BBM:F021350,similar,06
BBM,BBM:F021282,BBM:F021494,similar,06
BBM,BBM:F021282,BBM:F021495,similar,06
BBM,BBM:F021282,BBM:F021496,similar,06
BBM,BBM:F021282,BBM:F021812,similar,06
BBM,BBM:F021282,BBM:F021842,similar,06
BBM,BBM:F021282,BBM:F021854,similar,06
BBM,BBM:F021282,BBM:F021877,similar,06
BBM,BBM:F021282,BBM:F021899,similar,06
BBM,BBM:F021309,BBM:F021316,similar,06
BBM,BBM:F021309,BBM:F021350,similar,06
BBM,BBM:F021309,BBM:F021494,similar,06
BBM,BBM:F021309,BBM:F021495,similar,06
BBM,BBM:F021309,BBM:F021496,similar,06
BBM,BBM:F021309,BBM:F021812,similar,06
BBM,BBM:F021309,BBM:F021842,similar,06
BBM,BBM:F021309,BBM:F021854,similar,06
BBM,BBM:F021309,BBM:F021877,similar,06
BBM,BBM:F021309,BBM:F021899,similar,06
BBM,BBM:F021316,BBM:F021350,similar,06
BBM,BBM:F021316,BBM:F021494,similar,06
BBM,BBM:F021316,BBM:F021495,similar,06
BBM,BBM:F021316,BBM:F021496,similar,06
BBM,BBM:F021316,BBM:F021812,similar,06
BBM,BBM:F021316,BBM:F021842,similar,06
BBM,BBM:F021316,BBM:F021854,similar,06
BBM,BBM:F021316,BBM:F021877,similar,06
BBM,BBM:F021316,BBM:F021899,similar,06
BBM,BBM:F021350,BBM:F021494,similar,06
BBM,BBM:F021350,BBM:F021495,similar,06
BBM,BBM:F021350,BBM:F021496,similar,06
BBM,BBM:F021350,BBM:F021812,similar,06
BBM,BBM:F021350,BBM:F021842,similar,06
BBM,BBM:F021350,BBM:F021854,similar,06
BBM,BBM:F021350,BBM:F021877,similar,06
BBM,BBM:F021350,BBM:F021899,similar,06
BBM,BBM:F021494,BBM:F021495,similar,06
BBM,BBM:F021494,BBM:F021496,similar,06
BBM,BBM:F021494,BBM:F021812,similar,06
BBM,BBM:F021494,BBM:F021842,similar,06
BBM,BBM:F021494,BBM:F021854,similar,06
BBM,BBM:F021494,BBM:F021877,similar,06
BBM,BBM:F021494,BBM:F021899,similar,06
BBM,BBM:F021495,BBM:F021496,similar,06
BBM,BBM:F021495,BBM:F021812,similar,06
BBM,BBM:F021495,BBM:F021842,similar,06
BBM,BBM:F021495,BBM:F021854,similar,06
BBM,BBM:F021495,BBM:F021877,similar,06
BBM,BBM:F021495,BBM:F021899,similar,06
BBM,BBM:F021496,BBM:F021812,similar,06
BBM,BBM:F021496,BBM:F021842,similar,06
BBM,BBM:F021496,BBM:F021854,similar,06
BBM,BBM:F021496,BBM:F021877,similar,06
BBM,BBM:F021496,BBM:F021899,similar,06
BBM,BBM:F021812,BBM:F021842,similar,06
BBM,BBM:F021812,BBM:F021854,similar,06
BBM,BBM:F021812,BBM:F021877,similar,06
BBM,BBM:F021812,BBM:F021899,similar,06
BBM,BBM:F021842,BBM:F021854,similar,06
BBM,BBM:F021842,BBM:F021877,similar,06
BBM,BBM:F021842,BBM:F021899,similar,06
BBM,BBM:F021854,BBM:F021877,similar,06
BBM,BBM:F021854,BBM:F021899,similar,06
BBM,BBM:F021877,BBM:F021899,similar,06
BBM,BBM:F021522,BBM:F021523,strict,06
BBM,BBM:F021536,BBM:F021564,similar,06
BBM,BBM:F021536,BBM:F021588,similar,06
BBM,BBM:F021564,BBM:F021588,similar,06
BBM,BBM:F021627,BBM:F021631,strict,06
BBM,BBM:F021627,BBM:F021655,strict,06
BBM,BBM:F021631,BBM:F021655,strict,06
BBM,BBM:F021703,BBM:F023909,similar,06
BBM,BBM:F023137,BBM:F023164,strict,06
BBM,BBM:F023776,BBM:F027995,similar,06
BBM,BBM:F024639,BBM:F027596,similar,06
BBM,BBM:F024640,BBM:F024641,strict,06
BBM,BBM:F024728,BBM:F024791,similar,06
BBM,BBM:F025501,BBM:F025502,strict,06
BBM,BBM:F027499,BBM:F027500,strict,06
BBM,BBM:F027503,BBM:F027504,strict,06
BBM,BBM:F027929,BBM:F027930,strict,06
BBM,BBM:F029409,BBM:F029503,similar,06
BBM,BBM:F029409,BBM:F029596,similar,06
BBM,BBM:F029503,BBM:F029596,similar,06
BBM,BBM:F029562,BBM:F034856,similar,06
BBM,BBM:F031162,BBM:F032601,similar,06
BBM,BBM:F031170,BBM:F031171,strict,06
BBM,BBM:F031170,BBM:F031172,strict,06
BBM,BBM:F031170,BBM:F031173,strict,06
BBM,BBM:F031171,BBM:F031172,strict,06
BBM,BBM:F031171,BBM:F031173,strict,06
BBM,BBM:F031172,BBM:F031173,strict,06
BBM,BBM:F031179,BBM:F031180,strict,06
BBM,BBM:F031179,BBM:F031181,strict,06
BBM,BBM:F031180,BBM:F031181,strict,06
BBM,BBM:F033930,BBM:F034057,similar,06
BBM,BBM:F034012,BBM:F034868,similar,06
BBM,BBM:F034012,BBM:F035513,similar,06
BBM,BBM:F034868,BBM:F035513,similar,06
mo,MO:255367,MO:295481,similar,06
mo,MO:261388,MO:265046,similar,06
mo,MO:314635,MO:315948,similar,06
mo,MO:364173,MO:364177,strict,06
BBM,BBM:F001786,BBM:F032077,similar,06
BBM,BBM:F028304,BBM:F034779,similar,06
BBM,BBM:F031798,BBM:F034651,similar,06
BBM,BBM:F008747,BBM:F008750,similar,06
BBM,BBM:F008748,BBM:F008749,similar,06
BBM,BBM:F008751,BBM:F008752,strict,06
BBM,BBM:F010549,BBM:F010550,strict,06
BBM,BBM:F019770,BBM:F019902,similar,06
BBM,BBM:F001791,BBM:F001794,similar,06
BBM,BBM:F001791,BBM:F001801,similar,06
BBM,BBM:F001794,BBM:F001801,similar,06
BBM,BBM:F001802,BBM:F001803,strict,06
BBM,BBM:F033780,BBM:F033999,similar,06
BBM,BBM:F028383,BBM:F034671,similar,06
mo,MO:469555,MO:472573,similar,06
BBM,BBM:F001793,BBM:F010537,strict,06
BBM,BBM:F010538,BBM:F010539,similar,06
BBM,BBM:F002297,BBM:F002298,similar,06
BBM,BBM:F024205,BBM:F024220,similar,06
BBM,BBM:F024205,BBM:F024258,similar,06
BBM,BBM:F024205,BBM:F024336,similar,06
BBM,BBM:F024205,BBM:F024392,similar,06
BBM,BBM:F024205,BBM:F034719,similar,06
BBM,BBM:F024220,BBM:F024258,similar,06
BBM,BBM:F024220,BBM:F024336,similar,06
BBM,BBM:F024220,BBM:F024392,similar,06
BBM,BBM:F024220,BBM:F034719,similar,06
BBM,BBM:F024258,BBM:F024336,similar,06
BBM,BBM:F024258,BBM:F024392,similar,06
BBM,BBM:F024258,BBM:F034719,similar,06
BBM,BBM:F024336,BBM:F024392,similar,06
BBM,BBM:F024336,BBM:F034719,similar,06
BBM,BBM:F024392,BBM:F034719,similar,06
BBM,BBM:F002111,BBM:F002112,strict,06
BBM,BBM:F002111,BBM:F002115,strict,06
BBM,BBM:F002111,BBM:F002116,strict,06
BBM,BBM:F002112,BBM:F002115,strict,06
BBM,BBM:F002112,BBM:F002116,strict,06
BBM,BBM:F002115,BBM:F002116,strict,06
BBM,BBM:F002272,BBM:F002273,similar,06
BBM,BBM:F023799,BBM:F024019,strict,06
BBM,BBM:F002352,BBM:F002356,strict,06
BBM,BBM:F002385,BBM:F002386,strict,06
BBM,BBM:F002388,BBM:F002394,similar,06
BBM,BBM:F002390,BBM:F002392,similar,06
BBM,BBM:F002471,BBM:F002472,strict,06
BBM,BBM:F002499,BBM:F002508,similar,06
BBM,BBM:F002500,BBM:F002503,similar,06
BBM,BBM:F002500,BBM:F002506,similar,06
BBM,BBM:F002503,BBM:F002506,similar,06
BBM,BBM:F002501,BBM:F002507,similar,06
BBM,BBM:F002521,BBM:F002522,strict,06
BBM,BBM:F002528,BBM:F002532,strict,06
BBM,BBM:F002531,BBM:F002533,similar,06
BBM,BBM:F014093,BBM:F014142,similar,06
BBM,BBM:F025024,BBM:F027689,similar,06
BBM,BBM:F025024,BBM:F027748,similar,06
BBM,BBM:F027689,BBM:F027748,similar,06
BBM,BBM:F025911,BBM:F028140,similar,06
BBM,BBM:F002555,BBM:F002559,similar,06
BBM,BBM:F002556,BBM:F002560,similar,06
BBM,BBM:F002568,BBM:F002571,strict,06
BBM,BBM:F002593,BBM:F002594,strict,06
BBM,BBM:F002596,BBM:F002597,similar,06
BBM,BBM:F004158,BBM:F004159,strict,06
BBM,BBM:F004186,BBM:F004191,strict,06
BBM,BBM:F004187,BBM:F004224,strict,06
BBM,BBM:F004187,BBM:F004317,strict,06
BBM,BBM:F004224,BBM:F004317,strict,06
BBM,BBM:F004188,BBM:F004304,strict,06
BBM,BBM:F004188,BBM:F004309,strict,06
BBM,BBM:F004188,BBM:F004320,strict,06
BBM,BBM:F004304,BBM:F004309,strict,06
BBM,BBM:F004304,BBM:F004320,strict,06
BBM,BBM:F004309,BBM:F004320,strict,06
BBM,BBM:F004189,BBM:F004225,strict,06
BBM,BBM:F004193,BBM:F004328,strict,06
BBM,BBM:F004194,BBM:F004199,similar,06
BBM,BBM:F004195,BBM:F004230,strict,06
BBM,BBM:F004198,BBM:F004200,strict,06
BBM,BBM:F004198,BBM:F004207,strict,06
BBM,BBM:F004198,BBM:F004302,strict,06
BBM,BBM:F004198,BBM:F004321,strict,06
BBM,BBM:F004200,BBM:F004207,strict,06
BBM,BBM:F004200,BBM:F004302,strict,06
BBM,BBM:F004200,BBM:F004321,strict,06
BBM,BBM:F004207,BBM:F004302,strict,06
BBM,BBM:F004207,BBM:F004321,strict,06
BBM,BBM:F004302,BBM:F004321,strict,06
BBM,BBM:F004202,BBM:F004222,similar,06
BBM,BBM:F004203,BBM:F004226,strict,06
BBM,BBM:F004203,BBM:F004257,strict,06
BBM,BBM:F004226,BBM:F004257,strict,06
BBM,BBM:F004204,BBM:F004305,strict,06
BBM,BBM:F004211,BBM:F004238,strict,06
BBM,BBM:F004211,BBM:F004331,strict,06
BBM,BBM:F004211,BBM:F004333,strict,06
BBM,BBM:F004238,BBM:F004331,strict,06
BBM,BBM:F004238,BBM:F004333,strict,06
BBM,BBM:F004331,BBM:F004333,strict,06
BBM,BBM:F004212,BBM:F004213,strict,06
BBM,BBM:F004212,BBM:F004218,strict,06
BBM,BBM:F004212,BBM:F004303,strict,06
BBM,BBM:F004212,BBM:F004313,strict,06
BBM,BBM:F004212,BBM:F004322,strict,06
BBM,BBM:F004213,BBM:F004218,strict,06
BBM,BBM:F004213,BBM:F004303,strict,06
BBM,BBM:F004213,BBM:F004313,strict,06
BBM,BBM:F004213,BBM:F004322,strict,06
BBM,BBM:F004218,BBM:F004303,strict,06
BBM,BBM:F004218,BBM:F004313,strict,06
BBM,BBM:F004218,BBM:F004322,strict,06
BBM,BBM:F004303,BBM:F004313,strict,06
BBM,BBM:F004303,BBM:F004322,strict,06
BBM,BBM:F004313,BBM:F004322,strict,06
BBM,BBM:F004220,BBM:F004252,strict,06
BBM,BBM:F004220,BBM:F004253,strict,06
BBM,BBM:F004252,BBM:F004253,strict,06
BBM,BBM:F004221,BBM:F004293,strict,06
BBM,BBM:F004227,BBM:F004228,strict,06
BBM,BBM:F004229,BBM:F004232,similar,06
BBM,BBM:F004231,BBM:F004335,strict,06
BBM,BBM:F004234,BBM:F004292,similar,06
BBM,BBM:F004234,BBM:F004297,similar,06
BBM,BBM:F004292,BBM:F004297,similar,06
BBM,BBM:F004239,BBM:F004248,strict,06
BBM,BBM:F004239,BBM:F004314,strict,06
BBM,BBM:F004248,BBM:F004314,strict,06
BBM,BBM:F004245,BBM:F004295,strict,06
BBM,BBM:F004246,BBM:F004247,similar,06
BBM,BBM:F004246,BBM:F004254,similar,06
BBM,BBM:F004246,BBM:F004298,similar,06
BBM,BBM:F004246,BBM:F004301,similar,06
BBM,BBM:F004247,BBM:F004254,similar,06
BBM,BBM:F004247,BBM:F004298,similar,06
BBM,BBM:F004247,BBM:F004301,similar,06
BBM,BBM:F004254,BBM:F004298,similar,06
BBM,BBM:F004254,BBM:F004301,similar,06
BBM,BBM:F004298,BBM:F004301,similar,06
BBM,BBM:F004249,BBM:F004329,similar,06
BBM,BBM:F004307,BBM:F004337,strict,06
BBM,BBM:F002615,BBM:F002616,similar,06
BBM,BBM:F002615,BBM:F002618,similar,06
BBM,BBM:F002615,BBM:F002619,similar,06
BBM,BBM:F002616,BBM:F002618,similar,06
BBM,BBM:F002616,BBM:F002619,similar,06
BBM,BBM:F002618,BBM:F002619,similar,06
BBM,BBM:F025781,BBM:F034607,similar,06
BBM,BBM:F002719,BBM:F002720,similar,06
BBM,BBM:F002724,BBM:F002725,similar,06
BBM,BBM:F002724,BBM:F002754,similar,06
BBM,BBM:F002725,BBM:F002754,similar,06
BBM,BBM:F002733,BBM:F002736,similar,06
BBM,BBM:F002742,BBM:F002743,strict,06
BBM,BBM:F002742,BBM:F002744,strict,06
BBM,BBM:F002743,BBM:F002744,strict,06
BBM,BBM:F024143,BBM:F024162,similar,06
BBM,BBM:F024143,BBM:F024212,similar,06
BBM,BBM:F024162,BBM:F024212,similar,06
BBM,BBM:F025406,BBM:F025605,similar,06
BBM,BBM:F026502,BBM:F026512,similar,06
BBM,BBM:F026502,BBM:F029901,similar,06
BBM,BBM:F026512,BBM:F029901,similar,06
BBM,BBM:F024164,BBM:F024347,similar,06
BBM,BBM:F024164,BBM:F024411,similar,06
BBM,BBM:F024347,BBM:F024411,similar,06
BBM,BBM:F024345,BBM:F024823,similar,06
BBM,BBM:F024348,BBM:F024349,strict,06
BBM,BBM:F024348,BBM:F024350,strict,06
BBM,BBM:F024349,BBM:F024350,strict,06
BBM,BBM:F024376,BBM:F024471,similar,06
BBM,BBM:F024376,BBM:F035081,similar,06
BBM,BBM:F024471,BBM:F035081,similar,06
BBM,BBM:F025049,BBM:F025068,similar,06
BBM,BBM:F025049,BBM:F025101,similar,06
BBM,BBM:F025049,BBM:F025118,similar,06
BBM,BBM:F025068,BBM:F025101,similar,06
BBM,BBM:F025068,BBM:F025118,similar,06
BBM,BBM:F025101,BBM:F025118,similar,06
BBM,BBM:F025117,BBM:F025160,similar,06
mo,MO:134502,MO:137908,strict,06
BBM,BBM:F026513,BBM:F029950,similar,06
BBM,BBM:F026765,BBM:F027340,similar,06
BBM,BBM:F026832,BBM:F026842,similar,06
BBM,BBM:F026832,BBM:F026887,similar,06
BBM,BBM:F026832,BBM:F026900,similar,06
BBM,BBM:F026842,BBM:F026887,similar,06
BBM,BBM:F026842,BBM:F026900,similar,06
BBM,BBM:F026887,BBM:F026900,similar,06
BBM,BBM:F026886,BBM:F026899,similar,06
BBM,BBM:F029738,BBM:F029739,strict,06
mo,MO:273961,MO:274607,similar,06
mo,MO:273961,MO:274804,similar,06
mo,MO:274607,MO:274804,similar,06
mo,MO:313785,MO:324334,similar,06
mo,MO:324336,MO:365014,similar,06
BBM,BBM:F002805,BBM:F034269,similar,06
BBM,BBM:F002805,BBM:F035304,similar,06
BBM,BBM:F034269,BBM:F035304,similar,06
BBM,BBM:F002812,BBM:F002814,similar,06
BBM,BBM:F024270,BBM:F024271,strict,06
BBM,BBM:F025029,BBM:F025102,similar,06
BBM,BBM:F025941,BBM:F028368,similar,06
BBM,BBM:F027961,BBM:F027962,strict,06
BBM,BBM:F034906,BBM:F035021,similar,06
mo,MO:162369,MO:166885,similar,06
mo,MO:267036,MO:267038,similar,06
mo,MO:309986,MO:313784,similar,06
BBM,BBM:F002829,BBM:F002830,strict,06
BBM,BBM:F002834,BBM:F002835,similar,06
BBM,BBM:F024492,BBM:F024670,similar,06
BBM,BBM:F025000,BBM:F025070,similar,06
BBM,BBM:F025000,BBM:F025107,similar,06
BBM,BBM:F025070,BBM:F025107,similar,06
BBM,BBM:F025104,BBM:F025105,strict,06
BBM,BBM:F025104,BBM:F025106,strict,06
BBM,BBM:F025105,BBM:F025106,strict,06
BBM,BBM:F025907,BBM:F026019,similar,06
BBM,BBM:F032699,BBM:F032754,similar,06
mo,MO:167885,MO:167886,strict,06
BBM,BBM:F002842,BBM:F002843,similar,06
BBM,BBM:F002846,BBM:F002848,similar,06
BBM,BBM:F024365,BBM:F035291,similar,06
BBM,BBM:F025058,BBM:F025077,similar,06
BBM,BBM:F025058,BBM:F025156,similar,06
BBM,BBM:F025058,BBM:F025286,similar,06
BBM,BBM:F025077,BBM:F025156,similar,06
BBM,BBM:F025077,BBM:F025286,similar,06
BBM,BBM:F025156,BBM:F025286,similar,06
BBM,BBM:F025374,BBM:F025375,strict,06
BBM,BBM:F025411,BBM:F025657,similar,06
BBM,BBM:F025785,BBM:F025950,similar,06
BBM,BBM:F026497,BBM:F026548,similar,06
BBM,BBM:F026497,BBM:F029910,similar,06
BBM,BBM:F026548,BBM:F029910,similar,06
BBM,BBM:F026716,BBM:F026782,similar,06
BBM,BBM:F026716,BBM:F026895,similar,06
BBM,BBM:F026782,BBM:F026895,similar,06
BBM,BBM:F029087,BBM:F029163,similar,06
BBM,BBM:F029087,BBM:F029200,similar,06
BBM,BBM:F029163,BBM:F029200,similar,06
BBM,BBM:F002860,BBM:F002861,similar,06
BBM,BBM:F002860,BBM:F013091,similar,06
BBM,BBM:F002861,BBM:F013091,similar,06
mo,MO:246160,MO:246161,strict,06
mo,MO:363627,MO:400438,similar,06
BBM,BBM:F002923,BBM:F002924,similar,06
BBM,BBM:F018393,BBM:F034009,similar,06
BBM,BBM:F026421,BBM:F026523,similar,06
BBM,BBM:F026421,BBM:F029677,similar,06
BBM,BBM:F026523,BBM:F029677,similar,06
BBM,BBM:F027604,BBM:F035359,similar,06
BBM,BBM:F032855,BBM:F032901,strict,06
BBM,BBM:F032947,BBM:F032981,strict,06
BBM,BBM:F003001,BBM:F003002,similar,06
BBM,BBM:F003003,BBM:F003004,similar,06
BBM,BBM:F003009,BBM:F003010,similar,06
BBM,BBM:F003009,BBM:F003011,similar,06
BBM,BBM:F003009,BBM:F003012,similar,06
BBM,BBM:F003010,BBM:F003011,similar,06
BBM,BBM:F003010,BBM:F003012,similar,06
BBM,BBM:F003011,BBM:F003012,similar,06
BBM,BBM:F003015,BBM:F003016,strict,06
mo,MO:275035,MO:275621,strict,06
mo,MO:275282,MO:298362,similar,06
BBM,BBM:F003127,BBM:F003128,strict,06
BBM,BBM:F003132,BBM:F003133,strict,06
BBM,BBM:F003132,BBM:F003134,strict,06
BBM,BBM:F003133,BBM:F003134,strict,06
BBM,BBM:F003138,BBM:F003139,strict,06
BBM,BBM:F003636,BBM:F003637,strict,06
BBM,BBM:F003160,BBM:F003161,strict,06
BBM,BBM:F020668,BBM:F020839,strict,06
BBM,BBM:F020668,BBM:F020840,strict,06
BBM,BBM:F020668,BBM:F020853,strict,06
BBM,BBM:F020668,BBM:F020854,strict,06
BBM,BBM:F020668,BBM:F020864,strict,06
BBM,BBM:F020839,BBM:F020840,strict,06
BBM,BBM:F020839,BBM:F020853,strict,06
BBM,BBM:F020839,BBM:F020854,strict,06
BBM,BBM:F020839,BBM:F020864,strict,06
BBM,BBM:F020840,BBM:F020853,strict,06
BBM,BBM:F020840,BBM:F020854,strict,06
BBM,BBM:F020840,BBM:F020864,strict,06
BBM,BBM:F020853,BBM:F020854,strict,06
BBM,BBM:F020853,BBM:F020864,strict,06
BBM,BBM:F020854,BBM:F020864,strict,06
BBM,BBM:F020679,BBM:F020685,strict,06
BBM,BBM:F020679,BBM:F020892,strict,06
BBM,BBM:F020679,BBM:F020919,strict,06
BBM,BBM:F020679,BBM:F020923,strict,06
BBM,BBM:F020685,BBM:F020892,strict,06
BBM,BBM:F020685,BBM:F020919,strict,06
BBM,BBM:F020685,BBM:F020923,strict,06
BBM,BBM:F020892,BBM:F020919,strict,06
BBM,BBM:F020892,BBM:F020923,strict,06
BBM,BBM:F020919,BBM:F020923,strict,06
BBM,BBM:F020682,BBM:F020783,similar,06
BBM,BBM:F020682,BBM:F020784,similar,06
BBM,BBM:F020682,BBM:F020960,similar,06
BBM,BBM:F020682,BBM:F021010,similar,06
BBM,BBM:F020682,BBM:F021126,similar,06
BBM,BBM:F020783,BBM:F020784,similar,06
BBM,BBM:F020783,BBM:F020960,similar,06
BBM,BBM:F020783,BBM:F021010,similar,06
BBM,BBM:F020783,BBM:F021126,similar,06
BBM,BBM:F020784,BBM:F020960,similar,06
BBM,BBM:F020784,BBM:F021010,similar,06
BBM,BBM:F020784,BBM:F021126,similar,06
BBM,BBM:F020960,BBM:F021010,similar,06
BBM,BBM:F020960,BBM:F021126,similar,06
BBM,BBM:F021010,BBM:F021126,similar,06
BBM,BBM:F020828,BBM:F020830,strict,06
BBM,BBM:F020828,BBM:F020832,strict,06
BBM,BBM:F020830,BBM:F020832,strict,06
BBM,BBM:F021136,BBM:F021180,strict,06
BBM,BBM:F021136,BBM:F021181,strict,06
BBM,BBM:F021180,BBM:F021181,strict,06
BBM,BBM:F021217,BBM:F021874,strict,06
BBM,BBM:F021217,BBM:F021883,strict,06
BBM,BBM:F021874,BBM:F021883,strict,06
BBM,BBM:F021218,BBM:F021219,strict,06
BBM,BBM:F021218,BBM:F021220,strict,06
BBM,BBM:F021218,BBM:F021222,strict,06
BBM,BBM:F021218,BBM:F021224,strict,06
BBM,BBM:F021218,BBM:F021225,strict,06
BBM,BBM:F021218,BBM:F021231,strict,06
BBM,BBM:F021218,BBM:F021232,strict,06
BBM,BBM:F021218,BBM:F021233,strict,06
BBM,BBM:F021218,BBM:F021234,strict,06
BBM,BBM:F021218,BBM:F021235,strict,06
BBM,BBM:F021218,BBM:F021237,strict,06
BBM,BBM:F021219,BBM:F021220,strict,06
BBM,BBM:F021219,BBM:F021222,strict,06
BBM,BBM:F021219,BBM:F021224,strict,06
BBM,BBM:F021219,BBM:F021225,strict,06
BBM,BBM:F021219,BBM:F021231,strict,06
BBM,BBM:F021219,BBM:F021232,strict,06
BBM,BBM:F021219,BBM:F021233,strict,06
BBM,BBM:F021219,BBM:F021234,strict,06
BBM,BBM:F021219,BBM:F021235,strict,06
BBM,BBM:F021219,BBM:F021237,strict,06
BBM,BBM:F021220,BBM:F021222,strict,06
BBM,BBM:F021220,BBM:F021224,strict,06
BBM,BBM:F021220,BBM:F021225,strict,06
BBM,BBM:F021220,BBM:F021231,strict,06
BBM,BBM:F021220,BBM:F021232,strict,06
BBM,BBM:F021220,BBM:F021233,strict,06
BBM,BBM:F021220,BBM:F021234,strict,06
BBM,BBM:F021220,BBM:F021235,strict,06
BBM,BBM:F021220,BBM:F021237,strict,06
BBM,BBM:F021222,BBM:F021224,strict,06
BBM,BBM:F021222,BBM:F021225,strict,06
BBM,BBM:F021222,BBM:F021231,strict,06
BBM,BBM:F021222,BBM:F021232,strict,06
BBM,BBM:F021222,BBM:F021233,strict,06
BBM,BBM:F021222,BBM:F021234,strict,06
BBM,BBM:F021222,BBM:F021235,strict,06
BBM,BBM:F021222,BBM:F021237,strict,06
BBM,BBM:F021224,BBM:F021225,strict,06
BBM,BBM:F021224,BBM:F021231,strict,06
BBM,BBM:F021224,BBM:F021232,strict,06
BBM,BBM:F021224,BBM:F021233,strict,06
BBM,BBM:F021224,BBM:F021234,strict,06
BBM,BBM:F021224,BBM:F021235,strict,06
BBM,BBM:F021224,BBM:F021237,strict,06
BBM,BBM:F021225,BBM:F021231,strict,06
BBM,BBM:F021225,BBM:F021232,strict,06
BBM,BBM:F021225,BBM:F021233,strict,06
BBM,BBM:F021225,BBM:F021234,strict,06
BBM,BBM:F021225,BBM:F021235,strict,06
BBM,BBM:F021225,BBM:F021237,strict,06
BBM,BBM:F021231,BBM:F021232,strict,06
BBM,BBM:F021231,BBM:F021233,strict,06
BBM,BBM:F021231,BBM:F021234,strict,06
BBM,BBM:F021231,BBM:F021235,strict,06
BBM,BBM:F021231,BBM:F021237,strict,06
BBM,BBM:F021232,BBM:F021233,strict,06
BBM,BBM:F021232,BBM:F021234,strict,06
BBM,BBM:F021232,BBM:F021235,strict,06
BBM,BBM:F021232,BBM:F021237,strict,06
BBM,BBM:F021233,BBM:F021234,strict,06
BBM,BBM:F021233,BBM:F021235,strict,06
BBM,BBM:F021233,BBM:F021237,strict,06
BBM,BBM:F021234,BBM:F021235,strict,06
BBM,BBM:F021234,BBM:F021237,strict,06
BBM,BBM:F021235,BBM:F021237,strict,06
BBM,BBM:F021270,BBM:F021503,strict,06
BBM,BBM:F021537,BBM:F021560,similar,06
BBM,BBM:F021537,BBM:F021685,similar,06
BBM,BBM:F021537,BBM:F021686,similar,06
BBM,BBM:F021537,BBM:F021687,similar,06
BBM,BBM:F021537,BBM:F021689,similar,06
BBM,BBM:F021537,BBM:F021690,similar,06
BBM,BBM:F021537,BBM:F021828,similar,06
BBM,BBM:F021537,BBM:F021829,similar,06
BBM,BBM:F021537,BBM:F022176,similar,06
BBM,BBM:F021537,BBM:F022179,similar,06
BBM,BBM:F021537,BBM:F022186,similar,06
BBM,BBM:F021537,BBM:F022809,similar,06
BBM,BBM:F021560,BBM:F021685,similar,06
BBM,BBM:F021560,BBM:F021686,similar,06
BBM,BBM:F021560,BBM:F021687,similar,06
BBM,BBM:F021560,BBM:F021689,similar,06
BBM,BBM:F021560,BBM:F021690,similar,06
BBM,BBM:F021560,BBM:F021828,similar,06
BBM,BBM:F021560,BBM:F021829,similar,06
BBM,BBM:F021560,BBM:F022176,similar,06
BBM,BBM:F021560,BBM:F022179,similar,06
BBM,BBM:F021560,BBM:F022186,similar,06
BBM,BBM:F021560,BBM:F022809,similar,06
BBM,BBM:F021685,BBM:F021686,similar,06
BBM,BBM:F021685,BBM:F021687,similar,06
BBM,BBM:F021685,BBM:F021689,similar,06
BBM,BBM:F021685,BBM:F021690,similar,06
BBM,BBM:F021685,BBM:F021828,similar,06
BBM,BBM:F021685,BBM:F021829,similar,06
BBM,BBM:F021685,BBM:F022176,similar,06
BBM,BBM:F021685,BBM:F022179,similar,06
BBM,BBM:F021685,BBM:F022186,similar,06
BBM,BBM:F021685,BBM:F022809,similar,06
BBM,BBM:F021686,BBM:F021687,similar,06
BBM,BBM:F021686,BBM:F021689,similar,06
BBM,BBM:F021686,BBM:F021690,similar,06
BBM,BBM:F021686,BBM:F021828,similar,06
BBM,BBM:F021686,BBM:F021829,similar,06
BBM,BBM:F021686,BBM:F022176,similar,06
BBM,BBM:F021686,BBM:F022179,similar,06
BBM,BBM:F021686,BBM:F022186,similar,06
BBM,BBM:F021686,BBM:F022809,similar,06
BBM,BBM:F021687,BBM:F021689,similar,06
BBM,BBM:F021687,BBM:F021690,similar,06
BBM,BBM:F021687,BBM:F021828,similar,06
BBM,BBM:F021687,BBM:F021829,similar,06
BBM,BBM:F021687,BBM:F022176,similar,06
BBM,BBM:F021687,BBM:F022179,similar,06
BBM,BBM:F021687,BBM:F022186,similar,06
BBM,BBM:F021687,BBM:F022809,similar,06
BBM,BBM:F021689,BBM:F021690,similar,06
BBM,BBM:F021689,BBM:F021828,similar,06
BBM,BBM:F021689,BBM:F021829,similar,06
BBM,BBM:F021689,BBM:F022176,similar,06
BBM,BBM:F021689,BBM:F022179,similar,06
BBM,BBM:F021689,BBM:F022186,similar,06
BBM,BBM:F021689,BBM:F022809,similar,06
BBM,BBM:F021690,BBM:F021828,similar,06
BBM,BBM:F021690,BBM:F021829,similar,06
BBM,BBM:F021690,BBM:F022176,similar,06
BBM,BBM:F021690,BBM:F022179,similar,06
BBM,BBM:F021690,BBM:F022186,similar,06
BBM,BBM:F021690,BBM:F022809,similar,06
BBM,BBM:F021828,BBM:F021829,similar,06
BBM,BBM:F021828,BBM:F022176,similar,06
BBM,BBM:F021828,BBM:F022179,similar,06
BBM,BBM:F021828,BBM:F022186,similar,06
BBM,BBM:F021828,BBM:F022809,similar,06
BBM,BBM:F021829,BBM:F022176,similar,06
BBM,BBM:F021829,BBM:F022179,similar,06
BBM,BBM:F021829,BBM:F022186,similar,06
BBM,BBM:F021829,BBM:F022809,similar,06
BBM,BBM:F022176,BBM:F022179,similar,06
BBM,BBM:F022176,BBM:F022186,similar,06
BBM,BBM:F022176,BBM:F022809,similar,06
BBM,BBM:F022179,BBM:F022186,similar,06
BBM,BBM:F022179,BBM:F022809,similar,06
BBM,BBM:F022186,BBM:F022809,similar,06
BBM,BBM:F021675,BBM:F021775,similar,06
BBM,BBM:F024239,BBM:F024240,strict,06
BBM,BBM:F024252,BBM:F024390,similar,06
BBM,BBM:F024252,BBM:F024401,similar,06
BBM,BBM:F024252,BBM:F024807,similar,06
BBM,BBM:F024390,BBM:F024401,similar,06
BBM,BBM:F024390,BBM:F024807,similar,06
BBM,BBM:F024401,BBM:F024807,similar,06
BBM,BBM:F025062,BBM:F027808,similar,06
BBM,BBM:F025427,BBM:F025700,similar,06
BBM,BBM:F026748,BBM:F026785,similar,06
BBM,BBM:F026748,BBM:F026786,similar,06
BBM,BBM:F026748,BBM:F026794,similar,06
BBM,BBM:F026748,BBM:F026795,similar,06
BBM,BBM:F026748,BBM:F026872,similar,06
BBM,BBM:F026748,BBM:F026904,similar,06
BBM,BBM:F026748,BBM:F026939,similar,06
BBM,BBM:F026748,BBM:F026940,similar,06
BBM,BBM:F026748,BBM:F032398,similar,06
BBM,BBM:F026748,BBM:F032399,similar,06
BBM,BBM:F026785,BBM:F026786,similar,06
BBM,BBM:F026785,BBM:F026794,similar,06
BBM,BBM:F026785,BBM:F026795,similar,06
BBM,BBM:F026785,BBM:F026872,similar,06
BBM,BBM:F026785,BBM:F026904,similar,06
BBM,BBM:F026785,BBM:F026939,similar,06
BBM,BBM:F026785,BBM:F026940,similar,06
BBM,BBM:F026785,BBM:F032398,similar,06
BBM,BBM:F026785,BBM:F032399,similar,06
BBM,BBM:F026786,BBM:F026794,similar,06
BBM,BBM:F026786,BBM:F026795,similar,06
BBM,BBM:F026786,BBM:F026872,similar,06
BBM,BBM:F026786,BBM:F026904,similar,06
BBM,BBM:F026786,BBM:F026939,similar,06
BBM,BBM:F026786,BBM:F026940,similar,06
BBM,BBM:F026786,BBM:F032398,similar,06
BBM,BBM:F026786,BBM:F032399,similar,06
BBM,BBM:F026794,BBM:F026795,similar,06
BBM,BBM:F026794,BBM:F026872,similar,06
BBM,BBM:F026794,BBM:F026904,similar,06
BBM,BBM:F026794,BBM:F026939,similar,06
BBM,BBM:F026794,BBM:F026940,similar,06
BBM,BBM:F026794,BBM:F032398,similar,06
BBM,BBM:F026794,BBM:F032399,similar,06
BBM,BBM:F026795,BBM:F026872,similar,06
BBM,BBM:F026795,BBM:F026904,similar,06
BBM,BBM:F026795,BBM:F026939,similar,06
BBM,BBM:F026795,BBM:F026940,similar,06
BBM,BBM:F026795,BBM:F032398,similar,06
BBM,BBM:F026795,BBM:F032399,similar,06
BBM,BBM:F026872,BBM:F026904,similar,06
BBM,BBM:F026872,BBM:F026939,similar,06
BBM,BBM:F026872,BBM:F026940,similar,06
BBM,BBM:F026872,BBM:F032398,similar,06
BBM,BBM:F026872,BBM:F032399,similar,06
BBM,BBM:F026904,BBM:F026939,similar,06
BBM,BBM:F026904,BBM:F026940,similar,06
BBM,BBM:F026904,BBM:F032398,similar,06
BBM,BBM:F026904,BBM:F032399,similar,06
BBM,BBM:F026939,BBM:F026940,similar,06
BBM,BBM:F026939,BBM:F032398,similar,06
BBM,BBM:F026939,BBM:F032399,similar,06
BBM,BBM:F026940,BBM:F032398,similar,06
BBM,BBM:F026940,BBM:F032399,similar,06
BBM,BBM:F032398,BBM:F032399,similar,06
BBM,BBM:F027776,BBM:F027777,strict,06
BBM,BBM:F027776,BBM:F027778,strict,06
BBM,BBM:F027777,BBM:F027778,strict,06
BBM,BBM:F031886,BBM:F031900,similar,06
BBM,BBM:F031886,BBM:F031946,similar,06
BBM,BBM:F031900,BBM:F031946,similar,06
BBM,BBM:F003175,BBM:F003176,strict,06
BBM,BBM:F026576,BBM:F026587,similar,06
BBM,BBM:F032463,BBM:F032464,strict,06
BBM,BBM:F020670,BBM:F020927,similar,06
BBM,BBM:F020670,BBM:F021055,similar,06
BBM,BBM:F020670,BBM:F035571,similar,06
BBM,BBM:F020927,BBM:F021055,similar,06
BBM,BBM:F020927,BBM:F035571,similar,06
BBM,BBM:F021055,BBM:F035571,similar,06
BBM,BBM:F003313,BBM:F003314,similar,06
BBM,BBM:F003367,BBM:F003368,similar,06
BBM,BBM:F003460,BBM:F003462,strict,06
BBM,BBM:F016594,BBM:F030456,similar,06
BBM,BBM:F016594,BBM:F030475,similar,06
BBM,BBM:F030456,BBM:F030475,similar,06
BBM,BBM:F003452,BBM:F003453,similar,06
BBM,BBM:F003499,BBM:F034183,similar,06
BBM,BBM:F003532,BBM:F003534,strict,06
BBM,BBM:F025025,BBM:F027699,similar,06
BBM,BBM:F026586,BBM:F032425,similar,06
BBM,BBM:F026751,BBM:F026830,similar,06
BBM,BBM:F026751,BBM:F032390,similar,06
BBM,BBM:F026830,BBM:F032390,similar,06
BBM,BBM:F027704,BBM:F027779,similar,06
BBM,BBM:F027705,BBM:F027769,similar,06
BBM,BBM:F032245,BBM:F032246,similar,06
BBM,BBM:F003545,BBM:F003552,similar,06
BBM,BBM:F003547,BBM:F003551,similar,06
BBM,BBM:F003547,BBM:F003555,similar,06
BBM,BBM:F003551,BBM:F003555,similar,06
BBM,BBM:F003548,BBM:F003549,strict,06
mo,MO:202067,MO:245722,similar,06
BBM,BBM:F003598,BBM:F003605,similar,06
BBM,BBM:F003609,BBM:F003616,similar,06
BBM,BBM:F003646,BBM:F003648,strict,06
BBM,BBM:F024138,BBM:F024434,similar,06
BBM,BBM:F026675,BBM:F026802,similar,06
BBM,BBM:F034611,BBM:F034974,similar,06
BBM,BBM:F034611,BBM:F035023,similar,06
BBM,BBM:F034611,BBM:F035325,similar,06
BBM,BBM:F034974,BBM:F035023,similar,06
BBM,BBM:F034974,BBM:F035325,similar,06
BBM,BBM:F035023,BBM:F035325,similar,06
mo,MO:200186,MO:200691,similar,06
mo,MO:200186,MO:202170,similar,06
mo,MO:200186,MO:202331,similar,06
mo,MO:200186,MO:274269,similar,06
mo,MO:200186,MO:275437,similar,06
mo,MO:200186,MO:306479,similar,06
mo,MO:200691,MO:202170,similar,06
mo,MO:200691,MO:202331,similar,06
mo,MO:200691,MO:274269,similar,06
mo,MO:200691,MO:275437,similar,06
mo,MO:200691,MO:306479,similar,06
mo,MO:202170,MO:202331,similar,06
mo,MO:202170,MO:274269,similar,06
mo,MO:202170,MO:275437,similar,06
mo,MO:202170,MO:306479,similar,06
mo,MO:202331,MO:274269,similar,06
mo,MO:202331,MO:275437,similar,06
mo,MO:202331,MO:306479,similar,06
mo,MO:274269,MO:275437,similar,06
mo,MO:274269,MO:306479,similar,06
mo,MO:275437,MO:306479,similar,06
BBM,BBM:F003690,BBM:F003691,similar,06
BBM,BBM:F003694,BBM:F003695,similar,06
BBM,BBM:F003697,BBM:F003699,strict,06
BBM,BBM:F003700,BBM:F034609,similar,06
BBM,BBM:F003700,BBM:F035301,similar,06
BBM,BBM:F034609,BBM:F035301,similar,06
BBM,BBM:F024149,BBM:F024174,similar,06
BBM,BBM:F024149,BBM:F024250,similar,06
BBM,BBM:F024149,BBM:F024435,similar,06
BBM,BBM:F024149,BBM:F024793,similar,06
BBM,BBM:F024174,BBM:F024250,similar,06
BBM,BBM:F024174,BBM:F024435,similar,06
BBM,BBM:F024174,BBM:F024793,similar,06
BBM,BBM:F024250,BBM:F024435,similar,06
BBM,BBM:F024250,BBM:F024793,similar,06
BBM,BBM:F024435,BBM:F024793,similar,06
BBM,BBM:F024892,BBM:F025057,similar,06
BBM,BBM:F026676,BBM:F026677,strict,06
mo,MO:231100,MO:252264,similar,06
mo,MO:231100,MO:260889,similar,06
mo,MO:231100,MO:263996,similar,06
mo,MO:252264,MO:260889,similar,06
mo,MO:252264,MO:263996,similar,06
mo,MO:260889,MO:263996,similar,06
mo,MO:449328,MO:469613,similar,06
BBM,BBM:F003703,BBM:F003704,similar,06
BBM,BBM:F003725,BBM:F003728,strict,06
BBM,BBM:F003727,BBM:F003729,strict,06
BBM,BBM:F003742,BBM:F003743,strict,06
BBM,BBM:F003742,BBM:F003744,strict,06
BBM,BBM:F003743,BBM:F003744,strict,06
BBM,BBM:F003754,BBM:F003755,similar,06
BBM,BBM:F003779,BBM:F003780,strict,06
BBM,BBM:F003783,BBM:F010283,similar,06
BBM,BBM:F003811,BBM:F003812,similar,06
BBM,BBM:F013068,BBM:F013070,similar,06
BBM,BBM:F034605,BBM:F034627,similar,06
mo,MO:200560,MO:363291,similar,06
BBM,BBM:F018781,BBM:F018787,strict,06
BBM,BBM:F018781,BBM:F018790,strict,06
BBM,BBM:F018787,BBM:F018790,strict,06
mo,MO:319033,MO:324401,similar,06
BBM,BBM:F004016,BBM:F004018,similar,06
BBM,BBM:F004028,BBM:F004029,strict,06
BBM,BBM:F004040,BBM:F004042,similar,06
BBM,BBM:F004051,BBM:F004055,similar,06
BBM,BBM:F004075,BBM:F004077,strict,06
BBM,BBM:F018420,BBM:F018421,strict,06
BBM,BBM:F018420,BBM:F018424,strict,06
BBM,BBM:F018420,BBM:F018426,strict,06
BBM,BBM:F018420,BBM:F018431,strict,06
BBM,BBM:F018420,BBM:F018437,strict,06
BBM,BBM:F018421,BBM:F018424,strict,06
BBM,BBM:F018421,BBM:F018426,strict,06
BBM,BBM:F018421,BBM:F018431,strict,06
BBM,BBM:F018421,BBM:F018437,strict,06
BBM,BBM:F018424,BBM:F018426,strict,06
BBM,BBM:F018424,BBM:F018431,strict,06
BBM,BBM:F018424,BBM:F018437,strict,06
BBM,BBM:F018426,BBM:F018431,strict,06
BBM,BBM:F018426,BBM:F018437,strict,06
BBM,BBM:F018431,BBM:F018437,strict,06
BBM,BBM:F018443,BBM:F018450,strict,06
BBM,BBM:F018443,BBM:F018452,strict,06
BBM,BBM:F018443,BBM:F018456,strict,06
BBM,BBM:F018443,BBM:F018457,strict,06
BBM,BBM:F018443,BBM:F018547,strict,06
BBM,BBM:F018443,BBM:F018550,strict,06
BBM,BBM:F018450,BBM:F018452,strict,06
BBM,BBM:F018450,BBM:F018456,strict,06
BBM,BBM:F018450,BBM:F018457,strict,06
BBM,BBM:F018450,BBM:F018547,strict,06
BBM,BBM:F018450,BBM:F018550,strict,06
BBM,BBM:F018452,BBM:F018456,strict,06
BBM,BBM:F018452,BBM:F018457,strict,06
BBM,BBM:F018452,BBM:F018547,strict,06
BBM,BBM:F018452,BBM:F018550,strict,06
BBM,BBM:F018456,BBM:F018457,strict,06
BBM,BBM:F018456,BBM:F018547,strict,06
BBM,BBM:F018456,BBM:F018550,strict,06
BBM,BBM:F018457,BBM:F018547,strict,06
BBM,BBM:F018457,BBM:F018550,strict,06
BBM,BBM:F018547,BBM:F018550,strict,06
BBM,BBM:F018702,BBM:F018703,strict,06
BBM,BBM:F018702,BBM:F018704,strict,06
BBM,BBM:F018702,BBM:F018705,strict,06
BBM,BBM:F018702,BBM:F018706,strict,06
BBM,BBM:F018703,BBM:F018704,strict,06
BBM,BBM:F018703,BBM:F018705,strict,06
BBM,BBM:F018703,BBM:F018706,strict,06
BBM,BBM:F018704,BBM:F018705,strict,06
BBM,BBM:F018704,BBM:F018706,strict,06
BBM,BBM:F018705,BBM:F018706,strict,06
BBM,BBM:F018707,BBM:F018710,strict,06
BBM,BBM:F018711,BBM:F018712,similar,06
BBM,BBM:F026607,BBM:F026616,similar,06
BBM,BBM:F022011,BBM:F022012,strict,06
BBM,BBM:F004171,BBM:F004172,strict,06
BBM,BBM:F004259,BBM:F034016,similar,06
BBM,BBM:F014284,BBM:F034163,similar,06
BBM,BBM:F014284,BBM:F034184,similar,06
BBM,BBM:F014284,BBM:F034189,similar,06
BBM,BBM:F034163,BBM:F034184,similar,06
BBM,BBM:F034163,BBM:F034189,similar,06
BBM,BBM:F034184,BBM:F034189,similar,06
BBM,BBM:F014514,BBM:F034259,similar,06
BBM,BBM:F014514,BBM:F034706,similar,06
BBM,BBM:F014514,BBM:F034899,similar,06
BBM,BBM:F014514,BBM:F035137,similar,06
BBM,BBM:F014514,BBM:F035458,similar,06
BBM,BBM:F034259,BBM:F034706,similar,06
BBM,BBM:F034259,BBM:F034899,similar,06
BBM,BBM:F034259,BBM:F035137,similar,06
BBM,BBM:F034259,BBM:F035458,similar,06
BBM,BBM:F034706,BBM:F034899,similar,06
BBM,BBM:F034706,BBM:F035137,similar,06
BBM,BBM:F034706,BBM:F035458,similar,06
BBM,BBM:F034899,BBM:F035137,similar,06
BBM,BBM:F034899,BBM:F035458,similar,06
BBM,BBM:F035137,BBM:F035458,similar,06
BBM,BBM:F014857,BBM:F014868,similar,06
BBM,BBM:F014908,BBM:F034193,similar,06
BBM,BBM:F014908,BBM:F034209,similar,06
BBM,BBM:F014908,BBM:F035660,similar,06
BBM,BBM:F034193,BBM:F034209,similar,06
BBM,BBM:F034193,BBM:F035660,similar,06
BBM,BBM:F034209,BBM:F035660,similar,06
BBM,BBM:F015021,BBM:F015029,similar,06
BBM,BBM:F015167,BBM:F015248,similar,06
BBM,BBM:F015349,BBM:F015360,strict,06
BBM,BBM:F015444,BBM:F015467,similar,06
BBM,BBM:F015500,BBM:F034705,similar,06
BBM,BBM:F015500,BBM:F034915,similar,06
BBM,BBM:F015500,BBM:F035351,similar,06
BBM,BBM:F015500,BBM:F035601,similar,06
BBM,BBM:F034705,BBM:F034915,similar,06
BBM,BBM:F034705,BBM:F035351,similar,06
BBM,BBM:F034705,BBM:F035601,similar,06
BBM,BBM:F034915,BBM:F035351,similar,06
BBM,BBM:F034915,BBM:F035601,similar,06
BBM,BBM:F035351,BBM:F035601,similar,06
BBM,BBM:F015955,BBM:F016019,similar,06
BBM,BBM:F015955,BBM:F016049,similar,06
BBM,BBM:F016019,BBM:F016049,similar,06
BBM,BBM:F016621,BBM:F016740,similar,06
BBM,BBM:F016621,BBM:F016836,similar,06
BBM,BBM:F016621,BBM:F016841,similar,06
BBM,BBM:F016621,BBM:F030502,similar,06
BBM,BBM:F016740,BBM:F016836,similar,06
BBM,BBM:F016740,BBM:F016841,similar,06
BBM,BBM:F016740,BBM:F030502,similar,06
BBM,BBM:F016836,BBM:F016841,similar,06
BBM,BBM:F016836,BBM:F030502,similar,06
BBM,BBM:F016841,BBM:F030502,similar,06
BBM,BBM:F016627,BBM:F016638,strict,06
BBM,BBM:F017968,BBM:F017974,strict,06
BBM,BBM:F020364,BBM:F027658,similar,06
BBM,BBM:F020371,BBM:F034017,similar,06
BBM,BBM:F020371,BBM:F035428,similar,06
BBM,BBM:F020371,BBM:F035550,similar,06
BBM,BBM:F034017,BBM:F035428,similar,06
BBM,BBM:F034017,BBM:F035550,similar,06
BBM,BBM:F035428,BBM:F035550,similar,06
BBM,BBM:F022366,BBM:F022372,strict,06
BBM,BBM:F022673,BBM:F022750,similar,06
BBM,BBM:F022837,BBM:F022863,strict,06
BBM,BBM:F022837,BBM:F022912,strict,06
BBM,BBM:F022863,BBM:F022912,strict,06
BBM,BBM:F024601,BBM:F024651,similar,06
BBM,BBM:F024601,BBM:F034575,similar,06
BBM,BBM:F024601,BBM:F034683,similar,06
BBM,BBM:F024601,BBM:F034695,similar,06
BBM,BBM:F024601,BBM:F034914,similar,06
BBM,BBM:F024601,BBM:F035143,similar,06
BBM,BBM:F024601,BBM:F035479,similar,06
BBM,BBM:F024601,BBM:F035551,similar,06
BBM,BBM:F024651,BBM:F034575,similar,06
BBM,BBM:F024651,BBM:F034683,similar,06
BBM,BBM:F024651,BBM:F034695,similar,06
BBM,BBM:F024651,BBM:F034914,similar,06
BBM,BBM:F024651,BBM:F035143,similar,06
BBM,BBM:F024651,BBM:F035479,similar,06
BBM,BBM:F024651,BBM:F035551,similar,06
BBM,BBM:F034575,BBM:F034683,similar,06
BBM,BBM:F034575,BBM:F034695,similar,06
BBM,BBM:F034575,BBM:F034914,similar,06
BBM,BBM:F034575,BBM:F035143,similar,06
BBM,BBM:F034575,BBM:F035479,similar,06
BBM,BBM:F034575,BBM:F035551,similar,06
BBM,BBM:F034683,BBM:F034695,similar,06
BBM,BBM:F034683,BBM:F034914,similar,06
BBM,BBM:F034683,BBM:F035143,similar,06
BBM,BBM:F034683,BBM:F035479,similar,06
BBM,BBM:F034683,BBM:F035551,similar,06
BBM,BBM:F034695,BBM:F034914,similar,06
BBM,BBM:F034695,BBM:F035143,similar,06
BBM,BBM:F034695,BBM:F035479,similar,06
BBM,BBM:F034695,BBM:F035551,similar,06
BBM,BBM:F034914,BBM:F035143,similar,06
BBM,BBM:F034914,BBM:F035479,similar,06
BBM,BBM:F034914,BBM:F035551,similar,06
BBM,BBM:F035143,BBM:F035479,similar,06
BBM,BBM:F035143,BBM:F035551,similar,06
BBM,BBM:F035479,BBM:F035551,similar,06
BBM,BBM:F024602,BBM:F024603,strict,06
BBM,BBM:F024604,BBM:F033744,similar,06
BBM,BBM:F024604,BBM:F034573,similar,06
BBM,BBM:F033744,BBM:F034573,similar,06
BBM,BBM:F024737,BBM:F024759,similar,06
BBM,BBM:F025825,BBM:F026380,similar,06
BBM,BBM:F026486,BBM:F029931,similar,06
BBM,BBM:F027374,BBM:F035552,similar,06
BBM,BBM:F027374,BBM:F035714,similar,06
BBM,BBM:F035552,BBM:F035714,similar,06
BBM,BBM:F027534,BBM:F027537,similar,06
BBM,BBM:F029618,BBM:F029635,similar,06
BBM,BBM:F029618,BBM:F029653,similar,06
BBM,BBM:F029635,BBM:F029653,similar,06
BBM,BBM:F030789,BBM:F030836,similar,06
BBM,BBM:F030789,BBM:F030864,similar,06
BBM,BBM:F030789,BBM:F030884,similar,06
BBM,BBM:F030836,BBM:F030864,similar,06
BBM,BBM:F030836,BBM:F030884,similar,06
BBM,BBM:F030864,BBM:F030884,similar,06
BBM,BBM:F030816,BBM:F030865,similar,06
BBM,BBM:F032886,BBM:F033002,strict,06
BBM,BBM:F032945,BBM:F032974,strict,06
BBM,BBM:F034551,BBM:F034585,similar,06
BBM,BBM:F034551,BBM:F034664,similar,06
BBM,BBM:F034551,BBM:F034743,similar,06
BBM,BBM:F034551,BBM:F035097,similar,06
BBM,BBM:F034585,BBM:F034664,similar,06
BBM,BBM:F034585,BBM:F034743,similar,06
BBM,BBM:F034585,BBM:F035097,similar,06
BBM,BBM:F034664,BBM:F034743,similar,06
BBM,BBM:F034664,BBM:F035097,similar,06
BBM,BBM:F034743,BBM:F035097,similar,06
mo,MO:195368,MO:225744,similar,06
mo,MO:195368,MO:262314,similar,06
mo,MO:195368,MO:343964,similar,06
mo,MO:195368,MO:411787,similar,06
mo,MO:195368,MO:442107,similar,06
mo,MO:225744,MO:262314,similar,06
mo,MO:225744,MO:343964,similar,06
mo,MO:225744,MO:411787,similar,06
mo,MO:225744,MO:442107,similar,06
mo,MO:262314,MO:343964,similar,06
mo,MO:262314,MO:411787,similar,06
mo,MO:262314,MO:442107,similar,06
mo,MO:343964,MO:411787,similar,06
mo,MO:343964,MO:442107,similar,06
mo,MO:411787,MO:442107,similar,06
mo,MO:194787,MO:285075,similar,06
mo,MO:348424,MO:352793,similar,06
mo,MO:352796,MO:355508,similar,06
BBM,BBM:F004264,BBM:F004265,similar,06
BBM,BBM:F004264,BBM:F004266,similar,06
BBM,BBM:F004264,BBM:F012159,similar,06
BBM,BBM:F004264,BBM:F013757,similar,06
BBM,BBM:F004265,BBM:F004266,similar,06
BBM,BBM:F004265,BBM:F012159,similar,06
BBM,BBM:F004265,BBM:F013757,similar,06
BBM,BBM:F004266,BBM:F012159,similar,06
BBM,BBM:F004266,BBM:F013757,similar,06
BBM,BBM:F012159,BBM:F013757,similar,06
BBM,BBM:F004267,BBM:F004268,similar,06
BBM,BBM:F004267,BBM:F013894,similar,06
BBM,BBM:F004268,BBM:F013894,similar,06
BBM,BBM:F009032,BBM:F009035,similar,06
BBM,BBM:F009037,BBM:F009038,strict,06
BBM,BBM:F024171,BBM:F024172,strict,06
BBM,BBM:F024235,BBM:F024281,similar,06
BBM,BBM:F024235,BBM:F024323,similar,06
BBM,BBM:F024235,BBM:F024461,similar,06
BBM,BBM:F024235,BBM:F024483,similar,06
BBM,BBM:F024235,BBM:F024849,similar,06
BBM,BBM:F024281,BBM:F024323,similar,06
BBM,BBM:F024281,BBM:F024461,similar,06
BBM,BBM:F024281,BBM:F024483,similar,06
BBM,BBM:F024281,BBM:F024849,similar,06
BBM,BBM:F024323,BBM:F024461,similar,06
BBM,BBM:F024323,BBM:F024483,similar,06
BBM,BBM:F024323,BBM:F024849,similar,06
BBM,BBM:F024461,BBM:F024483,similar,06
BBM,BBM:F024461,BBM:F024849,similar,06
BBM,BBM:F024483,BBM:F024849,similar,06
BBM,BBM:F024282,BBM:F024389,similar,06
BBM,BBM:F024282,BBM:F035288,similar,06
BBM,BBM:F024282,BBM:F035309,similar,06
BBM,BBM:F024282,BBM:F035318,similar,06
BBM,BBM:F024389,BBM:F035288,similar,06
BBM,BBM:F024389,BBM:F035309,similar,06
BBM,BBM:F024389,BBM:F035318,similar,06
BBM,BBM:F035288,BBM:F035309,similar,06
BBM,BBM:F035288,BBM:F035318,similar,06
BBM,BBM:F035309,BBM:F035318,similar,06
BBM,BBM:F024891,BBM:F024951,similar,06
BBM,BBM:F024891,BBM:F024952,similar,06
BBM,BBM:F024951,BBM:F024952,similar,06
BBM,BBM:F024914,BBM:F024950,similar,06
BBM,BBM:F024914,BBM:F025056,similar,06
BBM,BBM:F024914,BBM:F025076,similar,06
BBM,BBM:F024914,BBM:F025126,similar,06
BBM,BBM:F024950,BBM:F025056,similar,06
BBM,BBM:F024950,BBM:F025076,similar,06
BBM,BBM:F024950,BBM:F025126,similar,06
BBM,BBM:F025056,BBM:F025076,similar,06
BBM,BBM:F025056,BBM:F025126,similar,06
BBM,BBM:F025076,BBM:F025126,similar,06
BBM,BBM:F024932,BBM:F025110,similar,06
BBM,BBM:F026035,BBM:F034271,similar,06
BBM,BBM:F026742,BBM:F027365,similar,06
BBM,BBM:F004604,BBM:F004606,strict,06
BBM,BBM:F004373,BBM:F004374,similar,06
BBM,BBM:F004420,BBM:F004433,strict,06
BBM,BBM:F004449,BBM:F004451,similar,06
BBM,BBM:F004449,BBM:F004453,similar,06
BBM,BBM:F004451,BBM:F004453,similar,06
BBM,BBM:F004455,BBM:F004461,similar,06
BBM,BBM:F004457,BBM:F004459,strict,06
BBM,BBM:F004466,BBM:F004467,similar,06
BBM,BBM:F004500,BBM:F004504,strict,06
BBM,BBM:F004505,BBM:F004506,strict,06
BBM,BBM:F004505,BBM:F004507,strict,06
BBM,BBM:F004506,BBM:F004507,strict,06
BBM,BBM:F014988,BBM:F014989,similar,06
BBM,BBM:F014993,BBM:F014994,strict,06
BBM,BBM:F022016,BBM:F022023,strict,06
BBM,BBM:F004542,BBM:F004544,similar,06
BBM,BBM:F004547,BBM:F004548,similar,06
BBM,BBM:F004547,BBM:F004549,similar,06
BBM,BBM:F004548,BBM:F004549,similar,06
BBM,BBM:F004562,BBM:F004563,strict,06
BBM,BBM:F004574,BBM:F004575,strict,06
BBM,BBM:F004590,BBM:F004594,similar,06
BBM,BBM:F016593,BBM:F030453,similar,06
BBM,BBM:F016593,BBM:F030482,similar,06
BBM,BBM:F030453,BBM:F030482,similar,06
BBM,BBM:F023186,BBM:F034670,similar,06
mo,MO:173969,MO:256655,similar,06
BBM,BBM:F027749,BBM:F027805,similar,06
BBM,BBM:F027892,BBM:F027893,strict,06
BBM,BBM:F004709,BBM:F004710,similar,06
BBM,BBM:F004711,BBM:F004712,strict,06
BBM,BBM:F004722,BBM:F004723,strict,06
BBM,BBM:F004769,BBM:F004772,similar,06
BBM,BBM:F004774,BBM:F004776,strict,06
BBM,BBM:F013477,BBM:F013706,strict,06
BBM,BBM:F013477,BBM:F013898,strict,06
BBM,BBM:F013706,BBM:F013898,strict,06
BBM,BBM:F004780,BBM:F004781,similar,06
BBM,BBM:F004786,BBM:F004787,strict,06
BBM,BBM:F004786,BBM:F004788,strict,06
BBM,BBM:F004786,BBM:F004789,strict,06
BBM,BBM:F004786,BBM:F004790,strict,06
BBM,BBM:F004786,BBM:F004791,strict,06
BBM,BBM:F004786,BBM:F004792,strict,06
BBM,BBM:F004786,BBM:F004793,strict,06
BBM,BBM:F004786,BBM:F004808,strict,06
BBM,BBM:F004786,BBM:F004809,strict,06
BBM,BBM:F004786,BBM:F004810,strict,06
BBM,BBM:F004786,BBM:F004813,strict,06
BBM,BBM:F004786,BBM:F004822,strict,06
BBM,BBM:F004786,BBM:F004823,strict,06
BBM,BBM:F004787,BBM:F004788,strict,06
BBM,BBM:F004787,BBM:F004789,strict,06
BBM,BBM:F004787,BBM:F004790,strict,06
BBM,BBM:F004787,BBM:F004791,strict,06
BBM,BBM:F004787,BBM:F004792,strict,06
BBM,BBM:F004787,BBM:F004793,strict,06
BBM,BBM:F004787,BBM:F004808,strict,06
BBM,BBM:F004787,BBM:F004809,strict,06
BBM,BBM:F004787,BBM:F004810,strict,06
BBM,BBM:F004787,BBM:F004813,strict,06
BBM,BBM:F004787,BBM:F004822,strict,06
BBM,BBM:F004787,BBM:F004823,strict,06
BBM,BBM:F004788,BBM:F004789,strict,06
BBM,BBM:F004788,BBM:F004790,strict,06
BBM,BBM:F004788,BBM:F004791,strict,06
BBM,BBM:F004788,BBM:F004792,strict,06
BBM,BBM:F004788,BBM:F004793,strict,06
BBM,BBM:F004788,BBM:F004808,strict,06
BBM,BBM:F004788,BBM:F004809,strict,06
BBM,BBM:F004788,BBM:F004810,strict,06
BBM,BBM:F004788,BBM:F004813,strict,06
BBM,BBM:F004788,BBM:F004822,strict,06
BBM,BBM:F004788,BBM:F004823,strict,06
BBM,BBM:F004789,BBM:F004790,strict,06
BBM,BBM:F004789,BBM:F004791,strict,06
BBM,BBM:F004789,BBM:F004792,strict,06
BBM,BBM:F004789,BBM:F004793,strict,06
BBM,BBM:F004789,BBM:F004808,strict,06
BBM,BBM:F004789,BBM:F004809,strict,06
BBM,BBM:F004789,BBM:F004810,strict,06
BBM,BBM:F004789,BBM:F004813,strict,06
BBM,BBM:F004789,BBM:F004822,strict,06
BBM,BBM:F004789,BBM:F004823,strict,06
BBM,BBM:F004790,BBM:F004791,strict,06
BBM,BBM:F004790,BBM:F004792,strict,06
BBM,BBM:F004790,BBM:F004793,strict,06
BBM,BBM:F004790,BBM:F004808,strict,06
BBM,BBM:F004790,BBM:F004809,strict,06
BBM,BBM:F004790,BBM:F004810,strict,06
BBM,BBM:F004790,BBM:F004813,strict,06
BBM,BBM:F004790,BBM:F004822,strict,06
BBM,BBM:F004790,BBM:F004823,strict,06
BBM,BBM:F004791,BBM:F004792,strict,06
BBM,BBM:F004791,BBM:F004793,strict,06
BBM,BBM:F004791,BBM:F004808,strict,06
BBM,BBM:F004791,BBM:F004809,strict,06
BBM,BBM:F004791,BBM:F004810,strict,06
BBM,BBM:F004791,BBM:F004813,strict,06
BBM,BBM:F004791,BBM:F004822,strict,06
BBM,BBM:F004791,BBM:F004823,strict,06
BBM,BBM:F004792,BBM:F004793,strict,06
BBM,BBM:F004792,BBM:F004808,strict,06
BBM,BBM:F004792,BBM:F004809,strict,06
BBM,BBM:F004792,BBM:F004810,strict,06
BBM,BBM:F004792,BBM:F004813,strict,06
BBM,BBM:F004792,BBM:F004822,strict,06
BBM,BBM:F004792,BBM:F004823,strict,06
BBM,BBM:F004793,BBM:F004808,strict,06
BBM,BBM:F004793,BBM:F004809,strict,06
BBM,BBM:F004793,BBM:F004810,strict,06
BBM,BBM:F004793,BBM:F004813,strict,06
BBM,BBM:F004793,BBM:F004822,strict,06
BBM,BBM:F004793,BBM:F004823,strict,06
BBM,BBM:F004808,BBM:F004809,strict,06
BBM,BBM:F004808,BBM:F004810,strict,06
BBM,BBM:F004808,BBM:F004813,strict,06
BBM,BBM:F004808,BBM:F004822,strict,06
BBM,BBM:F004808,BBM:F004823,strict,06
BBM,BBM:F004809,BBM:F004810,strict,06
BBM,BBM:F004809,BBM:F004813,strict,06
BBM,BBM:F004809,BBM:F004822,strict,06
BBM,BBM:F004809,BBM:F004823,strict,06
BBM,BBM:F004810,BBM:F004813,strict,06
BBM,BBM:F004810,BBM:F004822,strict,06
BBM,BBM:F004810,BBM:F004823,strict,06
BBM,BBM:F004813,BBM:F004822,strict,06
BBM,BBM:F004813,BBM:F004823,strict,06
BBM,BBM:F004822,BBM:F004823,strict,06
BBM,BBM:F004794,BBM:F004814,strict,06
BBM,BBM:F004794,BBM:F004815,strict,06
BBM,BBM:F004814,BBM:F004815,strict,06
BBM,BBM:F004795,BBM:F004796,strict,06
BBM,BBM:F004795,BBM:F004797,strict,06
BBM,BBM:F004795,BBM:F004798,strict,06
BBM,BBM:F004795,BBM:F004799,strict,06
BBM,BBM:F004795,BBM:F004800,strict,06
BBM,BBM:F004796,BBM:F004797,strict,06
BBM,BBM:F004796,BBM:F004798,strict,06
BBM,BBM:F004796,BBM:F004799,strict,06
BBM,BBM:F004796,BBM:F004800,strict,06
BBM,BBM:F004797,BBM:F004798,strict,06
BBM,BBM:F004797,BBM:F004799,strict,06
BBM,BBM:F004797,BBM:F004800,strict,06
BBM,BBM:F004798,BBM:F004799,strict,06
BBM,BBM:F004798,BBM:F004800,strict,06
BBM,BBM:F004799,BBM:F004800,strict,06
BBM,BBM:F004801,BBM:F004857,strict,06
BBM,BBM:F004801,BBM:F004858,strict,06
BBM,BBM:F004857,BBM:F004858,strict,06
BBM,BBM:F004802,BBM:F004806,strict,06
BBM,BBM:F004802,BBM:F004847,strict,06
BBM,BBM:F004806,BBM:F004847,strict,06
BBM,BBM:F004804,BBM:F004807,strict,06
BBM,BBM:F004811,BBM:F004812,strict,06
BBM,BBM:F004816,BBM:F004817,strict,06
BBM,BBM:F004816,BBM:F004818,strict,06
BBM,BBM:F004816,BBM:F004819,strict,06
BBM,BBM:F004816,BBM:F004820,strict,06
BBM,BBM:F004816,BBM:F004867,strict,06
BBM,BBM:F004816,BBM:F004868,strict,06
BBM,BBM:F004816,BBM:F004869,strict,06
BBM,BBM:F004816,BBM:F004870,strict,06
BBM,BBM:F004816,BBM:F004871,strict,06
BBM,BBM:F004817,BBM:F004818,strict,06
BBM,BBM:F004817,BBM:F004819,strict,06
BBM,BBM:F004817,BBM:F004820,strict,06
BBM,BBM:F004817,BBM:F004867,strict,06
BBM,BBM:F004817,BBM:F004868,strict,06
BBM,BBM:F004817,BBM:F004869,strict,06
BBM,BBM:F004817,BBM:F004870,strict,06
BBM,BBM:F004817,BBM:F004871,strict,06
BBM,BBM:F004818,BBM:F004819,strict,06
BBM,BBM:F004818,BBM:F004820,strict,06
BBM,BBM:F004818,BBM:F004867,strict,06
BBM,BBM:F004818,BBM:F004868,strict,06
BBM,BBM:F004818,BBM:F004869,strict,06
BBM,BBM:F004818,BBM:F004870,strict,06
BBM,BBM:F004818,BBM:F004871,strict,06
BBM,BBM:F004819,BBM:F004820,strict,06
BBM,BBM:F004819,BBM:F004867,strict,06
BBM,BBM:F004819,BBM:F004868,strict,06
BBM,BBM:F004819,BBM:F004869,strict,06
BBM,BBM:F004819,BBM:F004870,strict,06
BBM,BBM:F004819,BBM:F004871,strict,06
BBM,BBM:F004820,BBM:F004867,strict,06
BBM,BBM:F004820,BBM:F004868,strict,06
BBM,BBM:F004820,BBM:F004869,strict,06
BBM,BBM:F004820,BBM:F004870,strict,06
BBM,BBM:F004820,BBM:F004871,strict,06
BBM,BBM:F004867,BBM:F004868,strict,06
BBM,BBM:F004867,BBM:F004869,strict,06
BBM,BBM:F004867,BBM:F004870,strict,06
BBM,BBM:F004867,BBM:F004871,strict,06
BBM,BBM:F004868,BBM:F004869,strict,06
BBM,BBM:F004868,BBM:F004870,strict,06
BBM,BBM:F004868,BBM:F004871,strict,06
BBM,BBM:F004869,BBM:F004870,strict,06
BBM,BBM:F004869,BBM:F004871,strict,06
BBM,BBM:F004870,BBM:F004871,strict,06
BBM,BBM:F004824,BBM:F004849,similar,06
BBM,BBM:F004824,BBM:F004850,similar,06
BBM,BBM:F004824,BBM:F004865,similar,06
BBM,BBM:F004824,BBM:F004866,similar,06
BBM,BBM:F004849,BBM:F004850,similar,06
BBM,BBM:F004849,BBM:F004865,similar,06
BBM,BBM:F004849,BBM:F004866,similar,06
BBM,BBM:F004850,BBM:F004865,similar,06
BBM,BBM:F004850,BBM:F004866,similar,06
BBM,BBM:F004865,BBM:F004866,similar,06
BBM,BBM:F004826,BBM:F004830,strict,06
BBM,BBM:F004827,BBM:F004828,strict,06
BBM,BBM:F004838,BBM:F004839,strict,06
BBM,BBM:F004838,BBM:F004853,strict,06
BBM,BBM:F004838,BBM:F004854,strict,06
BBM,BBM:F004838,BBM:F004855,strict,06
BBM,BBM:F004838,BBM:F004856,strict,06
BBM,BBM:F004839,BBM:F004853,strict,06
BBM,BBM:F004839,BBM:F004854,strict,06
BBM,BBM:F004839,BBM:F004855,strict,06
BBM,BBM:F004839,BBM:F004856,strict,06
BBM,BBM:F004853,BBM:F004854,strict,06
BBM,BBM:F004853,BBM:F004855,strict,06
BBM,BBM:F004853,BBM:F004856,strict,06
BBM,BBM:F004854,BBM:F004855,strict,06
BBM,BBM:F004854,BBM:F004856,strict,06
BBM,BBM:F004855,BBM:F004856,strict,06
BBM,BBM:F004841,BBM:F004842,strict,06
BBM,BBM:F004841,BBM:F004843,strict,06
BBM,BBM:F004842,BBM:F004843,strict,06
BBM,BBM:F004844,BBM:F004845,strict,06
BBM,BBM:F004851,BBM:F004852,strict,06
BBM,BBM:F004859,BBM:F004860,strict,06
BBM,BBM:F004875,BBM:F004882,strict,06
BBM,BBM:F004877,BBM:F004884,strict,06
BBM,BBM:F004887,BBM:F004890,strict,06
BBM,BBM:F004887,BBM:F004893,strict,06
BBM,BBM:F004890,BBM:F004893,strict,06
BBM,BBM:F004888,BBM:F004902,strict,06
BBM,BBM:F004897,BBM:F004901,strict,06
BBM,BBM:F004898,BBM:F004904,similar,06
BBM,BBM:F005248,BBM:F005252,strict,06
BBM,BBM:F005253,BBM:F005254,strict,06
BBM,BBM:F005260,BBM:F005261,similar,06
BBM,BBM:F005264,BBM:F005265,strict,06
BBM,BBM:F005267,BBM:F005269,strict,06
BBM,BBM:F005270,BBM:F005273,similar,06
BBM,BBM:F005270,BBM:F005282,similar,06
BBM,BBM:F005273,BBM:F005282,similar,06
BBM,BBM:F005274,BBM:F005289,similar,06
BBM,BBM:F005274,BBM:F005290,similar,06
BBM,BBM:F005289,BBM:F005290,similar,06
BBM,BBM:F005291,BBM:F005292,similar,06
BBM,BBM:F005291,BBM:F005298,similar,06
BBM,BBM:F005292,BBM:F005298,similar,06
BBM,BBM:F005294,BBM:F005295,strict,06
BBM,BBM:F005296,BBM:F005297,strict,06
BBM,BBM:F013896,BBM:F013908,strict,06
BBM,BBM:F005015,BBM:F005018,strict,06
BBM,BBM:F012914,BBM:F012918,similar,06
BBM,BBM:F012914,BBM:F012919,similar,06
BBM,BBM:F012914,BBM:F012921,similar,06
BBM,BBM:F012918,BBM:F012919,similar,06
BBM,BBM:F012918,BBM:F012921,similar,06
BBM,BBM:F012919,BBM:F012921,similar,06
BBM,BBM:F012927,BBM:F012972,similar,06
BBM,BBM:F012986,BBM:F012988,strict,06
BBM,BBM:F005021,BBM:F005022,strict,06
BBM,BBM:F005083,BBM:F005126,similar,06
BBM,BBM:F005083,BBM:F005128,similar,06
BBM,BBM:F005083,BBM:F005131,similar,06
BBM,BBM:F005083,BBM:F005139,similar,06
BBM,BBM:F005126,BBM:F005128,similar,06
BBM,BBM:F005126,BBM:F005131,similar,06
BBM,BBM:F005126,BBM:F005139,similar,06
BBM,BBM:F005128,BBM:F005131,similar,06
BBM,BBM:F005128,BBM:F005139,similar,06
BBM,BBM:F005131,BBM:F005139,similar,06
BBM,BBM:F005122,BBM:F005129,strict,06
BBM,BBM:F005122,BBM:F005135,strict,06
BBM,BBM:F005129,BBM:F005135,strict,06
BBM,BBM:F005132,BBM:F005138,strict,06
BBM,BBM:F005136,BBM:F005137,strict,06
BBM,BBM:F005301,BBM:F005302,strict,06
BBM,BBM:F005306,BBM:F005308,similar,06
BBM,BBM:F005382,BBM:F014352,similar,06
BBM,BBM:F005390,BBM:F005393,strict,06
BBM,BBM:F005394,BBM:F005400,strict,06
BBM,BBM:F013887,BBM:F013888,strict,06
BBM,BBM:F013887,BBM:F013889,strict,06
BBM,BBM:F013888,BBM:F013889,strict,06
BBM,BBM:F005417,BBM:F012325,strict,06
BBM,BBM:F005420,BBM:F035139,similar,06
BBM,BBM:F005427,BBM:F005431,similar,06
BBM,BBM:F005428,BBM:F005430,similar,06
BBM,BBM:F031107,BBM:F031108,strict,06
BBM,BBM:F005449,BBM:F005455,similar,06
BBM,BBM:F005468,BBM:F005470,strict,06
BBM,BBM:F005503,BBM:F013739,similar,06
mo,MO:200113,MO:230126,similar,06
BBM,BBM:F005510,BBM:F005511,similar,06
BBM,BBM:F005510,BBM:F005512,similar,06
BBM,BBM:F005511,BBM:F005512,similar,06
BBM,BBM:F005686,BBM:F013834,strict,06
BBM,BBM:F010165,BBM:F010175,similar,06
BBM,BBM:F005713,BBM:F005714,strict,06
BBM,BBM:F005936,BBM:F005943,strict,06
BBM,BBM:F005957,BBM:F005959,strict,06
BBM,BBM:F006056,BBM:F006057,similar,06
BBM,BBM:F006056,BBM:F034111,similar,06
BBM,BBM:F006057,BBM:F034111,similar,06
BBM,BBM:F006058,BBM:F006059,similar,06
BBM,BBM:F026425,BBM:F026426,similar,06
BBM,BBM:F019328,BBM:F019333,strict,06
BBM,BBM:F019545,BBM:F034692,similar,06
BBM,BBM:F019545,BBM:F034880,similar,06
BBM,BBM:F019545,BBM:F035267,similar,06
BBM,BBM:F019545,BBM:F035536,similar,06
BBM,BBM:F034692,BBM:F034880,similar,06
BBM,BBM:F034692,BBM:F035267,similar,06
BBM,BBM:F034692,BBM:F035536,similar,06
BBM,BBM:F034880,BBM:F035267,similar,06
BBM,BBM:F034880,BBM:F035536,similar,06
BBM,BBM:F035267,BBM:F035536,similar,06
BBM,BBM:F020250,BBM:F020259,similar,06
BBM,BBM:F020250,BBM:F023452,similar,06
BBM,BBM:F020259,BBM:F023452,similar,06
BBM,BBM:F025963,BBM:F025964,strict,06
BBM,BBM:F006758,BBM:F006759,similar,06
BBM,BBM:F007144,BBM:F007145,similar,06
BBM,BBM:F007209,BBM:F007213,similar,06
BBM,BBM:F007220,BBM:F007221,similar,06
BBM,BBM:F007222,BBM:F007223,strict,06
BBM,BBM:F007222,BBM:F007227,strict,06
BBM,BBM:F007223,BBM:F007227,strict,06
BBM,BBM:F007225,BBM:F007228,strict,06
BBM,BBM:F007276,BBM:F007277,similar,06
BBM,BBM:F007493,BBM:F007499,similar,06
BBM,BBM:F007525,BBM:F007526,strict,06
BBM,BBM:F007536,BBM:F007537,similar,06
BBM,BBM:F007536,BBM:F007538,similar,06
BBM,BBM:F007537,BBM:F007538,similar,06
BBM,BBM:F007545,BBM:F007547,similar,06
BBM,BBM:F007570,BBM:F007573,similar,06
BBM,BBM:F013640,BBM:F013644,similar,06
BBM,BBM:F007749,BBM:F007750,similar,06
BBM,BBM:F007749,BBM:F007752,similar,06
BBM,BBM:F007750,BBM:F007752,similar,06
BBM,BBM:F014645,BBM:F034913,similar,06
BBM,BBM:F015378,BBM:F015450,similar,06
BBM,BBM:F015983,BBM:F016015,similar,06
BBM,BBM:F015983,BBM:F016030,similar,06
BBM,BBM:F015983,BBM:F016053,similar,06
BBM,BBM:F015983,BBM:F016091,similar,06
BBM,BBM:F015983,BBM:F016148,similar,06
BBM,BBM:F015983,BBM:F016168,similar,06
BBM,BBM:F016015,BBM:F016030,similar,06
BBM,BBM:F016015,BBM:F016053,similar,06
BBM,BBM:F016015,BBM:F016091,similar,06
BBM,BBM:F016015,BBM:F016148,similar,06
BBM,BBM:F016015,BBM:F016168,similar,06
BBM,BBM:F016030,BBM:F016053,similar,06
BBM,BBM:F016030,BBM:F016091,similar,06
BBM,BBM:F016030,BBM:F016148,similar,06
BBM,BBM:F016030,BBM:F016168,similar,06
BBM,BBM:F016053,BBM:F016091,similar,06
BBM,BBM:F016053,BBM:F016148,similar,06
BBM,BBM:F016053,BBM:F016168,similar,06
BBM,BBM:F016091,BBM:F016148,similar,06
BBM,BBM:F016091,BBM:F016168,similar,06
BBM,BBM:F016148,BBM:F016168,similar,06
BBM,BBM:F029750,BBM:F030511,similar,06
BBM,BBM:F029750,BBM:F030727,similar,06
BBM,BBM:F029750,BBM:F030738,similar,06
BBM,BBM:F030511,BBM:F030727,similar,06
BBM,BBM:F030511,BBM:F030738,similar,06
BBM,BBM:F030727,BBM:F030738,similar,06
BBM,BBM:F014489,BBM:F015502,similar,06
BBM,BBM:F014531,BBM:F015504,similar,06
BBM,BBM:F014531,BBM:F015505,similar,06
BBM,BBM:F014531,BBM:F015506,similar,06
BBM,BBM:F015504,BBM:F015505,similar,06
BBM,BBM:F015504,BBM:F015506,similar,06
BBM,BBM:F015505,BBM:F015506,similar,06
BBM,BBM:F015503,BBM:F035517,similar,06
BBM,BBM:F022503,BBM:F027608,similar,06
BBM,BBM:F024436,BBM:F024466,similar,06
BBM,BBM:F031511,BBM:F034909,similar,06
BBM,BBM:F031903,BBM:F031914,similar,06
mo,MO:63912,MO:461509,similar,06
mo,MO:266528,MO:266566,similar,06
BBM,BBM:F007827,BBM:F007828,similar,06
BBM,BBM:F014050,BBM:F015647,similar,06
BBM,BBM:F014050,BBM:F015686,similar,06
BBM,BBM:F014050,BBM:F015710,similar,06
BBM,BBM:F014050,BBM:F034014,similar,06
BBM,BBM:F015647,BBM:F015686,similar,06
BBM,BBM:F015647,BBM:F015710,similar,06
BBM,BBM:F015647,BBM:F034014,similar,06
BBM,BBM:F015686,BBM:F015710,similar,06
BBM,BBM:F015686,BBM:F034014,similar,06
BBM,BBM:F015710,BBM:F034014,similar,06
BBM,BBM:F033449,BBM:F033450,strict,06
BBM,BBM:F015811,BBM:F015821,similar,06
BBM,BBM:F015811,BBM:F015825,similar,06
BBM,BBM:F015811,BBM:F015831,similar,06
BBM,BBM:F015811,BBM:F015833,similar,06
BBM,BBM:F015821,BBM:F015825,similar,06
BBM,BBM:F015821,BBM:F015831,similar,06
BBM,BBM:F015821,BBM:F015833,similar,06
BBM,BBM:F015825,BBM:F015831,similar,06
BBM,BBM:F015825,BBM:F015833,similar,06
BBM,BBM:F015831,BBM:F015833,similar,06
BBM,BBM:F021475,BBM:F021732,similar,06
BBM,BBM:F030623,BBM:F030681,similar,06
BBM,BBM:F017975,BBM:F017991,strict,06
BBM,BBM:F018032,BBM:F018036,strict,06
BBM,BBM:F019957,BBM:F019960,strict,06
BBM,BBM:F019972,BBM:F019986,strict,06
BBM,BBM:F020010,BBM:F020443,similar,06
BBM,BBM:F020478,BBM:F020486,similar,06
BBM,BBM:F020478,BBM:F020487,similar,06
BBM,BBM:F020478,BBM:F020488,similar,06
BBM,BBM:F020478,BBM:F020489,similar,06
BBM,BBM:F020478,BBM:F020493,similar,06
BBM,BBM:F020478,BBM:F020494,similar,06
BBM,BBM:F020478,BBM:F020496,similar,06
BBM,BBM:F020478,BBM:F020498,similar,06
BBM,BBM:F020478,BBM:F020500,similar,06
BBM,BBM:F020478,BBM:F020501,similar,06
BBM,BBM:F020478,BBM:F020506,similar,06
BBM,BBM:F020478,BBM:F020512,similar,06
BBM,BBM:F020478,BBM:F020514,similar,06
BBM,BBM:F020478,BBM:F020515,similar,06
BBM,BBM:F020478,BBM:F020516,similar,06
BBM,BBM:F020478,BBM:F020518,similar,06
BBM,BBM:F020478,BBM:F020519,similar,06
BBM,BBM:F020478,BBM:F020520,similar,06
BBM,BBM:F020478,BBM:F020521,similar,06
BBM,BBM:F020478,BBM:F020522,similar,06
BBM,BBM:F020478,BBM:F020525,similar,06
BBM,BBM:F020478,BBM:F020527,similar,06
BBM,BBM:F020478,BBM:F020571,similar,06
BBM,BBM:F020478,BBM:F020576,similar,06
BBM,BBM:F020478,BBM:F020605,similar,06
BBM,BBM:F020486,BBM:F020487,similar,06
BBM,BBM:F020486,BBM:F020488,similar,06
BBM,BBM:F020486,BBM:F020489,similar,06
BBM,BBM:F020486,BBM:F020493,similar,06
BBM,BBM:F020486,BBM:F020494,similar,06
BBM,BBM:F020486,BBM:F020496,similar,06
BBM,BBM:F020486,BBM:F020498,similar,06
BBM,BBM:F020486,BBM:F020500,similar,06
BBM,BBM:F020486,BBM:F020501,similar,06
BBM,BBM:F020486,BBM:F020506,similar,06
BBM,BBM:F020486,BBM:F020512,similar,06
BBM,BBM:F020486,BBM:F020514,similar,06
BBM,BBM:F020486,BBM:F020515,similar,06
BBM,BBM:F020486,BBM:F020516,similar,06
BBM,BBM:F020486,BBM:F020518,similar,06
BBM,BBM:F020486,BBM:F020519,similar,06
BBM,BBM:F020486,BBM:F020520,similar,06
BBM,BBM:F020486,BBM:F020521,similar,06
BBM,BBM:F020486,BBM:F020522,similar,06
BBM,BBM:F020486,BBM:F020525,similar,06
BBM,BBM:F020486,BBM:F020527,similar,06
BBM,BBM:F020486,BBM:F020571,similar,06
BBM,BBM:F020486,BBM:F020576,similar,06
BBM,BBM:F020486,BBM:F020605,similar,06
BBM,BBM:F020487,BBM:F020488,similar,06
BBM,BBM:F020487,BBM:F020489,similar,06
BBM,BBM:F020487,BBM:F020493,similar,06
BBM,BBM:F020487,BBM:F020494,similar,06
BBM,BBM:F020487,BBM:F020496,similar,06
BBM,BBM:F020487,BBM:F020498,similar,06
BBM,BBM:F020487,BBM:F020500,similar,06
BBM,BBM:F020487,BBM:F020501,similar,06
BBM,BBM:F020487,BBM:F020506,similar,06
BBM,BBM:F020487,BBM:F020512,similar,06
BBM,BBM:F020487,BBM:F020514,similar,06
BBM,BBM:F020487,BBM:F020515,similar,06
BBM,BBM:F020487,BBM:F020516,similar,06
BBM,BBM:F020487,BBM:F020518,similar,06
BBM,BBM:F020487,BBM:F020519,similar,06
BBM,BBM:F020487,BBM:F020520,similar,06
BBM,BBM:F020487,BBM:F020521,similar,06
BBM,BBM:F020487,BBM:F020522,similar,06
BBM,BBM:F020487,BBM:F020525,similar,06
BBM,BBM:F020487,BBM:F020527,similar,06
BBM,BBM:F020487,BBM:F020571,similar,06
BBM,BBM:F020487,BBM:F020576,similar,06
BBM,BBM:F020487,BBM:F020605,similar,06
BBM,BBM:F020488,BBM:F020489,similar,06
BBM,BBM:F020488,BBM:F020493,similar,06
BBM,BBM:F020488,BBM:F020494,similar,06
BBM,BBM:F020488,BBM:F020496,similar,06
BBM,BBM:F020488,BBM:F020498,similar,06
BBM,BBM:F020488,BBM:F020500,similar,06
BBM,BBM:F020488,BBM:F020501,similar,06
BBM,BBM:F020488,BBM:F020506,similar,06
BBM,BBM:F020488,BBM:F020512,similar,06
BBM,BBM:F020488,BBM:F020514,similar,06
BBM,BBM:F020488,BBM:F020515,similar,06
BBM,BBM:F020488,BBM:F020516,similar,06
BBM,BBM:F020488,BBM:F020518,similar,06
BBM,BBM:F020488,BBM:F020519,similar,06
BBM,BBM:F020488,BBM:F020520,similar,06
BBM,BBM:F020488,BBM:F020521,similar,06
BBM,BBM:F020488,BBM:F020522,similar,06
BBM,BBM:F020488,BBM:F020525,similar,06
BBM,BBM:F020488,BBM:F020527,similar,06
BBM,BBM:F020488,BBM:F020571,similar,06
BBM,BBM:F020488,BBM:F020576,similar,06
BBM,BBM:F020488,BBM:F020605,similar,06
BBM,BBM:F020489,BBM:F020493,similar,06
BBM,BBM:F020489,BBM:F020494,similar,06
BBM,BBM:F020489,BBM:F020496,similar,06
BBM,BBM:F020489,BBM:F020498,similar,06
BBM,BBM:F020489,BBM:F020500,similar,06
BBM,BBM:F020489,BBM:F020501,similar,06
BBM,BBM:F020489,BBM:F020506,similar,06
BBM,BBM:F020489,BBM:F020512,similar,06
BBM,BBM:F020489,BBM:F020514,similar,06
BBM,BBM:F020489,BBM:F020515,similar,06
BBM,BBM:F020489,BBM:F020516,similar,06
BBM,BBM:F020489,BBM:F020518,similar,06
BBM,BBM:F020489,BBM:F020519,similar,06
BBM,BBM:F020489,BBM:F020520,similar,06
BBM,BBM:F020489,BBM:F020521,similar,06
BBM,BBM:F020489,BBM:F020522,similar,06
BBM,BBM:F020489,BBM:F020525,similar,06
BBM,BBM:F020489,BBM:F020527,similar,06
BBM,BBM:F020489,BBM:F020571,similar,06
BBM,BBM:F020489,BBM:F020576,similar,06
BBM,BBM:F020489,BBM:F020605,similar,06
BBM,BBM:F020493,BBM:F020494,similar,06
BBM,BBM:F020493,BBM:F020496,similar,06
BBM,BBM:F020493,BBM:F020498,similar,06
BBM,BBM:F020493,BBM:F020500,similar,06
BBM,BBM:F020493,BBM:F020501,similar,06
BBM,BBM:F020493,BBM:F020506,similar,06
BBM,BBM:F020493,BBM:F020512,similar,06
BBM,BBM:F020493,BBM:F020514,similar,06
BBM,BBM:F020493,BBM:F020515,similar,06
BBM,BBM:F020493,BBM:F020516,similar,06
BBM,BBM:F020493,BBM:F020518,similar,06
BBM,BBM:F020493,BBM:F020519,similar,06
BBM,BBM:F020493,BBM:F020520,similar,06
BBM,BBM:F020493,BBM:F020521,similar,06
BBM,BBM:F020493,BBM:F020522,similar,06
BBM,BBM:F020493,BBM:F020525,similar,06
BBM,BBM:F020493,BBM:F020527,similar,06
BBM,BBM:F020493,BBM:F020571,similar,06
BBM,BBM:F020493,BBM:F020576,similar,06
BBM,BBM:F020493,BBM:F020605,similar,06
BBM,BBM:F020494,BBM:F020496,similar,06
BBM,BBM:F020494,BBM:F020498,similar,06
BBM,BBM:F020494,BBM:F020500,similar,06
BBM,BBM:F020494,BBM:F020501,similar,06
BBM,BBM:F020494,BBM:F020506,similar,06
BBM,BBM:F020494,BBM:F020512,similar,06
BBM,BBM:F020494,BBM:F020514,similar,06
BBM,BBM:F020494,BBM:F020515,similar,06
BBM,BBM:F020494,BBM:F020516,similar,06
BBM,BBM:F020494,BBM:F020518,similar,06
BBM,BBM:F020494,BBM:F020519,similar,06
BBM,BBM:F020494,BBM:F020520,similar,06
BBM,BBM:F020494,BBM:F020521,similar,06
BBM,BBM:F020494,BBM:F020522,similar,06
BBM,BBM:F020494,BBM:F020525,similar,06
BBM,BBM:F020494,BBM:F020527,similar,06
BBM,BBM:F020494,BBM:F020571,similar,06
BBM,BBM:F020494,BBM:F020576,similar,06
BBM,BBM:F020494,BBM:F020605,similar,06
BBM,BBM:F020496,BBM:F020498,similar,06
BBM,BBM:F020496,BBM:F020500,similar,06
BBM,BBM:F020496,BBM:F020501,similar,06
BBM,BBM:F020496,BBM:F020506,similar,06
BBM,BBM:F020496,BBM:F020512,similar,06
BBM,BBM:F020496,BBM:F020514,similar,06
BBM,BBM:F020496,BBM:F020515,similar,06
BBM,BBM:F020496,BBM:F020516,similar,06
BBM,BBM:F020496,BBM:F020518,similar,06
BBM,BBM:F020496,BBM:F020519,similar,06
BBM,BBM:F020496,BBM:F020520,similar,06
BBM,BBM:F020496,BBM:F020521,similar,06
BBM,BBM:F020496,BBM:F020522,similar,06
BBM,BBM:F020496,BBM:F020525,similar,06
BBM,BBM:F020496,BBM:F020527,similar,06
BBM,BBM:F020496,BBM:F020571,similar,06
BBM,BBM:F020496,BBM:F020576,similar,06
BBM,BBM:F020496,BBM:F020605,similar,06
BBM,BBM:F020498,BBM:F020500,similar,06
BBM,BBM:F020498,BBM:F020501,similar,06
BBM,BBM:F020498,BBM:F020506,similar,06
BBM,BBM:F020498,BBM:F020512,similar,06
BBM,BBM:F020498,BBM:F020514,similar,06
BBM,BBM:F020498,BBM:F020515,similar,06
BBM,BBM:F020498,BBM:F020516,similar,06
BBM,BBM:F020498,BBM:F020518,similar,06
BBM,BBM:F020498,BBM:F020519,similar,06
BBM,BBM:F020498,BBM:F020520,similar,06
BBM,BBM:F020498,BBM:F020521,similar,06
BBM,BBM:F020498,BBM:F020522,similar,06
BBM,BBM:F020498,BBM:F020525,similar,06
BBM,BBM:F020498,BBM:F020527,similar,06
BBM,BBM:F020498,BBM:F020571,similar,06
BBM,BBM:F020498,BBM:F020576,similar,06
BBM,BBM:F020498,BBM:F020605,similar,06
BBM,BBM:F020500,BBM:F020501,similar,06
BBM,BBM:F020500,BBM:F020506,similar,06
BBM,BBM:F020500,BBM:F020512,similar,06
BBM,BBM:F020500,BBM:F020514,similar,06
BBM,BBM:F020500,BBM:F020515,similar,06
BBM,BBM:F020500,BBM:F020516,similar,06
BBM,BBM:F020500,BBM:F020518,similar,06
BBM,BBM:F020500,BBM:F020519,similar,06
BBM,BBM:F020500,BBM:F020520,similar,06
BBM,BBM:F020500,BBM:F020521,similar,06
BBM,BBM:F020500,BBM:F020522,similar,06
BBM,BBM:F020500,BBM:F020525,similar,06
BBM,BBM:F020500,BBM:F020527,similar,06
BBM,BBM:F020500,BBM:F020571,similar,06
BBM,BBM:F020500,BBM:F020576,similar,06
BBM,BBM:F020500,BBM:F020605,similar,06
BBM,BBM:F020501,BBM:F020506,similar,06
BBM,BBM:F020501,BBM:F020512,similar,06
BBM,BBM:F020501,BBM:F020514,similar,06
BBM,BBM:F020501,BBM:F020515,similar,06
BBM,BBM:F020501,BBM:F020516,similar,06
BBM,BBM:F020501,BBM:F020518,similar,06
BBM,BBM:F020501,BBM:F020519,similar,06
BBM,BBM:F020501,BBM:F020520,similar,06
BBM,BBM:F020501,BBM:F020521,similar,06
BBM,BBM:F020501,BBM:F020522,similar,06
BBM,BBM:F020501,BBM:F020525,similar,06
BBM,BBM:F020501,BBM:F020527,similar,06
BBM,BBM:F020501,BBM:F020571,similar,06
BBM,BBM:F020501,BBM:F020576,similar,06
BBM,BBM:F020501,BBM:F020605,similar,06
BBM,BBM:F020506,BBM:F020512,similar,06
BBM,BBM:F020506,BBM:F020514,similar,06
BBM,BBM:F020506,BBM:F020515,similar,06
BBM,BBM:F020506,BBM:F020516,similar,06
BBM,BBM:F020506,BBM:F020518,similar,06
BBM,BBM:F020506,BBM:F020519,similar,06
BBM,BBM:F020506,BBM:F020520,similar,06
BBM,BBM:F020506,BBM:F020521,similar,06
BBM,BBM:F020506,BBM:F020522,similar,06
BBM,BBM:F020506,BBM:F020525,similar,06
BBM,BBM:F020506,BBM:F020527,similar,06
BBM,BBM:F020506,BBM:F020571,similar,06
BBM,BBM:F020506,BBM:F020576,similar,06
BBM,BBM:F020506,BBM:F020605,similar,06
BBM,BBM:F020512,BBM:F020514,similar,06
BBM,BBM:F020512,BBM:F020515,similar,06
BBM,BBM:F020512,BBM:F020516,similar,06
BBM,BBM:F020512,BBM:F020518,similar,06
BBM,BBM:F020512,BBM:F020519,similar,06
BBM,BBM:F020512,BBM:F020520,similar,06
BBM,BBM:F020512,BBM:F020521,similar,06
BBM,BBM:F020512,BBM:F020522,similar,06
BBM,BBM:F020512,BBM:F020525,similar,06
BBM,BBM:F020512,BBM:F020527,similar,06
BBM,BBM:F020512,BBM:F020571,similar,06
BBM,BBM:F020512,BBM:F020576,similar,06
BBM,BBM:F020512,BBM:F020605,similar,06
BBM,BBM:F020514,BBM:F020515,similar,06
BBM,BBM:F020514,BBM:F020516,similar,06
BBM,BBM:F020514,BBM:F020518,similar,06
BBM,BBM:F020514,BBM:F020519,similar,06
BBM,BBM:F020514,BBM:F020520,similar,06
BBM,BBM:F020514,BBM:F020521,similar,06
BBM,BBM:F020514,BBM:F020522,similar,06
BBM,BBM:F020514,BBM:F020525,similar,06
BBM,BBM:F020514,BBM:F020527,similar,06
BBM,BBM:F020514,BBM:F020571,similar,06
BBM,BBM:F020514,BBM:F020576,similar,06
BBM,BBM:F020514,BBM:F020605,similar,06
BBM,BBM:F020515,BBM:F020516,similar,06
BBM,BBM:F020515,BBM:F020518,similar,06
BBM,BBM:F020515,BBM:F020519,similar,06
BBM,BBM:F020515,BBM:F020520,similar,06
BBM,BBM:F020515,BBM:F020521,similar,06
BBM,BBM:F020515,BBM:F020522,similar,06
BBM,BBM:F020515,BBM:F020525,similar,06
BBM,BBM:F020515,BBM:F020527,similar,06
BBM,BBM:F020515,BBM:F020571,similar,06
BBM,BBM:F020515,BBM:F020576,similar,06
BBM,BBM:F020515,BBM:F020605,similar,06
BBM,BBM:F020516,BBM:F020518,similar,06
BBM,BBM:F020516,BBM:F020519,similar,06
BBM,BBM:F020516,BBM:F020520,similar,06
BBM,BBM:F020516,BBM:F020521,similar,06
BBM,BBM:F020516,BBM:F020522,similar,06
BBM,BBM:F020516,BBM:F020525,similar,06
BBM,BBM:F020516,BBM:F020527,similar,06
BBM,BBM:F020516,BBM:F020571,similar,06
BBM,BBM:F020516,BBM:F020576,similar,06
BBM,BBM:F020516,BBM:F020605,similar,06
BBM,BBM:F020518,BBM:F020519,similar,06
BBM,BBM:F020518,BBM:F020520,similar,06
BBM,BBM:F020518,BBM:F020521,similar,06
BBM,BBM:F020518,BBM:F020522,similar,06
BBM,BBM:F020518,BBM:F020525,similar,06
BBM,BBM:F020518,BBM:F020527,similar,06
BBM,BBM:F020518,BBM:F020571,similar,06
BBM,BBM:F020518,BBM:F020576,similar,06
BBM,BBM:F020518,BBM:F020605,similar,06
BBM,BBM:F020519,BBM:F020520,similar,06
BBM,BBM:F020519,BBM:F020521,similar,06
BBM,BBM:F020519,BBM:F020522,similar,06
BBM,BBM:F020519,BBM:F020525,similar,06
BBM,BBM:F020519,BBM:F020527,similar,06
BBM,BBM:F020519,BBM:F020571,similar,06
BBM,BBM:F020519,BBM:F020576,similar,06
BBM,BBM:F020519,BBM:F020605,similar,06
BBM,BBM:F020520,BBM:F020521,similar,06
BBM,BBM:F020520,BBM:F020522,similar,06
BBM,BBM:F020520,BBM:F020525,similar,06
BBM,BBM:F020520,BBM:F020527,similar,06
BBM,BBM:F020520,BBM:F020571,similar,06
BBM,BBM:F020520,BBM:F020576,similar,06
BBM,BBM:F020520,BBM:F020605,similar,06
BBM,BBM:F020521,BBM:F020522,similar,06
BBM,BBM:F020521,BBM:F020525,similar,06
BBM,BBM:F020521,BBM:F020527,similar,06
BBM,BBM:F020521,BBM:F020571,similar,06
BBM,BBM:F020521,BBM:F020576,similar,06
BBM,BBM:F020521,BBM:F020605,similar,06
BBM,BBM:F020522,BBM:F020525,similar,06
BBM,BBM:F020522,BBM:F020527,similar,06
BBM,BBM:F020522,BBM:F020571,similar,06
BBM,BBM:F020522,BBM:F020576,similar,06
BBM,BBM:F020522,BBM:F020605,similar,06
BBM,BBM:F020525,BBM:F020527,similar,06
BBM,BBM:F020525,BBM:F020571,similar,06
BBM,BBM:F020525,BBM:F020576,similar,06
BBM,BBM:F020525,BBM:F020605,similar,06
BBM,BBM:F020527,BBM:F020571,similar,06
BBM,BBM:F020527,BBM:F020576,similar,06
BBM,BBM:F020527,BBM:F020605,similar,06
BBM,BBM:F020571,BBM:F020576,similar,06
BBM,BBM:F020571,BBM:F020605,similar,06
BBM,BBM:F020576,BBM:F020605,similar,06
BBM,BBM:F020484,BBM:F020485,strict,06
BBM,BBM:F020484,BBM:F020495,strict,06
BBM,BBM:F020485,BBM:F020495,strict,06
BBM,BBM:F020523,BBM:F020589,similar,06
BBM,BBM:F020578,BBM:F020579,strict,06
BBM,BBM:F020578,BBM:F020580,strict,06
BBM,BBM:F020578,BBM:F020581,strict,06
BBM,BBM:F020579,BBM:F020580,strict,06
BBM,BBM:F020579,BBM:F020581,strict,06
BBM,BBM:F020580,BBM:F020581,strict,06
BBM,BBM:F022630,BBM:F022652,similar,06
BBM,BBM:F022630,BBM:F022709,similar,06
BBM,BBM:F022652,BBM:F022709,similar,06
BBM,BBM:F024214,BBM:F024272,similar,06
BBM,BBM:F024214,BBM:F024273,similar,06
BBM,BBM:F024214,BBM:F024317,similar,06
BBM,BBM:F024214,BBM:F027384,similar,06
BBM,BBM:F024214,BBM:F035131,similar,06
BBM,BBM:F024214,BBM:F035156,similar,06
BBM,BBM:F024214,BBM:F035175,similar,06
BBM,BBM:F024214,BBM:F035364,similar,06
BBM,BBM:F024214,BBM:F035438,similar,06
BBM,BBM:F024214,BBM:F035506,similar,06
BBM,BBM:F024272,BBM:F024273,similar,06
BBM,BBM:F024272,BBM:F024317,similar,06
BBM,BBM:F024272,BBM:F027384,similar,06
BBM,BBM:F024272,BBM:F035131,similar,06
BBM,BBM:F024272,BBM:F035156,similar,06
BBM,BBM:F024272,BBM:F035175,similar,06
BBM,BBM:F024272,BBM:F035364,similar,06
BBM,BBM:F024272,BBM:F035438,similar,06
BBM,BBM:F024272,BBM:F035506,similar,06
BBM,BBM:F024273,BBM:F024317,similar,06
BBM,BBM:F024273,BBM:F027384,similar,06
BBM,BBM:F024273,BBM:F035131,similar,06
BBM,BBM:F024273,BBM:F035156,similar,06
BBM,BBM:F024273,BBM:F035175,similar,06
BBM,BBM:F024273,BBM:F035364,similar,06
BBM,BBM:F024273,BBM:F035438,similar,06
BBM,BBM:F024273,BBM:F035506,similar,06
BBM,BBM:F024317,BBM:F027384,similar,06
BBM,BBM:F024317,BBM:F035131,similar,06
BBM,BBM:F024317,BBM:F035156,similar,06
BBM,BBM:F024317,BBM:F035175,similar,06
BBM,BBM:F024317,BBM:F035364,similar,06
BBM,BBM:F024317,BBM:F035438,similar,06
BBM,BBM:F024317,BBM:F035506,similar,06
BBM,BBM:F027384,BBM:F035131,similar,06
BBM,BBM:F027384,BBM:F035156,similar,06
BBM,BBM:F027384,BBM:F035175,similar,06
BBM,BBM:F027384,BBM:F035364,similar,06
BBM,BBM:F027384,BBM:F035438,similar,06
BBM,BBM:F027384,BBM:F035506,similar,06
BBM,BBM:F035131,BBM:F035156,similar,06
BBM,BBM:F035131,BBM:F035175,similar,06
BBM,BBM:F035131,BBM:F035364,similar,06
BBM,BBM:F035131,BBM:F035438,similar,06
BBM,BBM:F035131,BBM:F035506,similar,06
BBM,BBM:F035156,BBM:F035175,similar,06
BBM,BBM:F035156,BBM:F035364,similar,06
BBM,BBM:F035156,BBM:F035438,similar,06
BBM,BBM:F035156,BBM:F035506,similar,06
BBM,BBM:F035175,BBM:F035364,similar,06
BBM,BBM:F035175,BBM:F035438,similar,06
BBM,BBM:F035175,BBM:F035506,similar,06
BBM,BBM:F035364,BBM:F035438,similar,06
BBM,BBM:F035364,BBM:F035506,similar,06
BBM,BBM:F035438,BBM:F035506,similar,06
BBM,BBM:F024215,BBM:F024233,similar,06
BBM,BBM:F024215,BBM:F024274,similar,06
BBM,BBM:F024215,BBM:F035559,similar,06
BBM,BBM:F024215,BBM:F035707,similar,06
BBM,BBM:F024233,BBM:F024274,similar,06
BBM,BBM:F024233,BBM:F035559,similar,06
BBM,BBM:F024233,BBM:F035707,similar,06
BBM,BBM:F024274,BBM:F035559,similar,06
BBM,BBM:F024274,BBM:F035707,similar,06
BBM,BBM:F035559,BBM:F035707,similar,06
BBM,BBM:F024275,BBM:F024318,similar,06
BBM,BBM:F024275,BBM:F024333,similar,06
BBM,BBM:F024275,BBM:F024369,similar,06
BBM,BBM:F024275,BBM:F024379,similar,06
BBM,BBM:F024275,BBM:F024397,similar,06
BBM,BBM:F024275,BBM:F024508,similar,06
BBM,BBM:F024275,BBM:F027386,similar,06
BBM,BBM:F024275,BBM:F034758,similar,06
BBM,BBM:F024275,BBM:F035151,similar,06
BBM,BBM:F024318,BBM:F024333,similar,06
BBM,BBM:F024318,BBM:F024369,similar,06
BBM,BBM:F024318,BBM:F024379,similar,06
BBM,BBM:F024318,BBM:F024397,similar,06
BBM,BBM:F024318,BBM:F024508,similar,06
BBM,BBM:F024318,BBM:F027386,similar,06
BBM,BBM:F024318,BBM:F034758,similar,06
BBM,BBM:F024318,BBM:F035151,similar,06
BBM,BBM:F024333,BBM:F024369,similar,06
BBM,BBM:F024333,BBM:F024379,similar,06
BBM,BBM:F024333,BBM:F024397,similar,06
BBM,BBM:F024333,BBM:F024508,similar,06
BBM,BBM:F024333,BBM:F027386,similar,06
BBM,BBM:F024333,BBM:F034758,similar,06
BBM,BBM:F024333,BBM:F035151,similar,06
BBM,BBM:F024369,BBM:F024379,similar,06
BBM,BBM:F024369,BBM:F024397,similar,06
BBM,BBM:F024369,BBM:F024508,similar,06
BBM,BBM:F024369,BBM:F027386,similar,06
BBM,BBM:F024369,BBM:F034758,similar,06
BBM,BBM:F024369,BBM:F035151,similar,06
BBM,BBM:F024379,BBM:F024397,similar,06
BBM,BBM:F024379,BBM:F024508,similar,06
BBM,BBM:F024379,BBM:F027386,similar,06
BBM,BBM:F024379,BBM:F034758,similar,06
BBM,BBM:F024379,BBM:F035151,similar,06
BBM,BBM:F024397,BBM:F024508,similar,06
BBM,BBM:F024397,BBM:F027386,similar,06
BBM,BBM:F024397,BBM:F034758,similar,06
BBM,BBM:F024397,BBM:F035151,similar,06
BBM,BBM:F024508,BBM:F027386,similar,06
BBM,BBM:F024508,BBM:F034758,similar,06
BBM,BBM:F024508,BBM:F035151,similar,06
BBM,BBM:F027386,BBM:F034758,similar,06
BBM,BBM:F027386,BBM:F035151,similar,06
BBM,BBM:F034758,BBM:F035151,similar,06
BBM,BBM:F024319,BBM:F027591,similar,06
BBM,BBM:F024355,BBM:F024398,similar,06
BBM,BBM:F024355,BBM:F034591,similar,06
BBM,BBM:F024355,BBM:F035229,similar,06
BBM,BBM:F024355,BBM:F035280,similar,06
BBM,BBM:F024398,BBM:F034591,similar,06
BBM,BBM:F024398,BBM:F035229,similar,06
BBM,BBM:F024398,BBM:F035280,similar,06
BBM,BBM:F034591,BBM:F035229,similar,06
BBM,BBM:F034591,BBM:F035280,similar,06
BBM,BBM:F035229,BBM:F035280,similar,06
BBM,BBM:F024356,BBM:F024381,similar,06
BBM,BBM:F024380,BBM:F024413,similar,06
BBM,BBM:F024380,BBM:F024432,similar,06
BBM,BBM:F024380,BBM:F024445,similar,06
BBM,BBM:F024380,BBM:F024613,similar,06
BBM,BBM:F024380,BBM:F024614,similar,06
BBM,BBM:F024380,BBM:F027590,similar,06
BBM,BBM:F024380,BBM:F034912,similar,06
BBM,BBM:F024380,BBM:F035500,similar,06
BBM,BBM:F024380,BBM:F035543,similar,06
BBM,BBM:F024380,BBM:F035547,similar,06
BBM,BBM:F024380,BBM:F035567,similar,06
BBM,BBM:F024413,BBM:F024432,similar,06
BBM,BBM:F024413,BBM:F024445,similar,06
BBM,BBM:F024413,BBM:F024613,similar,06
BBM,BBM:F024413,BBM:F024614,similar,06
BBM,BBM:F024413,BBM:F027590,similar,06
BBM,BBM:F024413,BBM:F034912,similar,06
BBM,BBM:F024413,BBM:F035500,similar,06
BBM,BBM:F024413,BBM:F035543,similar,06
BBM,BBM:F024413,BBM:F035547,similar,06
BBM,BBM:F024413,BBM:F035567,similar,06
BBM,BBM:F024432,BBM:F024445,similar,06
BBM,BBM:F024432,BBM:F024613,similar,06
BBM,BBM:F024432,BBM:F024614,similar,06
BBM,BBM:F024432,BBM:F027590,similar,06
BBM,BBM:F024432,BBM:F034912,similar,06
BBM,BBM:F024432,BBM:F035500,similar,06
BBM,BBM:F024432,BBM:F035543,similar,06
BBM,BBM:F024432,BBM:F035547,similar,06
BBM,BBM:F024432,BBM:F035567,similar,06
BBM,BBM:F024445,BBM:F024613,similar,06
BBM,BBM:F024445,BBM:F024614,similar,06
BBM,BBM:F024445,BBM:F027590,similar,06
BBM,BBM:F024445,BBM:F034912,similar,06
BBM,BBM:F024445,BBM:F035500,similar,06
BBM,BBM:F024445,BBM:F035543,similar,06
BBM,BBM:F024445,BBM:F035547,similar,06
BBM,BBM:F024445,BBM:F035567,similar,06
BBM,BBM:F024613,BBM:F024614,similar,06
BBM,BBM:F024613,BBM:F027590,similar,06
BBM,BBM:F024613,BBM:F034912,similar,06
BBM,BBM:F024613,BBM:F035500,similar,06
BBM,BBM:F024613,BBM:F035543,similar,06
BBM,BBM:F024613,BBM:F035547,similar,06
BBM,BBM:F024613,BBM:F035567,similar,06
BBM,BBM:F024614,BBM:F027590,similar,06
BBM,BBM:F024614,BBM:F034912,similar,06
BBM,BBM:F024614,BBM:F035500,similar,06
BBM,BBM:F024614,BBM:F035543,similar,06
BBM,BBM:F024614,BBM:F035547,similar,06
BBM,BBM:F024614,BBM:F035567,similar,06
BBM,BBM:F027590,BBM:F034912,similar,06
BBM,BBM:F027590,BBM:F035500,similar,06
BBM,BBM:F027590,BBM:F035543,similar,06
BBM,BBM:F027590,BBM:F035547,similar,06
BBM,BBM:F027590,BBM:F035567,similar,06
BBM,BBM:F034912,BBM:F035500,similar,06
BBM,BBM:F034912,BBM:F035543,similar,06
BBM,BBM:F034912,BBM:F035547,similar,06
BBM,BBM:F034912,BBM:F035567,similar,06
BBM,BBM:F035500,BBM:F035543,similar,06
BBM,BBM:F035500,BBM:F035547,similar,06
BBM,BBM:F035500,BBM:F035567,similar,06
BBM,BBM:F035543,BBM:F035547,similar,06
BBM,BBM:F035543,BBM:F035567,similar,06
BBM,BBM:F035547,BBM:F035567,similar,06
BBM,BBM:F024615,BBM:F027494,similar,06
BBM,BBM:F024615,BBM:F035577,similar,06
BBM,BBM:F027494,BBM:F035577,similar,06
BBM,BBM:F025030,BBM:F027693,similar,06
BBM,BBM:F025030,BBM:F027694,similar,06
BBM,BBM:F027693,BBM:F027694,similar,06
BBM,BBM:F025031,BBM:F027679,similar,06
BBM,BBM:F025031,BBM:F027695,similar,06
BBM,BBM:F025031,BBM:F027696,similar,06
BBM,BBM:F027679,BBM:F027695,similar,06
BBM,BBM:F027679,BBM:F027696,similar,06
BBM,BBM:F027695,BBM:F027696,similar,06
BBM,BBM:F025239,BBM:F035507,similar,06
BBM,BBM:F025239,BBM:F035578,similar,06
BBM,BBM:F025239,BBM:F035581,similar,06
BBM,BBM:F025239,BBM:F035583,similar,06
BBM,BBM:F035507,BBM:F035578,similar,06
BBM,BBM:F035507,BBM:F035581,similar,06
BBM,BBM:F035507,BBM:F035583,similar,06
BBM,BBM:F035578,BBM:F035581,similar,06
BBM,BBM:F035578,BBM:F035583,similar,06
BBM,BBM:F035581,BBM:F035583,similar,06
BBM,BBM:F025431,BBM:F025706,similar,06
BBM,BBM:F025520,BBM:F034798,similar,06
BBM,BBM:F025520,BBM:F035201,similar,06
BBM,BBM:F034798,BBM:F035201,similar,06
BBM,BBM:F025526,BBM:F025562,similar,06
BBM,BBM:F025590,BBM:F025622,similar,06
BBM,BBM:F025644,BBM:F025676,similar,06
BBM,BBM:F025836,BBM:F025891,similar,06
BBM,BBM:F025836,BBM:F026335,similar,06
BBM,BBM:F025891,BBM:F026335,similar,06
BBM,BBM:F025881,BBM:F025902,similar,06
BBM,BBM:F025881,BBM:F025903,similar,06
BBM,BBM:F025881,BBM:F025904,similar,06
BBM,BBM:F025881,BBM:F025905,similar,06
BBM,BBM:F025881,BBM:F025906,similar,06
BBM,BBM:F025881,BBM:F028151,similar,06
BBM,BBM:F025902,BBM:F025903,similar,06
BBM,BBM:F025902,BBM:F025904,similar,06
BBM,BBM:F025902,BBM:F025905,similar,06
BBM,BBM:F025902,BBM:F025906,similar,06
BBM,BBM:F025902,BBM:F028151,similar,06
BBM,BBM:F025903,BBM:F025904,similar,06
BBM,BBM:F025903,BBM:F025905,similar,06
BBM,BBM:F025903,BBM:F025906,similar,06
BBM,BBM:F025903,BBM:F028151,similar,06
BBM,BBM:F025904,BBM:F025905,similar,06
BBM,BBM:F025904,BBM:F025906,similar,06
BBM,BBM:F025904,BBM:F028151,similar,06
BBM,BBM:F025905,BBM:F025906,similar,06
BBM,BBM:F025905,BBM:F028151,similar,06
BBM,BBM:F025906,BBM:F028151,similar,06
BBM,BBM:F025944,BBM:F025945,strict,06
BBM,BBM:F025944,BBM:F025946,strict,06
BBM,BBM:F025945,BBM:F025946,strict,06
BBM,BBM:F025967,BBM:F025968,strict,06
BBM,BBM:F025967,BBM:F025969,strict,06
BBM,BBM:F025967,BBM:F025970,strict,06
BBM,BBM:F025967,BBM:F025971,strict,06
BBM,BBM:F025967,BBM:F025972,strict,06
BBM,BBM:F025968,BBM:F025969,strict,06
BBM,BBM:F025968,BBM:F025970,strict,06
BBM,BBM:F025968,BBM:F025971,strict,06
BBM,BBM:F025968,BBM:F025972,strict,06
BBM,BBM:F025969,BBM:F025970,strict,06
BBM,BBM:F025969,BBM:F025971,strict,06
BBM,BBM:F025969,BBM:F025972,strict,06
BBM,BBM:F025970,BBM:F025971,strict,06
BBM,BBM:F025970,BBM:F025972,strict,06
BBM,BBM:F025971,BBM:F025972,strict,06
BBM,BBM:F026459,BBM:F026543,similar,06
BBM,BBM:F026459,BBM:F026557,similar,06
BBM,BBM:F026459,BBM:F029705,similar,06
BBM,BBM:F026459,BBM:F029706,similar,06
BBM,BBM:F026543,BBM:F026557,similar,06
BBM,BBM:F026543,BBM:F029705,similar,06
BBM,BBM:F026543,BBM:F029706,similar,06
BBM,BBM:F026557,BBM:F029705,similar,06
BBM,BBM:F026557,BBM:F029706,similar,06
BBM,BBM:F029705,BBM:F029706,similar,06
BBM,BBM:F026471,BBM:F026581,similar,06
BBM,BBM:F026471,BBM:F029672,similar,06
BBM,BBM:F026471,BBM:F029704,similar,06
BBM,BBM:F026471,BBM:F029972,similar,06
BBM,BBM:F026581,BBM:F029672,similar,06
BBM,BBM:F026581,BBM:F029704,similar,06
BBM,BBM:F026581,BBM:F029972,similar,06
BBM,BBM:F029672,BBM:F029704,similar,06
BBM,BBM:F029672,BBM:F029972,similar,06
BBM,BBM:F029704,BBM:F029972,similar,06
BBM,BBM:F026582,BBM:F026583,strict,06
BBM,BBM:F026845,BBM:F026889,similar,06
BBM,BBM:F026851,BBM:F027151,similar,06
BBM,BBM:F026851,BBM:F027268,similar,06
BBM,BBM:F027151,BBM:F027268,similar,06
BBM,BBM:F027083,BBM:F027131,similar,06
BBM,BBM:F027132,BBM:F027133,strict,06
BBM,BBM:F027409,BBM:F034978,similar,06
BBM,BBM:F027409,BBM:F034988,similar,06
BBM,BBM:F034978,BBM:F034988,similar,06
BBM,BBM:F027719,BBM:F035711,similar,06
BBM,BBM:F027734,BBM:F027735,strict,06
BBM,BBM:F027734,BBM:F027736,strict,06
BBM,BBM:F027735,BBM:F027736,strict,06
BBM,BBM:F027781,BBM:F027794,similar,06
BBM,BBM:F027876,BBM:F028087,similar,06
BBM,BBM:F027909,BBM:F027910,strict,06
BBM,BBM:F027909,BBM:F027911,strict,06
BBM,BBM:F027909,BBM:F027912,strict,06
BBM,BBM:F027910,BBM:F027911,strict,06
BBM,BBM:F027910,BBM:F027912,strict,06
BBM,BBM:F027911,BBM:F027912,strict,06
BBM,BBM:F027913,BBM:F027914,strict,06
BBM,BBM:F027913,BBM:F027915,strict,06
BBM,BBM:F027914,BBM:F027915,strict,06
BBM,BBM:F028774,BBM:F028799,similar,06
BBM,BBM:F028774,BBM:F032512,similar,06
BBM,BBM:F028799,BBM:F032512,similar,06
BBM,BBM:F028800,BBM:F028924,similar,06
BBM,BBM:F028800,BBM:F028944,similar,06
BBM,BBM:F028924,BBM:F028944,similar,06
BBM,BBM:F028861,BBM:F028997,similar,06
BBM,BBM:F028861,BBM:F032511,similar,06
BBM,BBM:F028997,BBM:F032511,similar,06
BBM,BBM:F029176,BBM:F029195,similar,06
BBM,BBM:F029176,BBM:F029537,similar,06
BBM,BBM:F029195,BBM:F029537,similar,06
BBM,BBM:F029181,BBM:F029435,similar,06
BBM,BBM:F029181,BBM:F029466,similar,06
BBM,BBM:F029435,BBM:F029466,similar,06
BBM,BBM:F029182,BBM:F029196,similar,06
BBM,BBM:F029182,BBM:F029221,similar,06
BBM,BBM:F029182,BBM:F029225,similar,06
BBM,BBM:F029182,BBM:F029374,similar,06
BBM,BBM:F029196,BBM:F029221,similar,06
BBM,BBM:F029196,BBM:F029225,similar,06
BBM,BBM:F029196,BBM:F029374,similar,06
BBM,BBM:F029221,BBM:F029225,similar,06
BBM,BBM:F029221,BBM:F029374,similar,06
BBM,BBM:F029225,BBM:F029374,similar,06
BBM,BBM:F029306,BBM:F029337,similar,06
BBM,BBM:F029306,BBM:F029375,similar,06
BBM,BBM:F029306,BBM:F029407,similar,06
BBM,BBM:F029337,BBM:F029375,similar,06
BBM,BBM:F029337,BBM:F029407,similar,06
BBM,BBM:F029375,BBM:F029407,similar,06
BBM,BBM:F029467,BBM:F029488,similar,06
BBM,BBM:F029877,BBM:F034617,similar,06
BBM,BBM:F029877,BBM:F035091,similar,06
BBM,BBM:F034617,BBM:F035091,similar,06
BBM,BBM:F031528,BBM:F031578,similar,06
BBM,BBM:F031528,BBM:F032009,similar,06
BBM,BBM:F031578,BBM:F032009,similar,06
BBM,BBM:F031661,BBM:F031689,similar,06
BBM,BBM:F031676,BBM:F031677,strict,06
BBM,BBM:F031678,BBM:F031679,strict,06
BBM,BBM:F031678,BBM:F031680,strict,06
BBM,BBM:F031678,BBM:F031964,strict,06
BBM,BBM:F031679,BBM:F031680,strict,06
BBM,BBM:F031679,BBM:F031964,strict,06
BBM,BBM:F031680,BBM:F031964,strict,06
BBM,BBM:F031692,BBM:F031723,similar,06
BBM,BBM:F031718,BBM:F031719,strict,06
BBM,BBM:F031734,BBM:F031735,similar,06
BBM,BBM:F031878,BBM:F031879,strict,06
BBM,BBM:F034150,BBM:F034215,similar,06
BBM,BBM:F034491,BBM:F034492,similar,06
mo,MO:253845,MO:265417,similar,06
mo,MO:273609,MO:274428,similar,06
mo,MO:273609,MO:274432,similar,06
mo,MO:273609,MO:279372,similar,06
mo,MO:274428,MO:274432,similar,06
mo,MO:274428,MO:279372,similar,06
mo,MO:274432,MO:279372,similar,06
mo,MO:300672,MO:301951,similar,06
mo,MO:308428,MO:316062,similar,06
mo,MO:308428,MO:316071,similar,06
mo,MO:308428,MO:318720,similar,06
mo,MO:316062,MO:316071,similar,06
mo,MO:316062,MO:318720,similar,06
mo,MO:316071,MO:318720,similar,06
mo,MO:318722,MO:354982,similar,06
mo,MO:318722,MO:355910,similar,06
mo,MO:354982,MO:355910,similar,06
mo,MO:364170,MO:367809,similar,06
mo,MO:364170,MO:375411,similar,06
mo,MO:367809,MO:375411,similar,06
mo,MO:364225,MO:400189,similar,06
BBM,BBM:F007959,BBM:F034216,similar,06
BBM,BBM:F007959,BBM:F034217,similar,06
BBM,BBM:F034216,BBM:F034217,similar,06
BBM,BBM:F014053,BBM:F034187,similar,06
BBM,BBM:F020692,BBM:F021030,similar,06
BBM,BBM:F021168,BBM:F021182,strict,06
BBM,BBM:F021223,BBM:F021249,strict,06
BBM,BBM:F031491,BBM:F031496,similar,06
BBM,BBM:F034125,BBM:F034136,similar,06
mo,MO:98714,MO:114633,similar,06
mo,MO:168959,MO:169166,similar,06
mo,MO:285023,MO:285026,strict,06
BBM,BBM:F007993,BBM:F007994,strict,06
BBM,BBM:F007993,BBM:F007995,strict,06
BBM,BBM:F007994,BBM:F007995,strict,06
BBM,BBM:F007997,BBM:F007998,similar,06
BBM,BBM:F007997,BBM:F007999,similar,06
BBM,BBM:F007997,BBM:F008000,similar,06
BBM,BBM:F007997,BBM:F008001,similar,06
BBM,BBM:F007998,BBM:F007999,similar,06
BBM,BBM:F007998,BBM:F008000,similar,06
BBM,BBM:F007998,BBM:F008001,similar,06
BBM,BBM:F007999,BBM:F008000,similar,06
BBM,BBM:F007999,BBM:F008001,similar,06
BBM,BBM:F008000,BBM:F008001,similar,06
BBM,BBM:F020386,BBM:F020430,strict,06
BBM,BBM:F021166,BBM:F021213,strict,06
BBM,BBM:F021578,BBM:F021831,similar,06
BBM,BBM:F021672,BBM:F021683,similar,06
BBM,BBM:F021672,BBM:F021710,similar,06
BBM,BBM:F021672,BBM:F021724,similar,06
BBM,BBM:F021672,BBM:F031000,similar,06
BBM,BBM:F021672,BBM:F031032,similar,06
BBM,BBM:F021683,BBM:F021710,similar,06
BBM,BBM:F021683,BBM:F021724,similar,06
BBM,BBM:F021683,BBM:F031000,similar,06
BBM,BBM:F021683,BBM:F031032,similar,06
BBM,BBM:F021710,BBM:F021724,similar,06
BBM,BBM:F021710,BBM:F031000,similar,06
BBM,BBM:F021710,BBM:F031032,similar,06
BBM,BBM:F021724,BBM:F031000,similar,06
BBM,BBM:F021724,BBM:F031032,similar,06
BBM,BBM:F031000,BBM:F031032,similar,06
BBM,BBM:F024372,BBM:F024418,similar,06
BBM,BBM:F024372,BBM:F024521,similar,06
BBM,BBM:F024372,BBM:F024599,similar,06
BBM,BBM:F024372,BBM:F024650,similar,06
BBM,BBM:F024418,BBM:F024521,similar,06
BBM,BBM:F024418,BBM:F024599,similar,06
BBM,BBM:F024418,BBM:F024650,similar,06
BBM,BBM:F024521,BBM:F024599,similar,06
BBM,BBM:F024521,BBM:F024650,similar,06
BBM,BBM:F024599,BBM:F024650,similar,06
BBM,BBM:F024600,BBM:F024683,similar,06
BBM,BBM:F025018,BBM:F025197,similar,06
BBM,BBM:F025208,BBM:F025209,strict,06
BBM,BBM:F025318,BBM:F033724,similar,06
BBM,BBM:F025518,BBM:F025638,similar,06
BBM,BBM:F026216,BBM:F026217,strict,06
BBM,BBM:F026831,BBM:F027121,similar,06
BBM,BBM:F026831,BBM:F027198,similar,06
BBM,BBM:F027121,BBM:F027198,similar,06
BBM,BBM:F027014,BBM:F027184,similar,06
BBM,BBM:F027014,BBM:F027259,similar,06
BBM,BBM:F027184,BBM:F027259,similar,06
BBM,BBM:F027060,BBM:F034242,similar,06
BBM,BBM:F027060,BBM:F034655,similar,06
BBM,BBM:F027060,BBM:F034751,similar,06
BBM,BBM:F027060,BBM:F034849,similar,06
BBM,BBM:F027060,BBM:F034962,similar,06
BBM,BBM:F034242,BBM:F034655,similar,06
BBM,BBM:F034242,BBM:F034751,similar,06
BBM,BBM:F034242,BBM:F034849,similar,06
BBM,BBM:F034242,BBM:F034962,similar,06
BBM,BBM:F034655,BBM:F034751,similar,06
BBM,BBM:F034655,BBM:F034849,similar,06
BBM,BBM:F034655,BBM:F034962,similar,06
BBM,BBM:F034751,BBM:F034849,similar,06
BBM,BBM:F034751,BBM:F034962,similar,06
BBM,BBM:F034849,BBM:F034962,similar,06
BBM,BBM:F027071,BBM:F034825,similar,06
BBM,BBM:F029427,BBM:F029544,similar,06
BBM,BBM:F029427,BBM:F035406,similar,06
BBM,BBM:F029427,BBM:F035409,similar,06
BBM,BBM:F029427,BBM:F035464,similar,06
BBM,BBM:F029544,BBM:F035406,similar,06
BBM,BBM:F029544,BBM:F035409,similar,06
BBM,BBM:F029544,BBM:F035464,similar,06
BBM,BBM:F035406,BBM:F035409,similar,06
BBM,BBM:F035406,BBM:F035464,similar,06
BBM,BBM:F035409,BBM:F035464,similar,06
BBM,BBM:F029867,BBM:F029868,strict,06
BBM,BBM:F029869,BBM:F029927,similar,06
BBM,BBM:F030769,BBM:F030834,similar,06
BBM,BBM:F031466,BBM:F031500,similar,06
BBM,BBM:F031466,BBM:F031516,similar,06
BBM,BBM:F031466,BBM:F031517,similar,06
BBM,BBM:F031500,BBM:F031516,similar,06
BBM,BBM:F031500,BBM:F031517,similar,06
BBM,BBM:F031516,BBM:F031517,similar,06
BBM,BBM:F031822,BBM:F031892,similar,06
BBM,BBM:F032632,BBM:F032634,similar,06
BBM,BBM:F032632,BBM:F032635,similar,06
BBM,BBM:F032634,BBM:F032635,similar,06
mo,MO:260682,MO:262097,similar,06
mo,MO:260682,MO:269434,similar,06
mo,MO:262097,MO:269434,similar,06
BBM,BBM:F032643,BBM:F032644,strict,06
mo,MO:259675,MO:265142,similar,06
mo,MO:259675,MO:269403,similar,06
mo,MO:265142,MO:269403,similar,06
BBM,BBM:F032654,BBM:F032655,similar,06
BBM,BBM:F032654,BBM:F032656,similar,06
BBM,BBM:F032655,BBM:F032656,similar,06
BBM,BBM:F033214,BBM:F033216,strict,06
BBM,BBM:F033214,BBM:F033494,strict,06
BBM,BBM:F033216,BBM:F033494,strict,06
BBM,BBM:F035768,BBM:F035772,similar,06
BBM,BBM:F035768,BBM:F035774,similar,06
BBM,BBM:F035768,BBM:F035780,similar,06
BBM,BBM:F035768,BBM:F035781,similar,06
BBM,BBM:F035768,BBM:F035782,similar,06
BBM,BBM:F035768,BBM:F035796,similar,06
BBM,BBM:F035772,BBM:F035774,similar,06
BBM,BBM:F035772,BBM:F035780,similar,06
BBM,BBM:F035772,BBM:F035781,similar,06
BBM,BBM:F035772,BBM:F035782,similar,06
BBM,BBM:F035772,BBM:F035796,similar,06
BBM,BBM:F035774,BBM:F035780,similar,06
BBM,BBM:F035774,BBM:F035781,similar,06
BBM,BBM:F035774,BBM:F035782,similar,06
BBM,BBM:F035774,BBM:F035796,similar,06
BBM,BBM:F035780,BBM:F035781,similar,06
BBM,BBM:F035780,BBM:F035782,similar,06
BBM,BBM:F035780,BBM:F035796,similar,06
BBM,BBM:F035781,BBM:F035782,similar,06
BBM,BBM:F035781,BBM:F035796,similar,06
BBM,BBM:F035782,BBM:F035796,similar,06
mo,MO:337950,MO:337951,similar,06
mo,MO:337950,MO:340688,similar,06
mo,MO:337951,MO:340688,similar,06
mo,MO:289725,MO:289868,similar,06
mo,MO:294284,MO:297358,similar,06
mo,MO:299719,MO:299720,strict,06
mo,MO:299721,MO:305545,similar,06
mo,MO:300132,MO:303591,similar,06
mo,MO:300132,MO:303592,similar,06
mo,MO:300132,MO:303594,similar,06
mo,MO:303591,MO:303592,similar,06
mo,MO:303591,MO:303594,similar,06
mo,MO:303592,MO:303594,similar,06
mo,MO:301613,MO:305216,similar,06
mo,MO:301613,MO:305469,similar,06
mo,MO:301613,MO:305476,similar,06
mo,MO:301613,MO:305544,similar,06
mo,MO:305216,MO:305469,similar,06
mo,MO:305216,MO:305476,similar,06
mo,MO:305216,MO:305544,similar,06
mo,MO:305469,MO:305476,similar,06
mo,MO:305469,MO:305544,similar,06
mo,MO:305476,MO:305544,similar,06
mo,MO:342259,MO:342262,strict,06
mo,MO:342259,MO:342266,strict,06
mo,MO:342259,MO:342267,strict,06
mo,MO:342262,MO:342266,strict,06
mo,MO:342262,MO:342267,strict,06
mo,MO:342266,MO:342267,strict,06
mo,MO:343795,MO:351196,similar,06
mo,MO:366925,MO:405887,similar,06
mo,MO:366925,MO:408653,similar,06
mo,MO:366925,MO:411578,similar,06
mo,MO:405887,MO:408653,similar,06
mo,MO:405887,MO:411578,similar,06
mo,MO:408653,MO:411578,similar,06
mo,MO:388000,MO:393108,similar,06
mo,MO:388000,MO:405895,similar,06
mo,MO:393108,MO:405895,similar,06
mo,MO:441693,MO:441757,similar,06
mo,MO:441693,MO:441847,similar,06
mo,MO:441693,MO:467628,similar,06
mo,MO:441757,MO:441847,similar,06
mo,MO:441757,MO:467628,similar,06
mo,MO:441847,MO:467628,similar,06
BBM,BBM:F008016,BBM:F010923,similar,06
BBM,BBM:F013328,BBM:F013382,similar,06
BBM,BBM:F013359,BBM:F013360,strict,06
BBM,BBM:F014574,BBM:F034593,similar,06
BBM,BBM:F014574,BBM:F035684,similar,06
BBM,BBM:F034593,BBM:F035684,similar,06
BBM,BBM:F014586,BBM:F034760,similar,06
BBM,BBM:F014586,BBM:F035204,similar,06
BBM,BBM:F034760,BBM:F035204,similar,06
BBM,BBM:F014626,BBM:F034089,similar,06
BBM,BBM:F014626,BBM:F035109,similar,06
BBM,BBM:F014626,BBM:F035508,similar,06
BBM,BBM:F034089,BBM:F035109,similar,06
BBM,BBM:F034089,BBM:F035508,similar,06
BBM,BBM:F035109,BBM:F035508,similar,06
BBM,BBM:F014751,BBM:F014754,strict,06
BBM,BBM:F015680,BBM:F015745,similar,06
BBM,BBM:F015680,BBM:F015754,similar,06
BBM,BBM:F015680,BBM:F015786,similar,06
BBM,BBM:F015745,BBM:F015754,similar,06
BBM,BBM:F015745,BBM:F015786,similar,06
BBM,BBM:F015754,BBM:F015786,similar,06
BBM,BBM:F015730,BBM:F015755,strict,06
BBM,BBM:F016018,BBM:F016028,strict,06
BBM,BBM:F016741,BBM:F030503,similar,06
BBM,BBM:F016854,BBM:F030628,strict,06
BBM,BBM:F016854,BBM:F030662,strict,06
BBM,BBM:F030628,BBM:F030662,strict,06
BBM,BBM:F016860,BBM:F016861,strict,06
BBM,BBM:F016863,BBM:F016870,similar,06
BBM,BBM:F016863,BBM:F016879,similar,06
BBM,BBM:F016863,BBM:F030742,similar,06
BBM,BBM:F016863,BBM:F030813,similar,06
BBM,BBM:F016863,BBM:F030838,similar,06
BBM,BBM:F016870,BBM:F016879,similar,06
BBM,BBM:F016870,BBM:F030742,similar,06
BBM,BBM:F016870,BBM:F030813,similar,06
BBM,BBM:F016870,BBM:F030838,similar,06
BBM,BBM:F016879,BBM:F030742,similar,06
BBM,BBM:F016879,BBM:F030813,similar,06
BBM,BBM:F016879,BBM:F030838,similar,06
BBM,BBM:F030742,BBM:F030813,similar,06
BBM,BBM:F030742,BBM:F030838,similar,06
BBM,BBM:F030813,BBM:F030838,similar,06
BBM,BBM:F016868,BBM:F030711,similar,06
BBM,BBM:F016978,BBM:F021861,similar,06
BBM,BBM:F020376,BBM:F020388,strict,06
BBM,BBM:F020387,BBM:F020418,strict,06
BBM,BBM:F020649,BBM:F020676,similar,06
BBM,BBM:F021334,BBM:F021348,strict,06
BBM,BBM:F021369,BBM:F021443,strict,06
BBM,BBM:F021372,BBM:F021485,strict,06
BBM,BBM:F021380,BBM:F021605,similar,06
BBM,BBM:F021380,BBM:F021786,similar,06
BBM,BBM:F021605,BBM:F021786,similar,06
BBM,BBM:F021483,BBM:F021487,strict,06
BBM,BBM:F021490,BBM:F021789,similar,06
BBM,BBM:F021490,BBM:F022177,similar,06
BBM,BBM:F021490,BBM:F022185,similar,06
BBM,BBM:F021789,BBM:F022177,similar,06
BBM,BBM:F021789,BBM:F022185,similar,06
BBM,BBM:F022177,BBM:F022185,similar,06
BBM,BBM:F021499,BBM:F021745,similar,06
BBM,BBM:F021566,BBM:F021576,strict,06
BBM,BBM:F021633,BBM:F021888,strict,06
BBM,BBM:F021664,BBM:F021666,strict,06
BBM,BBM:F022227,BBM:F022243,similar,06
BBM,BBM:F022395,BBM:F022433,similar,06
BBM,BBM:F022425,BBM:F022431,similar,06
BBM,BBM:F022425,BBM:F022443,similar,06
BBM,BBM:F022431,BBM:F022443,similar,06
BBM,BBM:F024142,BBM:F024662,similar,06
BBM,BBM:F024142,BBM:F024738,similar,06
BBM,BBM:F024142,BBM:F033692,similar,06
BBM,BBM:F024662,BBM:F024738,similar,06
BBM,BBM:F024662,BBM:F033692,similar,06
BBM,BBM:F024738,BBM:F033692,similar,06
BBM,BBM:F024760,BBM:F024761,strict,06
BBM,BBM:F026978,BBM:F026979,strict,06
BBM,BBM:F027519,BBM:F027538,similar,06
BBM,BBM:F027541,BBM:F027659,similar,06
BBM,BBM:F027627,BBM:F027628,strict,06
BBM,BBM:F027856,BBM:F028020,similar,06
BBM,BBM:F030629,BBM:F030664,strict,06
BBM,BBM:F030709,BBM:F030814,similar,06
BBM,BBM:F030709,BBM:F030850,similar,06
BBM,BBM:F030709,BBM:F030886,similar,06
BBM,BBM:F030814,BBM:F030850,similar,06
BBM,BBM:F030814,BBM:F030886,similar,06
BBM,BBM:F030850,BBM:F030886,similar,06
BBM,BBM:F030731,BBM:F030743,strict,06
BBM,BBM:F030815,BBM:F030887,similar,06
BBM,BBM:F030815,BBM:F030888,similar,06
BBM,BBM:F030887,BBM:F030888,similar,06
BBM,BBM:F031004,BBM:F031005,strict,06
BBM,BBM:F032907,BBM:F032931,strict,06
mo,MO:152838,MO:154963,similar,06
mo,MO:352795,MO:353952,similar,06
mo,MO:352795,MO:355898,similar,06
mo,MO:353952,MO:355898,similar,06
mo,MO:381229,MO:393258,similar,06
mo,MO:381229,MO:395869,similar,06
mo,MO:381229,MO:397542,similar,06
mo,MO:381229,MO:408651,similar,06
mo,MO:381229,MO:409375,similar,06
mo,MO:393258,MO:395869,similar,06
mo,MO:393258,MO:397542,similar,06
mo,MO:393258,MO:408651,similar,06
mo,MO:393258,MO:409375,similar,06
mo,MO:395869,MO:397542,similar,06
mo,MO:395869,MO:408651,similar,06
mo,MO:395869,MO:409375,similar,06
mo,MO:397542,MO:408651,similar,06
mo,MO:397542,MO:409375,similar,06
mo,MO:408651,MO:409375,similar,06
BBM,BBM:F015407,BBM:F015470,similar,06
BBM,BBM:F015847,BBM:F015848,strict,06
BBM,BBM:F027578,BBM:F034157,similar,06
BBM,BBM:F030551,BBM:F030567,similar,06
BBM,BBM:F030551,BBM:F030568,similar,06
BBM,BBM:F030551,BBM:F030661,similar,06
BBM,BBM:F030567,BBM:F030568,similar,06
BBM,BBM:F030567,BBM:F030661,similar,06
BBM,BBM:F030568,BBM:F030661,similar,06
BBM,BBM:F031002,BBM:F031003,strict,06
mo,MO:294952,MO:295745,similar,06
mo,MO:385225,MO:385253,strict,06
BBM,BBM:F015315,BBM:F015333,similar,06
BBM,BBM:F016922,BBM:F021238,similar,06
BBM,BBM:F022585,BBM:F022591,strict,06
BBM,BBM:F022585,BBM:F022593,strict,06
BBM,BBM:F022585,BBM:F022594,strict,06
BBM,BBM:F022585,BBM:F022597,strict,06
BBM,BBM:F022591,BBM:F022593,strict,06
BBM,BBM:F022591,BBM:F022594,strict,06
BBM,BBM:F022591,BBM:F022597,strict,06
BBM,BBM:F022593,BBM:F022594,strict,06
BBM,BBM:F022593,BBM:F022597,strict,06
BBM,BBM:F022594,BBM:F022597,strict,06
BBM,BBM:F030463,BBM:F030528,similar,06
mo,MO:367647,MO:368583,similar,06
BBM,BBM:F016680,BBM:F030500,similar,06
BBM,BBM:F016719,BBM:F020598,similar,06
BBM,BBM:F019677,BBM:F034766,similar,06
BBM,BBM:F019915,BBM:F034245,similar,06
BBM,BBM:F019915,BBM:F034257,similar,06
BBM,BBM:F019915,BBM:F034258,similar,06
BBM,BBM:F019915,BBM:F034315,similar,06
BBM,BBM:F034245,BBM:F034257,similar,06
BBM,BBM:F034245,BBM:F034258,similar,06
BBM,BBM:F034245,BBM:F034315,similar,06
BBM,BBM:F034257,BBM:F034258,similar,06
BBM,BBM:F034257,BBM:F034315,similar,06
BBM,BBM:F034258,BBM:F034315,similar,06
BBM,BBM:F021378,BBM:F021435,strict,06
BBM,BBM:F021397,BBM:F021613,similar,06
BBM,BBM:F024467,BBM:F033715,similar,06
BBM,BBM:F024467,BBM:F034085,similar,06
BBM,BBM:F024467,BBM:F034254,similar,06
BBM,BBM:F024467,BBM:F035672,similar,06
BBM,BBM:F033715,BBM:F034085,similar,06
BBM,BBM:F033715,BBM:F034254,similar,06
BBM,BBM:F033715,BBM:F035672,similar,06
BBM,BBM:F034085,BBM:F034254,similar,06
BBM,BBM:F034085,BBM:F035672,similar,06
BBM,BBM:F034254,BBM:F035672,similar,06
BBM,BBM:F024563,BBM:F034584,similar,06
BBM,BBM:F024563,BBM:F034587,similar,06
BBM,BBM:F024563,BBM:F034838,similar,06
BBM,BBM:F024563,BBM:F034839,similar,06
BBM,BBM:F024563,BBM:F035178,similar,06
BBM,BBM:F024563,BBM:F035555,similar,06
BBM,BBM:F024563,BBM:F035609,similar,06
BBM,BBM:F034584,BBM:F034587,similar,06
BBM,BBM:F034584,BBM:F034838,similar,06
BBM,BBM:F034584,BBM:F034839,similar,06
BBM,BBM:F034584,BBM:F035178,similar,06
BBM,BBM:F034584,BBM:F035555,similar,06
BBM,BBM:F034584,BBM:F035609,similar,06
BBM,BBM:F034587,BBM:F034838,similar,06
BBM,BBM:F034587,BBM:F034839,similar,06
BBM,BBM:F034587,BBM:F035178,similar,06
BBM,BBM:F034587,BBM:F035555,similar,06
BBM,BBM:F034587,BBM:F035609,similar,06
BBM,BBM:F034838,BBM:F034839,similar,06
BBM,BBM:F034838,BBM:F035178,similar,06
BBM,BBM:F034838,BBM:F035555,similar,06
BBM,BBM:F034838,BBM:F035609,similar,06
BBM,BBM:F034839,BBM:F035178,similar,06
BBM,BBM:F034839,BBM:F035555,similar,06
BBM,BBM:F034839,BBM:F035609,similar,06
BBM,BBM:F035178,BBM:F035555,similar,06
BBM,BBM:F035178,BBM:F035609,similar,06
BBM,BBM:F035555,BBM:F035609,similar,06
BBM,BBM:F024598,BBM:F034084,similar,06
BBM,BBM:F024598,BBM:F034765,similar,06
BBM,BBM:F024598,BBM:F034772,similar,06
BBM,BBM:F024598,BBM:F034867,similar,06
BBM,BBM:F034084,BBM:F034765,similar,06
BBM,BBM:F034084,BBM:F034772,similar,06
BBM,BBM:F034084,BBM:F034867,similar,06
BBM,BBM:F034765,BBM:F034772,similar,06
BBM,BBM:F034765,BBM:F034867,similar,06
BBM,BBM:F034772,BBM:F034867,similar,06
mo,MO:144356,MO:144538,similar,06
BBM,BBM:F026653,BBM:F029833,similar,06
BBM,BBM:F026995,BBM:F027120,similar,06
BBM,BBM:F027844,BBM:F027845,strict,06
BBM,BBM:F028402,BBM:F034946,similar,06
BBM,BBM:F028989,BBM:F032461,similar,06
BBM,BBM:F028989,BBM:F032462,similar,06
BBM,BBM:F028989,BBM:F032479,similar,06
BBM,BBM:F032461,BBM:F032462,similar,06
BBM,BBM:F032461,BBM:F032479,similar,06
BBM,BBM:F032462,BBM:F032479,similar,06
BBM,BBM:F029024,BBM:F029025,strict,06
BBM,BBM:F029078,BBM:F029424,similar,06
BBM,BBM:F029078,BBM:F029425,similar,06
BBM,BBM:F029424,BBM:F029425,similar,06
BBM,BBM:F029796,BBM:F029834,similar,06
BBM,BBM:F029900,BBM:F029946,similar,06
BBM,BBM:F031450,BBM:F031550,similar,06
BBM,BBM:F031483,BBM:F031981,similar,06
BBM,BBM:F031784,BBM:F031820,similar,06
BBM,BBM:F031784,BBM:F031821,similar,06
BBM,BBM:F031784,BBM:F031857,similar,06
BBM,BBM:F031784,BBM:F031858,similar,06
BBM,BBM:F031784,BBM:F031907,similar,06
BBM,BBM:F031784,BBM:F031982,similar,06
BBM,BBM:F031820,BBM:F031821,similar,06
BBM,BBM:F031820,BBM:F031857,similar,06
BBM,BBM:F031820,BBM:F031858,similar,06
BBM,BBM:F031820,BBM:F031907,similar,06
BBM,BBM:F031820,BBM:F031982,similar,06
BBM,BBM:F031821,BBM:F031857,similar,06
BBM,BBM:F031821,BBM:F031858,similar,06
BBM,BBM:F031821,BBM:F031907,similar,06
BBM,BBM:F031821,BBM:F031982,similar,06
BBM,BBM:F031857,BBM:F031858,similar,06
BBM,BBM:F031857,BBM:F031907,similar,06
BBM,BBM:F031857,BBM:F031982,similar,06
BBM,BBM:F031858,BBM:F031907,similar,06
BBM,BBM:F031858,BBM:F031982,similar,06
BBM,BBM:F031907,BBM:F031982,similar,06
BBM,BBM:F031872,BBM:F031891,similar,06
BBM,BBM:F031872,BBM:F031952,similar,06
BBM,BBM:F031891,BBM:F031952,similar,06
BBM,BBM:F033390,BBM:F033438,similar,06
mo,MO:301587,MO:351218,similar,06
mo,MO:301587,MO:381167,similar,06
mo,MO:301587,MO:381168,similar,06
mo,MO:301587,MO:405859,similar,06
mo,MO:351218,MO:381167,similar,06
mo,MO:351218,MO:381168,similar,06
mo,MO:351218,MO:405859,similar,06
mo,MO:381167,MO:381168,similar,06
mo,MO:381167,MO:405859,similar,06
mo,MO:381168,MO:405859,similar,06
mo,MO:165088,MO:172797,similar,06
mo,MO:367795,MO:373736,similar,06
mo,MO:367795,MO:374837,similar,06
mo,MO:367795,MO:376999,similar,06
mo,MO:367795,MO:378424,similar,06
mo,MO:373736,MO:374837,similar,06
mo,MO:373736,MO:376999,similar,06
mo,MO:373736,MO:378424,similar,06
mo,MO:374837,MO:376999,similar,06
mo,MO:374837,MO:378424,similar,06
mo,MO:376999,MO:378424,similar,06
mo,MO:374243,MO:383396,similar,06
mo,MO:389108,MO:389261,strict,06
mo,MO:441957,MO:442104,similar,06
mo,MO:441957,MO:443318,similar,06
mo,MO:442104,MO:443318,similar,06
BBM,BBM:F024184,BBM:F024225,similar,06
BBM,BBM:F024184,BBM:F024340,similar,06
BBM,BBM:F024184,BBM:F024367,similar,06
BBM,BBM:F024184,BBM:F024470,similar,06
BBM,BBM:F024184,BBM:F024785,similar,06
BBM,BBM:F024184,BBM:F024798,similar,06
BBM,BBM:F024184,BBM:F024820,similar,06
BBM,BBM:F024184,BBM:F024837,similar,06
BBM,BBM:F024184,BBM:F034618,similar,06
BBM,BBM:F024225,BBM:F024340,similar,06
BBM,BBM:F024225,BBM:F024367,similar,06
BBM,BBM:F024225,BBM:F024470,similar,06
BBM,BBM:F024225,BBM:F024785,similar,06
BBM,BBM:F024225,BBM:F024798,similar,06
BBM,BBM:F024225,BBM:F024820,similar,06
BBM,BBM:F024225,BBM:F024837,similar,06
BBM,BBM:F024225,BBM:F034618,similar,06
BBM,BBM:F024340,BBM:F024367,similar,06
BBM,BBM:F024340,BBM:F024470,similar,06
BBM,BBM:F024340,BBM:F024785,similar,06
BBM,BBM:F024340,BBM:F024798,similar,06
BBM,BBM:F024340,BBM:F024820,similar,06
BBM,BBM:F024340,BBM:F024837,similar,06
BBM,BBM:F024340,BBM:F034618,similar,06
BBM,BBM:F024367,BBM:F024470,similar,06
BBM,BBM:F024367,BBM:F024785,similar,06
BBM,BBM:F024367,BBM:F024798,similar,06
BBM,BBM:F024367,BBM:F024820,similar,06
BBM,BBM:F024367,BBM:F024837,similar,06
BBM,BBM:F024367,BBM:F034618,similar,06
BBM,BBM:F024470,BBM:F024785,similar,06
BBM,BBM:F024470,BBM:F024798,similar,06
BBM,BBM:F024470,BBM:F024820,similar,06
BBM,BBM:F024470,BBM:F024837,similar,06
BBM,BBM:F024470,BBM:F034618,similar,06
BBM,BBM:F024785,BBM:F024798,similar,06
BBM,BBM:F024785,BBM:F024820,similar,06
BBM,BBM:F024785,BBM:F024837,similar,06
BBM,BBM:F024785,BBM:F034618,similar,06
BBM,BBM:F024798,BBM:F024820,similar,06
BBM,BBM:F024798,BBM:F024837,similar,06
BBM,BBM:F024798,BBM:F034618,similar,06
BBM,BBM:F024820,BBM:F024837,similar,06
BBM,BBM:F024820,BBM:F034618,similar,06
BBM,BBM:F024837,BBM:F034618,similar,06
BBM,BBM:F024469,BBM:F035078,similar,06
BBM,BBM:F024904,BBM:F025288,similar,06
BBM,BBM:F024904,BBM:F025327,similar,06
BBM,BBM:F025288,BBM:F025327,similar,06
BBM,BBM:F025114,BBM:F025304,similar,06
BBM,BBM:F025708,BBM:F025726,similar,06
BBM,BBM:F025916,BBM:F025980,similar,06
BBM,BBM:F025916,BBM:F026063,similar,06
BBM,BBM:F025916,BBM:F026106,similar,06
BBM,BBM:F025980,BBM:F026063,similar,06
BBM,BBM:F025980,BBM:F026106,similar,06
BBM,BBM:F026063,BBM:F026106,similar,06
BBM,BBM:F026840,BBM:F026924,similar,06
BBM,BBM:F026840,BBM:F026998,similar,06
BBM,BBM:F026840,BBM:F027073,similar,06
BBM,BBM:F026840,BBM:F027122,similar,06
BBM,BBM:F026840,BBM:F027306,similar,06
BBM,BBM:F026924,BBM:F026998,similar,06
BBM,BBM:F026924,BBM:F027073,similar,06
BBM,BBM:F026924,BBM:F027122,similar,06
BBM,BBM:F026924,BBM:F027306,similar,06
BBM,BBM:F026998,BBM:F027073,similar,06
BBM,BBM:F026998,BBM:F027122,similar,06
BBM,BBM:F026998,BBM:F027306,similar,06
BBM,BBM:F027073,BBM:F027122,similar,06
BBM,BBM:F027073,BBM:F027306,similar,06
BBM,BBM:F027122,BBM:F027306,similar,06
BBM,BBM:F026915,BBM:F026916,strict,06
BBM,BBM:F029948,BBM:F029985,similar,06
mo,MO:172571,MO:174296,similar,06
mo,MO:197518,MO:204592,similar,06
mo,MO:274262,MO:302209,similar,06
mo,MO:355962,MO:389266,similar,06
BBM,BBM:F013998,BBM:F014015,similar,06
BBM,BBM:F013999,BBM:F014000,similar,06
BBM,BBM:F013999,BBM:F014001,similar,06
BBM,BBM:F013999,BBM:F014002,similar,06
BBM,BBM:F014000,BBM:F014001,similar,06
BBM,BBM:F014000,BBM:F014002,similar,06
BBM,BBM:F014001,BBM:F014002,similar,06
BBM,BBM:F008197,BBM:F008198,similar,06
BBM,BBM:F008197,BBM:F008199,similar,06
BBM,BBM:F008198,BBM:F008199,similar,06
BBM,BBM:F012860,BBM:F012865,similar,06
BBM,BBM:F022601,BBM:F022627,similar,06
BBM,BBM:F022601,BBM:F022761,similar,06
BBM,BBM:F022627,BBM:F022761,similar,06
BBM,BBM:F024227,BBM:F024269,similar,06
BBM,BBM:F024227,BBM:F024351,similar,06
BBM,BBM:F024227,BBM:F024395,similar,06
BBM,BBM:F024227,BBM:F024765,similar,06
BBM,BBM:F024227,BBM:F035037,similar,06
BBM,BBM:F024227,BBM:F035370,similar,06
BBM,BBM:F024269,BBM:F024351,similar,06
BBM,BBM:F024269,BBM:F024395,similar,06
BBM,BBM:F024269,BBM:F024765,similar,06
BBM,BBM:F024269,BBM:F035037,similar,06
BBM,BBM:F024269,BBM:F035370,similar,06
BBM,BBM:F024351,BBM:F024395,similar,06
BBM,BBM:F024351,BBM:F024765,similar,06
BBM,BBM:F024351,BBM:F035037,similar,06
BBM,BBM:F024351,BBM:F035370,similar,06
BBM,BBM:F024395,BBM:F024765,similar,06
BBM,BBM:F024395,BBM:F035037,similar,06
BBM,BBM:F024395,BBM:F035370,similar,06
BBM,BBM:F024765,BBM:F035037,similar,06
BBM,BBM:F024765,BBM:F035370,similar,06
BBM,BBM:F035037,BBM:F035370,similar,06
BBM,BBM:F024704,BBM:F027391,similar,06
BBM,BBM:F024994,BBM:F025028,similar,06
BBM,BBM:F024994,BBM:F027692,similar,06
BBM,BBM:F025028,BBM:F027692,similar,06
BBM,BBM:F025447,BBM:F025470,similar,06
BBM,BBM:F025447,BBM:F025733,similar,06
BBM,BBM:F025470,BBM:F025733,similar,06
BBM,BBM:F026140,BBM:F026334,similar,06
BBM,BBM:F026140,BBM:F028150,similar,06
BBM,BBM:F026140,BBM:F034154,similar,06
BBM,BBM:F026334,BBM:F028150,similar,06
BBM,BBM:F026334,BBM:F034154,similar,06
BBM,BBM:F028150,BBM:F034154,similar,06
BBM,BBM:F026553,BBM:F029691,similar,06
BBM,BBM:F026800,BBM:F026843,similar,06
BBM,BBM:F026800,BBM:F026876,similar,06
BBM,BBM:F026800,BBM:F026888,similar,06
BBM,BBM:F026800,BBM:F032396,similar,06
BBM,BBM:F026843,BBM:F026876,similar,06
BBM,BBM:F026843,BBM:F026888,similar,06
BBM,BBM:F026843,BBM:F032396,similar,06
BBM,BBM:F026876,BBM:F026888,similar,06
BBM,BBM:F026876,BBM:F032396,similar,06
BBM,BBM:F026888,BBM:F032396,similar,06
BBM,BBM:F027632,BBM:F034777,similar,06
BBM,BBM:F029107,BBM:F029203,similar,06
BBM,BBM:F029107,BBM:F029595,similar,06
BBM,BBM:F029107,BBM:F032489,similar,06
BBM,BBM:F029203,BBM:F029595,similar,06
BBM,BBM:F029203,BBM:F032489,similar,06
BBM,BBM:F029595,BBM:F032489,similar,06
BBM,BBM:F029304,BBM:F029462,similar,06
BBM,BBM:F032713,BBM:F035663,similar,06
mo,MO:235972,MO:263292,similar,06
mo,MO:235972,MO:364849,similar,06
mo,MO:263292,MO:364849,similar,06
mo,MO:306477,MO:364996,similar,06
mo,MO:358930,MO:363630,similar,06
mo,MO:358930,MO:364175,similar,06
mo,MO:363630,MO:364175,similar,06
BBM,BBM:F008222,BBM:F008223,strict,06
BBM,BBM:F008222,BBM:F008225,strict,06
BBM,BBM:F008223,BBM:F008225,strict,06
BBM,BBM:F008224,BBM:F008227,similar,06
BBM,BBM:F013989,BBM:F014025,similar,06
BBM,BBM:F015232,BBM:F015233,similar,06
BBM,BBM:F015414,BBM:F015458,similar,06
BBM,BBM:F016102,BBM:F016143,similar,06
BBM,BBM:F016709,BBM:F016782,similar,06
BBM,BBM:F016816,BBM:F030844,similar,06
BBM,BBM:F030524,BBM:F030595,similar,06
BBM,BBM:F030524,BBM:F030801,similar,06
BBM,BBM:F030595,BBM:F030801,similar,06
BBM,BBM:F008281,BBM:F008282,similar,06
BBM,BBM:F008285,BBM:F008287,similar,06
BBM,BBM:F016646,BBM:F016647,strict,06
BBM,BBM:F019699,BBM:F019742,strict,06
BBM,BBM:F033453,BBM:F034015,similar,06
BBM,BBM:F011963,BBM:F011967,similar,06
BBM,BBM:F011963,BBM:F012152,similar,06
BBM,BBM:F011967,BBM:F012152,similar,06
BBM,BBM:F012275,BBM:F012284,similar,06
BBM,BBM:F012444,BBM:F012448,similar,06
BBM,BBM:F014497,BBM:F015501,similar,06
BBM,BBM:F022108,BBM:F022123,similar,06
BBM,BBM:F023939,BBM:F023948,similar,06
BBM,BBM:F028866,BBM:F028871,similar,06
BBM,BBM:F031096,BBM:F031098,similar,06
BBM,BBM:F025645,BBM:F028075,similar,06
BBM,BBM:F008408,BBM:F008409,similar,06
BBM,BBM:F008478,BBM:F008483,strict,06
BBM,BBM:F008478,BBM:F008487,strict,06
BBM,BBM:F008483,BBM:F008487,strict,06
BBM,BBM:F008479,BBM:F008482,similar,06
BBM,BBM:F008480,BBM:F008485,strict,06
BBM,BBM:F008480,BBM:F008489,strict,06
BBM,BBM:F008480,BBM:F008490,strict,06
BBM,BBM:F008480,BBM:F008492,strict,06
BBM,BBM:F008480,BBM:F008493,strict,06
BBM,BBM:F008485,BBM:F008489,strict,06
BBM,BBM:F008485,BBM:F008490,strict,06
BBM,BBM:F008485,BBM:F008492,strict,06
BBM,BBM:F008485,BBM:F008493,strict,06
BBM,BBM:F008489,BBM:F008490,strict,06
BBM,BBM:F008489,BBM:F008492,strict,06
BBM,BBM:F008489,BBM:F008493,strict,06
BBM,BBM:F008490,BBM:F008492,strict,06
BBM,BBM:F008490,BBM:F008493,strict,06
BBM,BBM:F008492,BBM:F008493,strict,06
BBM,BBM:F008481,BBM:F008484,strict,06
BBM,BBM:F008481,BBM:F008488,strict,06
BBM,BBM:F008481,BBM:F008491,strict,06
BBM,BBM:F008484,BBM:F008488,strict,06
BBM,BBM:F008484,BBM:F008491,strict,06
BBM,BBM:F008488,BBM:F008491,strict,06
BBM,BBM:F008494,BBM:F008495,strict,06
BBM,BBM:F008499,BBM:F008500,similar,06
BBM,BBM:F008499,BBM:F008504,similar,06
BBM,BBM:F008499,BBM:F008505,similar,06
BBM,BBM:F008500,BBM:F008504,similar,06
BBM,BBM:F008500,BBM:F008505,similar,06
BBM,BBM:F008504,BBM:F008505,similar,06
BBM,BBM:F008501,BBM:F008503,strict,06
BBM,BBM:F008502,BBM:F034768,similar,06
BBM,BBM:F013934,BBM:F013936,strict,06
BBM,BBM:F015707,BBM:F033656,similar,06
BBM,BBM:F015993,BBM:F016074,similar,06
BBM,BBM:F015993,BBM:F016171,similar,06
BBM,BBM:F016074,BBM:F016171,similar,06
BBM,BBM:F019720,BBM:F019744,strict,06
BBM,BBM:F020537,BBM:F020545,similar,06
BBM,BBM:F020537,BBM:F030737,similar,06
BBM,BBM:F020545,BBM:F030737,similar,06
BBM,BBM:F022847,BBM:F025177,similar,06
BBM,BBM:F022847,BBM:F025194,similar,06
BBM,BBM:F025177,BBM:F025194,similar,06
BBM,BBM:F024324,BBM:F024495,similar,06
BBM,BBM:F024324,BBM:F024511,similar,06
BBM,BBM:F024324,BBM:F024552,similar,06
BBM,BBM:F024324,BBM:F024576,similar,06
BBM,BBM:F024324,BBM:F027507,similar,06
BBM,BBM:F024495,BBM:F024511,similar,06
BBM,BBM:F024495,BBM:F024552,similar,06
BBM,BBM:F024495,BBM:F024576,similar,06
BBM,BBM:F024495,BBM:F027507,similar,06
BBM,BBM:F024511,BBM:F024552,similar,06
BBM,BBM:F024511,BBM:F024576,similar,06
BBM,BBM:F024511,BBM:F027507,similar,06
BBM,BBM:F024552,BBM:F024576,similar,06
BBM,BBM:F024552,BBM:F027507,similar,06
BBM,BBM:F024576,BBM:F027507,similar,06
BBM,BBM:F024550,BBM:F024551,strict,06
BBM,BBM:F024588,BBM:F024619,similar,06
BBM,BBM:F025609,BBM:F025624,similar,06
BBM,BBM:F026622,BBM:F029817,similar,06
BBM,BBM:F026938,BBM:F027138,similar,06
BBM,BBM:F026992,BBM:F027088,similar,06
BBM,BBM:F026992,BBM:F027157,similar,06
BBM,BBM:F027088,BBM:F027157,similar,06
mo,MO:333107,MO:333517,similar,06
mo,MO:383059,MO:387881,similar,06
mo,MO:383059,MO:388018,similar,06
mo,MO:387881,MO:388018,similar,06
BBM,BBM:F008573,BBM:F008574,similar,06
BBM,BBM:F013334,BBM:F013344,strict,06
BBM,BBM:F015010,BBM:F015082,similar,06
BBM,BBM:F016734,BBM:F016814,similar,06
BBM,BBM:F030569,BBM:F030670,similar,06
BBM,BBM:F016942,BBM:F016943,strict,06
BBM,BBM:F008690,BBM:F034788,similar,06
BBM,BBM:F026648,BBM:F035209,similar,06
mo,MO:389262,MO:391805,similar,06
mo,MO:389262,MO:397522,similar,06
mo,MO:391805,MO:397522,similar,06
BBM,BBM:F008725,BBM:F008730,strict,06
BBM,BBM:F008734,BBM:F034714,similar,06
BBM,BBM:F008734,BBM:F034990,similar,06
BBM,BBM:F034714,BBM:F034990,similar,06
BBM,BBM:F008737,BBM:F008739,similar,06
BBM,BBM:F023768,BBM:F028027,similar,06
BBM,BBM:F022341,BBM:F022342,similar,06
BBM,BBM:F030721,BBM:F030722,strict,06
BBM,BBM:F008814,BBM:F008815,strict,06
BBM,BBM:F008814,BBM:F008816,strict,06
BBM,BBM:F008815,BBM:F008816,strict,06
BBM,BBM:F008830,BBM:F008833,strict,06
BBM,BBM:F008831,BBM:F008835,similar,06
BBM,BBM:F008834,BBM:F008836,similar,06
BBM,BBM:F008842,BBM:F008843,strict,06
BBM,BBM:F024109,BBM:F024129,similar,06
BBM,BBM:F024109,BBM:F024154,similar,06
BBM,BBM:F024109,BBM:F024678,similar,06
BBM,BBM:F024109,BBM:F035480,similar,06
BBM,BBM:F024109,BBM:F035611,similar,06
BBM,BBM:F024129,BBM:F024154,similar,06
BBM,BBM:F024129,BBM:F024678,similar,06
BBM,BBM:F024129,BBM:F035480,similar,06
BBM,BBM:F024129,BBM:F035611,similar,06
BBM,BBM:F024154,BBM:F024678,similar,06
BBM,BBM:F024154,BBM:F035480,similar,06
BBM,BBM:F024154,BBM:F035611,similar,06
BBM,BBM:F024678,BBM:F035480,similar,06
BBM,BBM:F024678,BBM:F035611,similar,06
BBM,BBM:F035480,BBM:F035611,similar,06
BBM,BBM:F024416,BBM:F024712,similar,06
BBM,BBM:F025462,BBM:F025463,strict,06
BBM,BBM:F026750,BBM:F027294,similar,06
BBM,BBM:F026750,BBM:F027295,similar,06
BBM,BBM:F027294,BBM:F027295,similar,06
BBM,BBM:F008852,BBM:F008853,strict,06
BBM,BBM:F008852,BBM:F008854,strict,06
BBM,BBM:F008853,BBM:F008854,strict,06
BBM,BBM:F008860,BBM:F008861,similar,06
BBM,BBM:F008860,BBM:F008862,similar,06
BBM,BBM:F008860,BBM:F008863,similar,06
BBM,BBM:F008861,BBM:F008862,similar,06
BBM,BBM:F008861,BBM:F008863,similar,06
BBM,BBM:F008862,BBM:F008863,similar,06
BBM,BBM:F022149,BBM:F027527,similar,06
BBM,BBM:F022149,BBM:F027570,similar,06
BBM,BBM:F027527,BBM:F027570,similar,06
BBM,BBM:F031475,BBM:F031476,strict,06
BBM,BBM:F015887,BBM:F015904,similar,06
BBM,BBM:F030713,BBM:F030739,similar,06
BBM,BBM:F030988,BBM:F031025,similar,06
BBM,BBM:F008920,BBM:F034078,similar,06
BBM,BBM:F008920,BBM:F034195,similar,06
BBM,BBM:F008920,BBM:F034210,similar,06
BBM,BBM:F008920,BBM:F034368,similar,06
BBM,BBM:F008920,BBM:F035720,similar,06
BBM,BBM:F034078,BBM:F034195,similar,06
BBM,BBM:F034078,BBM:F034210,similar,06
BBM,BBM:F034078,BBM:F034368,similar,06
BBM,BBM:F034078,BBM:F035720,similar,06
BBM,BBM:F034195,BBM:F034210,similar,06
BBM,BBM:F034195,BBM:F034368,similar,06
BBM,BBM:F034195,BBM:F035720,similar,06
BBM,BBM:F034210,BBM:F034368,similar,06
BBM,BBM:F034210,BBM:F035720,similar,06
BBM,BBM:F034368,BBM:F035720,similar,06
BBM,BBM:F015373,BBM:F015400,similar,06
BBM,BBM:F024626,BBM:F024751,similar,06
BBM,BBM:F024626,BBM:F024831,similar,06
BBM,BBM:F024751,BBM:F024831,similar,06
BBM,BBM:F024749,BBM:F027571,similar,06
BBM,BBM:F029355,BBM:F029568,similar,06
BBM,BBM:F029355,BBM:F029585,similar,06
BBM,BBM:F029355,BBM:F029616,similar,06
BBM,BBM:F029568,BBM:F029585,similar,06
BBM,BBM:F029568,BBM:F029616,similar,06
BBM,BBM:F029585,BBM:F029616,similar,06
BBM,BBM:F029587,BBM:F029617,similar,06
BBM,BBM:F031565,BBM:F031609,similar,06
BBM,BBM:F008924,BBM:F034221,similar,06
BBM,BBM:F015704,BBM:F034541,similar,06
BBM,BBM:F021379,BBM:F021450,strict,06
BBM,BBM:F024302,BBM:F024627,similar,06
BBM,BBM:F024302,BBM:F024660,similar,06
BBM,BBM:F024627,BBM:F024660,similar,06
BBM,BBM:F024366,BBM:F024370,similar,06
BBM,BBM:F025013,BBM:F034129,similar,06
BBM,BBM:F030579,BBM:F030638,similar,06
mo,MO:307148,MO:329640,similar,06
mo,MO:307148,MO:345531,similar,06
mo,MO:329640,MO:345531,similar,06
mo,MO:375289,MO:381011,similar,06
mo,MO:375289,MO:381022,similar,06
mo,MO:375289,MO:392356,similar,06
mo,MO:381011,MO:381022,similar,06
mo,MO:381011,MO:392356,similar,06
mo,MO:381022,MO:392356,similar,06
BBM,BBM:F026682,BBM:F026722,similar,06
BBM,BBM:F028072,BBM:F028073,strict,06
BBM,BBM:F033557,BBM:F033558,strict,06
BBM,BBM:F034985,BBM:F035284,similar,06
BBM,BBM:F008956,BBM:F008957,similar,06
BBM,BBM:F008970,BBM:F008971,strict,06
BBM,BBM:F008995,BBM:F008997,similar,06
BBM,BBM:F033555,BBM:F033556,strict,06
BBM,BBM:F033559,BBM:F033560,strict,06
BBM,BBM:F033559,BBM:F033561,strict,06
BBM,BBM:F033560,BBM:F033561,strict,06
BBM,BBM:F033569,BBM:F033572,similar,06
BBM,BBM:F033569,BBM:F033573,similar,06
BBM,BBM:F033572,BBM:F033573,similar,06
BBM,BBM:F033570,BBM:F033571,strict,06
BBM,BBM:F009372,BBM:F009373,similar,06
BBM,BBM:F009372,BBM:F009374,similar,06
BBM,BBM:F009373,BBM:F009374,similar,06
BBM,BBM:F015137,BBM:F015145,similar,06
BBM,BBM:F015137,BBM:F015177,similar,06
BBM,BBM:F015145,BBM:F015177,similar,06
BBM,BBM:F015369,BBM:F015446,similar,06
BBM,BBM:F015961,BBM:F016039,similar,06
BBM,BBM:F015961,BBM:F016118,similar,06
BBM,BBM:F015961,BBM:F016172,similar,06
BBM,BBM:F016039,BBM:F016118,similar,06
BBM,BBM:F016039,BBM:F016172,similar,06
BBM,BBM:F016118,BBM:F016172,similar,06
BBM,BBM:F016620,BBM:F016679,similar,06
BBM,BBM:F016620,BBM:F016840,similar,06
BBM,BBM:F016620,BBM:F030499,similar,06
BBM,BBM:F016620,BBM:F030682,similar,06
BBM,BBM:F016679,BBM:F016840,similar,06
BBM,BBM:F016679,BBM:F030499,similar,06
BBM,BBM:F016679,BBM:F030682,similar,06
BBM,BBM:F016840,BBM:F030499,similar,06
BBM,BBM:F016840,BBM:F030682,similar,06
BBM,BBM:F030499,BBM:F030682,similar,06
BBM,BBM:F016624,BBM:F016636,strict,06
BBM,BBM:F016665,BBM:F016750,similar,06
BBM,BBM:F016715,BBM:F016768,similar,06
BBM,BBM:F016715,BBM:F016801,similar,06
BBM,BBM:F016768,BBM:F016801,similar,06
BBM,BBM:F018024,BBM:F018041,strict,06
BBM,BBM:F019911,BBM:F035029,similar,06
BBM,BBM:F019911,BBM:F035361,similar,06
BBM,BBM:F035029,BBM:F035361,similar,06
BBM,BBM:F030707,BBM:F030710,strict,06
BBM,BBM:F030729,BBM:F030752,strict,06
BBM,BBM:F030785,BBM:F030832,similar,06
BBM,BBM:F030785,BBM:F030861,similar,06
BBM,BBM:F030785,BBM:F030877,similar,06
BBM,BBM:F030832,BBM:F030861,similar,06
BBM,BBM:F030832,BBM:F030877,similar,06
BBM,BBM:F030861,BBM:F030877,similar,06
mo,MO:453052,MO:453054,strict,06
BBM,BBM:F009014,BBM:F009018,similar,06
BBM,BBM:F009053,BBM:F009054,similar,06
BBM,BBM:F015390,BBM:F015419,similar,06
BBM,BBM:F015390,BBM:F015455,similar,06
BBM,BBM:F015419,BBM:F015455,similar,06
BBM,BBM:F015906,BBM:F016092,similar,06
BBM,BBM:F015906,BBM:F016164,similar,06
BBM,BBM:F016092,BBM:F016164,similar,06
BBM,BBM:F016691,BBM:F016827,similar,06
BBM,BBM:F016717,BBM:F016787,similar,06
BBM,BBM:F009134,BBM:F009141,strict,06
BBM,BBM:F009138,BBM:F009146,strict,06
BBM,BBM:F024918,BBM:F024919,strict,06
mo,MO:267836,MO:359636,similar,06
BBM,BBM:F024160,BBM:F024263,similar,06
BBM,BBM:F024160,BBM:F024264,similar,06
BBM,BBM:F024160,BBM:F024440,similar,06
BBM,BBM:F024263,BBM:F024264,similar,06
BBM,BBM:F024263,BBM:F024440,similar,06
BBM,BBM:F024264,BBM:F024440,similar,06
BBM,BBM:F024265,BBM:F024425,similar,06
BBM,BBM:F024265,BBM:F024441,similar,06
BBM,BBM:F024265,BBM:F024451,similar,06
BBM,BBM:F024265,BBM:F024452,similar,06
BBM,BBM:F024265,BBM:F024818,similar,06
BBM,BBM:F024265,BBM:F024819,similar,06
BBM,BBM:F024425,BBM:F024441,similar,06
BBM,BBM:F024425,BBM:F024451,similar,06
BBM,BBM:F024425,BBM:F024452,similar,06
BBM,BBM:F024425,BBM:F024818,similar,06
BBM,BBM:F024425,BBM:F024819,similar,06
BBM,BBM:F024441,BBM:F024451,similar,06
BBM,BBM:F024441,BBM:F024452,similar,06
BBM,BBM:F024441,BBM:F024818,similar,06
BBM,BBM:F024441,BBM:F024819,similar,06
BBM,BBM:F024451,BBM:F024452,similar,06
BBM,BBM:F024451,BBM:F024818,similar,06
BBM,BBM:F024451,BBM:F024819,similar,06
BBM,BBM:F024452,BBM:F024818,similar,06
BBM,BBM:F024452,BBM:F024819,similar,06
BBM,BBM:F024818,BBM:F024819,similar,06
BBM,BBM:F024442,BBM:F024443,strict,06
BBM,BBM:F024867,BBM:F024944,similar,06
BBM,BBM:F024903,BBM:F024920,similar,06
BBM,BBM:F024903,BBM:F024921,similar,06
BBM,BBM:F024903,BBM:F024988,similar,06
BBM,BBM:F024920,BBM:F024921,similar,06
BBM,BBM:F024920,BBM:F024988,similar,06
BBM,BBM:F024921,BBM:F024988,similar,06
BBM,BBM:F026668,BBM:F026757,similar,06
BBM,BBM:F026778,BBM:F027360,similar,06
BBM,BBM:F027298,BBM:F027335,similar,06
BBM,BBM:F027298,BBM:F027359,similar,06
BBM,BBM:F027335,BBM:F027359,similar,06
BBM,BBM:F009164,BBM:F011943,similar,06
BBM,BBM:F011937,BBM:F011938,strict,06
BBM,BBM:F032853,BBM:F032879,strict,06
BBM,BBM:F032853,BBM:F032906,strict,06
BBM,BBM:F032853,BBM:F032933,strict,06
BBM,BBM:F032853,BBM:F032956,strict,06
BBM,BBM:F032853,BBM:F032984,strict,06
BBM,BBM:F032853,BBM:F032999,strict,06
BBM,BBM:F032879,BBM:F032906,strict,06
BBM,BBM:F032879,BBM:F032933,strict,06
BBM,BBM:F032879,BBM:F032956,strict,06
BBM,BBM:F032879,BBM:F032984,strict,06
BBM,BBM:F032879,BBM:F032999,strict,06
BBM,BBM:F032906,BBM:F032933,strict,06
BBM,BBM:F032906,BBM:F032956,strict,06
BBM,BBM:F032906,BBM:F032984,strict,06
BBM,BBM:F032906,BBM:F032999,strict,06
BBM,BBM:F032933,BBM:F032956,strict,06
BBM,BBM:F032933,BBM:F032984,strict,06
BBM,BBM:F032933,BBM:F032999,strict,06
BBM,BBM:F032956,BBM:F032984,strict,06
BBM,BBM:F032956,BBM:F032999,strict,06
BBM,BBM:F032984,BBM:F032999,strict,06
mo,MO:364418,MO:364480,similar,06
BBM,BBM:F025046,BBM:F025047,strict,06
BBM,BBM:F025046,BBM:F025048,strict,06
BBM,BBM:F025047,BBM:F025048,strict,06
BBM,BBM:F025082,BBM:F025133,similar,06
BBM,BBM:F025082,BBM:F034270,similar,06
BBM,BBM:F025133,BBM:F034270,similar,06
BBM,BBM:F025100,BBM:F034267,similar,06
BBM,BBM:F025100,BBM:F035036,similar,06
BBM,BBM:F034267,BBM:F035036,similar,06
BBM,BBM:F025398,BBM:F025532,similar,06
BBM,BBM:F025477,BBM:F035303,similar,06
BBM,BBM:F025511,BBM:F025531,similar,06
BBM,BBM:F025803,BBM:F025804,strict,06
BBM,BBM:F025982,BBM:F025983,strict,06
BBM,BBM:F025982,BBM:F025984,strict,06
BBM,BBM:F025983,BBM:F025984,strict,06
BBM,BBM:F028238,BBM:F028239,strict,06
mo,MO:274381,MO:276752,similar,06
BBM,BBM:F020683,BBM:F020687,similar,06
BBM,BBM:F020683,BBM:F020742,similar,06
BBM,BBM:F020683,BBM:F020939,similar,06
BBM,BBM:F020683,BBM:F021109,similar,06
BBM,BBM:F020687,BBM:F020742,similar,06
BBM,BBM:F020687,BBM:F020939,similar,06
BBM,BBM:F020687,BBM:F021109,similar,06
BBM,BBM:F020742,BBM:F020939,similar,06
BBM,BBM:F020742,BBM:F021109,similar,06
BBM,BBM:F020939,BBM:F021109,similar,06
BBM,BBM:F009251,BBM:F009252,similar,06
BBM,BBM:F026468,BBM:F026488,similar,06
BBM,BBM:F026468,BBM:F026501,similar,06
BBM,BBM:F026488,BBM:F026501,similar,06
BBM,BBM:F026669,BBM:F026799,similar,06
BBM,BBM:F026669,BBM:F026898,similar,06
BBM,BBM:F026669,BBM:F027338,similar,06
BBM,BBM:F026799,BBM:F026898,similar,06
BBM,BBM:F026799,BBM:F027338,similar,06
BBM,BBM:F026898,BBM:F027338,similar,06
BBM,BBM:F029130,BBM:F029131,strict,06
BBM,BBM:F025388,BBM:F025573,similar,06
BBM,BBM:F025388,BBM:F025669,similar,06
BBM,BBM:F025388,BBM:F035337,similar,06
BBM,BBM:F025573,BBM:F025669,similar,06
BBM,BBM:F025573,BBM:F035337,similar,06
BBM,BBM:F025669,BBM:F035337,similar,06
BBM,BBM:F028149,BBM:F035739,similar,06
BBM,BBM:F009289,BBM:F009291,similar,06
BBM,BBM:F009298,BBM:F009299,similar,06
BBM,BBM:F026470,BBM:F026542,similar,06
mo,MO:167543,MO:185346,similar,06
mo,MO:170871,MO:192969,similar,06
mo,MO:207625,MO:212104,similar,06
BBM,BBM:F009333,BBM:F009335,similar,06
BBM,BBM:F009355,BBM:F009356,similar,06
BBM,BBM:F013582,BBM:F013583,strict,06
BBM,BBM:F013582,BBM:F013584,strict,06
BBM,BBM:F013583,BBM:F013584,strict,06
BBM,BBM:F022639,BBM:F022798,similar,06
BBM,BBM:F022639,BBM:F022800,similar,06
BBM,BBM:F022798,BBM:F022800,similar,06
BBM,BBM:F024169,BBM:F024195,similar,06
BBM,BBM:F024169,BBM:F024742,similar,06
BBM,BBM:F024195,BBM:F024742,similar,06
BBM,BBM:F026493,BBM:F026506,similar,06
BBM,BBM:F026493,BBM:F026545,similar,06
BBM,BBM:F026506,BBM:F026545,similar,06
BBM,BBM:F026674,BBM:F026739,similar,06
BBM,BBM:F026674,BBM:F026870,similar,06
BBM,BBM:F026739,BBM:F026870,similar,06
BBM,BBM:F026792,BBM:F026869,similar,06
BBM,BBM:F026792,BBM:F027300,similar,06
BBM,BBM:F026792,BBM:F027349,similar,06
BBM,BBM:F026869,BBM:F027300,similar,06
BBM,BBM:F026869,BBM:F027349,similar,06
BBM,BBM:F027300,BBM:F027349,similar,06
mo,MO:273960,MO:280199,similar,06
BBM,BBM:F009540,BBM:F009541,strict,06
BBM,BBM:F021280,BBM:F021707,similar,06
BBM,BBM:F021280,BBM:F021733,similar,06
BBM,BBM:F021707,BBM:F021733,similar,06
BBM,BBM:F021567,BBM:F021585,strict,06
BBM,BBM:F027546,BBM:F035415,similar,06
BBM,BBM:F027985,BBM:F027986,strict,06
mo,MO:109367,MO:109369,strict,06
BBM,BBM:F024926,BBM:F024927,strict,06
BBM,BBM:F025033,BBM:F035352,similar,06
BBM,BBM:F025033,BBM:F035369,similar,06
BBM,BBM:F035352,BBM:F035369,similar,06
BBM,BBM:F009559,BBM:F009560,strict,06
BBM,BBM:F009564,BBM:F009565,similar,06
BBM,BBM:F009567,BBM:F009569,similar,06
BBM,BBM:F009873,BBM:F009874,similar,06
mo,MO:239413,MO:263226,similar,06
BBM,BBM:F018441,BBM:F018545,similar,06
BBM,BBM:F010014,BBM:F022167,strict,06
BBM,BBM:F010055,BBM:F010057,similar,06
BBM,BBM:F022161,BBM:F022162,strict,06
BBM,BBM:F022163,BBM:F022164,similar,06
BBM,BBM:F010018,BBM:F010024,strict,06
BBM,BBM:F011059,BBM:F011061,strict,06
BBM,BBM:F011203,BBM:F011205,strict,06
BBM,BBM:F018415,BBM:F018416,strict,06
BBM,BBM:F018415,BBM:F018417,strict,06
BBM,BBM:F018415,BBM:F018418,strict,06
BBM,BBM:F018415,BBM:F018419,strict,06
BBM,BBM:F018416,BBM:F018417,strict,06
BBM,BBM:F018416,BBM:F018418,strict,06
BBM,BBM:F018416,BBM:F018419,strict,06
BBM,BBM:F018417,BBM:F018418,strict,06
BBM,BBM:F018417,BBM:F018419,strict,06
BBM,BBM:F018418,BBM:F018419,strict,06
BBM,BBM:F018422,BBM:F018433,strict,06
BBM,BBM:F018422,BBM:F018435,strict,06
BBM,BBM:F018422,BBM:F018436,strict,06
BBM,BBM:F018422,BBM:F018438,strict,06
BBM,BBM:F018422,BBM:F018440,strict,06
BBM,BBM:F018422,BBM:F018444,strict,06
BBM,BBM:F018422,BBM:F018446,strict,06
BBM,BBM:F018422,BBM:F018447,strict,06
BBM,BBM:F018433,BBM:F018435,strict,06
BBM,BBM:F018433,BBM:F018436,strict,06
BBM,BBM:F018433,BBM:F018438,strict,06
BBM,BBM:F018433,BBM:F018440,strict,06
BBM,BBM:F018433,BBM:F018444,strict,06
BBM,BBM:F018433,BBM:F018446,strict,06
BBM,BBM:F018433,BBM:F018447,strict,06
BBM,BBM:F018435,BBM:F018436,strict,06
BBM,BBM:F018435,BBM:F018438,strict,06
BBM,BBM:F018435,BBM:F018440,strict,06
BBM,BBM:F018435,BBM:F018444,strict,06
BBM,BBM:F018435,BBM:F018446,strict,06
BBM,BBM:F018435,BBM:F018447,strict,06
BBM,BBM:F018436,BBM:F018438,strict,06
BBM,BBM:F018436,BBM:F018440,strict,06
BBM,BBM:F018436,BBM:F018444,strict,06
BBM,BBM:F018436,BBM:F018446,strict,06
BBM,BBM:F018436,BBM:F018447,strict,06
BBM,BBM:F018438,BBM:F018440,strict,06
BBM,BBM:F018438,BBM:F018444,strict,06
BBM,BBM:F018438,BBM:F018446,strict,06
BBM,BBM:F018438,BBM:F018447,strict,06
BBM,BBM:F018440,BBM:F018444,strict,06
BBM,BBM:F018440,BBM:F018446,strict,06
BBM,BBM:F018440,BBM:F018447,strict,06
BBM,BBM:F018444,BBM:F018446,strict,06
BBM,BBM:F018444,BBM:F018447,strict,06
BBM,BBM:F018446,BBM:F018447,strict,06
BBM,BBM:F018546,BBM:F018549,strict,06
BBM,BBM:F018554,BBM:F018558,strict,06
BBM,BBM:F018556,BBM:F018562,similar,06
BBM,BBM:F018556,BBM:F018563,similar,06
BBM,BBM:F018556,BBM:F018564,similar,06
BBM,BBM:F018556,BBM:F018565,similar,06
BBM,BBM:F018556,BBM:F018566,similar,06
BBM,BBM:F018556,BBM:F018568,similar,06
BBM,BBM:F018556,BBM:F018569,similar,06
BBM,BBM:F018556,BBM:F018570,similar,06
BBM,BBM:F018556,BBM:F018571,similar,06
BBM,BBM:F018556,BBM:F018572,similar,06
BBM,BBM:F018556,BBM:F018573,similar,06
BBM,BBM:F018556,BBM:F018574,similar,06
BBM,BBM:F018556,BBM:F018575,similar,06
BBM,BBM:F018556,BBM:F018576,similar,06
BBM,BBM:F018556,BBM:F018578,similar,06
BBM,BBM:F018556,BBM:F018579,similar,06
BBM,BBM:F018556,BBM:F018580,similar,06
BBM,BBM:F018556,BBM:F018581,similar,06
BBM,BBM:F018556,BBM:F018582,similar,06
BBM,BBM:F018556,BBM:F018584,similar,06
BBM,BBM:F018556,BBM:F018585,similar,06
BBM,BBM:F018556,BBM:F018586,similar,06
BBM,BBM:F018556,BBM:F018588,similar,06
BBM,BBM:F018556,BBM:F018589,similar,06
BBM,BBM:F018556,BBM:F018593,similar,06
BBM,BBM:F018556,BBM:F018594,similar,06
BBM,BBM:F018556,BBM:F018595,similar,06
BBM,BBM:F018562,BBM:F018563,similar,06
BBM,BBM:F018562,BBM:F018564,similar,06
BBM,BBM:F018562,BBM:F018565,similar,06
BBM,BBM:F018562,BBM:F018566,similar,06
BBM,BBM:F018562,BBM:F018568,similar,06
BBM,BBM:F018562,BBM:F018569,similar,06
BBM,BBM:F018562,BBM:F018570,similar,06
BBM,BBM:F018562,BBM:F018571,similar,06
BBM,BBM:F018562,BBM:F018572,similar,06
BBM,BBM:F018562,BBM:F018573,similar,06
BBM,BBM:F018562,BBM:F018574,similar,06
BBM,BBM:F018562,BBM:F018575,similar,06
BBM,BBM:F018562,BBM:F018576,similar,06
BBM,BBM:F018562,BBM:F018578,similar,06
BBM,BBM:F018562,BBM:F018579,similar,06
BBM,BBM:F018562,BBM:F018580,similar,06
BBM,BBM:F018562,BBM:F018581,similar,06
BBM,BBM:F018562,BBM:F018582,similar,06
BBM,BBM:F018562,BBM:F018584,similar,06
BBM,BBM:F018562,BBM:F018585,similar,06
BBM,BBM:F018562,BBM:F018586,similar,06
BBM,BBM:F018562,BBM:F018588,similar,06
BBM,BBM:F018562,BBM:F018589,similar,06
BBM,BBM:F018562,BBM:F018593,similar,06
BBM,BBM:F018562,BBM:F018594,similar,06
BBM,BBM:F018562,BBM:F018595,similar,06
BBM,BBM:F018563,BBM:F018564,similar,06
BBM,BBM:F018563,BBM:F018565,similar,06
BBM,BBM:F018563,BBM:F018566,similar,06
BBM,BBM:F018563,BBM:F018568,similar,06
BBM,BBM:F018563,BBM:F018569,similar,06
BBM,BBM:F018563,BBM:F018570,similar,06
BBM,BBM:F018563,BBM:F018571,similar,06
BBM,BBM:F018563,BBM:F018572,similar,06
BBM,BBM:F018563,BBM:F018573,similar,06
BBM,BBM:F018563,BBM:F018574,similar,06
BBM,BBM:F018563,BBM:F018575,similar,06
BBM,BBM:F018563,BBM:F018576,similar,06
BBM,BBM:F018563,BBM:F018578,similar,06
BBM,BBM:F018563,BBM:F018579,similar,06
BBM,BBM:F018563,BBM:F018580,similar,06
BBM,BBM:F018563,BBM:F018581,similar,06
BBM,BBM:F018563,BBM:F018582,similar,06
BBM,BBM:F018563,BBM:F018584,similar,06
BBM,BBM:F018563,BBM:F018585,similar,06
BBM,BBM:F018563,BBM:F018586,similar,06
BBM,BBM:F018563,BBM:F018588,similar,06
BBM,BBM:F018563,BBM:F018589,similar,06
BBM,BBM:F018563,BBM:F018593,similar,06
BBM,BBM:F018563,BBM:F018594,similar,06
BBM,BBM:F018563,BBM:F018595,similar,06
BBM,BBM:F018564,BBM:F018565,similar,06
BBM,BBM:F018564,BBM:F018566,similar,06
BBM,BBM:F018564,BBM:F018568,similar,06
BBM,BBM:F018564,BBM:F018569,similar,06
BBM,BBM:F018564,BBM:F018570,similar,06
BBM,BBM:F018564,BBM:F018571,similar,06
BBM,BBM:F018564,BBM:F018572,similar,06
BBM,BBM:F018564,BBM:F018573,similar,06
BBM,BBM:F018564,BBM:F018574,similar,06
BBM,BBM:F018564,BBM:F018575,similar,06
BBM,BBM:F018564,BBM:F018576,similar,06
BBM,BBM:F018564,BBM:F018578,similar,06
BBM,BBM:F018564,BBM:F018579,similar,06
BBM,BBM:F018564,BBM:F018580,similar,06
BBM,BBM:F018564,BBM:F018581,similar,06
BBM,BBM:F018564,BBM:F018582,similar,06
BBM,BBM:F018564,BBM:F018584,similar,06
BBM,BBM:F018564,BBM:F018585,similar,06
BBM,BBM:F018564,BBM:F018586,similar,06
BBM,BBM:F018564,BBM:F018588,similar,06
BBM,BBM:F018564,BBM:F018589,similar,06
BBM,BBM:F018564,BBM:F018593,similar,06
BBM,BBM:F018564,BBM:F018594,similar,06
BBM,BBM:F018564,BBM:F018595,similar,06
BBM,BBM:F018565,BBM:F018566,similar,06
BBM,BBM:F018565,BBM:F018568,similar,06
BBM,BBM:F018565,BBM:F018569,similar,06
BBM,BBM:F018565,BBM:F018570,similar,06
BBM,BBM:F018565,BBM:F018571,similar,06
BBM,BBM:F018565,BBM:F018572,similar,06
BBM,BBM:F018565,BBM:F018573,similar,06
BBM,BBM:F018565,BBM:F018574,similar,06
BBM,BBM:F018565,BBM:F018575,similar,06
BBM,BBM:F018565,BBM:F018576,similar,06
BBM,BBM:F018565,BBM:F018578,similar,06
BBM,BBM:F018565,BBM:F018579,similar,06
BBM,BBM:F018565,BBM:F018580,similar,06
BBM,BBM:F018565,BBM:F018581,similar,06
BBM,BBM:F018565,BBM:F018582,similar,06
BBM,BBM:F018565,BBM:F018584,similar,06
BBM,BBM:F018565,BBM:F018585,similar,06
BBM,BBM:F018565,BBM:F018586,similar,06
BBM,BBM:F018565,BBM:F018588,similar,06
BBM,BBM:F018565,BBM:F018589,similar,06
BBM,BBM:F018565,BBM:F018593,similar,06
BBM,BBM:F018565,BBM:F018594,similar,06
BBM,BBM:F018565,BBM:F018595,similar,06
BBM,BBM:F018566,BBM:F018568,similar,06
BBM,BBM:F018566,BBM:F018569,similar,06
BBM,BBM:F018566,BBM:F018570,similar,06
BBM,BBM:F018566,BBM:F018571,similar,06
BBM,BBM:F018566,BBM:F018572,similar,06
BBM,BBM:F018566,BBM:F018573,similar,06
BBM,BBM:F018566,BBM:F018574,similar,06
BBM,BBM:F018566,BBM:F018575,similar,06
BBM,BBM:F018566,BBM:F018576,similar,06
BBM,BBM:F018566,BBM:F018578,similar,06
BBM,BBM:F018566,BBM:F018579,similar,06
BBM,BBM:F018566,BBM:F018580,similar,06
BBM,BBM:F018566,BBM:F018581,similar,06
BBM,BBM:F018566,BBM:F018582,similar,06
BBM,BBM:F018566,BBM:F018584,similar,06
BBM,BBM:F018566,BBM:F018585,similar,06
BBM,BBM:F018566,BBM:F018586,similar,06
BBM,BBM:F018566,BBM:F018588,similar,06
BBM,BBM:F018566,BBM:F018589,similar,06
BBM,BBM:F018566,BBM:F018593,similar,06
BBM,BBM:F018566,BBM:F018594,similar,06
BBM,BBM:F018566,BBM:F018595,similar,06
BBM,BBM:F018568,BBM:F018569,similar,06
BBM,BBM:F018568,BBM:F018570,similar,06
BBM,BBM:F018568,BBM:F018571,similar,06
BBM,BBM:F018568,BBM:F018572,similar,06
BBM,BBM:F018568,BBM:F018573,similar,06
BBM,BBM:F018568,BBM:F018574,similar,06
BBM,BBM:F018568,BBM:F018575,similar,06
BBM,BBM:F018568,BBM:F018576,similar,06
BBM,BBM:F018568,BBM:F018578,similar,06
BBM,BBM:F018568,BBM:F018579,similar,06
BBM,BBM:F018568,BBM:F018580,similar,06
BBM,BBM:F018568,BBM:F018581,similar,06
BBM,BBM:F018568,BBM:F018582,similar,06
BBM,BBM:F018568,BBM:F018584,similar,06
BBM,BBM:F018568,BBM:F018585,similar,06
BBM,BBM:F018568,BBM:F018586,similar,06
BBM,BBM:F018568,BBM:F018588,similar,06
BBM,BBM:F018568,BBM:F018589,similar,06
BBM,BBM:F018568,BBM:F018593,similar,06
BBM,BBM:F018568,BBM:F018594,similar,06
BBM,BBM:F018568,BBM:F018595,similar,06
BBM,BBM:F018569,BBM:F018570,similar,06
BBM,BBM:F018569,BBM:F018571,similar,06
BBM,BBM:F018569,BBM:F018572,similar,06
BBM,BBM:F018569,BBM:F018573,similar,06
BBM,BBM:F018569,BBM:F018574,similar,06
BBM,BBM:F018569,BBM:F018575,similar,06
BBM,BBM:F018569,BBM:F018576,similar,06
BBM,BBM:F018569,BBM:F018578,similar,06
BBM,BBM:F018569,BBM:F018579,similar,06
BBM,BBM:F018569,BBM:F018580,similar,06
BBM,BBM:F018569,BBM:F018581,similar,06
BBM,BBM:F018569,BBM:F018582,similar,06
BBM,BBM:F018569,BBM:F018584,similar,06
BBM,BBM:F018569,BBM:F018585,similar,06
BBM,BBM:F018569,BBM:F018586,similar,06
BBM,BBM:F018569,BBM:F018588,similar,06
BBM,BBM:F018569,BBM:F018589,similar,06
BBM,BBM:F018569,BBM:F018593,similar,06
BBM,BBM:F018569,BBM:F018594,similar,06
BBM,BBM:F018569,BBM:F018595,similar,06
BBM,BBM:F018570,BBM:F018571,similar,06
BBM,BBM:F018570,BBM:F018572,similar,06
BBM,BBM:F018570,BBM:F018573,similar,06
BBM,BBM:F018570,BBM:F018574,similar,06
BBM,BBM:F018570,BBM:F018575,similar,06
BBM,BBM:F018570,BBM:F018576,similar,06
BBM,BBM:F018570,BBM:F018578,similar,06
BBM,BBM:F018570,BBM:F018579,similar,06
BBM,BBM:F018570,BBM:F018580,similar,06
BBM,BBM:F018570,BBM:F018581,similar,06
BBM,BBM:F018570,BBM:F018582,similar,06
BBM,BBM:F018570,BBM:F018584,similar,06
BBM,BBM:F018570,BBM:F018585,similar,06
BBM,BBM:F018570,BBM:F018586,similar,06
BBM,BBM:F018570,BBM:F018588,similar,06
BBM,BBM:F018570,BBM:F018589,similar,06
BBM,BBM:F018570,BBM:F018593,similar,06
BBM,BBM:F018570,BBM:F018594,similar,06
BBM,BBM:F018570,BBM:F018595,similar,06
BBM,BBM:F018571,BBM:F018572,similar,06
BBM,BBM:F018571,BBM:F018573,similar,06
BBM,BBM:F018571,BBM:F018574,similar,06
BBM,BBM:F018571,BBM:F018575,similar,06
BBM,BBM:F018571,BBM:F018576,similar,06
BBM,BBM:F018571,BBM:F018578,similar,06
BBM,BBM:F018571,BBM:F018579,similar,06
BBM,BBM:F018571,BBM:F018580,similar,06
BBM,BBM:F018571,BBM:F018581,similar,06
BBM,BBM:F018571,BBM:F018582,similar,06
BBM,BBM:F018571,BBM:F018584,similar,06
BBM,BBM:F018571,BBM:F018585,similar,06
BBM,BBM:F018571,BBM:F018586,similar,06
BBM,BBM:F018571,BBM:F018588,similar,06
BBM,BBM:F018571,BBM:F018589,similar,06
BBM,BBM:F018571,BBM:F018593,similar,06
BBM,BBM:F018571,BBM:F018594,similar,06
BBM,BBM:F018571,BBM:F018595,similar,06
BBM,BBM:F018572,BBM:F018573,similar,06
BBM,BBM:F018572,BBM:F018574,similar,06
BBM,BBM:F018572,BBM:F018575,similar,06
BBM,BBM:F018572,BBM:F018576,similar,06
BBM,BBM:F018572,BBM:F018578,similar,06
BBM,BBM:F018572,BBM:F018579,similar,06
BBM,BBM:F018572,BBM:F018580,similar,06
BBM,BBM:F018572,BBM:F018581,similar,06
BBM,BBM:F018572,BBM:F018582,similar,06
BBM,BBM:F018572,BBM:F018584,similar,06
BBM,BBM:F018572,BBM:F018585,similar,06
BBM,BBM:F018572,BBM:F018586,similar,06
BBM,BBM:F018572,BBM:F018588,similar,06
BBM,BBM:F018572,BBM:F018589,similar,06
BBM,BBM:F018572,BBM:F018593,similar,06
BBM,BBM:F018572,BBM:F018594,similar,06
BBM,BBM:F018572,BBM:F018595,similar,06
BBM,BBM:F018573,BBM:F018574,similar,06
BBM,BBM:F018573,BBM:F018575,similar,06
BBM,BBM:F018573,BBM:F018576,similar,06
BBM,BBM:F018573,BBM:F018578,similar,06
BBM,BBM:F018573,BBM:F018579,similar,06
BBM,BBM:F018573,BBM:F018580,similar,06
BBM,BBM:F018573,BBM:F018581,similar,06
BBM,BBM:F018573,BBM:F018582,similar,06
BBM,BBM:F018573,BBM:F018584,similar,06
BBM,BBM:F018573,BBM:F018585,similar,06
BBM,BBM:F018573,BBM:F018586,similar,06
BBM,BBM:F018573,BBM:F018588,similar,06
BBM,BBM:F018573,BBM:F018589,similar,06
BBM,BBM:F018573,BBM:F018593,similar,06
BBM,BBM:F018573,BBM:F018594,similar,06
BBM,BBM:F018573,BBM:F018595,similar,06
BBM,BBM:F018574,BBM:F018575,similar,06
BBM,BBM:F018574,BBM:F018576,similar,06
BBM,BBM:F018574,BBM:F018578,similar,06
BBM,BBM:F018574,BBM:F018579,similar,06
BBM,BBM:F018574,BBM:F018580,similar,06
BBM,BBM:F018574,BBM:F018581,similar,06
BBM,BBM:F018574,BBM:F018582,similar,06
BBM,BBM:F018574,BBM:F018584,similar,06
BBM,BBM:F018574,BBM:F018585,similar,06
BBM,BBM:F018574,BBM:F018586,similar,06
BBM,BBM:F018574,BBM:F018588,similar,06
BBM,BBM:F018574,BBM:F018589,similar,06
BBM,BBM:F018574,BBM:F018593,similar,06
BBM,BBM:F018574,BBM:F018594,similar,06
BBM,BBM:F018574,BBM:F018595,similar,06
BBM,BBM:F018575,BBM:F018576,similar,06
BBM,BBM:F018575,BBM:F018578,similar,06
BBM,BBM:F018575,BBM:F018579,similar,06
BBM,BBM:F018575,BBM:F018580,similar,06
BBM,BBM:F018575,BBM:F018581,similar,06
BBM,BBM:F018575,BBM:F018582,similar,06
BBM,BBM:F018575,BBM:F018584,similar,06
BBM,BBM:F018575,BBM:F018585,similar,06
BBM,BBM:F018575,BBM:F018586,similar,06
BBM,BBM:F018575,BBM:F018588,similar,06
BBM,BBM:F018575,BBM:F018589,similar,06
BBM,BBM:F018575,BBM:F018593,similar,06
BBM,BBM:F018575,BBM:F018594,similar,06
BBM,BBM:F018575,BBM:F018595,similar,06
BBM,BBM:F018576,BBM:F018578,similar,06
BBM,BBM:F018576,BBM:F018579,similar,06
BBM,BBM:F018576,BBM:F018580,similar,06
BBM,BBM:F018576,BBM:F018581,similar,06
BBM,BBM:F018576,BBM:F018582,similar,06
BBM,BBM:F018576,BBM:F018584,similar,06
BBM,BBM:F018576,BBM:F018585,similar,06
BBM,BBM:F018576,BBM:F018586,similar,06
BBM,BBM:F018576,BBM:F018588,similar,06
BBM,BBM:F018576,BBM:F018589,similar,06
BBM,BBM:F018576,BBM:F018593,similar,06
BBM,BBM:F018576,BBM:F018594,similar,06
BBM,BBM:F018576,BBM:F018595,similar,06
BBM,BBM:F018578,BBM:F018579,similar,06
BBM,BBM:F018578,BBM:F018580,similar,06
BBM,BBM:F018578,BBM:F018581,similar,06
BBM,BBM:F018578,BBM:F018582,similar,06
BBM,BBM:F018578,BBM:F018584,similar,06
BBM,BBM:F018578,BBM:F018585,similar,06
BBM,BBM:F018578,BBM:F018586,similar,06
BBM,BBM:F018578,BBM:F018588,similar,06
BBM,BBM:F018578,BBM:F018589,similar,06
BBM,BBM:F018578,BBM:F018593,similar,06
BBM,BBM:F018578,BBM:F018594,similar,06
BBM,BBM:F018578,BBM:F018595,similar,06
BBM,BBM:F018579,BBM:F018580,similar,06
BBM,BBM:F018579,BBM:F018581,similar,06
BBM,BBM:F018579,BBM:F018582,similar,06
BBM,BBM:F018579,BBM:F018584,similar,06
BBM,BBM:F018579,BBM:F018585,similar,06
BBM,BBM:F018579,BBM:F018586,similar,06
BBM,BBM:F018579,BBM:F018588,similar,06
BBM,BBM:F018579,BBM:F018589,similar,06
BBM,BBM:F018579,BBM:F018593,similar,06
BBM,BBM:F018579,BBM:F018594,similar,06
BBM,BBM:F018579,BBM:F018595,similar,06
BBM,BBM:F018580,BBM:F018581,similar,06
BBM,BBM:F018580,BBM:F018582,similar,06
BBM,BBM:F018580,BBM:F018584,similar,06
BBM,BBM:F018580,BBM:F018585,similar,06
BBM,BBM:F018580,BBM:F018586,similar,06
BBM,BBM:F018580,BBM:F018588,similar,06
BBM,BBM:F018580,BBM:F018589,similar,06
BBM,BBM:F018580,BBM:F018593,similar,06
BBM,BBM:F018580,BBM:F018594,similar,06
BBM,BBM:F018580,BBM:F018595,similar,06
BBM,BBM:F018581,BBM:F018582,similar,06
BBM,BBM:F018581,BBM:F018584,similar,06
BBM,BBM:F018581,BBM:F018585,similar,06
BBM,BBM:F018581,BBM:F018586,similar,06
BBM,BBM:F018581,BBM:F018588,similar,06
BBM,BBM:F018581,BBM:F018589,similar,06
BBM,BBM:F018581,BBM:F018593,similar,06
BBM,BBM:F018581,BBM:F018594,similar,06
BBM,BBM:F018581,BBM:F018595,similar,06
BBM,BBM:F018582,BBM:F018584,similar,06
BBM,BBM:F018582,BBM:F018585,similar,06
BBM,BBM:F018582,BBM:F018586,similar,06
BBM,BBM:F018582,BBM:F018588,similar,06
BBM,BBM:F018582,BBM:F018589,similar,06
BBM,BBM:F018582,BBM:F018593,similar,06
BBM,BBM:F018582,BBM:F018594,similar,06
BBM,BBM:F018582,BBM:F018595,similar,06
BBM,BBM:F018584,BBM:F018585,similar,06
BBM,BBM:F018584,BBM:F018586,similar,06
BBM,BBM:F018584,BBM:F018588,similar,06
BBM,BBM:F018584,BBM:F018589,similar,06
BBM,BBM:F018584,BBM:F018593,similar,06
BBM,BBM:F018584,BBM:F018594,similar,06
BBM,BBM:F018584,BBM:F018595,similar,06
BBM,BBM:F018585,BBM:F018586,similar,06
BBM,BBM:F018585,BBM:F018588,similar,06
BBM,BBM:F018585,BBM:F018589,similar,06
BBM,BBM:F018585,BBM:F018593,similar,06
BBM,BBM:F018585,BBM:F018594,similar,06
BBM,BBM:F018585,BBM:F018595,similar,06
BBM,BBM:F018586,BBM:F018588,similar,06
BBM,BBM:F018586,BBM:F018589,similar,06
BBM,BBM:F018586,BBM:F018593,similar,06
BBM,BBM:F018586,BBM:F018594,similar,06
BBM,BBM:F018586,BBM:F018595,similar,06
BBM,BBM:F018588,BBM:F018589,similar,06
BBM,BBM:F018588,BBM:F018593,similar,06
BBM,BBM:F018588,BBM:F018594,similar,06
BBM,BBM:F018588,BBM:F018595,similar,06
BBM,BBM:F018589,BBM:F018593,similar,06
BBM,BBM:F018589,BBM:F018594,similar,06
BBM,BBM:F018589,BBM:F018595,similar,06
BBM,BBM:F018593,BBM:F018594,similar,06
BBM,BBM:F018593,BBM:F018595,similar,06
BBM,BBM:F018594,BBM:F018595,similar,06
BBM,BBM:F021998,BBM:F021999,strict,06
BBM,BBM:F021998,BBM:F022002,strict,06
BBM,BBM:F021999,BBM:F022002,strict,06
BBM,BBM:F022040,BBM:F022043,similar,06
BBM,BBM:F019700,BBM:F019749,strict,06
BBM,BBM:F019700,BBM:F019904,strict,06
BBM,BBM:F019749,BBM:F019904,strict,06
BBM,BBM:F024128,BBM:F024672,similar,06
BBM,BBM:F024335,BBM:F024465,similar,06
BBM,BBM:F025557,BBM:F025681,similar,06
BBM,BBM:F026720,BBM:F027167,similar,06
BBM,BBM:F026720,BBM:F027327,similar,06
BBM,BBM:F026720,BBM:F027328,similar,06
BBM,BBM:F026720,BBM:F027355,similar,06
BBM,BBM:F027167,BBM:F027327,similar,06
BBM,BBM:F027167,BBM:F027328,similar,06
BBM,BBM:F027167,BBM:F027355,similar,06
BBM,BBM:F027327,BBM:F027328,similar,06
BBM,BBM:F027327,BBM:F027355,similar,06
BBM,BBM:F027328,BBM:F027355,similar,06
BBM,BBM:F027329,BBM:F027356,similar,06
mo,MO:321968,MO:322119,similar,06
mo,MO:383380,MO:392250,similar,06
BBM,BBM:F014085,BBM:F014144,similar,06
BBM,BBM:F020701,BBM:F020758,similar,06
BBM,BBM:F013904,BBM:F013905,strict,06
BBM,BBM:F014218,BBM:F014369,strict,06
BBM,BBM:F014219,BBM:F014220,similar,06
BBM,BBM:F014219,BBM:F014221,similar,06
BBM,BBM:F014220,BBM:F014221,similar,06
BBM,BBM:F010347,BBM:F010348,strict,06
BBM,BBM:F010408,BBM:F010416,similar,06
BBM,BBM:F024325,BBM:F024330,similar,06
BBM,BBM:F034721,BBM:F035033,similar,06
mo,MO:160398,MO:226878,similar,06
BBM,BBM:F010482,BBM:F010508,strict,06
BBM,BBM:F010484,BBM:F010487,similar,06
BBM,BBM:F010490,BBM:F010491,similar,06
BBM,BBM:F010490,BBM:F010492,similar,06
BBM,BBM:F010490,BBM:F010493,similar,06
BBM,BBM:F010490,BBM:F035092,similar,06
BBM,BBM:F010491,BBM:F010492,similar,06
BBM,BBM:F010491,BBM:F010493,similar,06
BBM,BBM:F010491,BBM:F035092,similar,06
BBM,BBM:F010492,BBM:F010493,similar,06
BBM,BBM:F010492,BBM:F035092,similar,06
BBM,BBM:F010493,BBM:F035092,similar,06
BBM,BBM:F010495,BBM:F010496,strict,06
BBM,BBM:F010500,BBM:F010501,similar,06
BBM,BBM:F010502,BBM:F010503,similar,06
BBM,BBM:F010502,BBM:F010504,similar,06
BBM,BBM:F010503,BBM:F010504,similar,06
BBM,BBM:F010505,BBM:F010506,strict,06
BBM,BBM:F017271,BBM:F029850,similar,06
BBM,BBM:F025625,BBM:F025653,similar,06
BBM,BBM:F032271,BBM:F032387,similar,06
BBM,BBM:F015899,BBM:F015976,similar,06
BBM,BBM:F015899,BBM:F016128,similar,06
BBM,BBM:F015976,BBM:F016128,similar,06
BBM,BBM:F015925,BBM:F034948,similar,06
BBM,BBM:F024555,BBM:F034804,similar,06
BBM,BBM:F024555,BBM:F035344,similar,06
BBM,BBM:F024555,BBM:F035541,similar,06
BBM,BBM:F034804,BBM:F035344,similar,06
BBM,BBM:F034804,BBM:F035541,similar,06
BBM,BBM:F035344,BBM:F035541,similar,06
BBM,BBM:F024877,BBM:F025182,similar,06
BBM,BBM:F025748,BBM:F034809,similar,06
BBM,BBM:F025748,BBM:F034903,similar,06
BBM,BBM:F025748,BBM:F035324,similar,06
BBM,BBM:F025748,BBM:F035525,similar,06
BBM,BBM:F034809,BBM:F034903,similar,06
BBM,BBM:F034809,BBM:F035324,similar,06
BBM,BBM:F034809,BBM:F035525,similar,06
BBM,BBM:F034903,BBM:F035324,similar,06
BBM,BBM:F034903,BBM:F035525,similar,06
BBM,BBM:F035324,BBM:F035525,similar,06
BBM,BBM:F010516,BBM:F010517,strict,06
BBM,BBM:F010521,BBM:F010522,similar,06
BBM,BBM:F010536,BBM:F010652,strict,06
BBM,BBM:F010560,BBM:F010561,similar,06
BBM,BBM:F010572,BBM:F010573,similar,06
BBM,BBM:F010572,BBM:F010574,similar,06
BBM,BBM:F010573,BBM:F010574,similar,06
BBM,BBM:F010616,BBM:F010617,similar,06
BBM,BBM:F010616,BBM:F010618,similar,06
BBM,BBM:F010617,BBM:F010618,similar,06
BBM,BBM:F010632,BBM:F010635,strict,06
BBM,BBM:F010674,BBM:F010683,strict,06
BBM,BBM:F010687,BBM:F010688,similar,06
BBM,BBM:F010712,BBM:F010713,similar,06
BBM,BBM:F010771,BBM:F010774,strict,06
BBM,BBM:F010771,BBM:F010778,strict,06
BBM,BBM:F010771,BBM:F010779,strict,06
BBM,BBM:F010771,BBM:F010781,strict,06
BBM,BBM:F010771,BBM:F010782,strict,06
BBM,BBM:F010774,BBM:F010778,strict,06
BBM,BBM:F010774,BBM:F010779,strict,06
BBM,BBM:F010774,BBM:F010781,strict,06
BBM,BBM:F010774,BBM:F010782,strict,06
BBM,BBM:F010778,BBM:F010779,strict,06
BBM,BBM:F010778,BBM:F010781,strict,06
BBM,BBM:F010778,BBM:F010782,strict,06
BBM,BBM:F010779,BBM:F010781,strict,06
BBM,BBM:F010779,BBM:F010782,strict,06
BBM,BBM:F010781,BBM:F010782,strict,06
BBM,BBM:F010772,BBM:F010773,strict,06
BBM,BBM:F010772,BBM:F010775,strict,06
BBM,BBM:F010772,BBM:F010776,strict,06
BBM,BBM:F010772,BBM:F010777,strict,06
BBM,BBM:F010772,BBM:F010780,strict,06
BBM,BBM:F010772,BBM:F010783,strict,06
BBM,BBM:F010773,BBM:F010775,strict,06
BBM,BBM:F010773,BBM:F010776,strict,06
BBM,BBM:F010773,BBM:F010777,strict,06
BBM,BBM:F010773,BBM:F010780,strict,06
BBM,BBM:F010773,BBM:F010783,strict,06
BBM,BBM:F010775,BBM:F010776,strict,06
BBM,BBM:F010775,BBM:F010777,strict,06
BBM,BBM:F010775,BBM:F010780,strict,06
BBM,BBM:F010775,BBM:F010783,strict,06
BBM,BBM:F010776,BBM:F010777,strict,06
BBM,BBM:F010776,BBM:F010780,strict,06
BBM,BBM:F010776,BBM:F010783,strict,06
BBM,BBM:F010777,BBM:F010780,strict,06
BBM,BBM:F010777,BBM:F010783,strict,06
BBM,BBM:F010780,BBM:F010783,strict,06
BBM,BBM:F010798,BBM:F010800,similar,06
BBM,BBM:F010812,BBM:F010813,similar,06
BBM,BBM:F010814,BBM:F010815,similar,06
BBM,BBM:F031163,BBM:F031164,strict,06
BBM,BBM:F031163,BBM:F031165,strict,06
BBM,BBM:F031164,BBM:F031165,strict,06
BBM,BBM:F010823,BBM:F010824,similar,06
BBM,BBM:F010831,BBM:F010832,similar,06
BBM,BBM:F010867,BBM:F010868,similar,06
BBM,BBM:F010892,BBM:F010893,strict,06
BBM,BBM:F010911,BBM:F010912,similar,06
BBM,BBM:F010945,BBM:F010946,similar,06
BBM,BBM:F010975,BBM:F010976,strict,06
BBM,BBM:F013806,BBM:F013814,similar,06
BBM,BBM:F013806,BBM:F013815,similar,06
BBM,BBM:F013814,BBM:F013815,similar,06
BBM,BBM:F018596,BBM:F018597,strict,06
BBM,BBM:F018720,BBM:F018725,strict,06
BBM,BBM:F018720,BBM:F018726,strict,06
BBM,BBM:F018720,BBM:F018727,strict,06
BBM,BBM:F018725,BBM:F018726,strict,06
BBM,BBM:F018725,BBM:F018727,strict,06
BBM,BBM:F018726,BBM:F018727,strict,06
BBM,BBM:F018743,BBM:F018749,strict,06
BBM,BBM:F018769,BBM:F018770,strict,06
BBM,BBM:F014038,BBM:F014040,strict,06
BBM,BBM:F014039,BBM:F014041,strict,06
BBM,BBM:F014039,BBM:F014043,strict,06
BBM,BBM:F014041,BBM:F014043,strict,06
BBM,BBM:F011001,BBM:F011002,strict,06
BBM,BBM:F012748,BBM:F012749,strict,06
BBM,BBM:F012748,BBM:F012753,strict,06
BBM,BBM:F012749,BBM:F012753,strict,06
BBM,BBM:F011004,BBM:F011005,similar,06
BBM,BBM:F011004,BBM:F011008,similar,06
BBM,BBM:F011005,BBM:F011008,similar,06
BBM,BBM:F011135,BBM:F011136,strict,06
BBM,BBM:F011148,BBM:F011150,strict,06
BBM,BBM:F011151,BBM:F011154,similar,06
BBM,BBM:F011167,BBM:F011170,similar,06
BBM,BBM:F011173,BBM:F011174,similar,06
BBM,BBM:F011173,BBM:F011175,similar,06
BBM,BBM:F011174,BBM:F011175,similar,06
BBM,BBM:F011183,BBM:F011184,strict,06
BBM,BBM:F025892,BBM:F025893,strict,06
BBM,BBM:F011201,BBM:F011202,similar,06
BBM,BBM:F012188,BBM:F015214,similar,06
BBM,BBM:F012338,BBM:F012408,strict,06
BBM,BBM:F011310,BBM:F011316,similar,06
BBM,BBM:F011313,BBM:F011314,similar,06
BBM,BBM:F011321,BBM:F011982,similar,06
BBM,BBM:F011344,BBM:F011345,similar,06
BBM,BBM:F018612,BBM:F018613,strict,06
BBM,BBM:F011356,BBM:F011358,strict,06
BBM,BBM:F011383,BBM:F011384,strict,06
BBM,BBM:F011383,BBM:F011385,strict,06
BBM,BBM:F011384,BBM:F011385,strict,06
BBM,BBM:F018577,BBM:F018591,strict,06
BBM,BBM:F018577,BBM:F018592,strict,06
BBM,BBM:F018591,BBM:F018592,strict,06
BBM,BBM:F018599,BBM:F018601,strict,06
BBM,BBM:F018599,BBM:F018606,strict,06
BBM,BBM:F018599,BBM:F018607,strict,06
BBM,BBM:F018599,BBM:F018608,strict,06
BBM,BBM:F018601,BBM:F018606,strict,06
BBM,BBM:F018601,BBM:F018607,strict,06
BBM,BBM:F018601,BBM:F018608,strict,06
BBM,BBM:F018606,BBM:F018607,strict,06
BBM,BBM:F018606,BBM:F018608,strict,06
BBM,BBM:F018607,BBM:F018608,strict,06
BBM,BBM:F018627,BBM:F018639,strict,06
BBM,BBM:F018627,BBM:F018646,strict,06
BBM,BBM:F018627,BBM:F018647,strict,06
BBM,BBM:F018627,BBM:F018649,strict,06
BBM,BBM:F018639,BBM:F018646,strict,06
BBM,BBM:F018639,BBM:F018647,strict,06
BBM,BBM:F018639,BBM:F018649,strict,06
BBM,BBM:F018646,BBM:F018647,strict,06
BBM,BBM:F018646,BBM:F018649,strict,06
BBM,BBM:F018647,BBM:F018649,strict,06
BBM,BBM:F018652,BBM:F018654,similar,06
BBM,BBM:F018652,BBM:F018663,similar,06
BBM,BBM:F018652,BBM:F018681,similar,06
BBM,BBM:F018654,BBM:F018663,similar,06
BBM,BBM:F018654,BBM:F018681,similar,06
BBM,BBM:F018663,BBM:F018681,similar,06
BBM,BBM:F018717,BBM:F018718,strict,06
BBM,BBM:F018730,BBM:F018731,strict,06
BBM,BBM:F018730,BBM:F018732,strict,06
BBM,BBM:F018730,BBM:F018733,strict,06
BBM,BBM:F018730,BBM:F018735,strict,06
BBM,BBM:F018730,BBM:F018736,strict,06
BBM,BBM:F018730,BBM:F018737,strict,06
BBM,BBM:F018730,BBM:F018738,strict,06
BBM,BBM:F018730,BBM:F018739,strict,06
BBM,BBM:F018730,BBM:F018741,strict,06
BBM,BBM:F018730,BBM:F018742,strict,06
BBM,BBM:F018730,BBM:F018752,strict,06
BBM,BBM:F018730,BBM:F018754,strict,06
BBM,BBM:F018730,BBM:F018755,strict,06
BBM,BBM:F018730,BBM:F018756,strict,06
BBM,BBM:F018730,BBM:F018757,strict,06
BBM,BBM:F018731,BBM:F018732,strict,06
BBM,BBM:F018731,BBM:F018733,strict,06
BBM,BBM:F018731,BBM:F018735,strict,06
BBM,BBM:F018731,BBM:F018736,strict,06
BBM,BBM:F018731,BBM:F018737,strict,06
BBM,BBM:F018731,BBM:F018738,strict,06
BBM,BBM:F018731,BBM:F018739,strict,06
BBM,BBM:F018731,BBM:F018741,strict,06
BBM,BBM:F018731,BBM:F018742,strict,06
BBM,BBM:F018731,BBM:F018752,strict,06
BBM,BBM:F018731,BBM:F018754,strict,06
BBM,BBM:F018731,BBM:F018755,strict,06
BBM,BBM:F018731,BBM:F018756,strict,06
BBM,BBM:F018731,BBM:F018757,strict,06
BBM,BBM:F018732,BBM:F018733,strict,06
BBM,BBM:F018732,BBM:F018735,strict,06
BBM,BBM:F018732,BBM:F018736,strict,06
BBM,BBM:F018732,BBM:F018737,strict,06
BBM,BBM:F018732,BBM:F018738,strict,06
BBM,BBM:F018732,BBM:F018739,strict,06
BBM,BBM:F018732,BBM:F018741,strict,06
BBM,BBM:F018732,BBM:F018742,strict,06
BBM,BBM:F018732,BBM:F018752,strict,06
BBM,BBM:F018732,BBM:F018754,strict,06
BBM,BBM:F018732,BBM:F018755,strict,06
BBM,BBM:F018732,BBM:F018756,strict,06
BBM,BBM:F018732,BBM:F018757,strict,06
BBM,BBM:F018733,BBM:F018735,strict,06
BBM,BBM:F018733,BBM:F018736,strict,06
BBM,BBM:F018733,BBM:F018737,strict,06
BBM,BBM:F018733,BBM:F018738,strict,06
BBM,BBM:F018733,BBM:F018739,strict,06
BBM,BBM:F018733,BBM:F018741,strict,06
BBM,BBM:F018733,BBM:F018742,strict,06
BBM,BBM:F018733,BBM:F018752,strict,06
BBM,BBM:F018733,BBM:F018754,strict,06
BBM,BBM:F018733,BBM:F018755,strict,06
BBM,BBM:F018733,BBM:F018756,strict,06
BBM,BBM:F018733,BBM:F018757,strict,06
BBM,BBM:F018735,BBM:F018736,strict,06
BBM,BBM:F018735,BBM:F018737,strict,06
BBM,BBM:F018735,BBM:F018738,strict,06
BBM,BBM:F018735,BBM:F018739,strict,06
BBM,BBM:F018735,BBM:F018741,strict,06
BBM,BBM:F018735,BBM:F018742,strict,06
BBM,BBM:F018735,BBM:F018752,strict,06
BBM,BBM:F018735,BBM:F018754,strict,06
BBM,BBM:F018735,BBM:F018755,strict,06
BBM,BBM:F018735,BBM:F018756,strict,06
BBM,BBM:F018735,BBM:F018757,strict,06
BBM,BBM:F018736,BBM:F018737,strict,06
BBM,BBM:F018736,BBM:F018738,strict,06
BBM,BBM:F018736,BBM:F018739,strict,06
BBM,BBM:F018736,BBM:F018741,strict,06
BBM,BBM:F018736,BBM:F018742,strict,06
BBM,BBM:F018736,BBM:F018752,strict,06
BBM,BBM:F018736,BBM:F018754,strict,06
BBM,BBM:F018736,BBM:F018755,strict,06
BBM,BBM:F018736,BBM:F018756,strict,06
BBM,BBM:F018736,BBM:F018757,strict,06
BBM,BBM:F018737,BBM:F018738,strict,06
BBM,BBM:F018737,BBM:F018739,strict,06
BBM,BBM:F018737,BBM:F018741,strict,06
BBM,BBM:F018737,BBM:F018742,strict,06
BBM,BBM:F018737,BBM:F018752,strict,06
BBM,BBM:F018737,BBM:F018754,strict,06
BBM,BBM:F018737,BBM:F018755,strict,06
BBM,BBM:F018737,BBM:F018756,strict,06
BBM,BBM:F018737,BBM:F018757,strict,06
BBM,BBM:F018738,BBM:F018739,strict,06
BBM,BBM:F018738,BBM:F018741,strict,06
BBM,BBM:F018738,BBM:F018742,strict,06
BBM,BBM:F018738,BBM:F018752,strict,06
BBM,BBM:F018738,BBM:F018754,strict,06
BBM,BBM:F018738,BBM:F018755,strict,06
BBM,BBM:F018738,BBM:F018756,strict,06
BBM,BBM:F018738,BBM:F018757,strict,06
BBM,BBM:F018739,BBM:F018741,strict,06
BBM,BBM:F018739,BBM:F018742,strict,06
BBM,BBM:F018739,BBM:F018752,strict,06
BBM,BBM:F018739,BBM:F018754,strict,06
BBM,BBM:F018739,BBM:F018755,strict,06
BBM,BBM:F018739,BBM:F018756,strict,06
BBM,BBM:F018739,BBM:F018757,strict,06
BBM,BBM:F018741,BBM:F018742,strict,06
BBM,BBM:F018741,BBM:F018752,strict,06
BBM,BBM:F018741,BBM:F018754,strict,06
BBM,BBM:F018741,BBM:F018755,strict,06
BBM,BBM:F018741,BBM:F018756,strict,06
BBM,BBM:F018741,BBM:F018757,strict,06
BBM,BBM:F018742,BBM:F018752,strict,06
BBM,BBM:F018742,BBM:F018754,strict,06
BBM,BBM:F018742,BBM:F018755,strict,06
BBM,BBM:F018742,BBM:F018756,strict,06
BBM,BBM:F018742,BBM:F018757,strict,06
BBM,BBM:F018752,BBM:F018754,strict,06
BBM,BBM:F018752,BBM:F018755,strict,06
BBM,BBM:F018752,BBM:F018756,strict,06
BBM,BBM:F018752,BBM:F018757,strict,06
BBM,BBM:F018754,BBM:F018755,strict,06
BBM,BBM:F018754,BBM:F018756,strict,06
BBM,BBM:F018754,BBM:F018757,strict,06
BBM,BBM:F018755,BBM:F018756,strict,06
BBM,BBM:F018755,BBM:F018757,strict,06
BBM,BBM:F018756,BBM:F018757,strict,06
BBM,BBM:F018744,BBM:F018745,strict,06
BBM,BBM:F018744,BBM:F018750,strict,06
BBM,BBM:F018744,BBM:F018751,strict,06
BBM,BBM:F018745,BBM:F018750,strict,06
BBM,BBM:F018745,BBM:F018751,strict,06
BBM,BBM:F018750,BBM:F018751,strict,06
BBM,BBM:F018760,BBM:F018761,strict,06
BBM,BBM:F018760,BBM:F018763,strict,06
BBM,BBM:F018761,BBM:F018763,strict,06
BBM,BBM:F018777,BBM:F018783,strict,06
BBM,BBM:F018557,BBM:F018560,strict,06
BBM,BBM:F018557,BBM:F018561,strict,06
BBM,BBM:F018560,BBM:F018561,strict,06
BBM,BBM:F011410,BBM:F011412,strict,06
BBM,BBM:F011459,BBM:F011460,similar,06
BBM,BBM:F011469,BBM:F011470,similar,06
BBM,BBM:F011474,BBM:F011475,similar,06
BBM,BBM:F011474,BBM:F011476,similar,06
BBM,BBM:F011475,BBM:F011476,similar,06
BBM,BBM:F011524,BBM:F011530,similar,06
BBM,BBM:F011538,BBM:F011540,similar,06
BBM,BBM:F011584,BBM:F011588,similar,06
BBM,BBM:F011640,BBM:F011641,strict,06
BBM,BBM:F011676,BBM:F011677,similar,06
BBM,BBM:F011684,BBM:F011685,similar,06
BBM,BBM:F011717,BBM:F011718,strict,06
BBM,BBM:F011732,BBM:F011733,similar,06
BBM,BBM:F011735,BBM:F011736,strict,06
BBM,BBM:F011744,BBM:F011745,similar,06
BBM,BBM:F011748,BBM:F011773,similar,06
BBM,BBM:F011754,BBM:F011755,similar,06
BBM,BBM:F011754,BBM:F011760,similar,06
BBM,BBM:F011755,BBM:F011760,similar,06
BBM,BBM:F011758,BBM:F011771,similar,06
BBM,BBM:F011804,BBM:F011805,strict,06
BBM,BBM:F011814,BBM:F011819,strict,06
BBM,BBM:F011821,BBM:F011824,similar,06
BBM,BBM:F011856,BBM:F011860,similar,06
BBM,BBM:F014475,BBM:F035082,similar,06
BBM,BBM:F014475,BBM:F035149,similar,06
BBM,BBM:F035082,BBM:F035149,similar,06
BBM,BBM:F024165,BBM:F024189,similar,06
BBM,BBM:F025876,BBM:F025877,strict,06
BBM,BBM:F026693,BBM:F026724,similar,06
BBM,BBM:F026693,BBM:F026737,similar,06
BBM,BBM:F026693,BBM:F026767,similar,06
BBM,BBM:F026693,BBM:F026868,similar,06
BBM,BBM:F026693,BBM:F026933,similar,06
BBM,BBM:F026693,BBM:F027341,similar,06
BBM,BBM:F026693,BBM:F027362,similar,06
BBM,BBM:F026724,BBM:F026737,similar,06
BBM,BBM:F026724,BBM:F026767,similar,06
BBM,BBM:F026724,BBM:F026868,similar,06
BBM,BBM:F026724,BBM:F026933,similar,06
BBM,BBM:F026724,BBM:F027341,similar,06
BBM,BBM:F026724,BBM:F027362,similar,06
BBM,BBM:F026737,BBM:F026767,similar,06
BBM,BBM:F026737,BBM:F026868,similar,06
BBM,BBM:F026737,BBM:F026933,similar,06
BBM,BBM:F026737,BBM:F027341,similar,06
BBM,BBM:F026737,BBM:F027362,similar,06
BBM,BBM:F026767,BBM:F026868,similar,06
BBM,BBM:F026767,BBM:F026933,similar,06
BBM,BBM:F026767,BBM:F027341,similar,06
BBM,BBM:F026767,BBM:F027362,similar,06
BBM,BBM:F026868,BBM:F026933,similar,06
BBM,BBM:F026868,BBM:F027341,similar,06
BBM,BBM:F026868,BBM:F027362,similar,06
BBM,BBM:F026933,BBM:F027341,similar,06
BBM,BBM:F026933,BBM:F027362,similar,06
BBM,BBM:F027341,BBM:F027362,similar,06
BBM,BBM:F029081,BBM:F029082,strict,06
BBM,BBM:F011907,BBM:F011908,similar,06
BBM,BBM:F011907,BBM:F011909,similar,06
BBM,BBM:F011907,BBM:F011911,similar,06
BBM,BBM:F011907,BBM:F011912,similar,06
BBM,BBM:F011907,BBM:F011913,similar,06
BBM,BBM:F011907,BBM:F011914,similar,06
BBM,BBM:F011908,BBM:F011909,similar,06
BBM,BBM:F011908,BBM:F011911,similar,06
BBM,BBM:F011908,BBM:F011912,similar,06
BBM,BBM:F011908,BBM:F011913,similar,06
BBM,BBM:F011908,BBM:F011914,similar,06
BBM,BBM:F011909,BBM:F011911,similar,06
BBM,BBM:F011909,BBM:F011912,similar,06
BBM,BBM:F011909,BBM:F011913,similar,06
BBM,BBM:F011909,BBM:F011914,similar,06
BBM,BBM:F011911,BBM:F011912,similar,06
BBM,BBM:F011911,BBM:F011913,similar,06
BBM,BBM:F011911,BBM:F011914,similar,06
BBM,BBM:F011912,BBM:F011913,similar,06
BBM,BBM:F011912,BBM:F011914,similar,06
BBM,BBM:F011913,BBM:F011914,similar,06
BBM,BBM:F014438,BBM:F014443,similar,06
BBM,BBM:F021804,BBM:F023821,similar,06
BBM,BBM:F021804,BBM:F033396,similar,06
BBM,BBM:F023821,BBM:F033396,similar,06
BBM,BBM:F032370,BBM:F032541,similar,06
BBM,BBM:F033760,BBM:F033765,strict,06
BBM,BBM:F020983,BBM:F021052,strict,06
mo,MO:144964,MO:146180,similar,06
BBM,BBM:F013714,BBM:F013715,strict,06
BBM,BBM:F013719,BBM:F013720,strict,06
BBM,BBM:F034525,BBM:F035742,similar,06
mo,MO:248807,MO:255252,similar,06
mo,MO:248807,MO:310835,similar,06
mo,MO:248807,MO:323931,similar,06
mo,MO:248807,MO:375272,similar,06
mo,MO:248807,MO:378506,similar,06
mo,MO:248807,MO:407475,similar,06
mo,MO:248807,MO:425097,similar,06
mo,MO:255252,MO:310835,similar,06
mo,MO:255252,MO:323931,similar,06
mo,MO:255252,MO:375272,similar,06
mo,MO:255252,MO:378506,similar,06
mo,MO:255252,MO:407475,similar,06
mo,MO:255252,MO:425097,similar,06
mo,MO:310835,MO:323931,similar,06
mo,MO:310835,MO:375272,similar,06
mo,MO:310835,MO:378506,similar,06
mo,MO:310835,MO:407475,similar,06
mo,MO:310835,MO:425097,similar,06
mo,MO:323931,MO:375272,similar,06
mo,MO:323931,MO:378506,similar,06
mo,MO:323931,MO:407475,similar,06
mo,MO:323931,MO:425097,similar,06
mo,MO:375272,MO:378506,similar,06
mo,MO:375272,MO:407475,similar,06
mo,MO:375272,MO:425097,similar,06
mo,MO:378506,MO:407475,similar,06
mo,MO:378506,MO:425097,similar,06
mo,MO:407475,MO:425097,similar,06
mo,MO:120764,MO:253008,similar,06
mo,MO:120764,MO:262032,similar,06
mo,MO:120764,MO:469611,similar,06
mo,MO:253008,MO:262032,similar,06
mo,MO:253008,MO:469611,similar,06
mo,MO:262032,MO:469611,similar,06
mo,MO:343961,MO:353897,similar,06
BBM,BBM:F012359,BBM:F013753,strict,06
BBM,BBM:F012367,BBM:F012368,similar,06
BBM,BBM:F012367,BBM:F012369,similar,06
BBM,BBM:F012368,BBM:F012369,similar,06
BBM,BBM:F014580,BBM:F034490,similar,06
BBM,BBM:F017000,BBM:F029890,similar,06
mo,MO:257766,MO:259516,similar,06
BBM,BBM:F012979,BBM:F012983,strict,06
BBM,BBM:F012413,BBM:F012414,strict,06
BBM,BBM:F012413,BBM:F012415,strict,06
BBM,BBM:F012414,BBM:F012415,strict,06
BBM,BBM:F032728,BBM:F035381,similar,06
mo,MO:241105,MO:241478,similar,06
mo,MO:241105,MO:241485,similar,06
mo,MO:241478,MO:241485,similar,06
BBM,BBM:F020660,BBM:F020707,strict,06
BBM,BBM:F021601,BBM:F021738,similar,06
BBM,BBM:F021601,BBM:F022181,similar,06
BBM,BBM:F021738,BBM:F022181,similar,06
BBM,BBM:F022589,BBM:F022799,similar,06
BBM,BBM:F021544,BBM:F021553,strict,06
BBM,BBM:F021544,BBM:F021589,strict,06
BBM,BBM:F021553,BBM:F021589,strict,06
BBM,BBM:F015142,BBM:F015154,similar,06
BBM,BBM:F023133,BBM:F023136,strict,06
BBM,BBM:F013519,BBM:F022482,similar,06
BBM,BBM:F014022,BBM:F014023,strict,06
BBM,BBM:F012494,BBM:F034812,similar,06
BBM,BBM:F013080,BBM:F035164,similar,06
BBM,BBM:F013080,BBM:F035752,similar,06
BBM,BBM:F035164,BBM:F035752,similar,06
BBM,BBM:F017027,BBM:F034700,similar,06
BBM,BBM:F017027,BBM:F035308,similar,06
BBM,BBM:F017027,BBM:F035372,similar,06
BBM,BBM:F034700,BBM:F035308,similar,06
BBM,BBM:F034700,BBM:F035372,similar,06
BBM,BBM:F035308,BBM:F035372,similar,06
BBM,BBM:F020912,BBM:F021071,similar,06
BBM,BBM:F024554,BBM:F033750,similar,06
BBM,BBM:F024554,BBM:F035039,similar,06
BBM,BBM:F024554,BBM:F035040,similar,06
BBM,BBM:F024554,BBM:F035394,similar,06
BBM,BBM:F024554,BBM:F035511,similar,06
BBM,BBM:F033750,BBM:F035039,similar,06
BBM,BBM:F033750,BBM:F035040,similar,06
BBM,BBM:F033750,BBM:F035394,similar,06
BBM,BBM:F033750,BBM:F035511,similar,06
BBM,BBM:F035039,BBM:F035040,similar,06
BBM,BBM:F035039,BBM:F035394,similar,06
BBM,BBM:F035039,BBM:F035511,similar,06
BBM,BBM:F035040,BBM:F035394,similar,06
BBM,BBM:F035040,BBM:F035511,similar,06
BBM,BBM:F035394,BBM:F035511,similar,06
BBM,BBM:F025195,BBM:F025204,similar,06
BBM,BBM:F025195,BBM:F025221,similar,06
BBM,BBM:F025204,BBM:F025221,similar,06
BBM,BBM:F025401,BBM:F025473,similar,06
BBM,BBM:F025401,BBM:F025594,similar,06
BBM,BBM:F025401,BBM:F025595,similar,06
BBM,BBM:F025401,BBM:F027866,similar,06
BBM,BBM:F025401,BBM:F027867,similar,06
BBM,BBM:F025473,BBM:F025594,similar,06
BBM,BBM:F025473,BBM:F025595,similar,06
BBM,BBM:F025473,BBM:F027866,similar,06
BBM,BBM:F025473,BBM:F027867,similar,06
BBM,BBM:F025594,BBM:F025595,similar,06
BBM,BBM:F025594,BBM:F027866,similar,06
BBM,BBM:F025594,BBM:F027867,similar,06
BBM,BBM:F025595,BBM:F027866,similar,06
BBM,BBM:F025595,BBM:F027867,similar,06
BBM,BBM:F027866,BBM:F027867,similar,06
BBM,BBM:F025812,BBM:F025931,similar,06
BBM,BBM:F025812,BBM:F026313,similar,06
BBM,BBM:F025812,BBM:F028131,similar,06
BBM,BBM:F025931,BBM:F026313,similar,06
BBM,BBM:F025931,BBM:F028131,similar,06
BBM,BBM:F026313,BBM:F028131,similar,06
BBM,BBM:F025896,BBM:F026050,similar,06
BBM,BBM:F025896,BBM:F026051,similar,06
BBM,BBM:F025896,BBM:F026125,similar,06
BBM,BBM:F025896,BBM:F026126,similar,06
BBM,BBM:F025896,BBM:F028159,similar,06
BBM,BBM:F025896,BBM:F028160,similar,06
BBM,BBM:F026050,BBM:F026051,similar,06
BBM,BBM:F026050,BBM:F026125,similar,06
BBM,BBM:F026050,BBM:F026126,similar,06
BBM,BBM:F026050,BBM:F028159,similar,06
BBM,BBM:F026050,BBM:F028160,similar,06
BBM,BBM:F026051,BBM:F026125,similar,06
BBM,BBM:F026051,BBM:F026126,similar,06
BBM,BBM:F026051,BBM:F028159,similar,06
BBM,BBM:F026051,BBM:F028160,similar,06
BBM,BBM:F026125,BBM:F026126,similar,06
BBM,BBM:F026125,BBM:F028159,similar,06
BBM,BBM:F026125,BBM:F028160,similar,06
BBM,BBM:F026126,BBM:F028159,similar,06
BBM,BBM:F026126,BBM:F028160,similar,06
BBM,BBM:F028159,BBM:F028160,similar,06
mo,MO:132377,MO:132378,similar,06
BBM,BBM:F026438,BBM:F026574,similar,06
BBM,BBM:F026532,BBM:F029695,similar,06
BBM,BBM:F026784,BBM:F027089,similar,06
BBM,BBM:F027106,BBM:F027158,similar,06
BBM,BBM:F028102,BBM:F028103,strict,06
BBM,BBM:F028926,BBM:F028946,similar,06
BBM,BBM:F028926,BBM:F028961,similar,06
BBM,BBM:F028946,BBM:F028961,similar,06
BBM,BBM:F028947,BBM:F028962,similar,06
BBM,BBM:F028947,BBM:F028963,similar,06
BBM,BBM:F028947,BBM:F029019,similar,06
BBM,BBM:F028947,BBM:F032525,similar,06
BBM,BBM:F028962,BBM:F028963,similar,06
BBM,BBM:F028962,BBM:F029019,similar,06
BBM,BBM:F028962,BBM:F032525,similar,06
BBM,BBM:F028963,BBM:F029019,similar,06
BBM,BBM:F028963,BBM:F032525,similar,06
BBM,BBM:F029019,BBM:F032525,similar,06
BBM,BBM:F029112,BBM:F029127,similar,06
BBM,BBM:F029112,BBM:F029183,similar,06
BBM,BBM:F029112,BBM:F029525,similar,06
BBM,BBM:F029127,BBM:F029183,similar,06
BBM,BBM:F029127,BBM:F029525,similar,06
BBM,BBM:F029183,BBM:F029525,similar,06
BBM,BBM:F029233,BBM:F029284,similar,06
BBM,BBM:F029233,BBM:F029442,similar,06
BBM,BBM:F029284,BBM:F029442,similar,06
BBM,BBM:F029444,BBM:F029447,similar,06
BBM,BBM:F029444,BBM:F032527,similar,06
BBM,BBM:F029444,BBM:F034823,similar,06
BBM,BBM:F029444,BBM:F035101,similar,06
BBM,BBM:F029444,BBM:F035515,similar,06
BBM,BBM:F029447,BBM:F032527,similar,06
BBM,BBM:F029447,BBM:F034823,similar,06
BBM,BBM:F029447,BBM:F035101,similar,06
BBM,BBM:F029447,BBM:F035515,similar,06
BBM,BBM:F032527,BBM:F034823,similar,06
BBM,BBM:F032527,BBM:F035101,similar,06
BBM,BBM:F032527,BBM:F035515,similar,06
BBM,BBM:F034823,BBM:F035101,similar,06
BBM,BBM:F034823,BBM:F035515,similar,06
BBM,BBM:F035101,BBM:F035515,similar,06
mo,MO:63092,MO:107854,similar,06
mo,MO:63092,MO:107916,similar,06
mo,MO:63092,MO:436731,similar,06
mo,MO:107854,MO:107916,similar,06
mo,MO:107854,MO:436731,similar,06
mo,MO:107916,MO:436731,similar,06
mo,MO:63316,MO:107766,similar,06
mo,MO:63316,MO:107945,similar,06
mo,MO:63316,MO:107952,similar,06
mo,MO:107766,MO:107945,similar,06
mo,MO:107766,MO:107952,similar,06
mo,MO:107945,MO:107952,similar,06
mo,MO:223699,MO:437285,similar,06
mo,MO:309361,MO:310984,similar,06
mo,MO:309361,MO:343798,similar,06
mo,MO:309361,MO:349136,similar,06
mo,MO:310984,MO:343798,similar,06
mo,MO:310984,MO:349136,similar,06
mo,MO:343798,MO:349136,similar,06
mo,MO:436729,MO:441989,similar,06
BBM,BBM:F015366,BBM:F015386,similar,06
BBM,BBM:F015909,BBM:F016089,similar,06
mo,MO:333685,MO:334874,similar,06
BBM,BBM:F012743,BBM:F012744,similar,06
BBM,BBM:F012750,BBM:F012755,strict,06
BBM,BBM:F028840,BBM:F028841,strict,06
mo,MO:347617,MO:349800,similar,06
BBM,BBM:F015257,BBM:F015262,strict,06
BBM,BBM:F016748,BBM:F030506,similar,06
BBM,BBM:F016748,BBM:F030557,similar,06
BBM,BBM:F016748,BBM:F030575,similar,06
BBM,BBM:F016748,BBM:F030637,similar,06
BBM,BBM:F030506,BBM:F030557,similar,06
BBM,BBM:F030506,BBM:F030575,similar,06
BBM,BBM:F030506,BBM:F030637,similar,06
BBM,BBM:F030557,BBM:F030575,similar,06
BBM,BBM:F030557,BBM:F030637,similar,06
BBM,BBM:F030575,BBM:F030637,similar,06
BBM,BBM:F030529,BBM:F030703,similar,06
BBM,BBM:F030529,BBM:F030756,similar,06
BBM,BBM:F030529,BBM:F030793,similar,06
BBM,BBM:F030529,BBM:F030825,similar,06
BBM,BBM:F030529,BBM:F030855,similar,06
BBM,BBM:F030703,BBM:F030756,similar,06
BBM,BBM:F030703,BBM:F030793,similar,06
BBM,BBM:F030703,BBM:F030825,similar,06
BBM,BBM:F030703,BBM:F030855,similar,06
BBM,BBM:F030756,BBM:F030793,similar,06
BBM,BBM:F030756,BBM:F030825,similar,06
BBM,BBM:F030756,BBM:F030855,similar,06
BBM,BBM:F030793,BBM:F030825,similar,06
BBM,BBM:F030793,BBM:F030855,similar,06
BBM,BBM:F030825,BBM:F030855,similar,06
BBM,BBM:F032944,BBM:F033006,strict,06
BBM,BBM:F014173,BBM:F019392,strict,06
BBM,BBM:F012907,BBM:F022192,similar,06
BBM,BBM:F014783,BBM:F034122,similar,06
BBM,BBM:F012990,BBM:F012991,strict,06
BBM,BBM:F022135,BBM:F022136,strict,06
mo,MO:380973,MO:380987,similar,06
mo,MO:380973,MO:382936,similar,06
mo,MO:380973,MO:387914,similar,06
mo,MO:380987,MO:382936,similar,06
mo,MO:380987,MO:387914,similar,06
mo,MO:382936,MO:387914,similar,06
mo,MO:466719,MO:469297,similar,06
BBM,BBM:F020000,BBM:F020001,strict,06
BBM,BBM:F020536,BBM:F020542,strict,06
BBM,BBM:F020551,BBM:F020585,similar,06
BBM,BBM:F020590,BBM:F020591,strict,06
BBM,BBM:F024592,BBM:F024671,similar,06
BBM,BBM:F025553,BBM:F025554,strict,06
BBM,BBM:F026020,BBM:F034086,similar,06
BBM,BBM:F026054,BBM:F028138,similar,06
BBM,BBM:F027799,BBM:F027823,similar,06
BBM,BBM:F027799,BBM:F027824,similar,06
BBM,BBM:F027823,BBM:F027824,similar,06
BBM,BBM:F029698,BBM:F029700,similar,06
BBM,BBM:F029698,BBM:F029725,similar,06
BBM,BBM:F029698,BBM:F029746,similar,06
BBM,BBM:F029700,BBM:F029725,similar,06
BBM,BBM:F029700,BBM:F029746,similar,06
BBM,BBM:F029725,BBM:F029746,similar,06
mo,MO:316375,MO:365016,similar,06
BBM,BBM:F015201,BBM:F034939,similar,06
mo,MO:258981,MO:443862,similar,06
BBM,BBM:F022695,BBM:F022702,strict,06
BBM,BBM:F027650,BBM:F034092,similar,06
BBM,BBM:F027650,BBM:F034314,similar,06
BBM,BBM:F027650,BBM:F034728,similar,06
BBM,BBM:F027650,BBM:F034793,similar,06
BBM,BBM:F027650,BBM:F034941,similar,06
BBM,BBM:F027650,BBM:F035113,similar,06
BBM,BBM:F034092,BBM:F034314,similar,06
BBM,BBM:F034092,BBM:F034728,similar,06
BBM,BBM:F034092,BBM:F034793,similar,06
BBM,BBM:F034092,BBM:F034941,similar,06
BBM,BBM:F034092,BBM:F035113,similar,06
BBM,BBM:F034314,BBM:F034728,similar,06
BBM,BBM:F034314,BBM:F034793,similar,06
BBM,BBM:F034314,BBM:F034941,similar,06
BBM,BBM:F034314,BBM:F035113,similar,06
BBM,BBM:F034728,BBM:F034793,similar,06
BBM,BBM:F034728,BBM:F034941,similar,06
BBM,BBM:F034728,BBM:F035113,similar,06
BBM,BBM:F034793,BBM:F034941,similar,06
BBM,BBM:F034793,BBM:F035113,similar,06
BBM,BBM:F034941,BBM:F035113,similar,06
BBM,BBM:F028095,BBM:F028096,strict,06
BBM,BBM:F031616,BBM:F032014,similar,06
mo,MO:258710,MO:265134,similar,06
mo,MO:258710,MO:265144,similar,06
mo,MO:265134,MO:265144,similar,06
mo,MO:359470,MO:394676,similar,06
BBM,BBM:F020402,BBM:F020408,strict,06
BBM,BBM:F021306,BBM:F021331,strict,06
BBM,BBM:F021554,BBM:F021890,similar,06
BBM,BBM:F021768,BBM:F022182,similar,06
BBM,BBM:F021768,BBM:F022184,similar,06
BBM,BBM:F022182,BBM:F022184,similar,06
BBM,BBM:F033108,BBM:F033160,similar,06
BBM,BBM:F033128,BBM:F033139,similar,06
BBM,BBM:F033128,BBM:F033155,similar,06
BBM,BBM:F033128,BBM:F033159,similar,06
BBM,BBM:F033139,BBM:F033155,similar,06
BBM,BBM:F033139,BBM:F033159,similar,06
BBM,BBM:F033155,BBM:F033159,similar,06
BBM,BBM:F033170,BBM:F033171,similar,06
BBM,BBM:F033170,BBM:F033174,similar,06
BBM,BBM:F033171,BBM:F033174,similar,06
BBM,BBM:F015064,BBM:F034376,similar,06
BBM,BBM:F015157,BBM:F015175,similar,06
BBM,BBM:F015157,BBM:F015282,similar,06
BBM,BBM:F015175,BBM:F015282,similar,06
BBM,BBM:F016004,BBM:F016084,similar,06
BBM,BBM:F016004,BBM:F016116,similar,06
BBM,BBM:F016084,BBM:F016116,similar,06
BBM,BBM:F016981,BBM:F021241,similar,06
BBM,BBM:F016981,BBM:F021764,similar,06
BBM,BBM:F021241,BBM:F021764,similar,06
BBM,BBM:F026507,BBM:F026508,strict,06
BBM,BBM:F026729,BBM:F035350,similar,06
mo,MO:375290,MO:379227,similar,06
mo,MO:375290,MO:379249,similar,06
mo,MO:379227,MO:379249,similar,06
BBM,BBM:F029884,BBM:F029885,similar,06
BBM,BBM:F019926,BBM:F034537,similar,06
BBM,BBM:F032909,BBM:F032951,similar,06
mo,MO:242357,MO:247784,similar,06
mo,MO:323981,MO:326763,similar,06
BBM,BBM:F022715,BBM:F022722,strict,06
BBM,BBM:F024170,BBM:F024234,similar,06
BBM,BBM:F024170,BBM:F024362,similar,06
BBM,BBM:F024170,BBM:F024654,similar,06
BBM,BBM:F024170,BBM:F024690,similar,06
BBM,BBM:F024170,BBM:F024707,similar,06
BBM,BBM:F024170,BBM:F024771,similar,06
BBM,BBM:F024170,BBM:F027599,similar,06
BBM,BBM:F024170,BBM:F034574,similar,06
BBM,BBM:F024170,BBM:F034613,similar,06
BBM,BBM:F024170,BBM:F034699,similar,06
BBM,BBM:F024170,BBM:F035347,similar,06
BBM,BBM:F024170,BBM:F035356,similar,06
BBM,BBM:F024170,BBM:F035685,similar,06
BBM,BBM:F024170,BBM:F035693,similar,06
BBM,BBM:F024234,BBM:F024362,similar,06
BBM,BBM:F024234,BBM:F024654,similar,06
BBM,BBM:F024234,BBM:F024690,similar,06
BBM,BBM:F024234,BBM:F024707,similar,06
BBM,BBM:F024234,BBM:F024771,similar,06
BBM,BBM:F024234,BBM:F027599,similar,06
BBM,BBM:F024234,BBM:F034574,similar,06
BBM,BBM:F024234,BBM:F034613,similar,06
BBM,BBM:F024234,BBM:F034699,similar,06
BBM,BBM:F024234,BBM:F035347,similar,06
BBM,BBM:F024234,BBM:F035356,similar,06
BBM,BBM:F024234,BBM:F035685,similar,06
BBM,BBM:F024234,BBM:F035693,similar,06
BBM,BBM:F024362,BBM:F024654,similar,06
BBM,BBM:F024362,BBM:F024690,similar,06
BBM,BBM:F024362,BBM:F024707,similar,06
BBM,BBM:F024362,BBM:F024771,similar,06
BBM,BBM:F024362,BBM:F027599,similar,06
BBM,BBM:F024362,BBM:F034574,similar,06
BBM,BBM:F024362,BBM:F034613,similar,06
BBM,BBM:F024362,BBM:F034699,similar,06
BBM,BBM:F024362,BBM:F035347,similar,06
BBM,BBM:F024362,BBM:F035356,similar,06
BBM,BBM:F024362,BBM:F035685,similar,06
BBM,BBM:F024362,BBM:F035693,similar,06
BBM,BBM:F024654,BBM:F024690,similar,06
BBM,BBM:F024654,BBM:F024707,similar,06
BBM,BBM:F024654,BBM:F024771,similar,06
BBM,BBM:F024654,BBM:F027599,similar,06
BBM,BBM:F024654,BBM:F034574,similar,06
BBM,BBM:F024654,BBM:F034613,similar,06
BBM,BBM:F024654,BBM:F034699,similar,06
BBM,BBM:F024654,BBM:F035347,similar,06
BBM,BBM:F024654,BBM:F035356,similar,06
BBM,BBM:F024654,BBM:F035685,similar,06
BBM,BBM:F024654,BBM:F035693,similar,06
BBM,BBM:F024690,BBM:F024707,similar,06
BBM,BBM:F024690,BBM:F024771,similar,06
BBM,BBM:F024690,BBM:F027599,similar,06
BBM,BBM:F024690,BBM:F034574,similar,06
BBM,BBM:F024690,BBM:F034613,similar,06
BBM,BBM:F024690,BBM:F034699,similar,06
BBM,BBM:F024690,BBM:F035347,similar,06
BBM,BBM:F024690,BBM:F035356,similar,06
BBM,BBM:F024690,BBM:F035685,similar,06
BBM,BBM:F024690,BBM:F035693,similar,06
BBM,BBM:F024707,BBM:F024771,similar,06
BBM,BBM:F024707,BBM:F027599,similar,06
BBM,BBM:F024707,BBM:F034574,similar,06
BBM,BBM:F024707,BBM:F034613,similar,06
BBM,BBM:F024707,BBM:F034699,similar,06
BBM,BBM:F024707,BBM:F035347,similar,06
BBM,BBM:F024707,BBM:F035356,similar,06
BBM,BBM:F024707,BBM:F035685,similar,06
BBM,BBM:F024707,BBM:F035693,similar,06
BBM,BBM:F024771,BBM:F027599,similar,06
BBM,BBM:F024771,BBM:F034574,similar,06
BBM,BBM:F024771,BBM:F034613,similar,06
BBM,BBM:F024771,BBM:F034699,similar,06
BBM,BBM:F024771,BBM:F035347,similar,06
BBM,BBM:F024771,BBM:F035356,similar,06
BBM,BBM:F024771,BBM:F035685,similar,06
BBM,BBM:F024771,BBM:F035693,similar,06
BBM,BBM:F027599,BBM:F034574,similar,06
BBM,BBM:F027599,BBM:F034613,similar,06
BBM,BBM:F027599,BBM:F034699,similar,06
BBM,BBM:F027599,BBM:F035347,similar,06
BBM,BBM:F027599,BBM:F035356,similar,06
BBM,BBM:F027599,BBM:F035685,similar,06
BBM,BBM:F027599,BBM:F035693,similar,06
BBM,BBM:F034574,BBM:F034613,similar,06
BBM,BBM:F034574,BBM:F034699,similar,06
BBM,BBM:F034574,BBM:F035347,similar,06
BBM,BBM:F034574,BBM:F035356,similar,06
BBM,BBM:F034574,BBM:F035685,similar,06
BBM,BBM:F034574,BBM:F035693,similar,06
BBM,BBM:F034613,BBM:F034699,similar,06
BBM,BBM:F034613,BBM:F035347,similar,06
BBM,BBM:F034613,BBM:F035356,similar,06
BBM,BBM:F034613,BBM:F035685,similar,06
BBM,BBM:F034613,BBM:F035693,similar,06
BBM,BBM:F034699,BBM:F035347,similar,06
BBM,BBM:F034699,BBM:F035356,similar,06
BBM,BBM:F034699,BBM:F035685,similar,06
BBM,BBM:F034699,BBM:F035693,similar,06
BBM,BBM:F035347,BBM:F035356,similar,06
BBM,BBM:F035347,BBM:F035685,similar,06
BBM,BBM:F035347,BBM:F035693,similar,06
BBM,BBM:F035356,BBM:F035685,similar,06
BBM,BBM:F035356,BBM:F035693,similar,06
BBM,BBM:F035685,BBM:F035693,similar,06
BBM,BBM:F024459,BBM:F024574,similar,06
BBM,BBM:F024459,BBM:F034661,similar,06
BBM,BBM:F024459,BBM:F035396,similar,06
BBM,BBM:F024459,BBM:F035618,similar,06
BBM,BBM:F024574,BBM:F034661,similar,06
BBM,BBM:F024574,BBM:F035396,similar,06
BBM,BBM:F024574,BBM:F035618,similar,06
BBM,BBM:F034661,BBM:F035396,similar,06
BBM,BBM:F034661,BBM:F035618,similar,06
BBM,BBM:F035396,BBM:F035618,similar,06
BBM,BBM:F024549,BBM:F024575,similar,06
BBM,BBM:F024549,BBM:F024586,similar,06
BBM,BBM:F024549,BBM:F024587,similar,06
BBM,BBM:F024549,BBM:F024655,similar,06
BBM,BBM:F024549,BBM:F024708,similar,06
BBM,BBM:F024549,BBM:F034643,similar,06
BBM,BBM:F024549,BBM:F034860,similar,06
BBM,BBM:F024549,BBM:F035115,similar,06
BBM,BBM:F024549,BBM:F035136,similar,06
BBM,BBM:F024549,BBM:F035216,similar,06
BBM,BBM:F024549,BBM:F035495,similar,06
BBM,BBM:F024549,BBM:F035591,similar,06
BBM,BBM:F024549,BBM:F035624,similar,06
BBM,BBM:F024549,BBM:F035625,similar,06
BBM,BBM:F024575,BBM:F024586,similar,06
BBM,BBM:F024575,BBM:F024587,similar,06
BBM,BBM:F024575,BBM:F024655,similar,06
BBM,BBM:F024575,BBM:F024708,similar,06
BBM,BBM:F024575,BBM:F034643,similar,06
BBM,BBM:F024575,BBM:F034860,similar,06
BBM,BBM:F024575,BBM:F035115,similar,06
BBM,BBM:F024575,BBM:F035136,similar,06
BBM,BBM:F024575,BBM:F035216,similar,06
BBM,BBM:F024575,BBM:F035495,similar,06
BBM,BBM:F024575,BBM:F035591,similar,06
BBM,BBM:F024575,BBM:F035624,similar,06
BBM,BBM:F024575,BBM:F035625,similar,06
BBM,BBM:F024586,BBM:F024587,similar,06
BBM,BBM:F024586,BBM:F024655,similar,06
BBM,BBM:F024586,BBM:F024708,similar,06
BBM,BBM:F024586,BBM:F034643,similar,06
BBM,BBM:F024586,BBM:F034860,similar,06
BBM,BBM:F024586,BBM:F035115,similar,06
BBM,BBM:F024586,BBM:F035136,similar,06
BBM,BBM:F024586,BBM:F035216,similar,06
BBM,BBM:F024586,BBM:F035495,similar,06
BBM,BBM:F024586,BBM:F035591,similar,06
BBM,BBM:F024586,BBM:F035624,similar,06
BBM,BBM:F024586,BBM:F035625,similar,06
BBM,BBM:F024587,BBM:F024655,similar,06
BBM,BBM:F024587,BBM:F024708,similar,06
BBM,BBM:F024587,BBM:F034643,similar,06
BBM,BBM:F024587,BBM:F034860,similar,06
BBM,BBM:F024587,BBM:F035115,similar,06
BBM,BBM:F024587,BBM:F035136,similar,06
BBM,BBM:F024587,BBM:F035216,similar,06
BBM,BBM:F024587,BBM:F035495,similar,06
BBM,BBM:F024587,BBM:F035591,similar,06
BBM,BBM:F024587,BBM:F035624,similar,06
BBM,BBM:F024587,BBM:F035625,similar,06
BBM,BBM:F024655,BBM:F024708,similar,06
BBM,BBM:F024655,BBM:F034643,similar,06
BBM,BBM:F024655,BBM:F034860,similar,06
BBM,BBM:F024655,BBM:F035115,similar,06
BBM,BBM:F024655,BBM:F035136,similar,06
BBM,BBM:F024655,BBM:F035216,similar,06
BBM,BBM:F024655,BBM:F035495,similar,06
BBM,BBM:F024655,BBM:F035591,similar,06
BBM,BBM:F024655,BBM:F035624,similar,06
BBM,BBM:F024655,BBM:F035625,similar,06
BBM,BBM:F024708,BBM:F034643,similar,06
BBM,BBM:F024708,BBM:F034860,similar,06
BBM,BBM:F024708,BBM:F035115,similar,06
BBM,BBM:F024708,BBM:F035136,similar,06
BBM,BBM:F024708,BBM:F035216,similar,06
BBM,BBM:F024708,BBM:F035495,similar,06
BBM,BBM:F024708,BBM:F035591,similar,06
BBM,BBM:F024708,BBM:F035624,similar,06
BBM,BBM:F024708,BBM:F035625,similar,06
BBM,BBM:F034643,BBM:F034860,similar,06
BBM,BBM:F034643,BBM:F035115,similar,06
BBM,BBM:F034643,BBM:F035136,similar,06
BBM,BBM:F034643,BBM:F035216,similar,06
BBM,BBM:F034643,BBM:F035495,similar,06
BBM,BBM:F034643,BBM:F035591,similar,06
BBM,BBM:F034643,BBM:F035624,similar,06
BBM,BBM:F034643,BBM:F035625,similar,06
BBM,BBM:F034860,BBM:F035115,similar,06
BBM,BBM:F034860,BBM:F035136,similar,06
BBM,BBM:F034860,BBM:F035216,similar,06
BBM,BBM:F034860,BBM:F035495,similar,06
BBM,BBM:F034860,BBM:F035591,similar,06
BBM,BBM:F034860,BBM:F035624,similar,06
BBM,BBM:F034860,BBM:F035625,similar,06
BBM,BBM:F035115,BBM:F035136,similar,06
BBM,BBM:F035115,BBM:F035216,similar,06
BBM,BBM:F035115,BBM:F035495,similar,06
BBM,BBM:F035115,BBM:F035591,similar,06
BBM,BBM:F035115,BBM:F035624,similar,06
BBM,BBM:F035115,BBM:F035625,similar,06
BBM,BBM:F035136,BBM:F035216,similar,06
BBM,BBM:F035136,BBM:F035495,similar,06
BBM,BBM:F035136,BBM:F035591,similar,06
BBM,BBM:F035136,BBM:F035624,similar,06
BBM,BBM:F035136,BBM:F035625,similar,06
BBM,BBM:F035216,BBM:F035495,similar,06
BBM,BBM:F035216,BBM:F035591,similar,06
BBM,BBM:F035216,BBM:F035624,similar,06
BBM,BBM:F035216,BBM:F035625,similar,06
BBM,BBM:F035495,BBM:F035591,similar,06
BBM,BBM:F035495,BBM:F035624,similar,06
BBM,BBM:F035495,BBM:F035625,similar,06
BBM,BBM:F035591,BBM:F035624,similar,06
BBM,BBM:F035591,BBM:F035625,similar,06
BBM,BBM:F035624,BBM:F035625,similar,06
BBM,BBM:F024642,BBM:F027600,similar,06
BBM,BBM:F024642,BBM:F027601,similar,06
BBM,BBM:F024642,BBM:F034598,similar,06
BBM,BBM:F024642,BBM:F035423,similar,06
BBM,BBM:F024642,BBM:F035606,similar,06
BBM,BBM:F027600,BBM:F027601,similar,06
BBM,BBM:F027600,BBM:F034598,similar,06
BBM,BBM:F027600,BBM:F035423,similar,06
BBM,BBM:F027600,BBM:F035606,similar,06
BBM,BBM:F027601,BBM:F034598,similar,06
BBM,BBM:F027601,BBM:F035423,similar,06
BBM,BBM:F027601,BBM:F035606,similar,06
BBM,BBM:F034598,BBM:F035423,similar,06
BBM,BBM:F034598,BBM:F035606,similar,06
BBM,BBM:F035423,BBM:F035606,similar,06
BBM,BBM:F024709,BBM:F024710,strict,06
BBM,BBM:F024729,BBM:F034794,similar,06
BBM,BBM:F024729,BBM:F034857,similar,06
BBM,BBM:F024729,BBM:F035401,similar,06
BBM,BBM:F024729,BBM:F035484,similar,06
BBM,BBM:F024729,BBM:F035554,similar,06
BBM,BBM:F024729,BBM:F035626,similar,06
BBM,BBM:F034794,BBM:F034857,similar,06
BBM,BBM:F034794,BBM:F035401,similar,06
BBM,BBM:F034794,BBM:F035484,similar,06
BBM,BBM:F034794,BBM:F035554,similar,06
BBM,BBM:F034794,BBM:F035626,similar,06
BBM,BBM:F034857,BBM:F035401,similar,06
BBM,BBM:F034857,BBM:F035484,similar,06
BBM,BBM:F034857,BBM:F035554,similar,06
BBM,BBM:F034857,BBM:F035626,similar,06
BBM,BBM:F035401,BBM:F035484,similar,06
BBM,BBM:F035401,BBM:F035554,similar,06
BBM,BBM:F035401,BBM:F035626,similar,06
BBM,BBM:F035484,BBM:F035554,similar,06
BBM,BBM:F035484,BBM:F035626,similar,06
BBM,BBM:F035554,BBM:F035626,similar,06
BBM,BBM:F024949,BBM:F025285,similar,06
BBM,BBM:F025219,BBM:F025220,strict,06
BBM,BBM:F025241,BBM:F035262,similar,06
BBM,BBM:F025241,BBM:F035395,similar,06
BBM,BBM:F035262,BBM:F035395,similar,06
BBM,BBM:F025839,BBM:F026303,similar,06
mo,MO:129746,MO:151558,similar,06
BBM,BBM:F026008,BBM:F026146,similar,06
BBM,BBM:F026008,BBM:F026235,similar,06
BBM,BBM:F026146,BBM:F026235,similar,06
BBM,BBM:F026234,BBM:F034708,similar,06
BBM,BBM:F026234,BBM:F034864,similar,06
BBM,BBM:F026234,BBM:F035084,similar,06
BBM,BBM:F026234,BBM:F035248,similar,06
BBM,BBM:F026234,BBM:F035385,similar,06
BBM,BBM:F034708,BBM:F034864,similar,06
BBM,BBM:F034708,BBM:F035084,similar,06
BBM,BBM:F034708,BBM:F035248,similar,06
BBM,BBM:F034708,BBM:F035385,similar,06
BBM,BBM:F034864,BBM:F035084,similar,06
BBM,BBM:F034864,BBM:F035248,similar,06
BBM,BBM:F034864,BBM:F035385,similar,06
BBM,BBM:F035084,BBM:F035248,similar,06
BBM,BBM:F035084,BBM:F035385,similar,06
BBM,BBM:F035248,BBM:F035385,similar,06
BBM,BBM:F026336,BBM:F026362,similar,06
BBM,BBM:F026449,BBM:F026461,similar,06
BBM,BBM:F026449,BBM:F026473,similar,06
BBM,BBM:F026449,BBM:F026495,similar,06
BBM,BBM:F026449,BBM:F026530,similar,06
BBM,BBM:F026449,BBM:F029960,similar,06
BBM,BBM:F026449,BBM:F030002,similar,06
BBM,BBM:F026449,BBM:F032443,similar,06
BBM,BBM:F026461,BBM:F026473,similar,06
BBM,BBM:F026461,BBM:F026495,similar,06
BBM,BBM:F026461,BBM:F026530,similar,06
BBM,BBM:F026461,BBM:F029960,similar,06
BBM,BBM:F026461,BBM:F030002,similar,06
BBM,BBM:F026461,BBM:F032443,similar,06
BBM,BBM:F026473,BBM:F026495,similar,06
BBM,BBM:F026473,BBM:F026530,similar,06
BBM,BBM:F026473,BBM:F029960,similar,06
BBM,BBM:F026473,BBM:F030002,similar,06
BBM,BBM:F026473,BBM:F032443,similar,06
BBM,BBM:F026495,BBM:F026530,similar,06
BBM,BBM:F026495,BBM:F029960,similar,06
BBM,BBM:F026495,BBM:F030002,similar,06
BBM,BBM:F026495,BBM:F032443,similar,06
BBM,BBM:F026530,BBM:F029960,similar,06
BBM,BBM:F026530,BBM:F030002,similar,06
BBM,BBM:F026530,BBM:F032443,similar,06
BBM,BBM:F029960,BBM:F030002,similar,06
BBM,BBM:F029960,BBM:F032443,similar,06
BBM,BBM:F030002,BBM:F032443,similar,06
BBM,BBM:F026496,BBM:F030003,similar,06
BBM,BBM:F026698,BBM:F026730,similar,06
BBM,BBM:F026698,BBM:F027314,similar,06
BBM,BBM:F026730,BBM:F027314,similar,06
BBM,BBM:F026699,BBM:F027105,similar,06
BBM,BBM:F026699,BBM:F027242,similar,06
BBM,BBM:F026699,BBM:F027243,similar,06
BBM,BBM:F027105,BBM:F027242,similar,06
BBM,BBM:F027105,BBM:F027243,similar,06
BBM,BBM:F027242,BBM:F027243,similar,06
BBM,BBM:F027156,BBM:F027177,similar,06
BBM,BBM:F027156,BBM:F027212,similar,06
BBM,BBM:F027156,BBM:F027244,similar,06
BBM,BBM:F027156,BBM:F027271,similar,06
BBM,BBM:F027156,BBM:F027315,similar,06
BBM,BBM:F027177,BBM:F027212,similar,06
BBM,BBM:F027177,BBM:F027244,similar,06
BBM,BBM:F027177,BBM:F027271,similar,06
BBM,BBM:F027177,BBM:F027315,similar,06
BBM,BBM:F027212,BBM:F027244,similar,06
BBM,BBM:F027212,BBM:F027271,similar,06
BBM,BBM:F027212,BBM:F027315,similar,06
BBM,BBM:F027244,BBM:F027271,similar,06
BBM,BBM:F027244,BBM:F027315,similar,06
BBM,BBM:F027271,BBM:F027315,similar,06
BBM,BBM:F027652,BBM:F034954,similar,06
BBM,BBM:F028999,BBM:F032522,similar,06
BBM,BBM:F029039,BBM:F029059,similar,06
BBM,BBM:F029039,BBM:F032523,similar,06
BBM,BBM:F029059,BBM:F032523,similar,06
BBM,BBM:F029341,BBM:F029411,similar,06
BBM,BBM:F029410,BBM:F029471,similar,06
BBM,BBM:F029410,BBM:F029489,similar,06
BBM,BBM:F029410,BBM:F029578,similar,06
BBM,BBM:F029410,BBM:F029597,similar,06
BBM,BBM:F029471,BBM:F029489,similar,06
BBM,BBM:F029471,BBM:F029578,similar,06
BBM,BBM:F029471,BBM:F029597,similar,06
BBM,BBM:F029489,BBM:F029578,similar,06
BBM,BBM:F029489,BBM:F029597,similar,06
BBM,BBM:F029578,BBM:F029597,similar,06
BBM,BBM:F029470,BBM:F029504,similar,06
BBM,BBM:F029470,BBM:F029505,similar,06
BBM,BBM:F029470,BBM:F029548,similar,06
BBM,BBM:F029470,BBM:F029609,similar,06
BBM,BBM:F029470,BBM:F029642,similar,06
BBM,BBM:F029470,BBM:F029643,similar,06
BBM,BBM:F029470,BBM:F029662,similar,06
BBM,BBM:F029504,BBM:F029505,similar,06
BBM,BBM:F029504,BBM:F029548,similar,06
BBM,BBM:F029504,BBM:F029609,similar,06
BBM,BBM:F029504,BBM:F029642,similar,06
BBM,BBM:F029504,BBM:F029643,similar,06
BBM,BBM:F029504,BBM:F029662,similar,06
BBM,BBM:F029505,BBM:F029548,similar,06
BBM,BBM:F029505,BBM:F029609,similar,06
BBM,BBM:F029505,BBM:F029642,similar,06
BBM,BBM:F029505,BBM:F029643,similar,06
BBM,BBM:F029505,BBM:F029662,similar,06
BBM,BBM:F029548,BBM:F029609,similar,06
BBM,BBM:F029548,BBM:F029642,similar,06
BBM,BBM:F029548,BBM:F029643,similar,06
BBM,BBM:F029548,BBM:F029662,similar,06
BBM,BBM:F029609,BBM:F029642,similar,06
BBM,BBM:F029609,BBM:F029643,similar,06
BBM,BBM:F029609,BBM:F029662,similar,06
BBM,BBM:F029642,BBM:F029643,similar,06
BBM,BBM:F029642,BBM:F029662,similar,06
BBM,BBM:F029643,BBM:F029662,similar,06
BBM,BBM:F029549,BBM:F029580,similar,06
BBM,BBM:F029549,BBM:F029644,similar,06
BBM,BBM:F029580,BBM:F029644,similar,06
BBM,BBM:F029610,BBM:F029627,similar,06
BBM,BBM:F029610,BBM:F029645,similar,06
BBM,BBM:F029627,BBM:F029645,similar,06
BBM,BBM:F029816,BBM:F029962,similar,06
BBM,BBM:F029938,BBM:F029961,similar,06
BBM,BBM:F029938,BBM:F032442,similar,06
BBM,BBM:F029961,BBM:F032442,similar,06
BBM,BBM:F031534,BBM:F031559,similar,06
mo,MO:67936,MO:361632,strict,06
BBM,BBM:F031897,BBM:F032016,similar,06
BBM,BBM:F034667,BBM:F034696,similar,06
mo,MO:348425,MO:352150,similar,06
mo,MO:223858,MO:226459,similar,06
mo,MO:319671,MO:367414,similar,06
BBM,BBM:F030423,BBM:F030437,similar,06
BBM,BBM:F021240,BBM:F021505,similar,06
BBM,BBM:F019950,BBM:F019954,strict,06
BBM,BBM:F019950,BBM:F019963,strict,06
BBM,BBM:F019954,BBM:F019963,strict,06
BBM,BBM:F019970,BBM:F019982,strict,06
BBM,BBM:F019970,BBM:F019984,strict,06
BBM,BBM:F019982,BBM:F019984,strict,06
BBM,BBM:F020008,BBM:F020433,similar,06
BBM,BBM:F020021,BBM:F020023,strict,06
BBM,BBM:F020024,BBM:F020025,strict,06
BBM,BBM:F020024,BBM:F020026,strict,06
BBM,BBM:F020025,BBM:F020026,strict,06
BBM,BBM:F020028,BBM:F020029,strict,06
BBM,BBM:F020344,BBM:F024609,similar,06
BBM,BBM:F020344,BBM:F024674,similar,06
BBM,BBM:F020344,BBM:F024702,similar,06
BBM,BBM:F020344,BBM:F027586,similar,06
BBM,BBM:F024609,BBM:F024674,similar,06
BBM,BBM:F024609,BBM:F024702,similar,06
BBM,BBM:F024609,BBM:F027586,similar,06
BBM,BBM:F024674,BBM:F024702,similar,06
BBM,BBM:F024674,BBM:F027586,similar,06
BBM,BBM:F024702,BBM:F027586,similar,06
BBM,BBM:F024607,BBM:F024608,strict,06
BBM,BBM:F027485,BBM:F027486,strict,06
BBM,BBM:F027791,BBM:F034362,similar,06
BBM,BBM:F029873,BBM:F033842,similar,06
mo,MO:316069,MO:316356,strict,06
mo,MO:387902,MO:388089,similar,06
BBM,BBM:F016296,BBM:F034013,similar,06
BBM,BBM:F027663,BBM:F034686,similar,06
BBM,BBM:F013754,BBM:F013755,similar,06
BBM,BBM:F013880,BBM:F013881,strict,06
BBM,BBM:F013885,BBM:F013916,strict,06
BBM,BBM:F013900,BBM:F013901,strict,06
BBM,BBM:F014820,BBM:F014835,similar,06
BBM,BBM:F021370,BBM:F021604,similar,06
BBM,BBM:F024141,BBM:F024758,similar,06
BBM,BBM:F024141,BBM:F035132,similar,06
BBM,BBM:F024758,BBM:F035132,similar,06
BBM,BBM:F024697,BBM:F024735,similar,06
BBM,BBM:F024959,BBM:F027686,similar,06
BBM,BBM:F027260,BBM:F027337,similar,06
BBM,BBM:F027672,BBM:F034274,similar,06
BBM,BBM:F029046,BBM:F029047,strict,06
BBM,BBM:F029046,BBM:F029048,strict,06
BBM,BBM:F029047,BBM:F029048,strict,06
BBM,BBM:F029065,BBM:F029066,strict,06
BBM,BBM:F029079,BBM:F029106,similar,06
BBM,BBM:F029079,BBM:F029634,similar,06
BBM,BBM:F029106,BBM:F029634,similar,06
BBM,BBM:F029743,BBM:F034995,similar,06
mo,MO:314264,MO:355894,similar,06
BBM,BBM:F013854,BBM:F013855,strict,06
BBM,BBM:F013939,BBM:F014812,similar,06
BBM,BBM:F021247,BBM:F034019,similar,06
BBM,BBM:F022713,BBM:F022744,strict,06
BBM,BBM:F026913,BBM:F026949,similar,06
BBM,BBM:F013973,BBM:F014809,similar,06
BBM,BBM:F014371,BBM:F034371,similar,06
BBM,BBM:F014371,BBM:F035573,similar,06
BBM,BBM:F034371,BBM:F035573,similar,06
BBM,BBM:F020347,BBM:F022830,similar,06
BBM,BBM:F020347,BBM:F035067,similar,06
BBM,BBM:F022830,BBM:F035067,similar,06
BBM,BBM:F022588,BBM:F022609,similar,06
BBM,BBM:F022588,BBM:F022802,similar,06
BBM,BBM:F022588,BBM:F022804,similar,06
BBM,BBM:F022609,BBM:F022802,similar,06
BBM,BBM:F022609,BBM:F022804,similar,06
BBM,BBM:F022802,BBM:F022804,similar,06
BBM,BBM:F026704,BBM:F027318,similar,06
BBM,BBM:F017638,BBM:F017982,strict,06
BBM,BBM:F024430,BBM:F034813,similar,06
BBM,BBM:F024788,BBM:F027487,similar,06
BBM,BBM:F032300,BBM:F032301,strict,06
BBM,BBM:F027126,BBM:F027186,similar,06
BBM,BBM:F034091,BBM:F034275,similar,06
mo,MO:390156,MO:392357,similar,06
BBM,BBM:F018325,BBM:F023807,strict,06
BBM,BBM:F028030,BBM:F028054,similar,06
BBM,BBM:F031773,BBM:F031774,strict,06
mo,MO:149531,MO:149532,strict,06
mo,MO:149531,MO:149537,strict,06
mo,MO:149532,MO:149537,strict,06
BBM,BBM:F032818,BBM:F032819,strict,06
BBM,BBM:F025019,BBM:F035343,similar,06
BBM,BBM:F025019,BBM:F035349,similar,06
BBM,BBM:F035343,BBM:F035349,similar,06
BBM,BBM:F022616,BBM:F022624,strict,06
BBM,BBM:F022659,BBM:F022719,similar,06
BBM,BBM:F022666,BBM:F022753,similar,06
BBM,BBM:F024108,BBM:F024179,similar,06
BBM,BBM:F024108,BBM:F024203,similar,06
BBM,BBM:F024108,BBM:F024217,similar,06
BBM,BBM:F024179,BBM:F024203,similar,06
BBM,BBM:F024179,BBM:F024217,similar,06
BBM,BBM:F024203,BBM:F024217,similar,06
BBM,BBM:F027109,BBM:F027293,similar,06
BBM,BBM:F029515,BBM:F029552,similar,06
BBM,BBM:F031913,BBM:F031947,similar,06
BBM,BBM:F034982,BBM:F035647,similar,06
mo,MO:65636,MO:394670,similar,06
mo,MO:65636,MO:451706,similar,06
mo,MO:394670,MO:451706,similar,06
mo,MO:84958,MO:122947,similar,06
mo,MO:96583,MO:103652,similar,06
BBM,BBM:F029399,BBM:F029501,similar,06
mo,MO:391813,MO:392249,similar,06
BBM,BBM:F014588,BBM:F014641,strict,06
BBM,BBM:F014588,BBM:F014644,strict,06
BBM,BBM:F014641,BBM:F014644,strict,06
BBM,BBM:F015525,BBM:F015536,similar,06
BBM,BBM:F015155,BBM:F015270,similar,06
BBM,BBM:F015923,BBM:F016064,similar,06
BBM,BBM:F015923,BBM:F016094,similar,06
BBM,BBM:F016064,BBM:F016094,similar,06
BBM,BBM:F016686,BBM:F016825,similar,06
BBM,BBM:F016761,BBM:F016781,strict,06
BBM,BBM:F016761,BBM:F016798,strict,06
BBM,BBM:F016781,BBM:F016798,strict,06
BBM,BBM:F014618,BBM:F014624,similar,06
BBM,BBM:F014618,BBM:F035450,similar,06
BBM,BBM:F014618,BBM:F035572,similar,06
BBM,BBM:F014624,BBM:F035450,similar,06
BBM,BBM:F014624,BBM:F035572,similar,06
BBM,BBM:F035450,BBM:F035572,similar,06
BBM,BBM:F024869,BBM:F025200,similar,06
BBM,BBM:F027034,BBM:F027310,similar,06
BBM,BBM:F024299,BBM:F034600,similar,06
BBM,BBM:F024299,BBM:F034689,similar,06
BBM,BBM:F024299,BBM:F034846,similar,06
BBM,BBM:F024299,BBM:F035172,similar,06
BBM,BBM:F024299,BBM:F035180,similar,06
BBM,BBM:F024299,BBM:F035290,similar,06
BBM,BBM:F024299,BBM:F035373,similar,06
BBM,BBM:F024299,BBM:F035526,similar,06
BBM,BBM:F034600,BBM:F034689,similar,06
BBM,BBM:F034600,BBM:F034846,similar,06
BBM,BBM:F034600,BBM:F035172,similar,06
BBM,BBM:F034600,BBM:F035180,similar,06
BBM,BBM:F034600,BBM:F035290,similar,06
BBM,BBM:F034600,BBM:F035373,similar,06
BBM,BBM:F034600,BBM:F035526,similar,06
BBM,BBM:F034689,BBM:F034846,similar,06
BBM,BBM:F034689,BBM:F035172,similar,06
BBM,BBM:F034689,BBM:F035180,similar,06
BBM,BBM:F034689,BBM:F035290,similar,06
BBM,BBM:F034689,BBM:F035373,similar,06
BBM,BBM:F034689,BBM:F035526,similar,06
BBM,BBM:F034846,BBM:F035172,similar,06
BBM,BBM:F034846,BBM:F035180,similar,06
BBM,BBM:F034846,BBM:F035290,similar,06
BBM,BBM:F034846,BBM:F035373,similar,06
BBM,BBM:F034846,BBM:F035526,similar,06
BBM,BBM:F035172,BBM:F035180,similar,06
BBM,BBM:F035172,BBM:F035290,similar,06
BBM,BBM:F035172,BBM:F035373,similar,06
BBM,BBM:F035172,BBM:F035526,similar,06
BBM,BBM:F035180,BBM:F035290,similar,06
BBM,BBM:F035180,BBM:F035373,similar,06
BBM,BBM:F035180,BBM:F035526,similar,06
BBM,BBM:F035290,BBM:F035373,similar,06
BBM,BBM:F035290,BBM:F035526,similar,06
BBM,BBM:F035373,BBM:F035526,similar,06
BBM,BBM:F025757,BBM:F025819,similar,06
BBM,BBM:F025757,BBM:F025897,similar,06
BBM,BBM:F025757,BBM:F026239,similar,06
BBM,BBM:F025819,BBM:F025897,similar,06
BBM,BBM:F025819,BBM:F026239,similar,06
BBM,BBM:F025897,BBM:F026239,similar,06
BBM,BBM:F028776,BBM:F032394,similar,06
BBM,BBM:F029582,BBM:F029614,similar,06
BBM,BBM:F031779,BBM:F031888,similar,06
BBM,BBM:F031779,BBM:F031966,similar,06
BBM,BBM:F031888,BBM:F031966,similar,06
mo,MO:441710,MO:441758,similar,06
BBM,BBM:F024564,BBM:F024764,similar,06
BBM,BBM:F024564,BBM:F034724,similar,06
BBM,BBM:F024564,BBM:F034919,similar,06
BBM,BBM:F024564,BBM:F035410,similar,06
BBM,BBM:F024564,BBM:F035576,similar,06
BBM,BBM:F024764,BBM:F034724,similar,06
BBM,BBM:F024764,BBM:F034919,similar,06
BBM,BBM:F024764,BBM:F035410,similar,06
BBM,BBM:F024764,BBM:F035576,similar,06
BBM,BBM:F034724,BBM:F034919,similar,06
BBM,BBM:F034724,BBM:F035410,similar,06
BBM,BBM:F034724,BBM:F035576,similar,06
BBM,BBM:F034919,BBM:F035410,similar,06
BBM,BBM:F034919,BBM:F035576,similar,06
BBM,BBM:F035410,BBM:F035576,similar,06
BBM,BBM:F014824,BBM:F014826,strict,06
BBM,BBM:F014883,BBM:F035024,similar,06
BBM,BBM:F014883,BBM:F035659,similar,06
BBM,BBM:F035024,BBM:F035659,similar,06
BBM,BBM:F031638,BBM:F031649,similar,06
BBM,BBM:F031638,BBM:F031805,similar,06
BBM,BBM:F031649,BBM:F031805,similar,06
BBM,BBM:F024822,BBM:F033741,similar,06
BBM,BBM:F024822,BBM:F034770,similar,06
BBM,BBM:F033741,BBM:F034770,similar,06
mo,MO:306790,MO:306915,similar,06
BBM,BBM:F016294,BBM:F034029,similar,06
BBM,BBM:F016294,BBM:F034673,similar,06
BBM,BBM:F016294,BBM:F034817,similar,06
BBM,BBM:F016294,BBM:F035102,similar,06
BBM,BBM:F016294,BBM:F035117,similar,06
BBM,BBM:F016294,BBM:F035279,similar,06
BBM,BBM:F016294,BBM:F035391,similar,06
BBM,BBM:F034029,BBM:F034673,similar,06
BBM,BBM:F034029,BBM:F034817,similar,06
BBM,BBM:F034029,BBM:F035102,similar,06
BBM,BBM:F034029,BBM:F035117,similar,06
BBM,BBM:F034029,BBM:F035279,similar,06
BBM,BBM:F034029,BBM:F035391,similar,06
BBM,BBM:F034673,BBM:F034817,similar,06
BBM,BBM:F034673,BBM:F035102,similar,06
BBM,BBM:F034673,BBM:F035117,similar,06
BBM,BBM:F034673,BBM:F035279,similar,06
BBM,BBM:F034673,BBM:F035391,similar,06
BBM,BBM:F034817,BBM:F035102,similar,06
BBM,BBM:F034817,BBM:F035117,similar,06
BBM,BBM:F034817,BBM:F035279,similar,06
BBM,BBM:F034817,BBM:F035391,similar,06
BBM,BBM:F035102,BBM:F035117,similar,06
BBM,BBM:F035102,BBM:F035279,similar,06
BBM,BBM:F035102,BBM:F035391,similar,06
BBM,BBM:F035117,BBM:F035279,similar,06
BBM,BBM:F035117,BBM:F035391,similar,06
BBM,BBM:F035279,BBM:F035391,similar,06
BBM,BBM:F022457,BBM:F032521,similar,06
BBM,BBM:F027438,BBM:F035009,similar,06
BBM,BBM:F027438,BBM:F035168,similar,06
BBM,BBM:F035009,BBM:F035168,similar,06
BBM,BBM:F029073,BBM:F029579,similar,06
mo,MO:347653,MO:351208,similar,06
mo,MO:347653,MO:354983,similar,06
mo,MO:347653,MO:457176,similar,06
mo,MO:351208,MO:354983,similar,06
mo,MO:351208,MO:457176,similar,06
mo,MO:354983,MO:457176,similar,06
mo,MO:385285,MO:387904,similar,06
mo,MO:385285,MO:389107,similar,06
mo,MO:387904,MO:389107,similar,06
BBM,BBM:F015152,BBM:F015179,similar,06
BBM,BBM:F015351,BBM:F015372,similar,06
BBM,BBM:F015351,BBM:F015398,similar,06
BBM,BBM:F015372,BBM:F015398,similar,06
BBM,BBM:F015881,BBM:F015969,similar,06
BBM,BBM:F015881,BBM:F016055,similar,06
BBM,BBM:F015969,BBM:F016055,similar,06
BBM,BBM:F024185,BBM:F032403,similar,06
mo,MO:329636,MO:336930,similar,06
mo,MO:314265,MO:364420,similar,06
BBM,BBM:F015240,BBM:F035030,similar,06
BBM,BBM:F015240,BBM:F035329,similar,06
BBM,BBM:F035030,BBM:F035329,similar,06
BBM,BBM:F018261,BBM:F029126,strict,06
BBM,BBM:F018406,BBM:F029676,strict,06
BBM,BBM:F024177,BBM:F024776,similar,06
BBM,BBM:F024177,BBM:F027603,similar,06
BBM,BBM:F024776,BBM:F027603,similar,06
BBM,BBM:F026414,BBM:F026416,strict,06
BBM,BBM:F026415,BBM:F033751,similar,06
BBM,BBM:F015919,BBM:F016125,similar,06
BBM,BBM:F031488,BBM:F031536,similar,06
BBM,BBM:F015336,BBM:F015350,similar,06
BBM,BBM:F029077,BBM:F029583,similar,06
BBM,BBM:F018157,BBM:F018177,strict,06
BBM,BBM:F027501,BBM:F034580,similar,06
BBM,BBM:F027765,BBM:F027766,strict,06
BBM,BBM:F024516,BBM:F024630,similar,06
BBM,BBM:F024516,BBM:F027479,similar,06
BBM,BBM:F024516,BBM:F035468,similar,06
BBM,BBM:F024516,BBM:F035496,similar,06
BBM,BBM:F024516,BBM:F035560,similar,06
BBM,BBM:F024516,BBM:F035562,similar,06
BBM,BBM:F024516,BBM:F035582,similar,06
BBM,BBM:F024630,BBM:F027479,similar,06
BBM,BBM:F024630,BBM:F035468,similar,06
BBM,BBM:F024630,BBM:F035496,similar,06
BBM,BBM:F024630,BBM:F035560,similar,06
BBM,BBM:F024630,BBM:F035562,similar,06
BBM,BBM:F024630,BBM:F035582,similar,06
BBM,BBM:F027479,BBM:F035468,similar,06
BBM,BBM:F027479,BBM:F035496,similar,06
BBM,BBM:F027479,BBM:F035560,similar,06
BBM,BBM:F027479,BBM:F035562,similar,06
BBM,BBM:F027479,BBM:F035582,similar,06
BBM,BBM:F035468,BBM:F035496,similar,06
BBM,BBM:F035468,BBM:F035560,similar,06
BBM,BBM:F035468,BBM:F035562,similar,06
BBM,BBM:F035468,BBM:F035582,similar,06
BBM,BBM:F035496,BBM:F035560,similar,06
BBM,BBM:F035496,BBM:F035562,similar,06
BBM,BBM:F035496,BBM:F035582,similar,06
BBM,BBM:F035560,BBM:F035562,similar,06
BBM,BBM:F035560,BBM:F035582,similar,06
BBM,BBM:F035562,BBM:F035582,similar,06
BBM,BBM:F029296,BBM:F029389,similar,06
BBM,BBM:F029296,BBM:F029419,similar,06
BBM,BBM:F029296,BBM:F029453,similar,06
BBM,BBM:F029389,BBM:F029419,similar,06
BBM,BBM:F029389,BBM:F029453,similar,06
BBM,BBM:F029419,BBM:F029453,similar,06
BBM,BBM:F029860,BBM:F029893,similar,06
BBM,BBM:F031420,BBM:F031424,similar,06
BBM,BBM:F031420,BBM:F035701,similar,06
BBM,BBM:F031424,BBM:F035701,similar,06
mo,MO:261386,MO:263008,strict,06
BBM,BBM:F019320,BBM:F019323,similar,06
BBM,BBM:F019320,BBM:F019335,similar,06
BBM,BBM:F019323,BBM:F019335,similar,06
BBM,BBM:F019442,BBM:F019479,similar,06
BBM,BBM:F022879,BBM:F022888,strict,06
BBM,BBM:F032055,BBM:F033213,similar,06
mo,MO:342268,MO:352289,similar,06
mo,MO:359420,MO:389101,similar,06
mo,MO:385261,MO:400440,similar,06
BBM,BBM:F025289,BBM:F034883,similar,06
BBM,BBM:F028139,BBM:F035651,similar,06
BBM,BBM:F029235,BBM:F029247,similar,06
BBM,BBM:F030457,BBM:F030483,similar,06
BBM,BBM:F027252,BBM:F027253,strict,06
BBM,BBM:F028778,BBM:F029001,similar,06
BBM,BBM:F029362,BBM:F029482,similar,06
BBM,BBM:F029362,BBM:F029493,similar,06
BBM,BBM:F029362,BBM:F029590,similar,06
BBM,BBM:F029482,BBM:F029493,similar,06
BBM,BBM:F029482,BBM:F029590,similar,06
BBM,BBM:F029493,BBM:F029590,similar,06
BBM,BBM:F031568,BBM:F031625,similar,06
BBM,BBM:F031869,BBM:F031930,similar,06
BBM,BBM:F031869,BBM:F031931,similar,06
BBM,BBM:F031930,BBM:F031931,similar,06
BBM,BBM:F030492,BBM:F030872,similar,06
BBM,BBM:F019434,BBM:F019483,similar,06
BBM,BBM:F019822,BBM:F019826,similar,06
BBM,BBM:F019860,BBM:F019892,strict,06
BBM,BBM:F020355,BBM:F022828,similar,06
BBM,BBM:F020355,BBM:F034001,similar,06
BBM,BBM:F022828,BBM:F034001,similar,06
BBM,BBM:F022892,BBM:F022893,strict,06
BBM,BBM:F022892,BBM:F022894,strict,06
BBM,BBM:F022893,BBM:F022894,strict,06
BBM,BBM:F028015,BBM:F033725,similar,06
BBM,BBM:F033079,BBM:F033235,similar,06
BBM,BBM:F034230,BBM:F035803,similar,06
mo,MO:290442,MO:291974,similar,06
mo,MO:290442,MO:334755,similar,06
mo,MO:291974,MO:334755,similar,06
mo,MO:374078,MO:378221,similar,06
mo,MO:374078,MO:394287,similar,06
mo,MO:378221,MO:394287,similar,06
BBM,BBM:F027833,BBM:F027834,strict,06
BBM,BBM:F034296,BBM:F035682,similar,06
BBM,BBM:F034296,BBM:F035762,similar,06
BBM,BBM:F035682,BBM:F035762,similar,06
BBM,BBM:F026118,BBM:F026198,similar,06
BBM,BBM:F026118,BBM:F035227,similar,06
BBM,BBM:F026198,BBM:F035227,similar,06
mo,MO:155785,MO:160704,similar,06
BBM,BBM:F031524,BBM:F031525,strict,06
BBM,BBM:F031554,BBM:F031555,strict,06
BBM,BBM:F031554,BBM:F031556,strict,06
BBM,BBM:F031555,BBM:F031556,strict,06
BBM,BBM:F018276,BBM:F018453,similar,06
BBM,BBM:F018747,BBM:F018748,strict,06
BBM,BBM:F018278,BBM:F018413,strict,06
BBM,BBM:F018414,BBM:F018552,similar,06
BBM,BBM:F018414,BBM:F018555,similar,06
BBM,BBM:F018414,BBM:F018590,similar,06
BBM,BBM:F018552,BBM:F018555,similar,06
BBM,BBM:F018552,BBM:F018590,similar,06
BBM,BBM:F018555,BBM:F018590,similar,06
BBM,BBM:F022000,BBM:F022001,strict,06
BBM,BBM:F022000,BBM:F022004,strict,06
BBM,BBM:F022000,BBM:F022007,strict,06
BBM,BBM:F022001,BBM:F022004,strict,06
BBM,BBM:F022001,BBM:F022007,strict,06
BBM,BBM:F022004,BBM:F022007,strict,06
BBM,BBM:F022038,BBM:F022042,strict,06
BBM,BBM:F022039,BBM:F022041,strict,06
BBM,BBM:F018423,BBM:F018448,strict,06
BBM,BBM:F018605,BBM:F018632,similar,06
BBM,BBM:F018619,BBM:F018624,strict,06
BBM,BBM:F018619,BBM:F018631,strict,06
BBM,BBM:F018624,BBM:F018631,strict,06
BBM,BBM:F018425,BBM:F018439,strict,06
BBM,BBM:F018642,BBM:F018655,similar,06
BBM,BBM:F018642,BBM:F018666,similar,06
BBM,BBM:F018642,BBM:F018671,similar,06
BBM,BBM:F018642,BBM:F018675,similar,06
BBM,BBM:F018655,BBM:F018666,similar,06
BBM,BBM:F018655,BBM:F018671,similar,06
BBM,BBM:F018655,BBM:F018675,similar,06
BBM,BBM:F018666,BBM:F018671,similar,06
BBM,BBM:F018666,BBM:F018675,similar,06
BBM,BBM:F018671,BBM:F018675,similar,06
BBM,BBM:F018432,BBM:F018442,similar,06
BBM,BBM:F018432,BBM:F018449,similar,06
BBM,BBM:F018432,BBM:F018553,similar,06
BBM,BBM:F018432,BBM:F018583,similar,06
BBM,BBM:F018442,BBM:F018449,similar,06
BBM,BBM:F018442,BBM:F018553,similar,06
BBM,BBM:F018442,BBM:F018583,similar,06
BBM,BBM:F018449,BBM:F018553,similar,06
BBM,BBM:F018449,BBM:F018583,similar,06
BBM,BBM:F018553,BBM:F018583,similar,06
BBM,BBM:F018544,BBM:F018567,similar,06
BBM,BBM:F018598,BBM:F018602,strict,06
BBM,BBM:F018598,BBM:F018611,strict,06
BBM,BBM:F018598,BBM:F018614,strict,06
BBM,BBM:F018602,BBM:F018611,strict,06
BBM,BBM:F018602,BBM:F018614,strict,06
BBM,BBM:F018611,BBM:F018614,strict,06
BBM,BBM:F018617,BBM:F018618,strict,06
BBM,BBM:F018617,BBM:F018620,strict,06
BBM,BBM:F018617,BBM:F018622,strict,06
BBM,BBM:F018617,BBM:F018623,strict,06
BBM,BBM:F018617,BBM:F018625,strict,06
BBM,BBM:F018617,BBM:F018626,strict,06
BBM,BBM:F018617,BBM:F018628,strict,06
BBM,BBM:F018617,BBM:F018629,strict,06
BBM,BBM:F018617,BBM:F018630,strict,06
BBM,BBM:F018617,BBM:F018634,strict,06
BBM,BBM:F018617,BBM:F018636,strict,06
BBM,BBM:F018617,BBM:F018640,strict,06
BBM,BBM:F018617,BBM:F018643,strict,06
BBM,BBM:F018617,BBM:F018644,strict,06
BBM,BBM:F018617,BBM:F018645,strict,06
BBM,BBM:F018617,BBM:F018651,strict,06
BBM,BBM:F018617,BBM:F018653,strict,06
BBM,BBM:F018617,BBM:F018656,strict,06
BBM,BBM:F018617,BBM:F018657,strict,06
BBM,BBM:F018617,BBM:F018696,strict,06
BBM,BBM:F018618,BBM:F018620,strict,06
BBM,BBM:F018618,BBM:F018622,strict,06
BBM,BBM:F018618,BBM:F018623,strict,06
BBM,BBM:F018618,BBM:F018625,strict,06
BBM,BBM:F018618,BBM:F018626,strict,06
BBM,BBM:F018618,BBM:F018628,strict,06
BBM,BBM:F018618,BBM:F018629,strict,06
BBM,BBM:F018618,BBM:F018630,strict,06
BBM,BBM:F018618,BBM:F018634,strict,06
BBM,BBM:F018618,BBM:F018636,strict,06
BBM,BBM:F018618,BBM:F018640,strict,06
BBM,BBM:F018618,BBM:F018643,strict,06
BBM,BBM:F018618,BBM:F018644,strict,06
BBM,BBM:F018618,BBM:F018645,strict,06
BBM,BBM:F018618,BBM:F018651,strict,06
BBM,BBM:F018618,BBM:F018653,strict,06
BBM,BBM:F018618,BBM:F018656,strict,06
BBM,BBM:F018618,BBM:F018657,strict,06
BBM,BBM:F018618,BBM:F018696,strict,06
BBM,BBM:F018620,BBM:F018622,strict,06
BBM,BBM:F018620,BBM:F018623,strict,06
BBM,BBM:F018620,BBM:F018625,strict,06
BBM,BBM:F018620,BBM:F018626,strict,06
BBM,BBM:F018620,BBM:F018628,strict,06
BBM,BBM:F018620,BBM:F018629,strict,06
BBM,BBM:F018620,BBM:F018630,strict,06
BBM,BBM:F018620,BBM:F018634,strict,06
BBM,BBM:F018620,BBM:F018636,strict,06
BBM,BBM:F018620,BBM:F018640,strict,06
BBM,BBM:F018620,BBM:F018643,strict,06
BBM,BBM:F018620,BBM:F018644,strict,06
BBM,BBM:F018620,BBM:F018645,strict,06
BBM,BBM:F018620,BBM:F018651,strict,06
BBM,BBM:F018620,BBM:F018653,strict,06
BBM,BBM:F018620,BBM:F018656,strict,06
BBM,BBM:F018620,BBM:F018657,strict,06
BBM,BBM:F018620,BBM:F018696,strict,06
BBM,BBM:F018622,BBM:F018623,strict,06
BBM,BBM:F018622,BBM:F018625,strict,06
BBM,BBM:F018622,BBM:F018626,strict,06
BBM,BBM:F018622,BBM:F018628,strict,06
BBM,BBM:F018622,BBM:F018629,strict,06
BBM,BBM:F018622,BBM:F018630,strict,06
BBM,BBM:F018622,BBM:F018634,strict,06
BBM,BBM:F018622,BBM:F018636,strict,06
BBM,BBM:F018622,BBM:F018640,strict,06
BBM,BBM:F018622,BBM:F018643,strict,06
BBM,BBM:F018622,BBM:F018644,strict,06
BBM,BBM:F018622,BBM:F018645,strict,06
BBM,BBM:F018622,BBM:F018651,strict,06
BBM,BBM:F018622,BBM:F018653,strict,06
BBM,BBM:F018622,BBM:F018656,strict,06
BBM,BBM:F018622,BBM:F018657,strict,06
BBM,BBM:F018622,BBM:F018696,strict,06
BBM,BBM:F018623,BBM:F018625,strict,06
BBM,BBM:F018623,BBM:F018626,strict,06
BBM,BBM:F018623,BBM:F018628,strict,06
BBM,BBM:F018623,BBM:F018629,strict,06
BBM,BBM:F018623,BBM:F018630,strict,06
BBM,BBM:F018623,BBM:F018634,strict,06
BBM,BBM:F018623,BBM:F018636,strict,06
BBM,BBM:F018623,BBM:F018640,strict,06
BBM,BBM:F018623,BBM:F018643,strict,06
BBM,BBM:F018623,BBM:F018644,strict,06
BBM,BBM:F018623,BBM:F018645,strict,06
BBM,BBM:F018623,BBM:F018651,strict,06
BBM,BBM:F018623,BBM:F018653,strict,06
BBM,BBM:F018623,BBM:F018656,strict,06
BBM,BBM:F018623,BBM:F018657,strict,06
BBM,BBM:F018623,BBM:F018696,strict,06
BBM,BBM:F018625,BBM:F018626,strict,06
BBM,BBM:F018625,BBM:F018628,strict,06
BBM,BBM:F018625,BBM:F018629,strict,06
BBM,BBM:F018625,BBM:F018630,strict,06
BBM,BBM:F018625,BBM:F018634,strict,06
BBM,BBM:F018625,BBM:F018636,strict,06
BBM,BBM:F018625,BBM:F018640,strict,06
BBM,BBM:F018625,BBM:F018643,strict,06
BBM,BBM:F018625,BBM:F018644,strict,06
BBM,BBM:F018625,BBM:F018645,strict,06
BBM,BBM:F018625,BBM:F018651,strict,06
BBM,BBM:F018625,BBM:F018653,strict,06
BBM,BBM:F018625,BBM:F018656,strict,06
BBM,BBM:F018625,BBM:F018657,strict,06
BBM,BBM:F018625,BBM:F018696,strict,06
BBM,BBM:F018626,BBM:F018628,strict,06
BBM,BBM:F018626,BBM:F018629,strict,06
BBM,BBM:F018626,BBM:F018630,strict,06
BBM,BBM:F018626,BBM:F018634,strict,06
BBM,BBM:F018626,BBM:F018636,strict,06
BBM,BBM:F018626,BBM:F018640,strict,06
BBM,BBM:F018626,BBM:F018643,strict,06
BBM,BBM:F018626,BBM:F018644,strict,06
BBM,BBM:F018626,BBM:F018645,strict,06
BBM,BBM:F018626,BBM:F018651,strict,06
BBM,BBM:F018626,BBM:F018653,strict,06
BBM,BBM:F018626,BBM:F018656,strict,06
BBM,BBM:F018626,BBM:F018657,strict,06
BBM,BBM:F018626,BBM:F018696,strict,06
BBM,BBM:F018628,BBM:F018629,strict,06
BBM,BBM:F018628,BBM:F018630,strict,06
BBM,BBM:F018628,BBM:F018634,strict,06
BBM,BBM:F018628,BBM:F018636,strict,06
BBM,BBM:F018628,BBM:F018640,strict,06
BBM,BBM:F018628,BBM:F018643,strict,06
BBM,BBM:F018628,BBM:F018644,strict,06
BBM,BBM:F018628,BBM:F018645,strict,06
BBM,BBM:F018628,BBM:F018651,strict,06
BBM,BBM:F018628,BBM:F018653,strict,06
BBM,BBM:F018628,BBM:F018656,strict,06
BBM,BBM:F018628,BBM:F018657,strict,06
BBM,BBM:F018628,BBM:F018696,strict,06
BBM,BBM:F018629,BBM:F018630,strict,06
BBM,BBM:F018629,BBM:F018634,strict,06
BBM,BBM:F018629,BBM:F018636,strict,06
BBM,BBM:F018629,BBM:F018640,strict,06
BBM,BBM:F018629,BBM:F018643,strict,06
BBM,BBM:F018629,BBM:F018644,strict,06
BBM,BBM:F018629,BBM:F018645,strict,06
BBM,BBM:F018629,BBM:F018651,strict,06
BBM,BBM:F018629,BBM:F018653,strict,06
BBM,BBM:F018629,BBM:F018656,strict,06
BBM,BBM:F018629,BBM:F018657,strict,06
BBM,BBM:F018629,BBM:F018696,strict,06
BBM,BBM:F018630,BBM:F018634,strict,06
BBM,BBM:F018630,BBM:F018636,strict,06
BBM,BBM:F018630,BBM:F018640,strict,06
BBM,BBM:F018630,BBM:F018643,strict,06
BBM,BBM:F018630,BBM:F018644,strict,06
BBM,BBM:F018630,BBM:F018645,strict,06
BBM,BBM:F018630,BBM:F018651,strict,06
BBM,BBM:F018630,BBM:F018653,strict,06
BBM,BBM:F018630,BBM:F018656,strict,06
BBM,BBM:F018630,BBM:F018657,strict,06
BBM,BBM:F018630,BBM:F018696,strict,06
BBM,BBM:F018634,BBM:F018636,strict,06
BBM,BBM:F018634,BBM:F018640,strict,06
BBM,BBM:F018634,BBM:F018643,strict,06
BBM,BBM:F018634,BBM:F018644,strict,06
BBM,BBM:F018634,BBM:F018645,strict,06
BBM,BBM:F018634,BBM:F018651,strict,06
BBM,BBM:F018634,BBM:F018653,strict,06
BBM,BBM:F018634,BBM:F018656,strict,06
BBM,BBM:F018634,BBM:F018657,strict,06
BBM,BBM:F018634,BBM:F018696,strict,06
BBM,BBM:F018636,BBM:F018640,strict,06
BBM,BBM:F018636,BBM:F018643,strict,06
BBM,BBM:F018636,BBM:F018644,strict,06
BBM,BBM:F018636,BBM:F018645,strict,06
BBM,BBM:F018636,BBM:F018651,strict,06
BBM,BBM:F018636,BBM:F018653,strict,06
BBM,BBM:F018636,BBM:F018656,strict,06
BBM,BBM:F018636,BBM:F018657,strict,06
BBM,BBM:F018636,BBM:F018696,strict,06
BBM,BBM:F018640,BBM:F018643,strict,06
BBM,BBM:F018640,BBM:F018644,strict,06
BBM,BBM:F018640,BBM:F018645,strict,06
BBM,BBM:F018640,BBM:F018651,strict,06
BBM,BBM:F018640,BBM:F018653,strict,06
BBM,BBM:F018640,BBM:F018656,strict,06
BBM,BBM:F018640,BBM:F018657,strict,06
BBM,BBM:F018640,BBM:F018696,strict,06
BBM,BBM:F018643,BBM:F018644,strict,06
BBM,BBM:F018643,BBM:F018645,strict,06
BBM,BBM:F018643,BBM:F018651,strict,06
BBM,BBM:F018643,BBM:F018653,strict,06
BBM,BBM:F018643,BBM:F018656,strict,06
BBM,BBM:F018643,BBM:F018657,strict,06
BBM,BBM:F018643,BBM:F018696,strict,06
BBM,BBM:F018644,BBM:F018645,strict,06
BBM,BBM:F018644,BBM:F018651,strict,06
BBM,BBM:F018644,BBM:F018653,strict,06
BBM,BBM:F018644,BBM:F018656,strict,06
BBM,BBM:F018644,BBM:F018657,strict,06
BBM,BBM:F018644,BBM:F018696,strict,06
BBM,BBM:F018645,BBM:F018651,strict,06
BBM,BBM:F018645,BBM:F018653,strict,06
BBM,BBM:F018645,BBM:F018656,strict,06
BBM,BBM:F018645,BBM:F018657,strict,06
BBM,BBM:F018645,BBM:F018696,strict,06
BBM,BBM:F018651,BBM:F018653,strict,06
BBM,BBM:F018651,BBM:F018656,strict,06
BBM,BBM:F018651,BBM:F018657,strict,06
BBM,BBM:F018651,BBM:F018696,strict,06
BBM,BBM:F018653,BBM:F018656,strict,06
BBM,BBM:F018653,BBM:F018657,strict,06
BBM,BBM:F018653,BBM:F018696,strict,06
BBM,BBM:F018656,BBM:F018657,strict,06
BBM,BBM:F018656,BBM:F018696,strict,06
BBM,BBM:F018657,BBM:F018696,strict,06
BBM,BBM:F018633,BBM:F018658,similar,06
BBM,BBM:F018633,BBM:F018659,similar,06
BBM,BBM:F018633,BBM:F018660,similar,06
BBM,BBM:F018633,BBM:F018664,similar,06
BBM,BBM:F018633,BBM:F018665,similar,06
BBM,BBM:F018633,BBM:F018667,similar,06
BBM,BBM:F018633,BBM:F018668,similar,06
BBM,BBM:F018633,BBM:F018678,similar,06
BBM,BBM:F018633,BBM:F018680,similar,06
BBM,BBM:F018633,BBM:F018682,similar,06
BBM,BBM:F018633,BBM:F018684,similar,06
BBM,BBM:F018633,BBM:F018685,similar,06
BBM,BBM:F018633,BBM:F018686,similar,06
BBM,BBM:F018633,BBM:F018687,similar,06
BBM,BBM:F018633,BBM:F018693,similar,06
BBM,BBM:F018633,BBM:F018694,similar,06
BBM,BBM:F018658,BBM:F018659,similar,06
BBM,BBM:F018658,BBM:F018660,similar,06
BBM,BBM:F018658,BBM:F018664,similar,06
BBM,BBM:F018658,BBM:F018665,similar,06
BBM,BBM:F018658,BBM:F018667,similar,06
BBM,BBM:F018658,BBM:F018668,similar,06
BBM,BBM:F018658,BBM:F018678,similar,06
BBM,BBM:F018658,BBM:F018680,similar,06
BBM,BBM:F018658,BBM:F018682,similar,06
BBM,BBM:F018658,BBM:F018684,similar,06
BBM,BBM:F018658,BBM:F018685,similar,06
BBM,BBM:F018658,BBM:F018686,similar,06
BBM,BBM:F018658,BBM:F018687,similar,06
BBM,BBM:F018658,BBM:F018693,similar,06
BBM,BBM:F018658,BBM:F018694,similar,06
BBM,BBM:F018659,BBM:F018660,similar,06
BBM,BBM:F018659,BBM:F018664,similar,06
BBM,BBM:F018659,BBM:F018665,similar,06
BBM,BBM:F018659,BBM:F018667,similar,06
BBM,BBM:F018659,BBM:F018668,similar,06
BBM,BBM:F018659,BBM:F018678,similar,06
BBM,BBM:F018659,BBM:F018680,similar,06
BBM,BBM:F018659,BBM:F018682,similar,06
BBM,BBM:F018659,BBM:F018684,similar,06
BBM,BBM:F018659,BBM:F018685,similar,06
BBM,BBM:F018659,BBM:F018686,similar,06
BBM,BBM:F018659,BBM:F018687,similar,06
BBM,BBM:F018659,BBM:F018693,similar,06
BBM,BBM:F018659,BBM:F018694,similar,06
BBM,BBM:F018660,BBM:F018664,similar,06
BBM,BBM:F018660,BBM:F018665,similar,06
BBM,BBM:F018660,BBM:F018667,similar,06
BBM,BBM:F018660,BBM:F018668,similar,06
BBM,BBM:F018660,BBM:F018678,similar,06
BBM,BBM:F018660,BBM:F018680,similar,06
BBM,BBM:F018660,BBM:F018682,similar,06
BBM,BBM:F018660,BBM:F018684,similar,06
BBM,BBM:F018660,BBM:F018685,similar,06
BBM,BBM:F018660,BBM:F018686,similar,06
BBM,BBM:F018660,BBM:F018687,similar,06
BBM,BBM:F018660,BBM:F018693,similar,06
BBM,BBM:F018660,BBM:F018694,similar,06
BBM,BBM:F018664,BBM:F018665,similar,06
BBM,BBM:F018664,BBM:F018667,similar,06
BBM,BBM:F018664,BBM:F018668,similar,06
BBM,BBM:F018664,BBM:F018678,similar,06
BBM,BBM:F018664,BBM:F018680,similar,06
BBM,BBM:F018664,BBM:F018682,similar,06
BBM,BBM:F018664,BBM:F018684,similar,06
BBM,BBM:F018664,BBM:F018685,similar,06
BBM,BBM:F018664,BBM:F018686,similar,06
BBM,BBM:F018664,BBM:F018687,similar,06
BBM,BBM:F018664,BBM:F018693,similar,06
BBM,BBM:F018664,BBM:F018694,similar,06
BBM,BBM:F018665,BBM:F018667,similar,06
BBM,BBM:F018665,BBM:F018668,similar,06
BBM,BBM:F018665,BBM:F018678,similar,06
BBM,BBM:F018665,BBM:F018680,similar,06
BBM,BBM:F018665,BBM:F018682,similar,06
BBM,BBM:F018665,BBM:F018684,similar,06
BBM,BBM:F018665,BBM:F018685,similar,06
BBM,BBM:F018665,BBM:F018686,similar,06
BBM,BBM:F018665,BBM:F018687,similar,06
BBM,BBM:F018665,BBM:F018693,similar,06
BBM,BBM:F018665,BBM:F018694,similar,06
BBM,BBM:F018667,BBM:F018668,similar,06
BBM,BBM:F018667,BBM:F018678,similar,06
BBM,BBM:F018667,BBM:F018680,similar,06
BBM,BBM:F018667,BBM:F018682,similar,06
BBM,BBM:F018667,BBM:F018684,similar,06
BBM,BBM:F018667,BBM:F018685,similar,06
BBM,BBM:F018667,BBM:F018686,similar,06
BBM,BBM:F018667,BBM:F018687,similar,06
BBM,BBM:F018667,BBM:F018693,similar,06
BBM,BBM:F018667,BBM:F018694,similar,06
BBM,BBM:F018668,BBM:F018678,similar,06
BBM,BBM:F018668,BBM:F018680,similar,06
BBM,BBM:F018668,BBM:F018682,similar,06
BBM,BBM:F018668,BBM:F018684,similar,06
BBM,BBM:F018668,BBM:F018685,similar,06
BBM,BBM:F018668,BBM:F018686,similar,06
BBM,BBM:F018668,BBM:F018687,similar,06
BBM,BBM:F018668,BBM:F018693,similar,06
BBM,BBM:F018668,BBM:F018694,similar,06
BBM,BBM:F018678,BBM:F018680,similar,06
BBM,BBM:F018678,BBM:F018682,similar,06
BBM,BBM:F018678,BBM:F018684,similar,06
BBM,BBM:F018678,BBM:F018685,similar,06
BBM,BBM:F018678,BBM:F018686,similar,06
BBM,BBM:F018678,BBM:F018687,similar,06
BBM,BBM:F018678,BBM:F018693,similar,06
BBM,BBM:F018678,BBM:F018694,similar,06
BBM,BBM:F018680,BBM:F018682,similar,06
BBM,BBM:F018680,BBM:F018684,similar,06
BBM,BBM:F018680,BBM:F018685,similar,06
BBM,BBM:F018680,BBM:F018686,similar,06
BBM,BBM:F018680,BBM:F018687,similar,06
BBM,BBM:F018680,BBM:F018693,similar,06
BBM,BBM:F018680,BBM:F018694,similar,06
BBM,BBM:F018682,BBM:F018684,similar,06
BBM,BBM:F018682,BBM:F018685,similar,06
BBM,BBM:F018682,BBM:F018686,similar,06
BBM,BBM:F018682,BBM:F018687,similar,06
BBM,BBM:F018682,BBM:F018693,similar,06
BBM,BBM:F018682,BBM:F018694,similar,06
BBM,BBM:F018684,BBM:F018685,similar,06
BBM,BBM:F018684,BBM:F018686,similar,06
BBM,BBM:F018684,BBM:F018687,similar,06
BBM,BBM:F018684,BBM:F018693,similar,06
BBM,BBM:F018684,BBM:F018694,similar,06
BBM,BBM:F018685,BBM:F018686,similar,06
BBM,BBM:F018685,BBM:F018687,similar,06
BBM,BBM:F018685,BBM:F018693,similar,06
BBM,BBM:F018685,BBM:F018694,similar,06
BBM,BBM:F018686,BBM:F018687,similar,06
BBM,BBM:F018686,BBM:F018693,similar,06
BBM,BBM:F018686,BBM:F018694,similar,06
BBM,BBM:F018687,BBM:F018693,similar,06
BBM,BBM:F018687,BBM:F018694,similar,06
BBM,BBM:F018693,BBM:F018694,similar,06
BBM,BBM:F018661,BBM:F018662,strict,06
BBM,BBM:F018661,BBM:F018669,strict,06
BBM,BBM:F018661,BBM:F018670,strict,06
BBM,BBM:F018662,BBM:F018669,strict,06
BBM,BBM:F018662,BBM:F018670,strict,06
BBM,BBM:F018669,BBM:F018670,strict,06
BBM,BBM:F021991,BBM:F021992,strict,06
BBM,BBM:F022033,BBM:F022034,strict,06
BBM,BBM:F020035,BBM:F034301,similar,06
BBM,BBM:F018708,BBM:F018709,strict,06
BBM,BBM:F018600,BBM:F018603,strict,06
BBM,BBM:F018600,BBM:F018604,strict,06
BBM,BBM:F018603,BBM:F018604,strict,06
BBM,BBM:F018635,BBM:F018650,strict,06
BBM,BBM:F018673,BBM:F018674,strict,06
BBM,BBM:F018673,BBM:F018676,strict,06
BBM,BBM:F018673,BBM:F018677,strict,06
BBM,BBM:F018673,BBM:F018679,strict,06
BBM,BBM:F018673,BBM:F018683,strict,06
BBM,BBM:F018673,BBM:F018690,strict,06
BBM,BBM:F018673,BBM:F018691,strict,06
BBM,BBM:F018673,BBM:F018692,strict,06
BBM,BBM:F018674,BBM:F018676,strict,06
BBM,BBM:F018674,BBM:F018677,strict,06
BBM,BBM:F018674,BBM:F018679,strict,06
BBM,BBM:F018674,BBM:F018683,strict,06
BBM,BBM:F018674,BBM:F018690,strict,06
BBM,BBM:F018674,BBM:F018691,strict,06
BBM,BBM:F018674,BBM:F018692,strict,06
BBM,BBM:F018676,BBM:F018677,strict,06
BBM,BBM:F018676,BBM:F018679,strict,06
BBM,BBM:F018676,BBM:F018683,strict,06
BBM,BBM:F018676,BBM:F018690,strict,06
BBM,BBM:F018676,BBM:F018691,strict,06
BBM,BBM:F018676,BBM:F018692,strict,06
BBM,BBM:F018677,BBM:F018679,strict,06
BBM,BBM:F018677,BBM:F018683,strict,06
BBM,BBM:F018677,BBM:F018690,strict,06
BBM,BBM:F018677,BBM:F018691,strict,06
BBM,BBM:F018677,BBM:F018692,strict,06
BBM,BBM:F018679,BBM:F018683,strict,06
BBM,BBM:F018679,BBM:F018690,strict,06
BBM,BBM:F018679,BBM:F018691,strict,06
BBM,BBM:F018679,BBM:F018692,strict,06
BBM,BBM:F018683,BBM:F018690,strict,06
BBM,BBM:F018683,BBM:F018691,strict,06
BBM,BBM:F018683,BBM:F018692,strict,06
BBM,BBM:F018690,BBM:F018691,strict,06
BBM,BBM:F018690,BBM:F018692,strict,06
BBM,BBM:F018691,BBM:F018692,strict,06
BBM,BBM:F018719,BBM:F018721,strict,06
BBM,BBM:F018719,BBM:F018723,strict,06
BBM,BBM:F018721,BBM:F018723,strict,06
BBM,BBM:F018758,BBM:F018759,strict,06
BBM,BBM:F018758,BBM:F018764,strict,06
BBM,BBM:F018759,BBM:F018764,strict,06
BBM,BBM:F018776,BBM:F018782,strict,06
BBM,BBM:F018776,BBM:F018785,strict,06
BBM,BBM:F018782,BBM:F018785,strict,06
BBM,BBM:F018621,BBM:F018637,strict,06
BBM,BBM:F018621,BBM:F018638,strict,06
BBM,BBM:F018637,BBM:F018638,strict,06
BBM,BBM:F018697,BBM:F018698,similar,06
BBM,BBM:F018697,BBM:F018699,similar,06
BBM,BBM:F018697,BBM:F018700,similar,06
BBM,BBM:F018697,BBM:F018701,similar,06
BBM,BBM:F018698,BBM:F018699,similar,06
BBM,BBM:F018698,BBM:F018700,similar,06
BBM,BBM:F018698,BBM:F018701,similar,06
BBM,BBM:F018699,BBM:F018700,similar,06
BBM,BBM:F018699,BBM:F018701,similar,06
BBM,BBM:F018700,BBM:F018701,similar,06
BBM,BBM:F022047,BBM:F022048,similar,06
BBM,BBM:F018775,BBM:F018778,strict,06
BBM,BBM:F018775,BBM:F018780,strict,06
BBM,BBM:F018775,BBM:F018784,strict,06
BBM,BBM:F018775,BBM:F018788,strict,06
BBM,BBM:F018775,BBM:F018789,strict,06
BBM,BBM:F018775,BBM:F018792,strict,06
BBM,BBM:F018778,BBM:F018780,strict,06
BBM,BBM:F018778,BBM:F018784,strict,06
BBM,BBM:F018778,BBM:F018788,strict,06
BBM,BBM:F018778,BBM:F018789,strict,06
BBM,BBM:F018778,BBM:F018792,strict,06
BBM,BBM:F018780,BBM:F018784,strict,06
BBM,BBM:F018780,BBM:F018788,strict,06
BBM,BBM:F018780,BBM:F018789,strict,06
BBM,BBM:F018780,BBM:F018792,strict,06
BBM,BBM:F018784,BBM:F018788,strict,06
BBM,BBM:F018784,BBM:F018789,strict,06
BBM,BBM:F018784,BBM:F018792,strict,06
BBM,BBM:F018788,BBM:F018789,strict,06
BBM,BBM:F018788,BBM:F018792,strict,06
BBM,BBM:F018789,BBM:F018792,strict,06
BBM,BBM:F021994,BBM:F021995,similar,06
BBM,BBM:F018821,BBM:F018822,similar,06
BBM,BBM:F018821,BBM:F035695,similar,06
BBM,BBM:F018822,BBM:F035695,similar,06
BBM,BBM:F018823,BBM:F019849,strict,06
BBM,BBM:F018872,BBM:F018873,similar,06
BBM,BBM:F018875,BBM:F018876,similar,06
BBM,BBM:F019375,BBM:F034543,similar,06
BBM,BBM:F019375,BBM:F035407,similar,06
BBM,BBM:F019375,BBM:F035411,similar,06
BBM,BBM:F034543,BBM:F035407,similar,06
BBM,BBM:F034543,BBM:F035411,similar,06
BBM,BBM:F035407,BBM:F035411,similar,06
BBM,BBM:F023671,BBM:F023672,strict,06
BBM,BBM:F019087,BBM:F034656,similar,06
BBM,BBM:F019087,BBM:F034660,similar,06
BBM,BBM:F019087,BBM:F034876,similar,06
BBM,BBM:F019087,BBM:F034879,similar,06
BBM,BBM:F019087,BBM:F034881,similar,06
BBM,BBM:F019087,BBM:F035386,similar,06
BBM,BBM:F019087,BBM:F035520,similar,06
BBM,BBM:F034656,BBM:F034660,similar,06
BBM,BBM:F034656,BBM:F034876,similar,06
BBM,BBM:F034656,BBM:F034879,similar,06
BBM,BBM:F034656,BBM:F034881,similar,06
BBM,BBM:F034656,BBM:F035386,similar,06
BBM,BBM:F034656,BBM:F035520,similar,06
BBM,BBM:F034660,BBM:F034876,similar,06
BBM,BBM:F034660,BBM:F034879,similar,06
BBM,BBM:F034660,BBM:F034881,similar,06
BBM,BBM:F034660,BBM:F035386,similar,06
BBM,BBM:F034660,BBM:F035520,similar,06
BBM,BBM:F034876,BBM:F034879,similar,06
BBM,BBM:F034876,BBM:F034881,similar,06
BBM,BBM:F034876,BBM:F035386,similar,06
BBM,BBM:F034876,BBM:F035520,similar,06
BBM,BBM:F034879,BBM:F034881,similar,06
BBM,BBM:F034879,BBM:F035386,similar,06
BBM,BBM:F034879,BBM:F035520,similar,06
BBM,BBM:F034881,BBM:F035386,similar,06
BBM,BBM:F034881,BBM:F035520,similar,06
BBM,BBM:F035386,BBM:F035520,similar,06
BBM,BBM:F019150,BBM:F019154,similar,06
BBM,BBM:F019180,BBM:F019181,strict,06
BBM,BBM:F019450,BBM:F019478,similar,06
BBM,BBM:F019450,BBM:F019484,similar,06
BBM,BBM:F019450,BBM:F019487,similar,06
BBM,BBM:F019478,BBM:F019484,similar,06
BBM,BBM:F019478,BBM:F019487,similar,06
BBM,BBM:F019484,BBM:F019487,similar,06
BBM,BBM:F019489,BBM:F019492,similar,06
BBM,BBM:F019489,BBM:F019495,similar,06
BBM,BBM:F019489,BBM:F019551,similar,06
BBM,BBM:F019489,BBM:F019552,similar,06
BBM,BBM:F019489,BBM:F019576,similar,06
BBM,BBM:F019489,BBM:F019577,similar,06
BBM,BBM:F019489,BBM:F019578,similar,06
BBM,BBM:F019489,BBM:F019579,similar,06
BBM,BBM:F019489,BBM:F019580,similar,06
BBM,BBM:F019489,BBM:F019588,similar,06
BBM,BBM:F019489,BBM:F019605,similar,06
BBM,BBM:F019489,BBM:F019606,similar,06
BBM,BBM:F019489,BBM:F019616,similar,06
BBM,BBM:F019489,BBM:F032434,similar,06
BBM,BBM:F019492,BBM:F019495,similar,06
BBM,BBM:F019492,BBM:F019551,similar,06
BBM,BBM:F019492,BBM:F019552,similar,06
BBM,BBM:F019492,BBM:F019576,similar,06
BBM,BBM:F019492,BBM:F019577,similar,06
BBM,BBM:F019492,BBM:F019578,similar,06
BBM,BBM:F019492,BBM:F019579,similar,06
BBM,BBM:F019492,BBM:F019580,similar,06
BBM,BBM:F019492,BBM:F019588,similar,06
BBM,BBM:F019492,BBM:F019605,similar,06
BBM,BBM:F019492,BBM:F019606,similar,06
BBM,BBM:F019492,BBM:F019616,similar,06
BBM,BBM:F019492,BBM:F032434,similar,06
BBM,BBM:F019495,BBM:F019551,similar,06
BBM,BBM:F019495,BBM:F019552,similar,06
BBM,BBM:F019495,BBM:F019576,similar,06
BBM,BBM:F019495,BBM:F019577,similar,06
BBM,BBM:F019495,BBM:F019578,similar,06
BBM,BBM:F019495,BBM:F019579,similar,06
BBM,BBM:F019495,BBM:F019580,similar,06
BBM,BBM:F019495,BBM:F019588,similar,06
BBM,BBM:F019495,BBM:F019605,similar,06
BBM,BBM:F019495,BBM:F019606,similar,06
BBM,BBM:F019495,BBM:F019616,similar,06
BBM,BBM:F019495,BBM:F032434,similar,06
BBM,BBM:F019551,BBM:F019552,similar,06
BBM,BBM:F019551,BBM:F019576,similar,06
BBM,BBM:F019551,BBM:F019577,similar,06
BBM,BBM:F019551,BBM:F019578,similar,06
BBM,BBM:F019551,BBM:F019579,similar,06
BBM,BBM:F019551,BBM:F019580,similar,06
BBM,BBM:F019551,BBM:F019588,similar,06
BBM,BBM:F019551,BBM:F019605,similar,06
BBM,BBM:F019551,BBM:F019606,similar,06
BBM,BBM:F019551,BBM:F019616,similar,06
BBM,BBM:F019551,BBM:F032434,similar,06
BBM,BBM:F019552,BBM:F019576,similar,06
BBM,BBM:F019552,BBM:F019577,similar,06
BBM,BBM:F019552,BBM:F019578,similar,06
BBM,BBM:F019552,BBM:F019579,similar,06
BBM,BBM:F019552,BBM:F019580,similar,06
BBM,BBM:F019552,BBM:F019588,similar,06
BBM,BBM:F019552,BBM:F019605,similar,06
BBM,BBM:F019552,BBM:F019606,similar,06
BBM,BBM:F019552,BBM:F019616,similar,06
BBM,BBM:F019552,BBM:F032434,similar,06
BBM,BBM:F019576,BBM:F019577,similar,06
BBM,BBM:F019576,BBM:F019578,similar,06
BBM,BBM:F019576,BBM:F019579,similar,06
BBM,BBM:F019576,BBM:F019580,similar,06
BBM,BBM:F019576,BBM:F019588,similar,06
BBM,BBM:F019576,BBM:F019605,similar,06
BBM,BBM:F019576,BBM:F019606,similar,06
BBM,BBM:F019576,BBM:F019616,similar,06
BBM,BBM:F019576,BBM:F032434,similar,06
BBM,BBM:F019577,BBM:F019578,similar,06
BBM,BBM:F019577,BBM:F019579,similar,06
BBM,BBM:F019577,BBM:F019580,similar,06
BBM,BBM:F019577,BBM:F019588,similar,06
BBM,BBM:F019577,BBM:F019605,similar,06
BBM,BBM:F019577,BBM:F019606,similar,06
BBM,BBM:F019577,BBM:F019616,similar,06
BBM,BBM:F019577,BBM:F032434,similar,06
BBM,BBM:F019578,BBM:F019579,similar,06
BBM,BBM:F019578,BBM:F019580,similar,06
BBM,BBM:F019578,BBM:F019588,similar,06
BBM,BBM:F019578,BBM:F019605,similar,06
BBM,BBM:F019578,BBM:F019606,similar,06
BBM,BBM:F019578,BBM:F019616,similar,06
BBM,BBM:F019578,BBM:F032434,similar,06
BBM,BBM:F019579,BBM:F019580,similar,06
BBM,BBM:F019579,BBM:F019588,similar,06
BBM,BBM:F019579,BBM:F019605,similar,06
BBM,BBM:F019579,BBM:F019606,similar,06
BBM,BBM:F019579,BBM:F019616,similar,06
BBM,BBM:F019579,BBM:F032434,similar,06
BBM,BBM:F019580,BBM:F019588,similar,06
BBM,BBM:F019580,BBM:F019605,similar,06
BBM,BBM:F019580,BBM:F019606,similar,06
BBM,BBM:F019580,BBM:F019616,similar,06
BBM,BBM:F019580,BBM:F032434,similar,06
BBM,BBM:F019588,BBM:F019605,similar,06
BBM,BBM:F019588,BBM:F019606,similar,06
BBM,BBM:F019588,BBM:F019616,similar,06
BBM,BBM:F019588,BBM:F032434,similar,06
BBM,BBM:F019605,BBM:F019606,similar,06
BBM,BBM:F019605,BBM:F019616,similar,06
BBM,BBM:F019605,BBM:F032434,similar,06
BBM,BBM:F019606,BBM:F019616,similar,06
BBM,BBM:F019606,BBM:F032434,similar,06
BBM,BBM:F019616,BBM:F032434,similar,06
BBM,BBM:F020104,BBM:F020134,similar,06
BBM,BBM:F020104,BBM:F020151,similar,06
BBM,BBM:F020104,BBM:F020152,similar,06
BBM,BBM:F020104,BBM:F020153,similar,06
BBM,BBM:F020104,BBM:F020154,similar,06
BBM,BBM:F020104,BBM:F020155,similar,06
BBM,BBM:F020104,BBM:F020166,similar,06
BBM,BBM:F020134,BBM:F020151,similar,06
BBM,BBM:F020134,BBM:F020152,similar,06
BBM,BBM:F020134,BBM:F020153,similar,06
BBM,BBM:F020134,BBM:F020154,similar,06
BBM,BBM:F020134,BBM:F020155,similar,06
BBM,BBM:F020134,BBM:F020166,similar,06
BBM,BBM:F020151,BBM:F020152,similar,06
BBM,BBM:F020151,BBM:F020153,similar,06
BBM,BBM:F020151,BBM:F020154,similar,06
BBM,BBM:F020151,BBM:F020155,similar,06
BBM,BBM:F020151,BBM:F020166,similar,06
BBM,BBM:F020152,BBM:F020153,similar,06
BBM,BBM:F020152,BBM:F020154,similar,06
BBM,BBM:F020152,BBM:F020155,similar,06
BBM,BBM:F020152,BBM:F020166,similar,06
BBM,BBM:F020153,BBM:F020154,similar,06
BBM,BBM:F020153,BBM:F020155,similar,06
BBM,BBM:F020153,BBM:F020166,similar,06
BBM,BBM:F020154,BBM:F020155,similar,06
BBM,BBM:F020154,BBM:F020166,similar,06
BBM,BBM:F020155,BBM:F020166,similar,06
BBM,BBM:F020217,BBM:F020251,strict,06
BBM,BBM:F020217,BBM:F020252,strict,06
BBM,BBM:F020251,BBM:F020252,strict,06
BBM,BBM:F020228,BBM:F020236,similar,06
BBM,BBM:F020228,BBM:F023460,similar,06
BBM,BBM:F020228,BBM:F023461,similar,06
BBM,BBM:F020228,BBM:F023462,similar,06
BBM,BBM:F020228,BBM:F023465,similar,06
BBM,BBM:F020228,BBM:F023466,similar,06
BBM,BBM:F020228,BBM:F023467,similar,06
BBM,BBM:F020228,BBM:F023468,similar,06
BBM,BBM:F020228,BBM:F023469,similar,06
BBM,BBM:F020228,BBM:F023470,similar,06
BBM,BBM:F020228,BBM:F023474,similar,06
BBM,BBM:F020228,BBM:F023475,similar,06
BBM,BBM:F020228,BBM:F023476,similar,06
BBM,BBM:F020228,BBM:F023477,similar,06
BBM,BBM:F020236,BBM:F023460,similar,06
BBM,BBM:F020236,BBM:F023461,similar,06
BBM,BBM:F020236,BBM:F023462,similar,06
BBM,BBM:F020236,BBM:F023465,similar,06
BBM,BBM:F020236,BBM:F023466,similar,06
BBM,BBM:F020236,BBM:F023467,similar,06
BBM,BBM:F020236,BBM:F023468,similar,06
BBM,BBM:F020236,BBM:F023469,similar,06
BBM,BBM:F020236,BBM:F023470,similar,06
BBM,BBM:F020236,BBM:F023474,similar,06
BBM,BBM:F020236,BBM:F023475,similar,06
BBM,BBM:F020236,BBM:F023476,similar,06
BBM,BBM:F020236,BBM:F023477,similar,06
BBM,BBM:F023460,BBM:F023461,similar,06
BBM,BBM:F023460,BBM:F023462,similar,06
BBM,BBM:F023460,BBM:F023465,similar,06
BBM,BBM:F023460,BBM:F023466,similar,06
BBM,BBM:F023460,BBM:F023467,similar,06
BBM,BBM:F023460,BBM:F023468,similar,06
BBM,BBM:F023460,BBM:F023469,similar,06
BBM,BBM:F023460,BBM:F023470,similar,06
BBM,BBM:F023460,BBM:F023474,similar,06
BBM,BBM:F023460,BBM:F023475,similar,06
BBM,BBM:F023460,BBM:F023476,similar,06
BBM,BBM:F023460,BBM:F023477,similar,06
BBM,BBM:F023461,BBM:F023462,similar,06
BBM,BBM:F023461,BBM:F023465,similar,06
BBM,BBM:F023461,BBM:F023466,similar,06
BBM,BBM:F023461,BBM:F023467,similar,06
BBM,BBM:F023461,BBM:F023468,similar,06
BBM,BBM:F023461,BBM:F023469,similar,06
BBM,BBM:F023461,BBM:F023470,similar,06
BBM,BBM:F023461,BBM:F023474,similar,06
BBM,BBM:F023461,BBM:F023475,similar,06
BBM,BBM:F023461,BBM:F023476,similar,06
BBM,BBM:F023461,BBM:F023477,similar,06
BBM,BBM:F023462,BBM:F023465,similar,06
BBM,BBM:F023462,BBM:F023466,similar,06
BBM,BBM:F023462,BBM:F023467,similar,06
BBM,BBM:F023462,BBM:F023468,similar,06
BBM,BBM:F023462,BBM:F023469,similar,06
BBM,BBM:F023462,BBM:F023470,similar,06
BBM,BBM:F023462,BBM:F023474,similar,06
BBM,BBM:F023462,BBM:F023475,similar,06
BBM,BBM:F023462,BBM:F023476,similar,06
BBM,BBM:F023462,BBM:F023477,similar,06
BBM,BBM:F023465,BBM:F023466,similar,06
BBM,BBM:F023465,BBM:F023467,similar,06
BBM,BBM:F023465,BBM:F023468,similar,06
BBM,BBM:F023465,BBM:F023469,similar,06
BBM,BBM:F023465,BBM:F023470,similar,06
BBM,BBM:F023465,BBM:F023474,similar,06
BBM,BBM:F023465,BBM:F023475,similar,06
BBM,BBM:F023465,BBM:F023476,similar,06
BBM,BBM:F023465,BBM:F023477,similar,06
BBM,BBM:F023466,BBM:F023467,similar,06
BBM,BBM:F023466,BBM:F023468,similar,06
BBM,BBM:F023466,BBM:F023469,similar,06
BBM,BBM:F023466,BBM:F023470,similar,06
BBM,BBM:F023466,BBM:F023474,similar,06
BBM,BBM:F023466,BBM:F023475,similar,06
BBM,BBM:F023466,BBM:F023476,similar,06
BBM,BBM:F023466,BBM:F023477,similar,06
BBM,BBM:F023467,BBM:F023468,similar,06
BBM,BBM:F023467,BBM:F023469,similar,06
BBM,BBM:F023467,BBM:F023470,similar,06
BBM,BBM:F023467,BBM:F023474,similar,06
BBM,BBM:F023467,BBM:F023475,similar,06
BBM,BBM:F023467,BBM:F023476,similar,06
BBM,BBM:F023467,BBM:F023477,similar,06
BBM,BBM:F023468,BBM:F023469,similar,06
BBM,BBM:F023468,BBM:F023470,similar,06
BBM,BBM:F023468,BBM:F023474,similar,06
BBM,BBM:F023468,BBM:F023475,similar,06
BBM,BBM:F023468,BBM:F023476,similar,06
BBM,BBM:F023468,BBM:F023477,similar,06
BBM,BBM:F023469,BBM:F023470,similar,06
BBM,BBM:F023469,BBM:F023474,similar,06
BBM,BBM:F023469,BBM:F023475,similar,06
BBM,BBM:F023469,BBM:F023476,similar,06
BBM,BBM:F023469,BBM:F023477,similar,06
BBM,BBM:F023470,BBM:F023474,similar,06
BBM,BBM:F023470,BBM:F023475,similar,06
BBM,BBM:F023470,BBM:F023476,similar,06
BBM,BBM:F023470,BBM:F023477,similar,06
BBM,BBM:F023474,BBM:F023475,similar,06
BBM,BBM:F023474,BBM:F023476,similar,06
BBM,BBM:F023474,BBM:F023477,similar,06
BBM,BBM:F023475,BBM:F023476,similar,06
BBM,BBM:F023475,BBM:F023477,similar,06
BBM,BBM:F023476,BBM:F023477,similar,06
BBM,BBM:F023472,BBM:F023473,strict,06
BBM,BBM:F023480,BBM:F023481,strict,06
BBM,BBM:F023485,BBM:F023486,strict,06
BBM,BBM:F023487,BBM:F023488,strict,06
BBM,BBM:F023487,BBM:F023489,strict,06
BBM,BBM:F023488,BBM:F023489,strict,06
BBM,BBM:F023490,BBM:F023491,strict,06
BBM,BBM:F026134,BBM:F026178,similar,06
BBM,BBM:F026134,BBM:F026179,similar,06
BBM,BBM:F026134,BBM:F026180,similar,06
BBM,BBM:F026134,BBM:F026181,similar,06
BBM,BBM:F026134,BBM:F026182,similar,06
BBM,BBM:F026178,BBM:F026179,similar,06
BBM,BBM:F026178,BBM:F026180,similar,06
BBM,BBM:F026178,BBM:F026181,similar,06
BBM,BBM:F026178,BBM:F026182,similar,06
BBM,BBM:F026179,BBM:F026180,similar,06
BBM,BBM:F026179,BBM:F026181,similar,06
BBM,BBM:F026179,BBM:F026182,similar,06
BBM,BBM:F026180,BBM:F026181,similar,06
BBM,BBM:F026180,BBM:F026182,similar,06
BBM,BBM:F026181,BBM:F026182,similar,06
BBM,BBM:F018997,BBM:F018998,strict,06
BBM,BBM:F019131,BBM:F019132,strict,06
BBM,BBM:F019147,BBM:F034884,similar,06
BBM,BBM:F019472,BBM:F019477,similar,06
BBM,BBM:F019472,BBM:F019481,similar,06
BBM,BBM:F019477,BBM:F019481,similar,06
BBM,BBM:F019572,BBM:F019574,strict,06
BBM,BBM:F019572,BBM:F019575,strict,06
BBM,BBM:F019574,BBM:F019575,strict,06
BBM,BBM:F019595,BBM:F019596,strict,06
BBM,BBM:F019628,BBM:F019631,strict,06
BBM,BBM:F019811,BBM:F019813,strict,06
BBM,BBM:F019819,BBM:F019820,strict,06
BBM,BBM:F019828,BBM:F019830,similar,06
BBM,BBM:F019828,BBM:F019834,similar,06
BBM,BBM:F019830,BBM:F019834,similar,06
BBM,BBM:F020097,BBM:F020103,similar,06
BBM,BBM:F020097,BBM:F020123,similar,06
BBM,BBM:F020097,BBM:F020124,similar,06
BBM,BBM:F020103,BBM:F020123,similar,06
BBM,BBM:F020103,BBM:F020124,similar,06
BBM,BBM:F020123,BBM:F020124,similar,06
BBM,BBM:F020245,BBM:F023498,similar,06
BBM,BBM:F020245,BBM:F023499,similar,06
BBM,BBM:F020245,BBM:F023502,similar,06
BBM,BBM:F020245,BBM:F023503,similar,06
BBM,BBM:F020245,BBM:F023504,similar,06
BBM,BBM:F023498,BBM:F023499,similar,06
BBM,BBM:F023498,BBM:F023502,similar,06
BBM,BBM:F023498,BBM:F023503,similar,06
BBM,BBM:F023498,BBM:F023504,similar,06
BBM,BBM:F023499,BBM:F023502,similar,06
BBM,BBM:F023499,BBM:F023503,similar,06
BBM,BBM:F023499,BBM:F023504,similar,06
BBM,BBM:F023502,BBM:F023503,similar,06
BBM,BBM:F023502,BBM:F023504,similar,06
BBM,BBM:F023503,BBM:F023504,similar,06
BBM,BBM:F023505,BBM:F023516,similar,06
BBM,BBM:F019048,BBM:F019063,similar,06
BBM,BBM:F019048,BBM:F019065,similar,06
BBM,BBM:F019063,BBM:F019065,similar,06
BBM,BBM:F019133,BBM:F019137,strict,06
BBM,BBM:F019217,BBM:F019218,strict,06
BBM,BBM:F019445,BBM:F019454,similar,06
BBM,BBM:F019445,BBM:F019474,similar,06
BBM,BBM:F019445,BBM:F019488,similar,06
BBM,BBM:F019454,BBM:F019474,similar,06
BBM,BBM:F019454,BBM:F019488,similar,06
BBM,BBM:F019474,BBM:F019488,similar,06
BBM,BBM:F019654,BBM:F020033,similar,06
BBM,BBM:F019654,BBM:F020091,similar,06
BBM,BBM:F019654,BBM:F020113,similar,06
BBM,BBM:F019654,BBM:F020127,similar,06
BBM,BBM:F020033,BBM:F020091,similar,06
BBM,BBM:F020033,BBM:F020113,similar,06
BBM,BBM:F020033,BBM:F020127,similar,06
BBM,BBM:F020091,BBM:F020113,similar,06
BBM,BBM:F020091,BBM:F020127,similar,06
BBM,BBM:F020113,BBM:F020127,similar,06
BBM,BBM:F020040,BBM:F020041,strict,06
BBM,BBM:F020237,BBM:F020238,strict,06
BBM,BBM:F020256,BBM:F020267,similar,06
BBM,BBM:F020256,BBM:F020268,similar,06
BBM,BBM:F020256,BBM:F020274,similar,06
BBM,BBM:F020267,BBM:F020268,similar,06
BBM,BBM:F020267,BBM:F020274,similar,06
BBM,BBM:F020268,BBM:F020274,similar,06
BBM,BBM:F023568,BBM:F023569,similar,06
BBM,BBM:F025900,BBM:F026184,similar,06
BBM,BBM:F019104,BBM:F019106,strict,06
BBM,BBM:F019165,BBM:F019173,similar,06
BBM,BBM:F019321,BBM:F019324,similar,06
BBM,BBM:F019321,BBM:F019325,similar,06
BBM,BBM:F019321,BBM:F019336,similar,06
BBM,BBM:F019324,BBM:F019325,similar,06
BBM,BBM:F019324,BBM:F019336,similar,06
BBM,BBM:F019325,BBM:F019336,similar,06
BBM,BBM:F019520,BBM:F019550,similar,06
BBM,BBM:F019520,BBM:F019556,similar,06
BBM,BBM:F019520,BBM:F019617,similar,06
BBM,BBM:F019550,BBM:F019556,similar,06
BBM,BBM:F019550,BBM:F019617,similar,06
BBM,BBM:F019556,BBM:F019617,similar,06
BBM,BBM:F020254,BBM:F023564,similar,06
BBM,BBM:F025966,BBM:F026183,similar,06
BBM,BBM:F019190,BBM:F019198,similar,06
BBM,BBM:F019439,BBM:F019440,strict,06
BBM,BBM:F019541,BBM:F019607,similar,06
BBM,BBM:F019630,BBM:F019634,strict,06
mo,MO:73093,MO:164626,similar,06
mo,MO:73093,MO:400488,similar,06
mo,MO:164626,MO:400488,similar,06
mo,MO:340808,MO:367411,similar,06
BBM,BBM:F019944,BBM:F019962,similar,06
BBM,BBM:F020020,BBM:F020432,similar,06
mo,MO:357975,MO:364551,similar,06
BBM,BBM:F019961,BBM:F020446,similar,06
BBM,BBM:F020449,BBM:F035592,similar,06
BBM,BBM:F024353,BBM:F024583,similar,06
BBM,BBM:F025923,BBM:F025943,similar,06
BBM,BBM:F025923,BBM:F026025,similar,06
BBM,BBM:F025943,BBM:F026025,similar,06
BBM,BBM:F020499,BBM:F020507,similar,06
BBM,BBM:F020499,BBM:F020541,similar,06
BBM,BBM:F020507,BBM:F020541,similar,06
BBM,BBM:F020573,BBM:F020574,strict,06
BBM,BBM:F020531,BBM:F020599,similar,06
BBM,BBM:F024236,BBM:F024730,similar,06
BBM,BBM:F024675,BBM:F035426,similar,06
BBM,BBM:F024772,BBM:F035561,similar,06
BBM,BBM:F024772,BBM:F035726,similar,06
BBM,BBM:F035561,BBM:F035726,similar,06
BBM,BBM:F025840,BBM:F026365,similar,06
BBM,BBM:F025840,BBM:F026396,similar,06
BBM,BBM:F026365,BBM:F026396,similar,06
BBM,BBM:F026265,BBM:F035449,similar,06
BBM,BBM:F026474,BBM:F030004,similar,06
BBM,BBM:F026474,BBM:F032445,similar,06
BBM,BBM:F030004,BBM:F032445,similar,06
BBM,BBM:F026498,BBM:F034567,similar,06
BBM,BBM:F026498,BBM:F035138,similar,06
BBM,BBM:F026498,BBM:F035425,similar,06
BBM,BBM:F034567,BBM:F035138,similar,06
BBM,BBM:F034567,BBM:F035425,similar,06
BBM,BBM:F035138,BBM:F035425,similar,06
BBM,BBM:F026701,BBM:F027178,similar,06
BBM,BBM:F027213,BBM:F027214,strict,06
BBM,BBM:F027246,BBM:F027366,similar,06
BBM,BBM:F027247,BBM:F027272,similar,06
BBM,BBM:F027247,BBM:F035751,similar,06
BBM,BBM:F027272,BBM:F035751,similar,06
BBM,BBM:F028783,BBM:F028792,similar,06
BBM,BBM:F029074,BBM:F029379,similar,06
BBM,BBM:F029074,BBM:F029611,similar,06
BBM,BBM:F029074,BBM:F029646,similar,06
BBM,BBM:F029379,BBM:F029611,similar,06
BBM,BBM:F029379,BBM:F029646,similar,06
BBM,BBM:F029611,BBM:F029646,similar,06
BBM,BBM:F029474,BBM:F029475,strict,06
BBM,BBM:F029647,BBM:F029665,similar,06
BBM,BBM:F031535,BBM:F031602,similar,06
BBM,BBM:F031642,BBM:F031799,similar,06
BBM,BBM:F031642,BBM:F031926,similar,06
BBM,BBM:F031642,BBM:F031942,similar,06
BBM,BBM:F031799,BBM:F031926,similar,06
BBM,BBM:F031799,BBM:F031942,similar,06
BBM,BBM:F031926,BBM:F031942,similar,06
mo,MO:265944,MO:393121,similar,06
mo,MO:353895,MO:353961,strict,06
BBM,BBM:F020563,BBM:F020564,strict,06
BBM,BBM:F024262,BBM:F024291,similar,06
BBM,BBM:F024262,BBM:F024784,similar,06
BBM,BBM:F024262,BBM:F034615,similar,06
BBM,BBM:F024262,BBM:F034616,similar,06
BBM,BBM:F024262,BBM:F034621,similar,06
BBM,BBM:F024262,BBM:F034653,similar,06
BBM,BBM:F024262,BBM:F035579,similar,06
BBM,BBM:F024291,BBM:F024784,similar,06
BBM,BBM:F024291,BBM:F034615,similar,06
BBM,BBM:F024291,BBM:F034616,similar,06
BBM,BBM:F024291,BBM:F034621,similar,06
BBM,BBM:F024291,BBM:F034653,similar,06
BBM,BBM:F024291,BBM:F035579,similar,06
BBM,BBM:F024784,BBM:F034615,similar,06
BBM,BBM:F024784,BBM:F034616,similar,06
BBM,BBM:F024784,BBM:F034621,similar,06
BBM,BBM:F024784,BBM:F034653,similar,06
BBM,BBM:F024784,BBM:F035579,similar,06
BBM,BBM:F034615,BBM:F034616,similar,06
BBM,BBM:F034615,BBM:F034621,similar,06
BBM,BBM:F034615,BBM:F034653,similar,06
BBM,BBM:F034615,BBM:F035579,similar,06
BBM,BBM:F034616,BBM:F034621,similar,06
BBM,BBM:F034616,BBM:F034653,similar,06
BBM,BBM:F034616,BBM:F035579,similar,06
BBM,BBM:F034621,BBM:F034653,similar,06
BBM,BBM:F034621,BBM:F035579,similar,06
BBM,BBM:F034653,BBM:F035579,similar,06
BBM,BBM:F024942,BBM:F024986,similar,06
BBM,BBM:F024942,BBM:F024987,similar,06
BBM,BBM:F024942,BBM:F025185,similar,06
BBM,BBM:F024986,BBM:F024987,similar,06
BBM,BBM:F024986,BBM:F025185,similar,06
BBM,BBM:F024987,BBM:F025185,similar,06
BBM,BBM:F025357,BBM:F025571,similar,06
BBM,BBM:F025357,BBM:F025583,similar,06
BBM,BBM:F025357,BBM:F025603,similar,06
BBM,BBM:F025571,BBM:F025583,similar,06
BBM,BBM:F025571,BBM:F025603,similar,06
BBM,BBM:F025583,BBM:F025603,similar,06
BBM,BBM:F026104,BBM:F026131,similar,06
BBM,BBM:F026433,BBM:F026535,similar,06
BBM,BBM:F026688,BBM:F027119,similar,06
BBM,BBM:F026688,BBM:F027282,similar,06
BBM,BBM:F027119,BBM:F027282,similar,06
BBM,BBM:F020954,BBM:F020956,strict,06
BBM,BBM:F035243,BBM:F035244,similar,06
mo,MO:148125,MO:223493,similar,06
BBM,BBM:F028413,BBM:F033373,similar,06
BBM,BBM:F022005,BBM:F022006,strict,06
BBM,BBM:F022019,BBM:F022020,similar,06
BBM,BBM:F022019,BBM:F022022,similar,06
BBM,BBM:F022019,BBM:F022026,similar,06
BBM,BBM:F022020,BBM:F022022,similar,06
BBM,BBM:F022020,BBM:F022026,similar,06
BBM,BBM:F022022,BBM:F022026,similar,06
BBM,BBM:F022029,BBM:F022030,strict,06
BBM,BBM:F022044,BBM:F022045,strict,06
BBM,BBM:F022158,BBM:F022160,similar,06
BBM,BBM:F029210,BBM:F029211,strict,06
BBM,BBM:F029210,BBM:F029212,strict,06
BBM,BBM:F029211,BBM:F029212,strict,06
mo,MO:234949,MO:235021,strict,06
BBM,BBM:F022618,BBM:F022622,strict,06
BBM,BBM:F022618,BBM:F022625,strict,06
BBM,BBM:F022622,BBM:F022625,strict,06
BBM,BBM:F024500,BBM:F024801,similar,06
BBM,BBM:F027123,BBM:F027145,similar,06
BBM,BBM:F027901,BBM:F027902,strict,06
BBM,BBM:F031426,BBM:F031427,strict,06
mo,MO:65161,MO:67613,similar,06
mo,MO:313786,MO:365013,similar,06
BBM,BBM:F026775,BBM:F035150,similar,06
BBM,BBM:F027166,BBM:F027325,similar,06
BBM,BBM:F027166,BBM:F027326,similar,06
BBM,BBM:F027325,BBM:F027326,similar,06
mo,MO:204901,MO:422308,similar,06
mo,MO:359460,MO:383020,similar,06
mo,MO:404265,MO:441725,similar,06
mo,MO:449330,MO:453572,similar,06
mo,MO:449330,MO:469612,similar,06
mo,MO:453572,MO:469612,similar,06
BBM,BBM:F024874,BBM:F024875,strict,06
BBM,BBM:F025055,BBM:F034266,similar,06
BBM,BBM:F025088,BBM:F035331,similar,06
BBM,BBM:F026741,BBM:F026781,similar,06
BBM,BBM:F026741,BBM:F026793,similar,06
BBM,BBM:F026781,BBM:F026793,similar,06
BBM,BBM:F022966,BBM:F022994,similar,06
BBM,BBM:F023788,BBM:F023789,strict,06
BBM,BBM:F023790,BBM:F023791,strict,06
BBM,BBM:F023790,BBM:F023792,strict,06
BBM,BBM:F023790,BBM:F023793,strict,06
BBM,BBM:F023790,BBM:F023794,strict,06
BBM,BBM:F023790,BBM:F023795,strict,06
BBM,BBM:F023790,BBM:F023796,strict,06
BBM,BBM:F023790,BBM:F023797,strict,06
BBM,BBM:F023790,BBM:F023798,strict,06
BBM,BBM:F023791,BBM:F023792,strict,06
BBM,BBM:F023791,BBM:F023793,strict,06
BBM,BBM:F023791,BBM:F023794,strict,06
BBM,BBM:F023791,BBM:F023795,strict,06
BBM,BBM:F023791,BBM:F023796,strict,06
BBM,BBM:F023791,BBM:F023797,strict,06
BBM,BBM:F023791,BBM:F023798,strict,06
BBM,BBM:F023792,BBM:F023793,strict,06
BBM,BBM:F023792,BBM:F023794,strict,06
BBM,BBM:F023792,BBM:F023795,strict,06
BBM,BBM:F023792,BBM:F023796,strict,06
BBM,BBM:F023792,BBM:F023797,strict,06
BBM,BBM:F023792,BBM:F023798,strict,06
BBM,BBM:F023793,BBM:F023794,strict,06
BBM,BBM:F023793,BBM:F023795,strict,06
BBM,BBM:F023793,BBM:F023796,strict,06
BBM,BBM:F023793,BBM:F023797,strict,06
BBM,BBM:F023793,BBM:F023798,strict,06
BBM,BBM:F023794,BBM:F023795,strict,06
BBM,BBM:F023794,BBM:F023796,strict,06
BBM,BBM:F023794,BBM:F023797,strict,06
BBM,BBM:F023794,BBM:F023798,strict,06
BBM,BBM:F023795,BBM:F023796,strict,06
BBM,BBM:F023795,BBM:F023797,strict,06
BBM,BBM:F023795,BBM:F023798,strict,06
BBM,BBM:F023796,BBM:F023797,strict,06
BBM,BBM:F023796,BBM:F023798,strict,06
BBM,BBM:F023797,BBM:F023798,strict,06
BBM,BBM:F023809,BBM:F023810,strict,06
BBM,BBM:F023811,BBM:F023812,strict,06
BBM,BBM:F033321,BBM:F033324,similar,06
BBM,BBM:F033321,BBM:F033325,similar,06
BBM,BBM:F033324,BBM:F033325,similar,06
BBM,BBM:F033323,BBM:F033326,similar,06
BBM,BBM:F024022,BBM:F024023,similar,06
BBM,BBM:F024025,BBM:F024026,strict,06
BBM,BBM:F024028,BBM:F024031,similar,06
BBM,BBM:F024041,BBM:F024042,similar,06
BBM,BBM:F024043,BBM:F033329,similar,06
BBM,BBM:F024110,BBM:F024404,similar,06
BBM,BBM:F024437,BBM:F024450,similar,06
BBM,BBM:F024881,BBM:F024898,similar,06
BBM,BBM:F025846,BBM:F025977,similar,06
BBM,BBM:F025846,BBM:F026045,similar,06
BBM,BBM:F025977,BBM:F026045,similar,06
mo,MO:137896,MO:145346,similar,06
mo,MO:223490,MO:257618,similar,06
mo,MO:288809,MO:303562,similar,06
BBM,BBM:F024111,BBM:F024753,similar,06
BBM,BBM:F024111,BBM:F024783,similar,06
BBM,BBM:F024753,BBM:F024783,similar,06
BBM,BBM:F025038,BBM:F025039,strict,06
BBM,BBM:F025038,BBM:F025040,strict,06
BBM,BBM:F025038,BBM:F025041,strict,06
BBM,BBM:F025039,BBM:F025040,strict,06
BBM,BBM:F025039,BBM:F025041,strict,06
BBM,BBM:F025040,BBM:F025041,strict,06
BBM,BBM:F024122,BBM:F024148,similar,06
BBM,BBM:F024122,BBM:F024399,similar,06
BBM,BBM:F024122,BBM:F024790,similar,06
BBM,BBM:F024148,BBM:F024399,similar,06
BBM,BBM:F024148,BBM:F024790,similar,06
BBM,BBM:F024399,BBM:F024790,similar,06
BBM,BBM:F024768,BBM:F024827,similar,06
BBM,BBM:F025163,BBM:F025164,strict,06
BBM,BBM:F025279,BBM:F025280,strict,06
BBM,BBM:F025607,BBM:F025697,similar,06
BBM,BBM:F025607,BBM:F025743,similar,06
BBM,BBM:F025697,BBM:F025743,similar,06
BBM,BBM:F026437,BBM:F026460,similar,06
BBM,BBM:F026437,BBM:F029908,similar,06
BBM,BBM:F026437,BBM:F030001,similar,06
BBM,BBM:F026437,BBM:F032438,similar,06
BBM,BBM:F026460,BBM:F029908,similar,06
BBM,BBM:F026460,BBM:F030001,similar,06
BBM,BBM:F026460,BBM:F032438,similar,06
BBM,BBM:F029908,BBM:F030001,similar,06
BBM,BBM:F029908,BBM:F032438,similar,06
BBM,BBM:F030001,BBM:F032438,similar,06
BBM,BBM:F026659,BBM:F029935,similar,06
BBM,BBM:F026659,BBM:F029956,similar,06
BBM,BBM:F026659,BBM:F030000,similar,06
BBM,BBM:F029935,BBM:F029956,similar,06
BBM,BBM:F029935,BBM:F030000,similar,06
BBM,BBM:F029956,BBM:F030000,similar,06
BBM,BBM:F026713,BBM:F026728,similar,06
BBM,BBM:F026713,BBM:F026770,similar,06
BBM,BBM:F026728,BBM:F026770,similar,06
BBM,BBM:F026947,BBM:F027208,similar,06
BBM,BBM:F026947,BBM:F027290,similar,06
BBM,BBM:F026947,BBM:F027347,similar,06
BBM,BBM:F026947,BBM:F027364,similar,06
BBM,BBM:F027208,BBM:F027290,similar,06
BBM,BBM:F027208,BBM:F027347,similar,06
BBM,BBM:F027208,BBM:F027364,similar,06
BBM,BBM:F027290,BBM:F027347,similar,06
BBM,BBM:F027290,BBM:F027364,similar,06
BBM,BBM:F027347,BBM:F027364,similar,06
BBM,BBM:F029034,BBM:F032518,similar,06
BBM,BBM:F029071,BBM:F029085,similar,06
BBM,BBM:F024132,BBM:F024183,similar,06
BBM,BBM:F024132,BBM:F024206,similar,06
BBM,BBM:F024132,BBM:F024207,similar,06
BBM,BBM:F024132,BBM:F024221,similar,06
BBM,BBM:F024132,BBM:F024815,similar,06
BBM,BBM:F024132,BBM:F024852,similar,06
BBM,BBM:F024132,BBM:F035126,similar,06
BBM,BBM:F024132,BBM:F035129,similar,06
BBM,BBM:F024132,BBM:F035130,similar,06
BBM,BBM:F024132,BBM:F035133,similar,06
BBM,BBM:F024183,BBM:F024206,similar,06
BBM,BBM:F024183,BBM:F024207,similar,06
BBM,BBM:F024183,BBM:F024221,similar,06
BBM,BBM:F024183,BBM:F024815,similar,06
BBM,BBM:F024183,BBM:F024852,similar,06
BBM,BBM:F024183,BBM:F035126,similar,06
BBM,BBM:F024183,BBM:F035129,similar,06
BBM,BBM:F024183,BBM:F035130,similar,06
BBM,BBM:F024183,BBM:F035133,similar,06
BBM,BBM:F024206,BBM:F024207,similar,06
BBM,BBM:F024206,BBM:F024221,similar,06
BBM,BBM:F024206,BBM:F024815,similar,06
BBM,BBM:F024206,BBM:F024852,similar,06
BBM,BBM:F024206,BBM:F035126,similar,06
BBM,BBM:F024206,BBM:F035129,similar,06
BBM,BBM:F024206,BBM:F035130,similar,06
BBM,BBM:F024206,BBM:F035133,similar,06
BBM,BBM:F024207,BBM:F024221,similar,06
BBM,BBM:F024207,BBM:F024815,similar,06
BBM,BBM:F024207,BBM:F024852,similar,06
BBM,BBM:F024207,BBM:F035126,similar,06
BBM,BBM:F024207,BBM:F035129,similar,06
BBM,BBM:F024207,BBM:F035130,similar,06
BBM,BBM:F024207,BBM:F035133,similar,06
BBM,BBM:F024221,BBM:F024815,similar,06
BBM,BBM:F024221,BBM:F024852,similar,06
BBM,BBM:F024221,BBM:F035126,similar,06
BBM,BBM:F024221,BBM:F035129,similar,06
BBM,BBM:F024221,BBM:F035130,similar,06
BBM,BBM:F024221,BBM:F035133,similar,06
BBM,BBM:F024815,BBM:F024852,similar,06
BBM,BBM:F024815,BBM:F035126,similar,06
BBM,BBM:F024815,BBM:F035129,similar,06
BBM,BBM:F024815,BBM:F035130,similar,06
BBM,BBM:F024815,BBM:F035133,similar,06
BBM,BBM:F024852,BBM:F035126,similar,06
BBM,BBM:F024852,BBM:F035129,similar,06
BBM,BBM:F024852,BBM:F035130,similar,06
BBM,BBM:F024852,BBM:F035133,similar,06
BBM,BBM:F035126,BBM:F035129,similar,06
BBM,BBM:F035126,BBM:F035130,similar,06
BBM,BBM:F035126,BBM:F035133,similar,06
BBM,BBM:F035129,BBM:F035130,similar,06
BBM,BBM:F035129,BBM:F035133,similar,06
BBM,BBM:F035130,BBM:F035133,similar,06
BBM,BBM:F025779,BBM:F025789,similar,06
BBM,BBM:F025779,BBM:F025821,similar,06
BBM,BBM:F025779,BBM:F025850,similar,06
BBM,BBM:F025779,BBM:F025868,similar,06
BBM,BBM:F025779,BBM:F025869,similar,06
BBM,BBM:F025779,BBM:F025870,similar,06
BBM,BBM:F025779,BBM:F025888,similar,06
BBM,BBM:F025789,BBM:F025821,similar,06
BBM,BBM:F025789,BBM:F025850,similar,06
BBM,BBM:F025789,BBM:F025868,similar,06
BBM,BBM:F025789,BBM:F025869,similar,06
BBM,BBM:F025789,BBM:F025870,similar,06
BBM,BBM:F025789,BBM:F025888,similar,06
BBM,BBM:F025821,BBM:F025850,similar,06
BBM,BBM:F025821,BBM:F025868,similar,06
BBM,BBM:F025821,BBM:F025869,similar,06
BBM,BBM:F025821,BBM:F025870,similar,06
BBM,BBM:F025821,BBM:F025888,similar,06
BBM,BBM:F025850,BBM:F025868,similar,06
BBM,BBM:F025850,BBM:F025869,similar,06
BBM,BBM:F025850,BBM:F025870,similar,06
BBM,BBM:F025850,BBM:F025888,similar,06
BBM,BBM:F025868,BBM:F025869,similar,06
BBM,BBM:F025868,BBM:F025870,similar,06
BBM,BBM:F025868,BBM:F025888,similar,06
BBM,BBM:F025869,BBM:F025870,similar,06
BBM,BBM:F025869,BBM:F025888,similar,06
BBM,BBM:F025870,BBM:F025888,similar,06
BBM,BBM:F026429,BBM:F026452,similar,06
BBM,BBM:F026429,BBM:F026533,similar,06
BBM,BBM:F026452,BBM:F026533,similar,06
BBM,BBM:F026667,BBM:F026755,similar,06
BBM,BBM:F026667,BBM:F026756,similar,06
BBM,BBM:F026667,BBM:F027297,similar,06
BBM,BBM:F026755,BBM:F026756,similar,06
BBM,BBM:F026755,BBM:F027297,similar,06
BBM,BBM:F026756,BBM:F027297,similar,06
BBM,BBM:F024139,BBM:F024795,similar,06
BBM,BBM:F024139,BBM:F034888,similar,06
BBM,BBM:F024795,BBM:F034888,similar,06
BBM,BBM:F027192,BBM:F027332,similar,06
BBM,BBM:F031836,BBM:F034160,similar,06
BBM,BBM:F024255,BBM:F024300,similar,06
BBM,BBM:F024255,BBM:F024810,similar,06
BBM,BBM:F024255,BBM:F024811,similar,06
BBM,BBM:F024255,BBM:F035327,similar,06
BBM,BBM:F024300,BBM:F024810,similar,06
BBM,BBM:F024300,BBM:F024811,similar,06
BBM,BBM:F024300,BBM:F035327,similar,06
BBM,BBM:F024810,BBM:F024811,similar,06
BBM,BBM:F024810,BBM:F035327,similar,06
BBM,BBM:F024811,BBM:F035327,similar,06
BBM,BBM:F024864,BBM:F024882,similar,06
BBM,BBM:F024864,BBM:F024957,similar,06
BBM,BBM:F024864,BBM:F025037,similar,06
BBM,BBM:F024882,BBM:F024957,similar,06
BBM,BBM:F024882,BBM:F025037,similar,06
BBM,BBM:F024957,BBM:F025037,similar,06
BBM,BBM:F025934,BBM:F026014,similar,06
BBM,BBM:F024157,BBM:F024180,similar,06
BBM,BBM:F024157,BBM:F024181,similar,06
BBM,BBM:F024157,BBM:F024182,similar,06
BBM,BBM:F024157,BBM:F024256,similar,06
BBM,BBM:F024157,BBM:F024257,similar,06
BBM,BBM:F024157,BBM:F024834,similar,06
BBM,BBM:F024157,BBM:F024835,similar,06
BBM,BBM:F024157,BBM:F024836,similar,06
BBM,BBM:F024157,BBM:F027368,similar,06
BBM,BBM:F024157,BBM:F035542,similar,06
BBM,BBM:F024180,BBM:F024181,similar,06
BBM,BBM:F024180,BBM:F024182,similar,06
BBM,BBM:F024180,BBM:F024256,similar,06
BBM,BBM:F024180,BBM:F024257,similar,06
BBM,BBM:F024180,BBM:F024834,similar,06
BBM,BBM:F024180,BBM:F024835,similar,06
BBM,BBM:F024180,BBM:F024836,similar,06
BBM,BBM:F024180,BBM:F027368,similar,06
BBM,BBM:F024180,BBM:F035542,similar,06
BBM,BBM:F024181,BBM:F024182,similar,06
BBM,BBM:F024181,BBM:F024256,similar,06
BBM,BBM:F024181,BBM:F024257,similar,06
BBM,BBM:F024181,BBM:F024834,similar,06
BBM,BBM:F024181,BBM:F024835,similar,06
BBM,BBM:F024181,BBM:F024836,similar,06
BBM,BBM:F024181,BBM:F027368,similar,06
BBM,BBM:F024181,BBM:F035542,similar,06
BBM,BBM:F024182,BBM:F024256,similar,06
BBM,BBM:F024182,BBM:F024257,similar,06
BBM,BBM:F024182,BBM:F024834,similar,06
BBM,BBM:F024182,BBM:F024835,similar,06
BBM,BBM:F024182,BBM:F024836,similar,06
BBM,BBM:F024182,BBM:F027368,similar,06
BBM,BBM:F024182,BBM:F035542,similar,06
BBM,BBM:F024256,BBM:F024257,similar,06
BBM,BBM:F024256,BBM:F024834,similar,06
BBM,BBM:F024256,BBM:F024835,similar,06
BBM,BBM:F024256,BBM:F024836,similar,06
BBM,BBM:F024256,BBM:F027368,similar,06
BBM,BBM:F024256,BBM:F035542,similar,06
BBM,BBM:F024257,BBM:F024834,similar,06
BBM,BBM:F024257,BBM:F024835,similar,06
BBM,BBM:F024257,BBM:F024836,similar,06
BBM,BBM:F024257,BBM:F027368,similar,06
BBM,BBM:F024257,BBM:F035542,similar,06
BBM,BBM:F024834,BBM:F024835,similar,06
BBM,BBM:F024834,BBM:F024836,similar,06
BBM,BBM:F024834,BBM:F027368,similar,06
BBM,BBM:F024834,BBM:F035542,similar,06
BBM,BBM:F024835,BBM:F024836,similar,06
BBM,BBM:F024835,BBM:F027368,similar,06
BBM,BBM:F024835,BBM:F035542,similar,06
BBM,BBM:F024836,BBM:F027368,similar,06
BBM,BBM:F024836,BBM:F035542,similar,06
BBM,BBM:F027368,BBM:F035542,similar,06
BBM,BBM:F026450,BBM:F026511,similar,06
BBM,BBM:F026450,BBM:F029686,similar,06
BBM,BBM:F026450,BBM:F029981,similar,06
BBM,BBM:F026511,BBM:F029686,similar,06
BBM,BBM:F026511,BBM:F029981,similar,06
BBM,BBM:F029686,BBM:F029981,similar,06
BBM,BBM:F026684,BBM:F026734,similar,06
BBM,BBM:F026684,BBM:F027193,similar,06
BBM,BBM:F026684,BBM:F027334,similar,06
BBM,BBM:F026734,BBM:F027193,similar,06
BBM,BBM:F026734,BBM:F027334,similar,06
BBM,BBM:F027193,BBM:F027334,similar,06
BBM,BBM:F034984,BBM:F035187,similar,06
BBM,BBM:F034984,BBM:F035747,similar,06
BBM,BBM:F035187,BBM:F035747,similar,06
mo,MO:67028,MO:187868,similar,06
mo,MO:67028,MO:238406,similar,06
mo,MO:67028,MO:273962,similar,06
mo,MO:67028,MO:311024,similar,06
mo,MO:67028,MO:319032,similar,06
mo,MO:67028,MO:465888,similar,06
mo,MO:67028,MO:518923,similar,06
mo,MO:187868,MO:238406,similar,06
mo,MO:187868,MO:273962,similar,06
mo,MO:187868,MO:311024,similar,06
mo,MO:187868,MO:319032,similar,06
mo,MO:187868,MO:465888,similar,06
mo,MO:187868,MO:518923,similar,06
mo,MO:238406,MO:273962,similar,06
mo,MO:238406,MO:311024,similar,06
mo,MO:238406,MO:319032,similar,06
mo,MO:238406,MO:465888,similar,06
mo,MO:238406,MO:518923,similar,06
mo,MO:273962,MO:311024,similar,06
mo,MO:273962,MO:319032,similar,06
mo,MO:273962,MO:465888,similar,06
mo,MO:273962,MO:518923,similar,06
mo,MO:311024,MO:319032,similar,06
mo,MO:311024,MO:465888,similar,06
mo,MO:311024,MO:518923,similar,06
mo,MO:319032,MO:465888,similar,06
mo,MO:319032,MO:518923,similar,06
mo,MO:465888,MO:518923,similar,06
BBM,BBM:F024222,BBM:F024223,strict,06
BBM,BBM:F024966,BBM:F025255,similar,06
BBM,BBM:F025358,BBM:F025618,similar,06
BBM,BBM:F025358,BBM:F025636,similar,06
BBM,BBM:F025358,BBM:F025685,similar,06
BBM,BBM:F025358,BBM:F025704,similar,06
BBM,BBM:F025358,BBM:F025705,similar,06
BBM,BBM:F025358,BBM:F025723,similar,06
BBM,BBM:F025618,BBM:F025636,similar,06
BBM,BBM:F025618,BBM:F025685,similar,06
BBM,BBM:F025618,BBM:F025704,similar,06
BBM,BBM:F025618,BBM:F025705,similar,06
BBM,BBM:F025618,BBM:F025723,similar,06
BBM,BBM:F025636,BBM:F025685,similar,06
BBM,BBM:F025636,BBM:F025704,similar,06
BBM,BBM:F025636,BBM:F025705,similar,06
BBM,BBM:F025636,BBM:F025723,similar,06
BBM,BBM:F025685,BBM:F025704,similar,06
BBM,BBM:F025685,BBM:F025705,similar,06
BBM,BBM:F025685,BBM:F025723,similar,06
BBM,BBM:F025704,BBM:F025705,similar,06
BBM,BBM:F025704,BBM:F025723,similar,06
BBM,BBM:F025705,BBM:F025723,similar,06
BBM,BBM:F025764,BBM:F025798,similar,06
BBM,BBM:F025764,BBM:F025799,similar,06
BBM,BBM:F025764,BBM:F025800,similar,06
BBM,BBM:F025764,BBM:F025801,similar,06
BBM,BBM:F025764,BBM:F025824,similar,06
BBM,BBM:F025764,BBM:F025871,similar,06
BBM,BBM:F025764,BBM:F025889,similar,06
BBM,BBM:F025798,BBM:F025799,similar,06
BBM,BBM:F025798,BBM:F025800,similar,06
BBM,BBM:F025798,BBM:F025801,similar,06
BBM,BBM:F025798,BBM:F025824,similar,06
BBM,BBM:F025798,BBM:F025871,similar,06
BBM,BBM:F025798,BBM:F025889,similar,06
BBM,BBM:F025799,BBM:F025800,similar,06
BBM,BBM:F025799,BBM:F025801,similar,06
BBM,BBM:F025799,BBM:F025824,similar,06
BBM,BBM:F025799,BBM:F025871,similar,06
BBM,BBM:F025799,BBM:F025889,similar,06
BBM,BBM:F025800,BBM:F025801,similar,06
BBM,BBM:F025800,BBM:F025824,similar,06
BBM,BBM:F025800,BBM:F025871,similar,06
BBM,BBM:F025800,BBM:F025889,similar,06
BBM,BBM:F025801,BBM:F025824,similar,06
BBM,BBM:F025801,BBM:F025871,similar,06
BBM,BBM:F025801,BBM:F025889,similar,06
BBM,BBM:F025824,BBM:F025871,similar,06
BBM,BBM:F025824,BBM:F025889,similar,06
BBM,BBM:F025871,BBM:F025889,similar,06
BBM,BBM:F024971,BBM:F025311,similar,06
BBM,BBM:F024971,BBM:F025346,similar,06
BBM,BBM:F025311,BBM:F025346,similar,06
BBM,BBM:F025407,BBM:F025441,similar,06
BBM,BBM:F025407,BBM:F025458,similar,06
BBM,BBM:F025441,BBM:F025458,similar,06
BBM,BBM:F025774,BBM:F025890,similar,06
BBM,BBM:F024304,BBM:F024855,similar,06
BBM,BBM:F024304,BBM:F035374,similar,06
BBM,BBM:F024855,BBM:F035374,similar,06
BBM,BBM:F025634,BBM:F025663,similar,06
BBM,BBM:F025634,BBM:F025722,similar,06
BBM,BBM:F025663,BBM:F025722,similar,06
BBM,BBM:F024360,BBM:F024458,similar,06
BBM,BBM:F031688,BBM:F032011,similar,06
BBM,BBM:F024387,BBM:F024388,strict,06
BBM,BBM:F024414,BBM:F024473,similar,06
BBM,BBM:F024414,BBM:F035065,similar,06
BBM,BBM:F024473,BBM:F035065,similar,06
BBM,BBM:F024890,BBM:F024912,similar,06
BBM,BBM:F024890,BBM:F024930,similar,06
BBM,BBM:F024890,BBM:F025006,similar,06
BBM,BBM:F024890,BBM:F025073,similar,06
BBM,BBM:F024890,BBM:F025074,similar,06
BBM,BBM:F024890,BBM:F025125,similar,06
BBM,BBM:F024890,BBM:F025154,similar,06
BBM,BBM:F024912,BBM:F024930,similar,06
BBM,BBM:F024912,BBM:F025006,similar,06
BBM,BBM:F024912,BBM:F025073,similar,06
BBM,BBM:F024912,BBM:F025074,similar,06
BBM,BBM:F024912,BBM:F025125,similar,06
BBM,BBM:F024912,BBM:F025154,similar,06
BBM,BBM:F024930,BBM:F025006,similar,06
BBM,BBM:F024930,BBM:F025073,similar,06
BBM,BBM:F024930,BBM:F025074,similar,06
BBM,BBM:F024930,BBM:F025125,similar,06
BBM,BBM:F024930,BBM:F025154,similar,06
BBM,BBM:F025006,BBM:F025073,similar,06
BBM,BBM:F025006,BBM:F025074,similar,06
BBM,BBM:F025006,BBM:F025125,similar,06
BBM,BBM:F025006,BBM:F025154,similar,06
BBM,BBM:F025073,BBM:F025074,similar,06
BBM,BBM:F025073,BBM:F025125,similar,06
BBM,BBM:F025073,BBM:F025154,similar,06
BBM,BBM:F025074,BBM:F025125,similar,06
BBM,BBM:F025074,BBM:F025154,similar,06
BBM,BBM:F025125,BBM:F025154,similar,06
BBM,BBM:F025443,BBM:F025715,similar,06
mo,MO:274906,MO:279758,similar,06
mo,MO:367865,MO:376972,similar,06
BBM,BBM:F024375,BBM:F024410,similar,06
BBM,BBM:F024444,BBM:F027532,similar,06
BBM,BBM:F024496,BBM:F035491,similar,06
BBM,BBM:F025196,BBM:F025224,similar,06
BBM,BBM:F027194,BBM:F027256,similar,06
BBM,BBM:F032473,BBM:F032475,similar,06
mo,MO:65010,MO:95334,similar,06
mo,MO:65010,MO:259685,similar,06
mo,MO:65010,MO:389104,similar,06
mo,MO:95334,MO:259685,similar,06
mo,MO:95334,MO:389104,similar,06
mo,MO:259685,MO:389104,similar,06
BBM,BBM:F024610,BBM:F035590,similar,06
BBM,BBM:F025391,BBM:F034767,similar,06
BBM,BBM:F025593,BBM:F035188,similar,06
BBM,BBM:F025593,BBM:F035247,similar,06
BBM,BBM:F035188,BBM:F035247,similar,06
BBM,BBM:F025973,BBM:F026034,similar,06
BBM,BBM:F025973,BBM:F026077,similar,06
BBM,BBM:F025973,BBM:F026160,similar,06
BBM,BBM:F026034,BBM:F026077,similar,06
BBM,BBM:F026034,BBM:F026160,similar,06
BBM,BBM:F026077,BBM:F026160,similar,06
BBM,BBM:F029293,BBM:F029317,similar,06
BBM,BBM:F029293,BBM:F029328,similar,06
BBM,BBM:F029293,BBM:F029342,similar,06
BBM,BBM:F029293,BBM:F029542,similar,06
BBM,BBM:F029317,BBM:F029328,similar,06
BBM,BBM:F029317,BBM:F029342,similar,06
BBM,BBM:F029317,BBM:F029542,similar,06
BBM,BBM:F029328,BBM:F029342,similar,06
BBM,BBM:F029328,BBM:F029542,similar,06
BBM,BBM:F029342,BBM:F029542,similar,06
mo,MO:368619,MO:368701,strict,06
BBM,BBM:F026601,BBM:F026615,similar,06
BBM,BBM:F032606,BBM:F033914,similar,06
BBM,BBM:F031782,BBM:F031840,similar,06
BBM,BBM:F024859,BBM:F024860,strict,06
BBM,BBM:F024873,BBM:F024928,similar,06
BBM,BBM:F024873,BBM:F024929,similar,06
BBM,BBM:F024873,BBM:F025087,similar,06
BBM,BBM:F024928,BBM:F024929,similar,06
BBM,BBM:F024928,BBM:F025087,similar,06
BBM,BBM:F024929,BBM:F025087,similar,06
BBM,BBM:F025393,BBM:F027862,similar,06
mo,MO:227371,MO:264933,similar,06
BBM,BBM:F025022,BBM:F025035,similar,06
BBM,BBM:F025022,BBM:F025036,similar,06
BBM,BBM:F025035,BBM:F025036,similar,06
BBM,BBM:F024917,BBM:F024939,similar,06
BBM,BBM:F024924,BBM:F026412,strict,06
BBM,BBM:F024945,BBM:F024960,similar,06
BBM,BBM:F024936,BBM:F025145,similar,06
BBM,BBM:F027216,BBM:F027273,similar,06
BBM,BBM:F027730,BBM:F027731,strict,06
mo,MO:324475,MO:324500,similar,06
mo,MO:388081,MO:409309,similar,06
BBM,BBM:F025086,BBM:F034687,similar,06
mo,MO:203573,MO:204903,similar,06
mo,MO:203573,MO:225792,similar,06
mo,MO:204903,MO:225792,similar,06
mo,MO:242927,MO:265041,similar,06
mo,MO:274716,MO:278324,similar,06
mo,MO:274716,MO:298337,similar,06
mo,MO:278324,MO:298337,similar,06
mo,MO:399231,MO:401773,similar,06
BBM,BBM:F034972,BBM:F034996,similar,06
mo,MO:295431,MO:322753,similar,06
mo,MO:294178,MO:301917,similar,06
BBM,BBM:F029160,BBM:F029161,strict,06
BBM,BBM:F031925,BBM:F031941,similar,06
BBM,BBM:F030391,BBM:F030410,similar,06
BBM,BBM:F030391,BBM:F030431,similar,06
BBM,BBM:F030410,BBM:F030431,similar,06
BBM,BBM:F030523,BBM:F030873,similar,06
BBM,BBM:F030565,BBM:F030644,similar,06
BBM,BBM:F030565,BBM:F030650,similar,06
BBM,BBM:F030565,BBM:F030659,similar,06
BBM,BBM:F030565,BBM:F035001,similar,06
BBM,BBM:F030644,BBM:F030650,similar,06
BBM,BBM:F030644,BBM:F030659,similar,06
BBM,BBM:F030644,BBM:F035001,similar,06
BBM,BBM:F030650,BBM:F030659,similar,06
BBM,BBM:F030650,BBM:F035001,similar,06
BBM,BBM:F030659,BBM:F035001,similar,06
BBM,BBM:F034237,BBM:F034290,similar,06
BBM,BBM:F034237,BBM:F035759,similar,06
BBM,BBM:F034290,BBM:F035759,similar,06
mo,MO:149533,MO:253246,similar,06
mo,MO:149533,MO:253253,similar,06
mo,MO:149533,MO:336356,similar,06
mo,MO:149533,MO:340006,similar,06
mo,MO:149533,MO:345111,similar,06
mo,MO:149533,MO:378223,similar,06
mo,MO:253246,MO:253253,similar,06
mo,MO:253246,MO:336356,similar,06
mo,MO:253246,MO:340006,similar,06
mo,MO:253246,MO:345111,similar,06
mo,MO:253246,MO:378223,similar,06
mo,MO:253253,MO:336356,similar,06
mo,MO:253253,MO:340006,similar,06
mo,MO:253253,MO:345111,similar,06
mo,MO:253253,MO:378223,similar,06
mo,MO:336356,MO:340006,similar,06
mo,MO:336356,MO:345111,similar,06
mo,MO:336356,MO:378223,similar,06
mo,MO:340006,MO:345111,similar,06
mo,MO:340006,MO:378223,similar,06
mo,MO:345111,MO:378223,similar,06
BBM,BBM:F025283,BBM:F034610,similar,06
BBM,BBM:F025283,BBM:F035293,similar,06
BBM,BBM:F034610,BBM:F035293,similar,06
BBM,BBM:F025399,BBM:F025698,similar,06
BBM,BBM:F025399,BBM:F025714,similar,06
BBM,BBM:F025698,BBM:F025714,similar,06
mo,MO:196475,MO:422306,similar,06
BBM,BBM:F029468,BBM:F029561,similar,06
BBM,BBM:F029922,BBM:F032439,similar,06
BBM,BBM:F025434,BBM:F025456,similar,06
BBM,BBM:F025434,BBM:F025567,similar,06
BBM,BBM:F025456,BBM:F025567,similar,06
BBM,BBM:F026049,BBM:F035071,similar,06
BBM,BBM:F025527,BBM:F025544,similar,06
BBM,BBM:F025666,BBM:F025667,strict,06
BBM,BBM:F028379,BBM:F030018,strict,06
BBM,BBM:F025784,BBM:F025807,similar,06
BBM,BBM:F025784,BBM:F028153,similar,06
BBM,BBM:F025807,BBM:F028153,similar,06
mo,MO:127336,MO:129022,similar,06
BBM,BBM:F025867,BBM:F034862,similar,06
BBM,BBM:F034725,BBM:F035587,similar,06
mo,MO:65693,MO:119026,similar,06
mo,MO:65693,MO:399229,similar,06
mo,MO:119026,MO:399229,similar,06
mo,MO:66073,MO:156816,similar,06
mo,MO:66073,MO:350349,similar,06
mo,MO:66073,MO:351374,similar,06
mo,MO:66073,MO:351612,similar,06
mo,MO:66073,MO:394673,similar,06
mo,MO:156816,MO:350349,similar,06
mo,MO:156816,MO:351374,similar,06
mo,MO:156816,MO:351612,similar,06
mo,MO:156816,MO:394673,similar,06
mo,MO:350349,MO:351374,similar,06
mo,MO:350349,MO:351612,similar,06
mo,MO:350349,MO:394673,similar,06
mo,MO:351374,MO:351612,similar,06
mo,MO:351374,MO:394673,similar,06
mo,MO:351612,MO:394673,similar,06
BBM,BBM:F034986,BBM:F035025,similar,06
BBM,BBM:F028353,BBM:F034709,similar,06
BBM,BBM:F031026,BBM:F031027,strict,06
BBM,BBM:F033743,BBM:F035717,similar,06
BBM,BBM:F034278,BBM:F034313,similar,06
BBM,BBM:F034278,BBM:F035443,similar,06
BBM,BBM:F034278,BBM:F035769,similar,06
BBM,BBM:F034313,BBM:F035443,similar,06
BBM,BBM:F034313,BBM:F035769,similar,06
BBM,BBM:F035443,BBM:F035769,similar,06
mo,MO:301245,MO:340687,similar,06
BBM,BBM:F034372,BBM:F034744,similar,06
BBM,BBM:F034372,BBM:F034811,similar,06
BBM,BBM:F034372,BBM:F035418,similar,06
BBM,BBM:F034744,BBM:F034811,similar,06
BBM,BBM:F034744,BBM:F035418,similar,06
BBM,BBM:F034811,BBM:F035418,similar,06
mo,MO:306472,MO:351378,similar,06
mo,MO:306472,MO:352858,similar,06
mo,MO:351378,MO:352858,similar,06
mo,MO:395883,MO:411788,similar,06
mo,MO:159179,MO:165753,similar,06
mo,MO:159179,MO:166736,similar,06
mo,MO:165753,MO:166736,similar,06
BBM,BBM:F027505,BBM:F027506,strict,06
BBM,BBM:F027553,BBM:F027554,strict,06
BBM,BBM:F027797,BBM:F033894,similar,06
BBM,BBM:F027563,BBM:F032404,similar,06
BBM,BBM:F027868,BBM:F027879,similar,06
mo,MO:397531,MO:414104,similar,06
BBM,BBM:F027949,BBM:F027950,strict,06
mo,MO:104784,MO:104800,strict,06
mo,MO:109472,MO:109474,strict,06
mo,MO:63841,MO:144191,similar,06
mo,MO:63841,MO:323864,similar,06
mo,MO:63841,MO:379219,similar,06
mo,MO:63841,MO:379242,similar,06
mo,MO:63841,MO:407476,similar,06
mo,MO:144191,MO:323864,similar,06
mo,MO:144191,MO:379219,similar,06
mo,MO:144191,MO:379242,similar,06
mo,MO:144191,MO:407476,similar,06
mo,MO:323864,MO:379219,similar,06
mo,MO:323864,MO:379242,similar,06
mo,MO:323864,MO:407476,similar,06
mo,MO:379219,MO:379242,similar,06
mo,MO:379219,MO:407476,similar,06
mo,MO:379242,MO:407476,similar,06
mo,MO:248884,MO:324896,similar,06
mo,MO:248884,MO:378234,similar,06
mo,MO:248884,MO:379245,similar,06
mo,MO:248884,MO:420336,similar,06
mo,MO:324896,MO:378234,similar,06
mo,MO:324896,MO:379245,similar,06
mo,MO:324896,MO:420336,similar,06
mo,MO:378234,MO:379245,similar,06
mo,MO:378234,MO:420336,similar,06
mo,MO:379245,MO:420336,similar,06
BBM,BBM:F029184,BBM:F029185,strict,06
BBM,BBM:F029184,BBM:F029186,strict,06
BBM,BBM:F029185,BBM:F029186,strict,06
BBM,BBM:F034514,BBM:F034964,similar,06
BBM,BBM:F034514,BBM:F035767,similar,06
BBM,BBM:F034964,BBM:F035767,similar,06
mo,MO:381290,MO:383389,similar,06
BBM,BBM:F030986,BBM:F030987,strict,06
mo,MO:472091,MO:472583,similar,06
BBM,BBM:F031167,BBM:F031168,strict,06
BBM,BBM:F031167,BBM:F031169,strict,06
BBM,BBM:F031168,BBM:F031169,strict,06
BBM,BBM:F031174,BBM:F031175,strict,06
BBM,BBM:F031177,BBM:F031178,strict,06
BBM,BBM:F031518,BBM:F035052,similar,06
BBM,BBM:F031518,BBM:F035355,similar,06
BBM,BBM:F035052,BBM:F035355,similar,06
BBM,BBM:F031589,BBM:F031977,similar,06
mo,MO:106171,MO:223081,similar,06
BBM,BBM:F032156,BBM:F032157,strict,06
BBM,BBM:F032156,BBM:F032158,strict,06
BBM,BBM:F032157,BBM:F032158,strict,06
BBM,BBM:F032291,BBM:F032309,similar,06
BBM,BBM:F033264,BBM:F033284,strict,06
BBM,BBM:F034401,BBM:F034402,similar,06
mo,MO:368703,MO:368704,similar,06
mo,MO:311001,MO:350780,similar,06
mo,MO:311001,MO:396761,similar,06
mo,MO:350780,MO:396761,similar,06
mo,MO:306783,MO:365007,similar,06
BBM,BBM:F032866,BBM:F032899,strict,06
BBM,BBM:F032866,BBM:F032955,strict,06
BBM,BBM:F032899,BBM:F032955,strict,06
BBM,BBM:F032878,BBM:F032898,strict,06
BBM,BBM:F032878,BBM:F032938,strict,06
BBM,BBM:F032898,BBM:F032938,strict,06
BBM,BBM:F033033,BBM:F033035,similar,06
BBM,BBM:F033037,BBM:F033832,similar,06
BBM,BBM:F033040,BBM:F033041,strict,06
BBM,BBM:F035069,BBM:F035753,similar,06
mo,MO:301934,MO:303559,similar,06
mo,MO:301934,MO:311021,similar,06
mo,MO:301934,MO:324333,similar,06
mo,MO:301934,MO:401774,similar,06
mo,MO:303559,MO:311021,similar,06
mo,MO:303559,MO:324333,similar,06
mo,MO:303559,MO:401774,similar,06
mo,MO:311021,MO:324333,similar,06
mo,MO:311021,MO:401774,similar,06
mo,MO:324333,MO:401774,similar,06
mo,MO:98199,MO:163928,similar,06
mo,MO:98199,MO:274605,similar,06
mo,MO:163928,MO:274605,similar,06
mo,MO:394679,MO:397496,similar,06
BBM,BBM:F033755,BBM:F033758,similar,06
mo,MO:106393,MO:196961,similar,06
mo,MO:106393,MO:263966,similar,06
mo,MO:106393,MO:306489,similar,06
mo,MO:106393,MO:313325,similar,06
mo,MO:196961,MO:263966,similar,06
mo,MO:196961,MO:306489,similar,06
mo,MO:196961,MO:313325,similar,06
mo,MO:263966,MO:306489,similar,06
mo,MO:263966,MO:313325,similar,06
mo,MO:306489,MO:313325,similar,06
mo,MO:181904,MO:202330,similar,06
mo,MO:181904,MO:349918,similar,06
mo,MO:202330,MO:349918,similar,06
mo,MO:204893,MO:224145,similar,06
mo,MO:316648,MO:341957,similar,06
mo,MO:316648,MO:352861,similar,06
mo,MO:341957,MO:352861,similar,06
mo,MO:367835,MO:381280,similar,06
mo,MO:367835,MO:398348,similar,06
mo,MO:381280,MO:398348,similar,06
BBM,BBM:F033987,BBM:F035072,similar,06
BBM,BBM:F033987,BBM:F035154,similar,06
BBM,BBM:F035072,BBM:F035154,similar,06
mo,MO:271910,MO:449322,similar,06
mo,MO:271910,MO:453577,similar,06
mo,MO:449322,MO:453577,similar,06
mo,MO:170636,MO:276627,similar,06
BBM,BBM:F034281,BBM:F034284,similar,06
mo,MO:255011,MO:282449,similar,06
BBM,BBM:F034364,BBM:F034369,similar,06
mo,MO:96949,MO:378427,similar,06
mo,MO:96949,MO:379223,similar,06
mo,MO:378427,MO:379223,similar,06
mo,MO:375288,MO:378425,similar,06
mo,MO:75637,MO:190547,similar,06
mo,MO:75637,MO:261076,similar,06
mo,MO:190547,MO:261076,similar,06
mo,MO:87641,MO:398011,similar,06
mo,MO:87641,MO:400494,similar,06
mo,MO:398011,MO:400494,similar,06
mo,MO:163124,MO:192511,similar,06
mo,MO:245611,MO:252053,similar,06
mo,MO:85402,MO:85403,strict,06
mo,MO:159689,MO:163335,similar,06
mo,MO:363621,MO:367838,similar,06
mo,MO:169697,MO:171937,similar,06
mo,MO:347645,MO:351206,similar,06
mo,MO:235904,MO:263994,similar,06
mo,MO:268754,MO:536493,strict,06
mo,MO:268893,MO:273193,similar,06
mo,MO:274286,MO:280674,similar,06
mo,MO:274815,MO:279519,similar,06
mo,MO:275782,MO:288815,similar,06
mo,MO:294283,MO:306965,similar,06
mo,MO:361893,MO:366040,similar,06
mo,MO:401068,MO:403116,similar,06
mo,MO:401068,MO:404253,similar,06
mo,MO:403116,MO:404253,similar,06
