bbm,platform_record,match_type,quadrant,confidence,justification,breakdown
BBM:F034279,MO:278907,similar,absent,2.5,similar name + date/locality; no cross-reference or image,01
BBM:F034280,MO:278910,similar,absent,2.5,similar name + date/locality; no cross-reference or image,01
BBM:F026082,MO:151312,strict,unidirectional_platform_to_ubc,4.0,one-directional cross-reference (id present on only one side),01
BBM:F026440,MO:72852,strict,absent,3.0,name + exact date + locality/collector match; no cross-reference or image,01
BBM:F024364,MO:63465,strict,unidirectional_platform_to_ubc,4.0,one-directional cross-reference (id present on only one side),01
BBM:F025139,MO:77716,strict,unidirectional_platform_to_ubc,4.0,one-directional cross-reference (id present on only one side),01
BBM:F025386,MO:87772,strict,unidirectional_platform_to_ubc,4.0,one-directional cross-reference (id present on only one side),01
BBM:F025394,MO:87050,strict,absent,3.0,name + exact date + locality/collector match; no cross-reference or image,01
BBM:F025394,MO:88596,strict,unidirectional_platform_to_ubc,4.0,one-directional cross-reference (id present on only one side),01
BBM:F025895,MO:130631,strict,unidirectional_platform_to_ubc,4.0,one-directional cross-reference (id present on only one side),01
BBM:F025953,MO:160417,strict,unidirectional_platform_to_ubc,4.0,one-directional cross-reference (id present on only one side),01
BBM:F026509,MO:64956,similar,absent,2.5,similar name + date/locality; no cross-reference or image,01
BBM:F029675,MO:64956,similar,absent,2.5,similar name + date/locality; no cross-reference or image,"01,05"
BBM:F031393,MO:66877,strict,absent,3.0,name + exact date + locality/collector match; no cross-reference or image,01
BBM:F031801,MO:63563,strict,unidirectional_platform_to_ubc,4.0,one-directional cross-reference (id present on only one side),01
BBM:F031885,MO:65462,strict,unidirectional_platform_to_ubc,4.0,one-directional cross-reference (id present on only one side),01
BBM:F035655,MO:238572,similar,absent,2.5,similar name + date/locality; no cross-reference or image,01
BBM:F027511,MO:105544,strict,absent,3.0,name + exact date + locality/collector match; no cross-reference or image,01
BBM:F031730,MO:195365,strict,absent,3.0,name + exact date + locality/collector match; no cross-reference or image,01
BBM:F024522,MO:64899,similar,unidirectional_platform_to_ubc,4.0,one-directional cross-reference (id present on only one side),"01,05"
BBM:F025121,MO:71513,strict,unidirectional_platform_to_ubc,4.0,one-directional cross-reference (id present on only one side),01
BBM:F025199,MO:159753,strict,absent,3.0,name + exact date + locality/collector match; no cross-reference or image,01
BBM:F026257,MO:152307,strict,unidirectional_platform_to_ubc,4.0,one-directional cross-reference (id present on only one side),01
BBM:F028896,MO:174766,strict,unidirectional_platform_to_ubc,4.0,one-directional cross-reference (id present on only one side),01
BBM:F029428,MO:191204,strict,unidirectional_platform_to_ubc,4.0,one-directional cross-reference (id present on only one side),01
BBM:F029498,MO:72825,similar,absent,2.5,similar name + date/locality; no cross-reference or image,"01,02"
BBM:F029637,MO:72825,similar,unidirectional_platform_to_ubc,4.0,one-directional cross-reference (id present on only one side),01
BBM:F029654,MO:72825,similar,absent,2.5,similar name + date/locality; no cross-reference or image,"01,02"
BBM:F029839,MO:65024,similar,absent,2.5,similar name + date/locality; no cross-reference or image,01
BBM:F029988,MO:65024,similar,absent,2.5,similar name + date/locality; no cross-reference or image,01
BBM:F029840,MO:166103,strict,unidirectional_platform_to_ubc,4.0,one-directional cross-reference (id present on only one side),01
BBM:F029841,MO:166104,strict,unidirectional_platform_to_ubc,4.0,one-directional cross-reference (id present on only one side),01
BBM:F029842,MO:63927,strict,unidirectional_platform_to_ubc,4.0,one-directional cross-reference (id present on only one side),01
BBM:F031421,MO:196190,strict,unidirectional_platform_to_ubc,4.0,one-directional cross-reference (id present on only one side),01
BBM:F031428,MO:196415,strict,unidirectional_platform_to_ubc,4.0,one-directional cross-reference (id present on only one side),01
BBM:F031430,MO:196364,strict,unidirectional_platform_to_ubc,4.0,one-directional cross-reference (id present on only one side),01
BBM:F031431,MO:196363,strict,unidirectional_platform_to_ubc,4.0,one-directional cross-reference (id present on only one side),01
BBM:F032485,MO:224045,strict,unidirectional_platform_to_ubc,4.0,one-directional cross-reference (id present on only one side),01
BBM:F035085,MO:344090,similar,absent,2.5,similar name + date/locality; no cross-reference or image,01
BBM:F035575,MO:266049,similar,absent,2.5,similar name + date/locality; no cross-reference or image,01
BBM:F025169,MO:77817,strict,absent,3.0,name + exact date + locality/collector match; no cross-reference or image,01
BBM:F027096,MO:63640,similar,absent,2.5,similar name + date/locality; no cross-reference or image,01
BBM:F027229,MO:63640,similar,absent,2.5,similar name + date/locality; no cross-reference or image,01
BBM:F029844,MO:63538,strict,absent,3.0,name + exact date + locality/collector match; no cross-reference or image,"01,02"
BBM:F031437,MO:196189,similar,absent,2.5,similar name + date/locality; no cross-reference or image,01
BBM:F032776,MO:215553,strict,absent,3.0,name + exact date + locality/collector match; no cross-reference or image,01
BBM:F028099,MO:119845,strict,absent,3.0,name + exact date + locality/collector match; no cross-reference or image,01
BBM:F025428,MO:89902,strict,absent,3.0,name + exact date + locality/collector match; no cross-reference or image,01
BBM:F025844,MO:130190,strict,unidirectional_platform_to_ubc,4.0,one-directional cross-reference (id present on only one side),01
BBM:F026464,MO:65632,similar,absent,2.5,similar name + date/locality; no cross-reference or image,01
BBM:F026482,MO:65632,similar,absent,2.5,similar name + date/locality; no cross-reference or image,01
BBM:F026499,MO:65632,similar,absent,2.5,similar name + date/locality; no cross-reference or image,01
BBM:F026592,MO:65632,similar,absent,2.5,similar name + date/locality; no cross-reference or image,01
BBM:F026774,MO:86470,strict,unidirectional_platform_to_ubc,4.0,one-directional cross-reference (id present on only one side),01
BBM:F028775,MO:86469,strict,absent,3.0,name + exact date + locality/collector match; no cross-reference or image,01
BBM:F029613,MO:69419,strict,unidirectional_platform_to_ubc,4.0,one-directional cross-reference (id present on only one side),01
BBM:F034992,MO:231212,similar,absent,2.5,similar name + date/locality; no cross-reference or image,01
BBM:F034992,MO:311027,similar,absent,2.5,similar name + date/locality; no cross-reference or image,01
BBM:F035028,MO:231212,similar,absent,2.5,similar name + date/locality; no cross-reference or image,01
BBM:F035028,MO:311027,similar,absent,2.5,similar name + date/locality; no cross-reference or image,01
BBM:F035155,MO:123182,similar,absent,2.5,similar name + date/locality; no cross-reference or image,"01,05"
BBM:F035155,MO:123183,similar,absent,2.5,similar name + date/locality; no cross-reference or image,"01,05"
BBM:F035155,MO:123184,similar,absent,2.5,similar name + date/locality; no cross-reference or image,"01,05"
BBM:F035155,MO:123185,similar,absent,2.5,similar name + date/locality; no cross-reference or image,"01,05"
BBM:F035155,MO:319030,similar,absent,2.5,similar name + date/locality; no cross-reference or image,"01,05"
BBM:F035155,MO:333047,similar,absent,2.5,similar name + date/locality; no cross-reference or image,"01,05"
BBM:F035155,MO:382985,similar,absent,2.5,similar name + date/locality; no cross-reference or image,"01,05"
BBM:F035155,MO:399076,similar,absent,2.5,similar name + date/locality; no cross-reference or image,"01,05"
BBM:F025802,MO:129917,similar,absent,2.5,similar name + date/locality; no cross-reference or image,"01,02"
BBM:F025828,MO:129917,similar,unidirectional_platform_to_ubc,4.0,one-directional cross-reference (id present on only one side),01
BBM:F025829,MO:130189,strict,unidirectional_platform_to_ubc,4.0,one-directional cross-reference (id present on only one side),01
BBM:F025937,MO:160580,similar,unidirectional_platform_to_ubc,4.0,one-directional cross-reference (id present on only one side),01
BBM:F024320,MO:65871,similar,absent,2.5,similar name + date/locality; no cross-reference or image,01
BBM:F024421,MO:65871,similar,absent,2.5,similar name + date/locality; no cross-reference or image,01
BBM:F027473,MO:65871,similar,absent,2.5,similar name + date/locality; no cross-reference or image,01
BBM:F024925,MO:70470,strict,unidirectional_platform_to_ubc,4.0,one-directional cross-reference (id present on only one side),01
BBM:F025564,MO:114204,strict,unidirectional_platform_to_ubc,4.0,one-directional cross-reference (id present on only one side),01
BBM:F025707,MO:128864,strict,absent,3.0,name + exact date + locality/collector match; no cross-reference or image,01
BBM:F026492,MO:67868,strict,absent,3.0,name + exact date + locality/collector match; no cross-reference or image,01
BBM:F026492,MO:164800,strict,absent,3.0,name + exact date + locality/collector match; no cross-reference or image,01
BBM:F027346,MO:66315,strict,unidirectional_platform_to_ubc,4.0,one-directional cross-reference (id present on only one side),01
BBM:F029084,MO:168398,similar,absent,2.5,similar name + date/locality; no cross-reference or image,01
BBM:F029084,MO:168455,similar,absent,2.5,similar name + date/locality; no cross-reference or image,01
BBM:F029098,MO:168398,similar,absent,2.5,similar name + date/locality; no cross-reference or image,01
BBM:F029098,MO:168455,similar,absent,2.5,similar name + date/locality; no cross-reference or image,01
BBM:F029099,MO:168398,similar,absent,2.5,similar name + date/locality; no cross-reference or image,01
BBM:F029099,MO:168455,similar,absent,2.5,similar name + date/locality; no cross-reference or image,01
BBM:F029139,MO:168398,similar,absent,2.5,similar name + date/locality; no cross-reference or image,01
BBM:F029139,MO:168455,similar,absent,2.5,similar name + date/locality; no cross-reference or image,01
BBM:F029197,MO:168398,similar,absent,2.5,similar name + date/locality; no cross-reference or image,01
BBM:F029197,MO:168455,similar,absent,2.5,similar name + date/locality; no cross-reference or image,01
BBM:F029377,MO:86467,strict,absent,3.0,name + exact date + locality/collector match; no cross-reference or image,01
BBM:F025002,MO:159336,strict,unidirectional_platform_to_ubc,4.0,one-directional cross-reference (id present on only one side),01
BBM:F024462,MO:69700,similar,absent,2.5,similar name + date/locality; no cross-reference or image,"01,02"
BBM:F024794,MO:69700,similar,unidirectional_platform_to_ubc,4.0,one-directional cross-reference (id present on only one side),01
BBM:F035038,MO:69700,similar,absent,2.5,similar name + date/locality; no cross-reference or image,"01,02"
BBM:F024933,MO:71280,strict,unidirectional_platform_to_ubc,4.0,one-directional cross-reference (id present on only one side),01
BBM:F024934,MO:71280,strict,absent,3.0,name + exact date + locality/collector match; no cross-reference or image,"01,02"
BBM:F025841,MO:130131,strict,unidirectional_platform_to_ubc,4.0,one-directional cross-reference (id present on only one side),01
BBM:F025952,MO:135116,strict,unidirectional_platform_to_ubc,4.0,one-directional cross-reference (id present on only one side),01
BBM:F026746,MO:66906,similar,absent,2.5,similar name + date/locality; no cross-reference or image,01
BBM:F032770,MO:211063,similar,absent,2.5,similar name + date/locality; no cross-reference or image,01
BBM:F024955,MO:70116,strict,unidirectional_platform_to_ubc,4.0,one-directional cross-reference (id present on only one side),01
BBM:F025063,MO:159256,strict,unidirectional_platform_to_ubc,4.0,one-directional cross-reference (id present on only one side),01
BBM:F025064,MO:159256,strict,absent,3.0,name + exact date + locality/collector match; no cross-reference or image,"01,02"
BBM:F025486,MO:95648,strict,unidirectional_platform_to_ubc,4.0,one-directional cross-reference (id present on only one side),01
BBM:F025515,MO:97663,strict,unidirectional_platform_to_ubc,4.0,one-directional cross-reference (id present on only one side),01
BBM:F024331,MO:64900,strict,unidirectional_platform_to_ubc,4.0,one-directional cross-reference (id present on only one side),01
BBM:F025915,MO:160377,strict,unidirectional_platform_to_ubc,4.0,one-directional cross-reference (id present on only one side),01
BBM:F027466,MO:68392,strict,absent,3.0,name + exact date + locality/collector match; no cross-reference or image,01
BBM:F027711,MO:71478,similar,absent,2.5,similar name + date/locality; no cross-reference or image,01
BBM:F027944,MO:99127,strict,absent,3.0,name + exact date + locality/collector match; no cross-reference or image,01
BBM:F031501,MO:84624,strict,unidirectional_platform_to_ubc,4.0,one-directional cross-reference (id present on only one side),01
BBM:F032692,MO:202390,strict,absent,3.0,name + exact date + locality/collector match; no cross-reference or image,01
BBM:F016600,MO:63687,strict,absent,3.0,name + exact date + locality/collector match; no cross-reference or image,01
BBM:F025020,MO:93223,strict,unidirectional_platform_to_ubc,4.0,one-directional cross-reference (id present on only one side),01
BBM:F025180,MO:79367,strict,unidirectional_platform_to_ubc,4.0,one-directional cross-reference (id present on only one side),01
BBM:F025362,MO:118075,similar,absent,2.5,similar name + date/locality; no cross-reference or image,01
BBM:F025648,MO:118075,similar,absent,2.5,similar name + date/locality; no cross-reference or image,01
BBM:F025649,MO:118075,similar,absent,2.5,similar name + date/locality; no cross-reference or image,01
BBM:F025385,MO:235975,strict,unidirectional_platform_to_ubc,4.0,one-directional cross-reference (id present on only one side),01
BBM:F025409,MO:90436,strict,unidirectional_platform_to_ubc,4.0,one-directional cross-reference (id present on only one side),01
BBM:F025425,MO:88372,strict,unidirectional_platform_to_ubc,4.0,one-directional cross-reference (id present on only one side),01
BBM:F025433,MO:90952,similar,unidirectional_platform_to_ubc,4.0,one-directional cross-reference (id present on only one side),01
BBM:F025455,MO:90952,similar,unidirectional_platform_to_ubc,4.0,one-directional cross-reference (id present on only one side),01
BBM:F035073,MO:90952,similar,absent,2.5,similar name + date/locality; no cross-reference or image,"01,02,05"
BBM:F035367,MO:90952,similar,absent,2.5,similar name + date/locality; no cross-reference or image,"01,02"
BBM:F025537,MO:99936,strict,unidirectional_platform_to_ubc,4.0,one-directional cross-reference (id present on only one side),01
BBM:F025650,MO:118720,strict,unidirectional_platform_to_ubc,4.0,one-directional cross-reference (id present on only one side),01
BBM:F025678,MO:119283,strict,unidirectional_platform_to_ubc,4.0,one-directional cross-reference (id present on only one side),01
BBM:F025699,MO:119349,strict,unidirectional_platform_to_ubc,4.0,one-directional cross-reference (id present on only one side),01
BBM:F025775,MO:122624,strict,unidirectional_platform_to_ubc,4.0,one-directional cross-reference (id present on only one side),01
BBM:F025949,MO:134267,strict,unidirectional_platform_to_ubc,4.0,one-directional cross-reference (id present on only one side),01
BBM:F026200,MO:149944,strict,unidirectional_platform_to_ubc,4.0,one-directional cross-reference (id present on only one side),01
BBM:F026563,MO:72859,strict,absent,3.0,name + exact date + locality/collector match; no cross-reference or image,01
BBM:F026564,MO:68321,similar,absent,2.5,similar name + date/locality; no cross-reference or image,01
BBM:F026612,MO:72890,strict,absent,3.0,name + exact date + locality/collector match; no cross-reference or image,01
BBM:F026911,MO:65226,strict,absent,3.0,name + exact date + locality/collector match; no cross-reference or image,01
BBM:F026927,MO:65224,similar,absent,2.5,similar name + date/locality; no cross-reference or image,01
BBM:F026948,MO:65224,similar,absent,2.5,similar name + date/locality; no cross-reference or image,01
BBM:F027173,MO:65068,strict,unidirectional_platform_to_ubc,4.0,one-directional cross-reference (id present on only one side),01
BBM:F027436,MO:65341,strict,absent,3.0,name + exact date + locality/collector match; no cross-reference or image,01
BBM:F027723,MO:159957,strict,unidirectional_platform_to_ubc,4.0,one-directional cross-reference (id present on only one side),01
BBM:F027785,MO:79071,similar,absent,2.5,similar name + date/locality; no cross-reference or image,01
BBM:F027926,MO:94677,strict,absent,3.0,name + exact date + locality/collector match; no cross-reference or image,01
BBM:F028092,MO:120343,strict,absent,3.0,name + exact date + locality/collector match; no cross-reference or image,01
BBM:F028093,MO:120551,strict,absent,3.0,name + exact date + locality/collector match; no cross-reference or image,01
BBM:F028094,MO:120551,strict,absent,3.0,name + exact date + locality/collector match; no cross-reference or image,01
BBM:F028106,MO:120904,strict,absent,3.0,name + exact date + locality/collector match; no cross-reference or image,01
BBM:F028790,MO:88373,strict,absent,3.0,name + exact date + locality/collector match; no cross-reference or image,01
BBM:F028892,MO:68481,strict,absent,3.0,name + exact date + locality/collector match; no cross-reference or image,01
BBM:F028925,MO:64224,similar,absent,2.5,similar name + date/locality; no cross-reference or image,01
BBM:F029036,MO:64224,similar,absent,2.5,similar name + date/locality; no cross-reference or image,01
BBM:F029055,MO:66135,similar,absent,2.5,similar name + date/locality; no cross-reference or image,01
BBM:F029268,MO:171760,strict,unidirectional_platform_to_ubc,4.0,one-directional cross-reference (id present on only one side),01
BBM:F029276,MO:130380,strict,absent,3.0,name + exact date + locality/collector match; no cross-reference or image,01
BBM:F029437,MO:65261,strict,absent,3.0,name + exact date + locality/collector match; no cross-reference or image,01
BBM:F029438,MO:65261,strict,absent,3.0,name + exact date + locality/collector match; no cross-reference or image,01
BBM:F029439,MO:191209,strict,absent,3.0,name + exact date + locality/collector match; no cross-reference or image,01
BBM:F031446,MO:196520,strict,absent,3.0,name + exact date + locality/collector match; no cross-reference or image,01
BBM:F031544,MO:84631,strict,unidirectional_platform_to_ubc,4.0,one-directional cross-reference (id present on only one side),01
BBM:F032515,MO:64206,strict,absent,3.0,name + exact date + locality/collector match; no cross-reference or image,01
BBM:F032517,MO:64222,strict,unidirectional_platform_to_ubc,4.0,one-directional cross-reference (id present on only one side),01
BBM:F034385,MO:368551,similar,absent,2.5,similar name + date/locality; no cross-reference or image,01
BBM:F034665,MO:225736,similar,absent,2.5,similar name + date/locality; no cross-reference or image,01
BBM:F034829,MO:303546,similar,absent,2.5,similar name + date/locality; no cross-reference or image,01
BBM:F034829,MO:389100,similar,absent,2.5,similar name + date/locality; no cross-reference or image,01
BBM:F035245,MO:303546,similar,absent,2.5,similar name + date/locality; no cross-reference or image,"01,05"
BBM:F035245,MO:389100,similar,absent,2.5,similar name + date/locality; no cross-reference or image,"01,05"
BBM:F035153,MO:153701,similar,absent,2.5,similar name + date/locality; no cross-reference or image,"01,05"
BBM:F035153,MO:302607,similar,absent,2.5,similar name + date/locality; no cross-reference or image,"01,05"
BBM:F035153,MO:398623,similar,absent,2.5,similar name + date/locality; no cross-reference or image,"01,05"
BBM:F035225,MO:224314,similar,absent,2.5,similar name + date/locality; no cross-reference or image,01
BBM:F024981,MO:70009,strict,unidirectional_platform_to_ubc,4.0,one-directional cross-reference (id present on only one side),01
BBM:F024982,MO:70009,strict,absent,3.0,name + exact date + locality/collector match; no cross-reference or image,"01,02"
BBM:F025866,MO:130633,strict,unidirectional_platform_to_ubc,4.0,one-directional cross-reference (id present on only one side),01
BBM:F026753,MO:63562,similar,absent,2.5,similar name + date/locality; no cross-reference or image,01
BBM:F030008,MO:72853,similar,absent,2.5,similar name + date/locality; no cross-reference or image,01
BBM:F031781,MO:76046,strict,absent,3.0,name + exact date + locality/collector match; no cross-reference or image,01
BBM:F024983,MO:64841,strict,unidirectional_platform_to_ubc,4.0,one-directional cross-reference (id present on only one side),01
BBM:F026602,MO:64962,strict,absent,3.0,name + exact date + locality/collector match; no cross-reference or image,01
BBM:F028036,MO:111155,similar,absent,2.5,similar name + date/locality; no cross-reference or image,01
BBM:F024731,MO:72537,strict,unidirectional_platform_to_ubc,4.0,one-directional cross-reference (id present on only one side),01
BBM:F025266,MO:84945,strict,unidirectional_platform_to_ubc,4.0,one-directional cross-reference (id present on only one side),01
BBM:F026084,MO:151306,strict,unidirectional_platform_to_ubc,4.0,one-directional cross-reference (id present on only one side),01
BBM:F026550,MO:165076,strict,absent,3.0,name + exact date + locality/collector match; no cross-reference or image,01
BBM:F027250,MO:72878,strict,absent,3.0,name + exact date + locality/collector match; no cross-reference or image,01
BBM:F028155,MO:132392,strict,absent,3.0,name + exact date + locality/collector match; no cross-reference or image,01
BBM:F028928,MO:172839,strict,absent,3.0,name + exact date + locality/collector match; no cross-reference or image,01
BBM:F029356,MO:64203,similar,absent,2.5,similar name + date/locality; no cross-reference or image,"01,05"
BBM:F029416,MO:64203,similar,absent,2.5,similar name + date/locality; no cross-reference or image,"01,05"
BBM:F029481,MO:64203,similar,absent,2.5,similar name + date/locality; no cross-reference or image,"01,05"
BBM:F029527,MO:64203,similar,absent,2.5,similar name + date/locality; no cross-reference or image,"01,05"
BBM:F029603,MO:64203,similar,absent,2.5,similar name + date/locality; no cross-reference or image,"01,05"
BBM:F029415,MO:66556,similar,absent,2.5,similar name + date/locality; no cross-reference or image,01
BBM:F029516,MO:66556,similar,absent,2.5,similar name + date/locality; no cross-reference or image,01
BBM:F029668,MO:167550,strict,absent,3.0,name + exact date + locality/collector match; no cross-reference or image,01
BBM:F029688,MO:167611,strict,absent,3.0,name + exact date + locality/collector match; no cross-reference or image,01
BBM:F029823,MO:164778,similar,absent,2.5,similar name + date/locality; no cross-reference or image,01
BBM:F032423,MO:164778,similar,absent,2.5,similar name + date/locality; no cross-reference or image,01
BBM:F031423,MO:196361,strict,absent,3.0,name + exact date + locality/collector match; no cross-reference or image,01
BBM:F031482,MO:198378,similar,absent,2.5,similar name + date/locality; no cross-reference or image,"01,05"
BBM:F031643,MO:157074,similar,absent,2.5,similar name + date/locality; no cross-reference or image,"01,05"
BBM:F031905,MO:157074,similar,absent,2.5,similar name + date/locality; no cross-reference or image,"01,05"
BBM:F031901,MO:223078,strict,absent,3.0,name + exact date + locality/collector match; no cross-reference or image,01
BBM:F033874,MO:156215,similar,absent,2.5,similar name + date/locality; no cross-reference or image,01
BBM:F034745,MO:411840,similar,absent,2.5,similar name + date/locality; no cross-reference or image,"01,05"
BBM:F034746,MO:411840,similar,absent,2.5,similar name + date/locality; no cross-reference or image,"01,05"
BBM:F035412,MO:223094,similar,absent,2.5,similar name + date/locality; no cross-reference or image,01
BBM:F035412,MO:441931,similar,absent,2.5,similar name + date/locality; no cross-reference or image,01
BBM:F028243,MO:141736,strict,absent,3.0,name + exact date + locality/collector match; no cross-reference or image,01
BBM:F026689,MO:86471,strict,absent,3.0,name + exact date + locality/collector match; no cross-reference or image,01
BBM:F028261,MO:143900,strict,absent,3.0,name + exact date + locality/collector match; no cross-reference or image,01
BBM:F024616,MO:64234,strict,unidirectional_platform_to_ubc,4.0,one-directional cross-reference (id present on only one side),01
BBM:F025202,MO:159754,strict,unidirectional_platform_to_ubc,4.0,one-directional cross-reference (id present on only one side),01
BBM:F025246,MO:82832,strict,unidirectional_platform_to_ubc,4.0,one-directional cross-reference (id present on only one side),01
BBM:F026971,MO:244172,strict,unidirectional_platform_to_ubc,4.0,one-directional cross-reference (id present on only one side),01
BBM:F027763,MO:74493,similar,absent,2.5,similar name + date/locality; no cross-reference or image,01
BBM:F028286,MO:144190,strict,absent,3.0,name + exact date + locality/collector match; no cross-reference or image,01
BBM:F028351,MO:153556,strict,absent,3.0,name + exact date + locality/collector match; no cross-reference or image,01
BBM:F028836,MO:65319,strict,absent,3.0,name + exact date + locality/collector match; no cross-reference or image,01
BBM:F028890,MO:174786,strict,absent,3.0,name + exact date + locality/collector match; no cross-reference or image,01
BBM:F029540,MO:63935,strict,absent,3.0,name + exact date + locality/collector match; no cross-reference or image,01
BBM:F029541,MO:64364,similar,absent,2.5,similar name + date/locality; no cross-reference or image,01
BBM:F029625,MO:64364,similar,absent,2.5,similar name + date/locality; no cross-reference or image,01
BBM:F030601,MO:77991,strict,absent,3.0,name + exact date + locality/collector match; no cross-reference or image,01
BBM:F032440,MO:167150,similar,absent,2.5,similar name + date/locality; no cross-reference or image,01
BBM:F034399,MO:368602,similar,absent,2.5,similar name + date/locality; no cross-reference or image,01
BBM:F034569,MO:408654,similar,absent,2.5,similar name + date/locality; no cross-reference or image,01
BBM:F023801,MO:77609,strict,unidirectional_platform_to_ubc,4.0,one-directional cross-reference (id present on only one side),01
BBM:F026056,MO:146405,strict,unidirectional_platform_to_ubc,4.0,one-directional cross-reference (id present on only one side),01
BBM:F033247,MO:295105,similar,absent,2.5,similar name + date/locality; no cross-reference or image,01
BBM:F034138,MO:390563,similar,absent,2.5,similar name + date/locality; no cross-reference or image,01
BBM:F034138,MO:414091,similar,absent,2.5,similar name + date/locality; no cross-reference or image,01
BBM:F034771,MO:334174,similar,absent,2.5,similar name + date/locality; no cross-reference or image,01
BBM:F034771,MO:382931,similar,absent,2.5,similar name + date/locality; no cross-reference or image,01
BBM:F034771,MO:383383,similar,absent,2.5,similar name + date/locality; no cross-reference or image,01
BBM:F034771,MO:414097,similar,absent,2.5,similar name + date/locality; no cross-reference or image,01
BBM:F034771,MO:438540,similar,absent,2.5,similar name + date/locality; no cross-reference or image,01
BBM:F028051,MO:114634,strict,absent,3.0,name + exact date + locality/collector match; no cross-reference or image,01
BBM:F028343,MO:149735,strict,absent,3.0,name + exact date + locality/collector match; no cross-reference or image,01
BBM:F024457,MO:223631,strict,absent,3.0,name + exact date + locality/collector match; no cross-reference or image,01
BBM:F029509,MO:171766,similar,absent,2.5,similar name + date/locality; no cross-reference or image,01
BBM:F031417,MO:64037,similar,absent,2.5,similar name + date/locality; no cross-reference or image,01
BBM:F031418,MO:64037,similar,absent,2.5,similar name + date/locality; no cross-reference or image,01
BBM:F027155,MO:86599,strict,absent,3.0,name + exact date + locality/collector match; no cross-reference or image,01
BBM:F027269,MO:72945,strict,absent,3.0,name + exact date + locality/collector match; no cross-reference or image,01
BBM:F028009,MO:113064,similar,absent,2.5,similar name + date/locality; no cross-reference or image,"01,05"
BBM:F021695,MO:181788,similar,absent,2.5,similar name + date/locality; no cross-reference or image,01
BBM:F021718,MO:181788,similar,absent,2.5,similar name + date/locality; no cross-reference or image,01
BBM:F033403,MO:181788,similar,absent,2.5,similar name + date/locality; no cross-reference or image,01
BBM:F030514,MO:77980,strict,absent,3.0,name + exact date + locality/collector match; no cross-reference or image,01
BBM:F035181,MO:75627,similar,absent,2.5,similar name + date/locality; no cross-reference or image,01
BBM:F035181,MO:152313,similar,absent,2.5,similar name + date/locality; no cross-reference or image,01
BBM:F035181,MO:155732,similar,absent,2.5,similar name + date/locality; no cross-reference or image,01
BBM:F035181,MO:193820,similar,absent,2.5,similar name + date/locality; no cross-reference or image,01
BBM:F035181,MO:203532,similar,absent,2.5,similar name + date/locality; no cross-reference or image,01
BBM:F035181,MO:392361,similar,absent,2.5,similar name + date/locality; no cross-reference or image,01
BBM:F035181,MO:394506,similar,absent,2.5,similar name + date/locality; no cross-reference or image,01
BBM:F035181,MO:395867,similar,absent,2.5,similar name + date/locality; no cross-reference or image,01
BBM:F035181,MO:396787,similar,absent,2.5,similar name + date/locality; no cross-reference or image,01
BBM:F035181,MO:443855,similar,absent,2.5,similar name + date/locality; no cross-reference or image,01
BBM:F035181,MO:445190,similar,absent,2.5,similar name + date/locality; no cross-reference or image,01
BBM:F035195,MO:75627,similar,absent,2.5,similar name + date/locality; no cross-reference or image,01
BBM:F035195,MO:152313,similar,absent,2.5,similar name + date/locality; no cross-reference or image,01
BBM:F035195,MO:155732,similar,absent,2.5,similar name + date/locality; no cross-reference or image,01
BBM:F035195,MO:193820,similar,absent,2.5,similar name + date/locality; no cross-reference or image,01
BBM:F035195,MO:203532,similar,absent,2.5,similar name + date/locality; no cross-reference or image,01
BBM:F035195,MO:392361,similar,absent,2.5,similar name + date/locality; no cross-reference or image,01
BBM:F035195,MO:394506,similar,absent,2.5,similar name + date/locality; no cross-reference or image,01
BBM:F035195,MO:395867,similar,absent,2.5,similar name + date/locality; no cross-reference or image,01
BBM:F035195,MO:396787,similar,absent,2.5,similar name + date/locality; no cross-reference or image,01
BBM:F035195,MO:443855,similar,absent,2.5,similar name + date/locality; no cross-reference or image,01
BBM:F035195,MO:445190,similar,absent,2.5,similar name + date/locality; no cross-reference or image,01
BBM:F025347,MO:85650,strict,unidirectional_platform_to_ubc,4.0,one-directional cross-reference (id present on only one side),01
BBM:F025408,MO:118708,similar,absent,2.5,similar name + date/locality; no cross-reference or image,"01,02"
BBM:F025677,MO:118708,similar,unidirectional_platform_to_ubc,4.0,one-directional cross-reference (id present on only one side),01
BBM:F035306,MO:118708,similar,absent,2.5,similar name + date/locality; no cross-reference or image,"01,02"
BBM:F029539,MO:63934,strict,absent,3.0,name + exact date + locality/collector match; no cross-reference or image,01
BBM:F029575,MO:68317,strict,absent,3.0,name + exact date + locality/collector match; no cross-reference or image,01
BBM:F031387,MO:195564,strict,absent,3.0,name + exact date + locality/collector match; no cross-reference or image,01
BBM:F035339,MO:66875,similar,absent,2.5,similar name + date/locality; no cross-reference or image,01
BBM:F035339,MO:93595,similar,absent,2.5,similar name + date/locality; no cross-reference or image,01
BBM:F035339,MO:120763,similar,absent,2.5,similar name + date/locality; no cross-reference or image,01
BBM:F035339,MO:302136,similar,absent,2.5,similar name + date/locality; no cross-reference or image,01
BBM:F035339,MO:360372,similar,absent,2.5,similar name + date/locality; no cross-reference or image,01
BBM:F035339,MO:401696,similar,absent,2.5,similar name + date/locality; no cross-reference or image,01
BBM:F035811,MO:66875,similar,absent,2.5,similar name + date/locality; no cross-reference or image,01
BBM:F035811,MO:93595,similar,absent,2.5,similar name + date/locality; no cross-reference or image,01
BBM:F035811,MO:120763,similar,absent,2.5,similar name + date/locality; no cross-reference or image,01
BBM:F035811,MO:302136,similar,absent,2.5,similar name + date/locality; no cross-reference or image,01
BBM:F035811,MO:360372,similar,absent,2.5,similar name + date/locality; no cross-reference or image,01
BBM:F035811,MO:401696,similar,absent,2.5,similar name + date/locality; no cross-reference or image,01
BBM:F015607,MO:480362,strict,absent,3.0,name + exact date + locality/collector match; no cross-reference or image,01
BBM:F015609,MO:480368,strict,absent,3.0,name + exact date + locality/collector match; no cross-reference or image,01
BBM:F015613,MO:480360,strict,absent,3.0,name + exact date + locality/collector match; no cross-reference or image,01
BBM:F015616,MO:480363,strict,absent,3.0,name + exact date + locality/collector match; no cross-reference or image,01
BBM:F015617,MO:480291,strict,absent,3.0,name + exact date + locality/collector match; no cross-reference or image,01
BBM:F015618,MO:480371,strict,absent,3.0,name + exact date + locality/collector match; no cross-reference or image,01
BBM:F018973,MO:344263,strict,absent,3.0,name + exact date + locality/collector match; no cross-reference or image,01
BBM:F018992,MO:211743,strict,unidirectional_platform_to_ubc,4.0,one-directional cross-reference (id present on only one side),01
BBM:F018994,MO:211743,strict,absent,3.0,name + exact date + locality/collector match; no cross-reference or image,"01,02"
BBM:F019058,MO:157387,strict,absent,3.0,name + exact date + locality/collector match; no cross-reference or image,01
BBM:F019094,MO:211745,strict,unidirectional_platform_to_ubc,4.0,one-directional cross-reference (id present on only one side),01
BBM:F019110,MO:211762,strict,unidirectional_platform_to_ubc,4.0,one-directional cross-reference (id present on only one side),01
BBM:F019110,MO:211763,strict,absent,3.0,name + exact date + locality/collector match; no cross-reference or image,"01,02"
BBM:F019111,MO:211762,strict,absent,3.0,name + exact date + locality/collector match; no cross-reference or image,"01,02"
BBM:F019111,MO:211763,strict,unidirectional_platform_to_ubc,4.0,one-directional cross-reference (id present on only one side),01
BBM:F019114,MO:211765,similar,absent,2.5,similar name + date/locality; no cross-reference or image,01
BBM:F019149,MO:122883,similar,absent,2.5,similar name + date/locality; no cross-reference or image,"01,02"
BBM:F019157,MO:117798,strict,unidirectional_platform_to_ubc,4.0,one-directional cross-reference (id present on only one side),01
BBM:F019158,MO:117798,strict,unidirectional_platform_to_ubc,4.0,one-directional cross-reference (id present on only one side),01
BBM:F019176,MO:164104,strict,unidirectional_platform_to_ubc,4.0,one-directional cross-reference (id present on only one side),01
BBM:F019220,MO:196543,strict,absent,3.0,name + exact date + locality/collector match; no cross-reference or image,"01,02"
BBM:F019222,MO:196543,strict,unidirectional_platform_to_ubc,4.0,one-directional cross-reference (id present on only one side),01
BBM:F019223,MO:156502,similar,absent,2.5,similar name + date/locality; no cross-reference or image,01
BBM:F019224,MO:156593,strict,absent,3.0,name + exact date + locality/collector match; no cross-reference or image,01
BBM:F019226,MO:156504,strict,absent,3.0,name + exact date + locality/collector match; no cross-reference or image,01
BBM:F019227,MO:157035,similar,absent,2.5,similar name + date/locality; no cross-reference or image,01
BBM:F019234,MO:157035,similar,absent,2.5,similar name + date/locality; no cross-reference or image,01
BBM:F019248,MO:157035,similar,absent,2.5,similar name + date/locality; no cross-reference or image,01
BBM:F019262,MO:157035,similar,absent,2.5,similar name + date/locality; no cross-reference or image,01
BBM:F019274,MO:157035,similar,absent,2.5,similar name + date/locality; no cross-reference or image,01
BBM:F019228,MO:75929,strict,unidirectional_platform_to_ubc,4.0,one-directional cross-reference (id present on only one side),01
BBM:F019230,MO:75665,strict,unidirectional_platform_to_ubc,4.0,one-directional cross-reference (id present on only one side),01
BBM:F019233,MO:75889,strict,unidirectional_platform_to_ubc,4.0,one-directional cross-reference (id present on only one side),01
BBM:F019235,MO:156637,strict,absent,3.0,name + exact date + locality/collector match; no cross-reference or image,01
BBM:F019236,MO:198034,strict,absent,3.0,name + exact date + locality/collector match; no cross-reference or image,"01,02"
BBM:F019238,MO:75896,strict,unidirectional_platform_to_ubc,4.0,one-directional cross-reference (id present on only one side),01
BBM:F019238,MO:156683,strict,absent,3.0,name + exact date + locality/collector match; no cross-reference or image,01
BBM:F019240,MO:75896,strict,absent,3.0,name + exact date + locality/collector match; no cross-reference or image,"01,02"
BBM:F019240,MO:156683,strict,absent,3.0,name + exact date + locality/collector match; no cross-reference or image,01
BBM:F019239,MO:69333,strict,unidirectional_platform_to_ubc,4.0,one-directional cross-reference (id present on only one side),01
BBM:F019242,MO:156695,similar,absent,2.5,similar name + date/locality; no cross-reference or image,01
BBM:F019246,MO:156695,similar,absent,2.5,similar name + date/locality; no cross-reference or image,01
BBM:F019249,MO:156772,similar,absent,2.5,similar name + date/locality; no cross-reference or image,01
BBM:F019249,MO:157064,similar,absent,2.5,similar name + date/locality; no cross-reference or image,01
BBM:F019273,MO:156772,similar,absent,2.5,similar name + date/locality; no cross-reference or image,01
BBM:F019273,MO:157064,similar,absent,2.5,similar name + date/locality; no cross-reference or image,01
BBM:F019251,MO:66305,similar,absent,2.5,similar name + date/locality; no cross-reference or image,01
BBM:F019251,MO:75668,similar,absent,2.5,similar name + date/locality; no cross-reference or image,01
BBM:F019258,MO:66305,similar,absent,2.5,similar name + date/locality; no cross-reference or image,01
BBM:F019258,MO:75668,similar,absent,2.5,similar name + date/locality; no cross-reference or image,01
BBM:F019267,MO:66305,similar,absent,2.5,similar name + date/locality; no cross-reference or image,01
BBM:F019267,MO:75668,similar,absent,2.5,similar name + date/locality; no cross-reference or image,01
BBM:F019254,MO:156780,similar,absent,2.5,similar name + date/locality; no cross-reference or image,01
BBM:F019255,MO:156780,similar,absent,2.5,similar name + date/locality; no cross-reference or image,01
BBM:F019256,MO:156777,strict,absent,3.0,name + exact date + locality/collector match; no cross-reference or image,01
BBM:F019257,MO:156778,strict,absent,3.0,name + exact date + locality/collector match; no cross-reference or image,01
BBM:F019259,MO:156771,strict,absent,3.0,name + exact date + locality/collector match; no cross-reference or image,01
BBM:F019270,MO:156849,strict,absent,3.0,name + exact date + locality/collector match; no cross-reference or image,01
BBM:F019277,MO:84619,similar,absent,2.5,similar name + date/locality; no cross-reference or image,01
BBM:F019279,MO:117800,strict,unidirectional_platform_to_ubc,4.0,one-directional cross-reference (id present on only one side),01
BBM:F019281,MO:157225,strict,absent,3.0,name + exact date + locality/collector match; no cross-reference or image,01
BBM:F019287,MO:157308,strict,absent,3.0,name + exact date + locality/collector match; no cross-reference or image,01
BBM:F019293,MO:157328,strict,absent,3.0,name + exact date + locality/collector match; no cross-reference or image,01
BBM:F019294,MO:157334,strict,absent,3.0,name + exact date + locality/collector match; no cross-reference or image,01
BBM:F019297,MO:66959,strict,unidirectional_platform_to_ubc,4.0,one-directional cross-reference (id present on only one side),01
BBM:F019299,MO:157366,strict,absent,3.0,name + exact date + locality/collector match; no cross-reference or image,01
BBM:F019301,MO:157365,strict,absent,3.0,name + exact date + locality/collector match; no cross-reference or image,01
BBM:F019303,MO:157406,strict,absent,3.0,name + exact date + locality/collector match; no cross-reference or image,01
BBM:F019304,MO:195478,strict,unidirectional_platform_to_ubc,4.0,one-directional cross-reference (id present on only one side),01
BBM:F019310,MO:96513,strict,unidirectional_platform_to_ubc,4.0,one-directional cross-reference (id present on only one side),01
BBM:F019313,MO:75192,similar,unidirectional_platform_to_ubc,4.0,one-directional cross-reference (id present on only one side),01
BBM:F019314,MO:75192,similar,unidirectional_platform_to_ubc,4.0,one-directional cross-reference (id present on only one side),01
BBM:F019315,MO:157462,strict,absent,3.0,name + exact date + locality/collector match; no cross-reference or image,01
BBM:F019315,MO:157463,strict,absent,3.0,name + exact date + locality/collector match; no cross-reference or image,01
BBM:F019316,MO:157462,strict,absent,3.0,name + exact date + locality/collector match; no cross-reference or image,01
BBM:F019316,MO:157463,strict,absent,3.0,name + exact date + locality/collector match; no cross-reference or image,01
BBM:F019322,MO:157562,similar,absent,2.5,similar name + date/locality; no cross-reference or image,01
BBM:F019334,MO:157562,similar,absent,2.5,similar name + date/locality; no cross-reference or image,01
BBM:F019327,MO:157552,strict,absent,3.0,name + exact date + locality/collector match; no cross-reference or image,01
BBM:F019329,MO:157828,strict,absent,3.0,name + exact date + locality/collector match; no cross-reference or image,01
BBM:F019344,MO:157845,strict,absent,3.0,name + exact date + locality/collector match; no cross-reference or image,01
BBM:F019345,MO:157843,strict,absent,3.0,name + exact date + locality/collector match; no cross-reference or image,01
BBM:F019346,MO:157844,similar,absent,2.5,similar name + date/locality; no cross-reference or image,01
BBM:F019351,MO:66321,similar,absent,2.5,similar name + date/locality; no cross-reference or image,"01,02"
BBM:F019353,MO:66321,similar,absent,2.5,similar name + date/locality; no cross-reference or image,"01,02"
BBM:F019359,MO:66321,similar,absent,2.5,similar name + date/locality; no cross-reference or image,"01,02"
BBM:F019368,MO:66321,similar,unidirectional_platform_to_ubc,4.0,one-directional cross-reference (id present on only one side),01
BBM:F034658,MO:66321,similar,absent,2.5,similar name + date/locality; no cross-reference or image,"01,02"
BBM:F035478,MO:66321,similar,absent,2.5,similar name + date/locality; no cross-reference or image,"01,02"
BBM:F019352,MO:66304,strict,absent,3.0,name + exact date + locality/collector match; no cross-reference or image,01
BBM:F019354,MO:75671,strict,absent,3.0,name + exact date + locality/collector match; no cross-reference or image,01
BBM:F019355,MO:64022,strict,absent,3.0,name + exact date + locality/collector match; no cross-reference or image,01
BBM:F019356,MO:75079,similar,absent,2.5,similar name + date/locality; no cross-reference or image,"01,02"
BBM:F019361,MO:75079,similar,absent,2.5,similar name + date/locality; no cross-reference or image,"01,02"
BBM:F019365,MO:75079,similar,unidirectional_platform_to_ubc,4.0,one-directional cross-reference (id present on only one side),01
BBM:F019358,MO:75096,strict,unidirectional_platform_to_ubc,4.0,one-directional cross-reference (id present on only one side),01
BBM:F019373,MO:172719,strict,unidirectional_platform_to_ubc,4.0,one-directional cross-reference (id present on only one side),01
BBM:F019378,MO:173754,strict,unidirectional_platform_to_ubc,4.0,one-directional cross-reference (id present on only one side),01
BBM:F019383,MO:173831,strict,unidirectional_platform_to_ubc,4.0,one-directional cross-reference (id present on only one side),01
BBM:F019385,MO:173820,strict,unidirectional_platform_to_ubc,4.0,one-directional cross-reference (id present on only one side),01
BBM:F019386,MO:76050,strict,unidirectional_platform_to_ubc,4.0,one-directional cross-reference (id present on only one side),01
BBM:F019395,MO:174324,strict,absent,3.0,name + exact date + locality/collector match; no cross-reference or image,"01,02"
BBM:F019396,MO:313760,strict,unidirectional_platform_to_ubc,4.0,one-directional cross-reference (id present on only one side),01
BBM:F019398,MO:174363,strict,unidirectional_platform_to_ubc,4.0,one-directional cross-reference (id present on only one side),01
BBM:F019399,MO:174364,strict,unidirectional_platform_to_ubc,4.0,one-directional cross-reference (id present on only one side),01
BBM:F019421,MO:69087,strict,unidirectional_platform_to_ubc,4.0,one-directional cross-reference (id present on only one side),01
BBM:F019422,MO:171563,strict,unidirectional_platform_to_ubc,4.0,one-directional cross-reference (id present on only one side),01
BBM:F019429,MO:171612,strict,unidirectional_platform_to_ubc,4.0,one-directional cross-reference (id present on only one side),01
BBM:F019430,MO:171613,strict,unidirectional_platform_to_ubc,4.0,one-directional cross-reference (id present on only one side),01
BBM:F019437,MO:171755,strict,unidirectional_platform_to_ubc,4.0,one-directional cross-reference (id present on only one side),01
BBM:F019438,MO:67158,strict,unidirectional_platform_to_ubc,4.0,one-directional cross-reference (id present on only one side),01
BBM:F019451,MO:73209,similar,absent,2.5,similar name + date/locality; no cross-reference or image,"01,02"
BBM:F019464,MO:73209,similar,unidirectional_platform_to_ubc,4.0,one-directional cross-reference (id present on only one side),01
BBM:F019465,MO:73020,strict,absent,3.0,name + exact date + locality/collector match; no cross-reference or image,01
BBM:F019470,MO:202702,strict,unidirectional_platform_to_ubc,4.0,one-directional cross-reference (id present on only one side),01
BBM:F019480,MO:191211,similar,absent,2.5,similar name + date/locality; no cross-reference or image,"01,02"
BBM:F034558,MO:191211,similar,absent,2.5,similar name + date/locality; no cross-reference or image,"01,02"
BBM:F034589,MO:191211,similar,absent,2.5,similar name + date/locality; no cross-reference or image,"01,02"
BBM:F034635,MO:191211,similar,absent,2.5,similar name + date/locality; no cross-reference or image,"01,02"
BBM:F034650,MO:191211,similar,absent,2.5,similar name + date/locality; no cross-reference or image,"01,02"
BBM:F034684,MO:191211,similar,absent,2.5,similar name + date/locality; no cross-reference or image,"01,02"
BBM:F034685,MO:191211,similar,absent,2.5,similar name + date/locality; no cross-reference or image,"01,02"
BBM:F034753,MO:191211,similar,absent,2.5,similar name + date/locality; no cross-reference or image,"01,02"
BBM:F035119,MO:191211,similar,absent,2.5,similar name + date/locality; no cross-reference or image,"01,02"
BBM:F035177,MO:191211,similar,absent,2.5,similar name + date/locality; no cross-reference or image,"01,02"
BBM:F035230,MO:191211,similar,absent,2.5,similar name + date/locality; no cross-reference or image,"01,02"
BBM:F035231,MO:191211,similar,absent,2.5,similar name + date/locality; no cross-reference or image,"01,02"
BBM:F035238,MO:191211,similar,absent,2.5,similar name + date/locality; no cross-reference or image,"01,02"
BBM:F035239,MO:191211,similar,absent,2.5,similar name + date/locality; no cross-reference or image,"01,02"
BBM:F035268,MO:191211,similar,absent,2.5,similar name + date/locality; no cross-reference or image,"01,02"
BBM:F019490,MO:66965,similar,absent,2.5,similar name + date/locality; no cross-reference or image,01
BBM:F019490,MO:72828,similar,absent,2.5,similar name + date/locality; no cross-reference or image,"01,02"
BBM:F019490,MO:97297,similar,absent,2.5,similar name + date/locality; no cross-reference or image,01
BBM:F019493,MO:66965,similar,absent,2.5,similar name + date/locality; no cross-reference or image,01
BBM:F019493,MO:72828,similar,absent,2.5,similar name + date/locality; no cross-reference or image,"01,02"
BBM:F019493,MO:97297,similar,absent,2.5,similar name + date/locality; no cross-reference or image,01
BBM:F019498,MO:66965,similar,absent,2.5,similar name + date/locality; no cross-reference or image,01
BBM:F019498,MO:72828,similar,absent,2.5,similar name + date/locality; no cross-reference or image,"01,02"
BBM:F019498,MO:97297,similar,absent,2.5,similar name + date/locality; no cross-reference or image,01
BBM:F019499,MO:66965,similar,absent,2.5,similar name + date/locality; no cross-reference or image,01
BBM:F019499,MO:72828,similar,unidirectional_platform_to_ubc,4.0,one-directional cross-reference (id present on only one side),01
BBM:F019499,MO:97297,similar,absent,2.5,similar name + date/locality; no cross-reference or image,01
BBM:F019502,MO:72858,strict,unidirectional_platform_to_ubc,4.0,one-directional cross-reference (id present on only one side),01
BBM:F019503,MO:72858,strict,absent,3.0,name + exact date + locality/collector match; no cross-reference or image,"01,02"
BBM:F019512,MO:64449,strict,unidirectional_platform_to_ubc,4.0,one-directional cross-reference (id present on only one side),01
BBM:F019513,MO:72900,strict,absent,3.0,name + exact date + locality/collector match; no cross-reference or image,01
BBM:F019521,MO:72897,strict,unidirectional_platform_to_ubc,4.0,one-directional cross-reference (id present on only one side),01
BBM:F019540,MO:330089,strict,absent,3.0,name + exact date + locality/collector match; no cross-reference or image,01
BBM:F019544,MO:166543,strict,unidirectional_platform_to_ubc,4.0,one-directional cross-reference (id present on only one side),01
BBM:F019557,MO:166543,strict,absent,3.0,name + exact date + locality/collector match; no cross-reference or image,"01,02"
BBM:F019558,MO:166543,strict,absent,3.0,name + exact date + locality/collector match; no cross-reference or image,"01,02"
BBM:F019568,MO:71409,strict,unidirectional_platform_to_ubc,4.0,one-directional cross-reference (id present on only one side),01
BBM:F019592,MO:166827,strict,unidirectional_platform_to_ubc,4.0,one-directional cross-reference (id present on only one side),01
BBM:F019599,MO:167151,strict,absent,3.0,name + exact date + locality/collector match; no cross-reference or image,"01,02"
BBM:F019600,MO:167151,strict,absent,3.0,name + exact date + locality/collector match; no cross-reference or image,"01,02"
BBM:F019611,MO:166830,similar,absent,2.5,similar name + date/locality; no cross-reference or image,"01,02"
BBM:F019622,MO:74905,similar,absent,2.5,similar name + date/locality; no cross-reference or image,"01,02"
BBM:F019650,MO:74905,similar,absent,2.5,similar name + date/locality; no cross-reference or image,"01,02"
BBM:F019659,MO:74905,similar,unidirectional_platform_to_ubc,4.0,one-directional cross-reference (id present on only one side),01
BBM:F020100,MO:74905,similar,absent,2.5,similar name + date/locality; no cross-reference or image,"01,02"
BBM:F020175,MO:74905,similar,absent,2.5,similar name + date/locality; no cross-reference or image,"01,02"
BBM:F019623,MO:163818,strict,unidirectional_platform_to_ubc,4.0,one-directional cross-reference (id present on only one side),01
BBM:F019627,MO:131740,strict,unidirectional_platform_to_ubc,4.0,one-directional cross-reference (id present on only one side),01
BBM:F019636,MO:131740,strict,absent,3.0,name + exact date + locality/collector match; no cross-reference or image,"01,02"
BBM:F019637,MO:131740,strict,absent,3.0,name + exact date + locality/collector match; no cross-reference or image,"01,02"
BBM:F019632,MO:131753,strict,unidirectional_platform_to_ubc,4.0,one-directional cross-reference (id present on only one side),01
BBM:F019635,MO:131753,strict,absent,3.0,name + exact date + locality/collector match; no cross-reference or image,"01,02"
BBM:F019633,MO:131754,strict,unidirectional_platform_to_ubc,4.0,one-directional cross-reference (id present on only one side),01
BBM:F019653,MO:64914,strict,absent,3.0,name + exact date + locality/collector match; no cross-reference or image,"01,02"
BBM:F019655,MO:74901,similar,unidirectional_platform_to_ubc,4.0,one-directional cross-reference (id present on only one side),"01,05"
BBM:F019660,MO:74998,strict,absent,3.0,name + exact date + locality/collector match; no cross-reference or image,01
BBM:F020039,MO:244171,strict,absent,3.0,name + exact date + locality/collector match; no cross-reference or image,"01,02"
BBM:F020055,MO:69337,strict,unidirectional_platform_to_ubc,4.0,one-directional cross-reference (id present on only one side),01
BBM:F020225,MO:90519,strict,unidirectional_platform_to_ubc,4.0,one-directional cross-reference (id present on only one side),01
BBM:F020240,MO:64912,similar,absent,2.5,similar name + date/locality; no cross-reference or image,01
BBM:F020269,MO:64912,similar,absent,2.5,similar name + date/locality; no cross-reference or image,01
BBM:F020270,MO:64912,similar,absent,2.5,similar name + date/locality; no cross-reference or image,01
BBM:F020266,MO:64910,similar,absent,2.5,similar name + date/locality; no cross-reference or image,01
BBM:F020688,MO:105351,similar,absent,2.5,similar name + date/locality; no cross-reference or image,"01,02"
BBM:F022664,MO:174386,similar,absent,2.5,similar name + date/locality; no cross-reference or image,"01,02"
BBM:F022692,MO:174386,similar,absent,2.5,similar name + date/locality; no cross-reference or image,"01,02"
BBM:F022743,MO:174386,similar,absent,2.5,similar name + date/locality; no cross-reference or image,"01,02"
BBM:F023423,MO:65919,strict,unidirectional_platform_to_ubc,4.0,one-directional cross-reference (id present on only one side),01
BBM:F023426,MO:106279,similar,absent,2.5,similar name + date/locality; no cross-reference or image,"01,02"
BBM:F023426,MO:106282,similar,absent,2.5,similar name + date/locality; no cross-reference or image,"01,02"
BBM:F023427,MO:106279,similar,unidirectional_platform_to_ubc,4.0,one-directional cross-reference (id present on only one side),01
BBM:F023427,MO:106282,similar,absent,2.5,similar name + date/locality; no cross-reference or image,"01,02"
BBM:F023428,MO:106279,similar,absent,2.5,similar name + date/locality; no cross-reference or image,"01,02"
BBM:F023428,MO:106282,similar,absent,2.5,similar name + date/locality; no cross-reference or image,"01,02"
BBM:F023429,MO:106279,similar,absent,2.5,similar name + date/locality; no cross-reference or image,"01,02"
BBM:F023429,MO:106282,similar,absent,2.5,similar name + date/locality; no cross-reference or image,"01,02"
BBM:F023430,MO:106279,similar,absent,2.5,similar name + date/locality; no cross-reference or image,"01,02"
BBM:F023430,MO:106282,similar,unidirectional_platform_to_ubc,4.0,one-directional cross-reference (id present on only one side),01
BBM:F023431,MO:106279,similar,absent,2.5,similar name + date/locality; no cross-reference or image,"01,02"
BBM:F023431,MO:106282,similar,absent,2.5,similar name + date/locality; no cross-reference or image,"01,02"
BBM:F023432,MO:106279,similar,absent,2.5,similar name + date/locality; no cross-reference or image,"01,02"
BBM:F023432,MO:106282,similar,absent,2.5,similar name + date/locality; no cross-reference or image,"01,02"
BBM:F023433,MO:106279,similar,absent,2.5,similar name + date/locality; no cross-reference or image,"01,02"
BBM:F023433,MO:106282,similar,absent,2.5,similar name + date/locality; no cross-reference or image,"01,02"
BBM:F023442,MO:71477,strict,absent,3.0,name + exact date + locality/collector match; no cross-reference or image,"01,02"
BBM:F023443,MO:71477,strict,unidirectional_platform_to_ubc,4.0,one-directional cross-reference (id present on only one side),01
BBM:F023445,MO:103034,strict,unidirectional_platform_to_ubc,4.0,one-directional cross-reference (id present on only one side),01
BBM:F023449,MO:99129,strict,unidirectional_platform_to_ubc,4.0,one-directional cross-reference (id present on only one side),01
BBM:F023451,MO:69531,similar,unidirectional_platform_to_ubc,4.0,one-directional cross-reference (id present on only one side),01
BBM:F023457,MO:64908,similar,absent,2.5,similar name + date/locality; no cross-reference or image,01
BBM:F023458,MO:64908,similar,absent,2.5,similar name + date/locality; no cross-reference or image,01
BBM:F023459,MO:64908,similar,absent,2.5,similar name + date/locality; no cross-reference or image,01
BBM:F023463,MO:64908,similar,absent,2.5,similar name + date/locality; no cross-reference or image,01
BBM:F023464,MO:64908,similar,absent,2.5,similar name + date/locality; no cross-reference or image,01
BBM:F023494,MO:99423,similar,absent,2.5,similar name + date/locality; no cross-reference or image,"01,02"
BBM:F023495,MO:99423,similar,absent,2.5,similar name + date/locality; no cross-reference or image,"01,02"
BBM:F023496,MO:99423,similar,absent,2.5,similar name + date/locality; no cross-reference or image,"01,02"
BBM:F023506,MO:106169,strict,absent,3.0,name + exact date + locality/collector match; no cross-reference or image,01
BBM:F023507,MO:106169,strict,absent,3.0,name + exact date + locality/collector match; no cross-reference or image,01
BBM:F023508,MO:106169,strict,absent,3.0,name + exact date + locality/collector match; no cross-reference or image,01
BBM:F023513,MO:83051,similar,unidirectional_platform_to_ubc,4.0,one-directional cross-reference (id present on only one side),01
BBM:F023514,MO:83051,similar,absent,2.5,similar name + date/locality; no cross-reference or image,"01,02"
BBM:F023515,MO:83051,similar,absent,2.5,similar name + date/locality; no cross-reference or image,"01,02"
BBM:F023517,MO:83051,similar,absent,2.5,similar name + date/locality; no cross-reference or image,"01,02"
BBM:F023518,MO:83051,similar,absent,2.5,similar name + date/locality; no cross-reference or image,"01,02"
BBM:F023519,MO:83051,similar,absent,2.5,similar name + date/locality; no cross-reference or image,"01,02"
BBM:F034566,MO:83051,similar,absent,2.5,similar name + date/locality; no cross-reference or image,"01,02,05"
BBM:F023547,MO:83181,similar,absent,2.5,similar name + date/locality; no cross-reference or image,"01,02"
BBM:F023548,MO:83181,similar,unidirectional_platform_to_ubc,4.0,one-directional cross-reference (id present on only one side),01
BBM:F023549,MO:83181,similar,absent,2.5,similar name + date/locality; no cross-reference or image,"01,02"
BBM:F023550,MO:83181,similar,absent,2.5,similar name + date/locality; no cross-reference or image,"01,02"
BBM:F023551,MO:83181,similar,absent,2.5,similar name + date/locality; no cross-reference or image,"01,02"
BBM:F023552,MO:83181,similar,absent,2.5,similar name + date/locality; no cross-reference or image,"01,02"
BBM:F023553,MO:83181,similar,absent,2.5,similar name + date/locality; no cross-reference or image,"01,02"
BBM:F023554,MO:83181,similar,absent,2.5,similar name + date/locality; no cross-reference or image,"01,02"
BBM:F023555,MO:83181,similar,absent,2.5,similar name + date/locality; no cross-reference or image,"01,02"
BBM:F023556,MO:105537,similar,unidirectional_platform_to_ubc,4.0,one-directional cross-reference (id present on only one side),01
BBM:F035538,MO:105537,similar,absent,2.5,similar name + date/locality; no cross-reference or image,"01,02"
BBM:F023557,MO:83446,strict,unidirectional_platform_to_ubc,4.0,one-directional cross-reference (id present on only one side),01
BBM:F023558,MO:83436,strict,unidirectional_platform_to_ubc,4.0,one-directional cross-reference (id present on only one side),01
BBM:F023574,MO:74492,similar,absent,2.5,similar name + date/locality; no cross-reference or image,01
BBM:F023575,MO:98775,strict,unidirectional_platform_to_ubc,4.0,one-directional cross-reference (id present on only one side),01
BBM:F023579,MO:66790,similar,absent,2.5,similar name + date/locality; no cross-reference or image,01
BBM:F023580,MO:66790,similar,absent,2.5,similar name + date/locality; no cross-reference or image,01
BBM:F023583,MO:82707,similar,absent,2.5,similar name + date/locality; no cross-reference or image,"01,02"
BBM:F023584,MO:82707,similar,unidirectional_platform_to_ubc,4.0,one-directional cross-reference (id present on only one side),01
BBM:F023592,MO:82715,similar,absent,2.5,similar name + date/locality; no cross-reference or image,"01,02"
BBM:F023593,MO:82715,similar,unidirectional_platform_to_ubc,4.0,one-directional cross-reference (id present on only one side),01
BBM:F023594,MO:82715,similar,absent,2.5,similar name + date/locality; no cross-reference or image,"01,02"
BBM:F023595,MO:82715,similar,absent,2.5,similar name + date/locality; no cross-reference or image,"01,02"
BBM:F023609,MO:64911,strict,unidirectional_platform_to_ubc,4.0,one-directional cross-reference (id present on only one side),01
BBM:F023620,MO:105974,similar,unidirectional_platform_to_ubc,4.0,one-directional cross-reference (id present on only one side),01
BBM:F023621,MO:105731,strict,unidirectional_platform_to_ubc,4.0,one-directional cross-reference (id present on only one side),01
BBM:F023622,MO:105732,similar,unidirectional_platform_to_ubc,4.0,one-directional cross-reference (id present on only one side),01
BBM:F023624,MO:105532,similar,absent,2.5,similar name + date/locality; no cross-reference or image,"01,02"
BBM:F023625,MO:105532,similar,unidirectional_platform_to_ubc,4.0,one-directional cross-reference (id present on only one side),01
BBM:F023626,MO:105532,similar,absent,2.5,similar name + date/locality; no cross-reference or image,"01,02"
BBM:F023628,MO:105532,similar,absent,2.5,similar name + date/locality; no cross-reference or image,"01,02"
BBM:F023635,MO:97538,similar,unidirectional_platform_to_ubc,4.0,one-directional cross-reference (id present on only one side),01
BBM:F023650,MO:69609,strict,unidirectional_platform_to_ubc,4.0,one-directional cross-reference (id present on only one side),01
BBM:F023652,MO:106168,strict,unidirectional_platform_to_ubc,4.0,one-directional cross-reference (id present on only one side),01
BBM:F023653,MO:94884,strict,unidirectional_platform_to_ubc,4.0,one-directional cross-reference (id present on only one side),01
BBM:F023658,MO:82915,strict,absent,3.0,name + exact date + locality/collector match; no cross-reference or image,01
BBM:F023659,MO:82915,strict,absent,3.0,name + exact date + locality/collector match; no cross-reference or image,01
BBM:F023660,MO:82915,strict,absent,3.0,name + exact date + locality/collector match; no cross-reference or image,01
BBM:F023661,MO:82915,strict,absent,3.0,name + exact date + locality/collector match; no cross-reference or image,01
BBM:F023676,MO:71510,strict,unidirectional_platform_to_ubc,4.0,one-directional cross-reference (id present on only one side),01
BBM:F023684,MO:98797,strict,unidirectional_platform_to_ubc,4.0,one-directional cross-reference (id present on only one side),01
BBM:F023692,MO:68837,similar,absent,2.5,similar name + date/locality; no cross-reference or image,01
BBM:F025791,MO:127698,strict,unidirectional_platform_to_ubc,4.0,one-directional cross-reference (id present on only one side),01
BBM:F025874,MO:154366,similar,absent,2.5,similar name + date/locality; no cross-reference or image,01
BBM:F026229,MO:154366,similar,absent,2.5,similar name + date/locality; no cross-reference or image,01
BBM:F026388,MO:154366,similar,absent,2.5,similar name + date/locality; no cross-reference or image,01
BBM:F026389,MO:154366,similar,absent,2.5,similar name + date/locality; no cross-reference or image,01
BBM:F025918,MO:133032,strict,unidirectional_platform_to_ubc,4.0,one-directional cross-reference (id present on only one side),01
BBM:F025921,MO:151393,similar,absent,2.5,similar name + date/locality; no cross-reference or image,"01,02"
BBM:F026187,MO:151393,similar,absent,2.5,similar name + date/locality; no cross-reference or image,"01,02"
BBM:F026227,MO:151393,similar,absent,2.5,similar name + date/locality; no cross-reference or image,"01,02"
BBM:F026255,MO:151393,similar,unidirectional_platform_to_ubc,4.0,one-directional cross-reference (id present on only one side),01
BBM:F026295,MO:151393,similar,absent,2.5,similar name + date/locality; no cross-reference or image,"01,02"
BBM:F025965,MO:127700,similar,absent,2.5,similar name + date/locality; no cross-reference or image,01
BBM:F025965,MO:160436,similar,absent,2.5,similar name + date/locality; no cross-reference or image,01
BBM:F026001,MO:127700,similar,absent,2.5,similar name + date/locality; no cross-reference or image,01
BBM:F026001,MO:160436,similar,absent,2.5,similar name + date/locality; no cross-reference or image,01
BBM:F026223,MO:127700,similar,absent,2.5,similar name + date/locality; no cross-reference or image,01
BBM:F026223,MO:160436,similar,absent,2.5,similar name + date/locality; no cross-reference or image,01
BBM:F026224,MO:127700,similar,absent,2.5,similar name + date/locality; no cross-reference or image,01
BBM:F026224,MO:160436,similar,absent,2.5,similar name + date/locality; no cross-reference or image,01
BBM:F026384,MO:127700,similar,absent,2.5,similar name + date/locality; no cross-reference or image,01
BBM:F026384,MO:160436,similar,absent,2.5,similar name + date/locality; no cross-reference or image,01
BBM:F028110,MO:127700,similar,absent,2.5,similar name + date/locality; no cross-reference or image,01
BBM:F028110,MO:160436,similar,absent,2.5,similar name + date/locality; no cross-reference or image,01
BBM:F028147,MO:127700,similar,absent,2.5,similar name + date/locality; no cross-reference or image,01
BBM:F028147,MO:160436,similar,absent,2.5,similar name + date/locality; no cross-reference or image,01
BBM:F028148,MO:127700,similar,absent,2.5,similar name + date/locality; no cross-reference or image,01
BBM:F028148,MO:160436,similar,absent,2.5,similar name + date/locality; no cross-reference or image,01
BBM:F026002,MO:139497,strict,unidirectional_platform_to_ubc,4.0,one-directional cross-reference (id present on only one side),01
BBM:F026016,MO:135237,similar,absent,2.5,similar name + date/locality; no cross-reference or image,"01,02"
BBM:F026133,MO:135237,similar,absent,2.5,similar name + date/locality; no cross-reference or image,"01,02"
BBM:F026107,MO:160662,strict,unidirectional_platform_to_ubc,4.0,one-directional cross-reference (id present on only one side),01
BBM:F026109,MO:148369,strict,unidirectional_platform_to_ubc,4.0,one-directional cross-reference (id present on only one side),01
BBM:F026110,MO:148507,strict,unidirectional_platform_to_ubc,4.0,one-directional cross-reference (id present on only one side),01
BBM:F026189,MO:151888,similar,absent,2.5,similar name + date/locality; no cross-reference or image,"01,02"
BBM:F026230,MO:151888,similar,unidirectional_platform_to_ubc,4.0,one-directional cross-reference (id present on only one side),01
BBM:F026296,MO:151888,similar,absent,2.5,similar name + date/locality; no cross-reference or image,"01,02"
BBM:F026297,MO:151888,similar,absent,2.5,similar name + date/locality; no cross-reference or image,"01,02"
BBM:F026190,MO:151889,similar,absent,2.5,similar name + date/locality; no cross-reference or image,"01,02"
BBM:F026231,MO:151889,similar,unidirectional_platform_to_ubc,4.0,one-directional cross-reference (id present on only one side),01
BBM:F026252,MO:151392,strict,unidirectional_platform_to_ubc,4.0,one-directional cross-reference (id present on only one side),01
BBM:F028000,MO:112587,similar,absent,2.5,similar name + date/locality; no cross-reference or image,01
BBM:F028024,MO:112914,strict,absent,3.0,name + exact date + locality/collector match; no cross-reference or image,01
BBM:F028176,MO:132783,strict,absent,3.0,name + exact date + locality/collector match; no cross-reference or image,01
BBM:F028177,MO:132785,strict,absent,3.0,name + exact date + locality/collector match; no cross-reference or image,01
BBM:F028177,MO:132786,strict,absent,3.0,name + exact date + locality/collector match; no cross-reference or image,01
BBM:F028178,MO:132785,strict,absent,3.0,name + exact date + locality/collector match; no cross-reference or image,01
BBM:F028178,MO:132786,strict,absent,3.0,name + exact date + locality/collector match; no cross-reference or image,01
BBM:F028179,MO:132785,strict,absent,3.0,name + exact date + locality/collector match; no cross-reference or image,01
BBM:F028179,MO:132786,strict,absent,3.0,name + exact date + locality/collector match; no cross-reference or image,01
BBM:F028181,MO:132784,strict,absent,3.0,name + exact date + locality/collector match; no cross-reference or image,01
BBM:F028182,MO:132788,strict,absent,3.0,name + exact date + locality/collector match; no cross-reference or image,01
BBM:F028253,MO:141446,strict,absent,3.0,name + exact date + locality/collector match; no cross-reference or image,01
BBM:F028254,MO:141507,strict,absent,3.0,name + exact date + locality/collector match; no cross-reference or image,01
BBM:F028274,MO:142897,strict,absent,3.0,name + exact date + locality/collector match; no cross-reference or image,01
BBM:F028276,MO:142896,strict,absent,3.0,name + exact date + locality/collector match; no cross-reference or image,01
BBM:F028323,MO:148338,strict,absent,3.0,name + exact date + locality/collector match; no cross-reference or image,01
BBM:F029219,MO:191206,similar,absent,2.5,similar name + date/locality; no cross-reference or image,"01,02"
BBM:F030527,MO:75100,strict,absent,3.0,name + exact date + locality/collector match; no cross-reference or image,01
BBM:F032704,MO:202894,strict,absent,3.0,name + exact date + locality/collector match; no cross-reference or image,01
BBM:F032722,MO:204754,strict,absent,3.0,name + exact date + locality/collector match; no cross-reference or image,01
BBM:F032723,MO:204755,strict,absent,3.0,name + exact date + locality/collector match; no cross-reference or image,01
BBM:F032727,MO:204325,strict,absent,3.0,name + exact date + locality/collector match; no cross-reference or image,01
BBM:F032739,MO:205770,similar,absent,2.5,similar name + date/locality; no cross-reference or image,"01,05"
BBM:F032740,MO:205766,similar,absent,2.5,similar name + date/locality; no cross-reference or image,01
BBM:F032781,MO:216280,strict,absent,3.0,name + exact date + locality/collector match; no cross-reference or image,01
BBM:F032798,MO:218493,strict,absent,3.0,name + exact date + locality/collector match; no cross-reference or image,01
BBM:F032810,MO:220275,strict,absent,3.0,name + exact date + locality/collector match; no cross-reference or image,01
BBM:F032811,MO:220275,strict,absent,3.0,name + exact date + locality/collector match; no cross-reference or image,01
BBM:F032812,MO:220275,strict,absent,3.0,name + exact date + locality/collector match; no cross-reference or image,01
BBM:F034176,MO:210458,similar,absent,2.5,similar name + date/locality; no cross-reference or image,"01,02"
BBM:F034176,MO:387988,similar,absent,2.5,similar name + date/locality; no cross-reference or image,01
BBM:F034176,MO:412114,similar,absent,2.5,similar name + date/locality; no cross-reference or image,01
BBM:F034178,MO:388078,similar,absent,2.5,similar name + date/locality; no cross-reference or image,01
BBM:F034179,MO:209964,similar,absent,2.5,similar name + date/locality; no cross-reference or image,"01,02"
BBM:F034179,MO:210121,similar,absent,2.5,similar name + date/locality; no cross-reference or image,"01,02"
BBM:F034179,MO:210361,similar,absent,2.5,similar name + date/locality; no cross-reference or image,"01,02"
BBM:F034179,MO:210419,similar,absent,2.5,similar name + date/locality; no cross-reference or image,"01,02"
BBM:F034179,MO:210452,similar,absent,2.5,similar name + date/locality; no cross-reference or image,"01,02"
BBM:F034179,MO:210467,similar,absent,2.5,similar name + date/locality; no cross-reference or image,"01,02"
BBM:F034179,MO:210509,similar,absent,2.5,similar name + date/locality; no cross-reference or image,"01,02"
BBM:F034179,MO:210512,similar,absent,2.5,similar name + date/locality; no cross-reference or image,"01,02"
BBM:F034599,MO:209964,similar,absent,2.5,similar name + date/locality; no cross-reference or image,"01,02"
BBM:F034599,MO:210121,similar,absent,2.5,similar name + date/locality; no cross-reference or image,"01,02"
BBM:F034599,MO:210361,similar,absent,2.5,similar name + date/locality; no cross-reference or image,"01,02"
BBM:F034599,MO:210419,similar,absent,2.5,similar name + date/locality; no cross-reference or image,"01,02"
BBM:F034599,MO:210452,similar,absent,2.5,similar name + date/locality; no cross-reference or image,"01,02"
BBM:F034599,MO:210467,similar,absent,2.5,similar name + date/locality; no cross-reference or image,"01,02"
BBM:F034599,MO:210509,similar,absent,2.5,similar name + date/locality; no cross-reference or image,"01,02"
BBM:F034599,MO:210512,similar,absent,2.5,similar name + date/locality; no cross-reference or image,"01,02"
BBM:F034602,MO:209964,similar,absent,2.5,similar name + date/locality; no cross-reference or image,"01,02"
BBM:F034602,MO:210121,similar,absent,2.5,similar name + date/locality; no cross-reference or image,"01,02"
BBM:F034602,MO:210361,similar,absent,2.5,similar name + date/locality; no cross-reference or image,"01,02"
BBM:F034602,MO:210419,similar,absent,2.5,similar name + date/locality; no cross-reference or image,"01,02"
BBM:F034602,MO:210452,similar,absent,2.5,similar name + date/locality; no cross-reference or image,"01,02"
BBM:F034602,MO:210467,similar,absent,2.5,similar name + date/locality; no cross-reference or image,"01,02"
BBM:F034602,MO:210509,similar,absent,2.5,similar name + date/locality; no cross-reference or image,"01,02"
BBM:F034602,MO:210512,similar,absent,2.5,similar name + date/locality; no cross-reference or image,"01,02"
BBM:F034816,MO:209964,similar,absent,2.5,similar name + date/locality; no cross-reference or image,"01,02"
BBM:F034816,MO:210121,similar,absent,2.5,similar name + date/locality; no cross-reference or image,"01,02"
BBM:F034816,MO:210361,similar,absent,2.5,similar name + date/locality; no cross-reference or image,"01,02"
BBM:F034816,MO:210419,similar,absent,2.5,similar name + date/locality; no cross-reference or image,"01,02"
BBM:F034816,MO:210452,similar,absent,2.5,similar name + date/locality; no cross-reference or image,"01,02"
BBM:F034816,MO:210467,similar,absent,2.5,similar name + date/locality; no cross-reference or image,"01,02"
BBM:F034816,MO:210509,similar,absent,2.5,similar name + date/locality; no cross-reference or image,"01,02"
BBM:F034816,MO:210512,similar,absent,2.5,similar name + date/locality; no cross-reference or image,"01,02"
BBM:F034310,MO:298331,similar,absent,2.5,similar name + date/locality; no cross-reference or image,01
BBM:F034397,MO:368536,similar,absent,2.5,similar name + date/locality; no cross-reference or image,01
BBM:F034495,MO:378224,similar,absent,2.5,similar name + date/locality; no cross-reference or image,01
BBM:F034495,MO:383390,similar,absent,2.5,similar name + date/locality; no cross-reference or image,01
BBM:F034559,MO:355892,similar,absent,2.5,similar name + date/locality; no cross-reference or image,01
BBM:F034559,MO:392478,similar,absent,2.5,similar name + date/locality; no cross-reference or image,01
BBM:F034559,MO:393113,similar,absent,2.5,similar name + date/locality; no cross-reference or image,01
BBM:F034559,MO:395872,similar,absent,2.5,similar name + date/locality; no cross-reference or image,01
BBM:F034559,MO:399954,similar,absent,2.5,similar name + date/locality; no cross-reference or image,01
BBM:F034559,MO:441641,similar,absent,2.5,similar name + date/locality; no cross-reference or image,01
BBM:F034586,MO:355892,similar,absent,2.5,similar name + date/locality; no cross-reference or image,01
BBM:F034586,MO:392478,similar,absent,2.5,similar name + date/locality; no cross-reference or image,01
BBM:F034586,MO:393113,similar,absent,2.5,similar name + date/locality; no cross-reference or image,01
BBM:F034586,MO:395872,similar,absent,2.5,similar name + date/locality; no cross-reference or image,01
BBM:F034586,MO:399954,similar,absent,2.5,similar name + date/locality; no cross-reference or image,01
BBM:F034586,MO:441641,similar,absent,2.5,similar name + date/locality; no cross-reference or image,01
BBM:F034597,MO:355892,similar,absent,2.5,similar name + date/locality; no cross-reference or image,01
BBM:F034597,MO:392478,similar,absent,2.5,similar name + date/locality; no cross-reference or image,01
BBM:F034597,MO:393113,similar,absent,2.5,similar name + date/locality; no cross-reference or image,01
BBM:F034597,MO:395872,similar,absent,2.5,similar name + date/locality; no cross-reference or image,01
BBM:F034597,MO:399954,similar,absent,2.5,similar name + date/locality; no cross-reference or image,01
BBM:F034597,MO:441641,similar,absent,2.5,similar name + date/locality; no cross-reference or image,01
BBM:F034737,MO:355892,similar,absent,2.5,similar name + date/locality; no cross-reference or image,01
BBM:F034737,MO:392478,similar,absent,2.5,similar name + date/locality; no cross-reference or image,01
BBM:F034737,MO:393113,similar,absent,2.5,similar name + date/locality; no cross-reference or image,01
BBM:F034737,MO:395872,similar,absent,2.5,similar name + date/locality; no cross-reference or image,01
BBM:F034737,MO:399954,similar,absent,2.5,similar name + date/locality; no cross-reference or image,01
BBM:F034737,MO:441641,similar,absent,2.5,similar name + date/locality; no cross-reference or image,01
BBM:F034756,MO:355892,similar,absent,2.5,similar name + date/locality; no cross-reference or image,01
BBM:F034756,MO:392478,similar,absent,2.5,similar name + date/locality; no cross-reference or image,01
BBM:F034756,MO:393113,similar,absent,2.5,similar name + date/locality; no cross-reference or image,01
BBM:F034756,MO:395872,similar,absent,2.5,similar name + date/locality; no cross-reference or image,01
BBM:F034756,MO:399954,similar,absent,2.5,similar name + date/locality; no cross-reference or image,01
BBM:F034756,MO:441641,similar,absent,2.5,similar name + date/locality; no cross-reference or image,01
BBM:F035062,MO:355892,similar,absent,2.5,similar name + date/locality; no cross-reference or image,01
BBM:F035062,MO:392478,similar,absent,2.5,similar name + date/locality; no cross-reference or image,01
BBM:F035062,MO:393113,similar,absent,2.5,similar name + date/locality; no cross-reference or image,01
BBM:F035062,MO:395872,similar,absent,2.5,similar name + date/locality; no cross-reference or image,01
BBM:F035062,MO:399954,similar,absent,2.5,similar name + date/locality; no cross-reference or image,01
BBM:F035062,MO:441641,similar,absent,2.5,similar name + date/locality; no cross-reference or image,01
BBM:F035121,MO:355892,similar,absent,2.5,similar name + date/locality; no cross-reference or image,01
BBM:F035121,MO:392478,similar,absent,2.5,similar name + date/locality; no cross-reference or image,01
BBM:F035121,MO:393113,similar,absent,2.5,similar name + date/locality; no cross-reference or image,01
BBM:F035121,MO:395872,similar,absent,2.5,similar name + date/locality; no cross-reference or image,01
BBM:F035121,MO:399954,similar,absent,2.5,similar name + date/locality; no cross-reference or image,01
BBM:F035121,MO:441641,similar,absent,2.5,similar name + date/locality; no cross-reference or image,01
BBM:F034781,MO:292810,similar,absent,2.5,similar name + date/locality; no cross-reference or image,01
BBM:F034993,MO:282758,similar,absent,2.5,similar name + date/locality; no cross-reference or image,01
BBM:F015650,MO:480278,strict,absent,3.0,name + exact date + locality/collector match; no cross-reference or image,01
BBM:F025229,MO:82406,strict,unidirectional_platform_to_ubc,4.0,one-directional cross-reference (id present on only one side),01
BBM:F025751,MO:121183,strict,unidirectional_platform_to_ubc,4.0,one-directional cross-reference (id present on only one side),01
BBM:F026376,MO:154377,strict,unidirectional_platform_to_ubc,4.0,one-directional cross-reference (id present on only one side),01
BBM:F027012,MO:65431,strict,absent,3.0,name + exact date + locality/collector match; no cross-reference or image,01
BBM:F027046,MO:193829,strict,absent,3.0,name + exact date + locality/collector match; no cross-reference or image,01
BBM:F027789,MO:78259,strict,absent,3.0,name + exact date + locality/collector match; no cross-reference or image,01
BBM:F031783,MO:63765,strict,absent,3.0,name + exact date + locality/collector match; no cross-reference or image,01
BBM:F025231,MO:82362,strict,unidirectional_platform_to_ubc,4.0,one-directional cross-reference (id present on only one side),01
BBM:F026299,MO:152319,strict,unidirectional_platform_to_ubc,4.0,one-directional cross-reference (id present on only one side),01
BBM:F030716,MO:77978,similar,absent,2.5,similar name + date/locality; no cross-reference or image,01
BBM:F030732,MO:77978,similar,absent,2.5,similar name + date/locality; no cross-reference or image,01
BBM:F030790,MO:77978,similar,absent,2.5,similar name + date/locality; no cross-reference or image,01
BBM:F030819,MO:77978,similar,absent,2.5,similar name + date/locality; no cross-reference or image,01
BBM:F030866,MO:77978,similar,absent,2.5,similar name + date/locality; no cross-reference or image,01
BBM:F031593,MO:156774,similar,absent,2.5,similar name + date/locality; no cross-reference or image,01
BBM:F034390,MO:368549,similar,absent,2.5,similar name + date/locality; no cross-reference or image,01
BBM:F034579,MO:65466,similar,absent,2.5,similar name + date/locality; no cross-reference or image,01
BBM:F034579,MO:82753,similar,absent,2.5,similar name + date/locality; no cross-reference or image,01
BBM:F034579,MO:349079,similar,absent,2.5,similar name + date/locality; no cross-reference or image,01
BBM:F034579,MO:389264,similar,absent,2.5,similar name + date/locality; no cross-reference or image,01
BBM:F034579,MO:394283,similar,absent,2.5,similar name + date/locality; no cross-reference or image,01
BBM:F034579,MO:397529,similar,absent,2.5,similar name + date/locality; no cross-reference or image,01
BBM:F034579,MO:409333,similar,absent,2.5,similar name + date/locality; no cross-reference or image,01
BBM:F034579,MO:442098,similar,absent,2.5,similar name + date/locality; no cross-reference or image,01
BBM:F034590,MO:65466,similar,absent,2.5,similar name + date/locality; no cross-reference or image,01
BBM:F034590,MO:82753,similar,absent,2.5,similar name + date/locality; no cross-reference or image,01
BBM:F034590,MO:349079,similar,absent,2.5,similar name + date/locality; no cross-reference or image,01
BBM:F034590,MO:389264,similar,absent,2.5,similar name + date/locality; no cross-reference or image,01
BBM:F034590,MO:394283,similar,absent,2.5,similar name + date/locality; no cross-reference or image,01
BBM:F034590,MO:397529,similar,absent,2.5,similar name + date/locality; no cross-reference or image,01
BBM:F034590,MO:409333,similar,absent,2.5,similar name + date/locality; no cross-reference or image,01
BBM:F034590,MO:442098,similar,absent,2.5,similar name + date/locality; no cross-reference or image,01
BBM:F034830,MO:65466,similar,absent,2.5,similar name + date/locality; no cross-reference or image,01
BBM:F034830,MO:82753,similar,absent,2.5,similar name + date/locality; no cross-reference or image,01
BBM:F034830,MO:349079,similar,absent,2.5,similar name + date/locality; no cross-reference or image,01
BBM:F034830,MO:389264,similar,absent,2.5,similar name + date/locality; no cross-reference or image,01
BBM:F034830,MO:394283,similar,absent,2.5,similar name + date/locality; no cross-reference or image,01
BBM:F034830,MO:397529,similar,absent,2.5,similar name + date/locality; no cross-reference or image,01
BBM:F034830,MO:409333,similar,absent,2.5,similar name + date/locality; no cross-reference or image,01
BBM:F034830,MO:442098,similar,absent,2.5,similar name + date/locality; no cross-reference or image,01
BBM:F015702,MO:480225,similar,unidirectional_platform_to_ubc,4.0,one-directional cross-reference (id present on only one side),01
BBM:F025119,MO:71509,strict,unidirectional_platform_to_ubc,4.0,one-directional cross-reference (id present on only one side),01
BBM:F025271,MO:84266,similar,absent,2.5,similar name + date/locality; no cross-reference or image,"01,02"
BBM:F025291,MO:84266,similar,unidirectional_platform_to_ubc,4.0,one-directional cross-reference (id present on only one side),01
BBM:F025560,MO:114203,strict,unidirectional_platform_to_ubc,4.0,one-directional cross-reference (id present on only one side),01
BBM:F026136,MO:148506,strict,absent,3.0,name + exact date + locality/collector match; no cross-reference or image,01
BBM:F027831,MO:80557,strict,absent,3.0,name + exact date + locality/collector match; no cross-reference or image,01
BBM:F028002,MO:111990,strict,absent,3.0,name + exact date + locality/collector match; no cross-reference or image,01
BBM:F028003,MO:111990,strict,absent,3.0,name + exact date + locality/collector match; no cross-reference or image,01
BBM:F028183,MO:132789,strict,absent,3.0,name + exact date + locality/collector match; no cross-reference or image,01
BBM:F028260,MO:141283,strict,absent,3.0,name + exact date + locality/collector match; no cross-reference or image,01
BBM:F028349,MO:149790,strict,absent,3.0,name + exact date + locality/collector match; no cross-reference or image,01
BBM:F029763,MO:242852,similar,absent,2.5,similar name + date/locality; no cross-reference or image,"01,02,05"
BBM:F029932,MO:65840,strict,absent,3.0,name + exact date + locality/collector match; no cross-reference or image,01
BBM:F031460,MO:84740,strict,unidirectional_platform_to_ubc,4.0,one-directional cross-reference (id present on only one side),01
BBM:F032823,MO:220724,strict,absent,3.0,name + exact date + locality/collector match; no cross-reference or image,01
BBM:F032847,MO:222751,strict,absent,3.0,name + exact date + locality/collector match; no cross-reference or image,01
BBM:F035791,MO:334497,similar,absent,2.5,similar name + date/locality; no cross-reference or image,01
BBM:F026083,MO:151310,strict,unidirectional_platform_to_ubc,4.0,one-directional cross-reference (id present on only one side),01
BBM:F029490,MO:65079,strict,absent,3.0,name + exact date + locality/collector match; no cross-reference or image,01
BBM:F025247,MO:82830,strict,unidirectional_platform_to_ubc,4.0,one-directional cross-reference (id present on only one side),01
BBM:F028279,MO:142811,strict,absent,3.0,name + exact date + locality/collector match; no cross-reference or image,01
BBM:F035377,MO:260684,similar,absent,2.5,similar name + date/locality; no cross-reference or image,01
BBM:F035377,MO:303564,similar,absent,2.5,similar name + date/locality; no cross-reference or image,01
BBM:F035377,MO:388074,similar,absent,2.5,similar name + date/locality; no cross-reference or image,01
BBM:F035377,MO:399061,similar,absent,2.5,similar name + date/locality; no cross-reference or image,01
BBM:F035377,MO:457179,similar,absent,2.5,similar name + date/locality; no cross-reference or image,01
BBM:F019460,MO:76048,similar,absent,2.5,similar name + date/locality; no cross-reference or image,01
BBM:F035252,MO:76048,similar,absent,2.5,similar name + date/locality; no cross-reference or image,01
BBM:F035498,MO:76048,similar,absent,2.5,similar name + date/locality; no cross-reference or image,01
BBM:F035595,MO:76048,similar,absent,2.5,similar name + date/locality; no cross-reference or image,01
BBM:F035702,MO:76048,similar,absent,2.5,similar name + date/locality; no cross-reference or image,01
BBM:F028329,MO:149736,strict,absent,3.0,name + exact date + locality/collector match; no cross-reference or image,01
BBM:F034757,MO:65467,similar,absent,2.5,similar name + date/locality; no cross-reference or image,01
BBM:F034757,MO:66872,similar,absent,2.5,similar name + date/locality; no cross-reference or image,01
BBM:F034757,MO:305520,similar,absent,2.5,similar name + date/locality; no cross-reference or image,01
BBM:F034757,MO:306906,similar,absent,2.5,similar name + date/locality; no cross-reference or image,01
BBM:F034757,MO:411783,similar,absent,2.5,similar name + date/locality; no cross-reference or image,01
BBM:F034757,MO:441844,similar,absent,2.5,similar name + date/locality; no cross-reference or image,01
BBM:F034757,MO:457138,similar,absent,2.5,similar name + date/locality; no cross-reference or image,01
BBM:F034507,MO:258711,similar,absent,2.5,similar name + date/locality; no cross-reference or image,01
BBM:F035433,MO:160703,similar,absent,2.5,similar name + date/locality; no cross-reference or image,"01,02"
BBM:F026219,MO:151565,strict,unidirectional_platform_to_ubc,4.0,one-directional cross-reference (id present on only one side),01
BBM:F027974,MO:108651,strict,absent,3.0,name + exact date + locality/collector match; no cross-reference or image,01
BBM:F029930,MO:85265,strict,absent,3.0,name + exact date + locality/collector match; no cross-reference or image,01
BBM:F026124,MO:147967,strict,unidirectional_platform_to_ubc,4.0,one-directional cross-reference (id present on only one side),01
BBM:F027942,MO:98577,strict,absent,3.0,name + exact date + locality/collector match; no cross-reference or image,01
BBM:F028321,MO:384364,strict,absent,3.0,name + exact date + locality/collector match; no cross-reference or image,01
BBM:F028883,MO:174742,strict,absent,3.0,name + exact date + locality/collector match; no cross-reference or image,01
BBM:F033822,MO:146031,strict,absent,3.0,name + exact date + locality/collector match; no cross-reference or image,01
BBM:F035792,MO:334487,similar,absent,2.5,similar name + date/locality; no cross-reference or image,01
BBM:F035792,MO:384979,similar,absent,2.5,similar name + date/locality; no cross-reference or image,01
BBM:F027972,MO:103472,strict,absent,3.0,name + exact date + locality/collector match; no cross-reference or image,01
BBM:F028264,MO:141549,strict,absent,3.0,name + exact date + locality/collector match; no cross-reference or image,01
BBM:F026215,MO:151875,strict,absent,3.0,name + exact date + locality/collector match; no cross-reference or image,01
BBM:F031855,MO:72692,similar,absent,2.5,similar name + date/locality; no cross-reference or image,01
BBM:F026271,MO:152704,strict,unidirectional_platform_to_ubc,4.0,one-directional cross-reference (id present on only one side),01
BBM:F024117,MO:72974,strict,unidirectional_platform_to_ubc,4.0,one-directional cross-reference (id present on only one side),01
BBM:F024420,MO:161585,strict,unidirectional_platform_to_ubc,4.0,one-directional cross-reference (id present on only one side),01
BBM:F024526,MO:70118,strict,unidirectional_platform_to_ubc,4.0,one-directional cross-reference (id present on only one side),01
BBM:F025236,MO:82837,similar,absent,2.5,similar name + date/locality; no cross-reference or image,"01,02"
BBM:F025245,MO:82837,similar,unidirectional_platform_to_ubc,4.0,one-directional cross-reference (id present on only one side),01
BBM:F025277,MO:84518,similar,absent,2.5,similar name + date/locality; no cross-reference or image,"01,02"
BBM:F025293,MO:84518,similar,unidirectional_platform_to_ubc,4.0,one-directional cross-reference (id present on only one side),01
BBM:F025307,MO:84368,strict,unidirectional_platform_to_ubc,4.0,one-directional cross-reference (id present on only one side),01
BBM:F025360,MO:86437,strict,unidirectional_platform_to_ubc,4.0,one-directional cross-reference (id present on only one side),01
BBM:F025379,MO:86982,strict,unidirectional_platform_to_ubc,4.0,one-directional cross-reference (id present on only one side),01
BBM:F025389,MO:87432,strict,unidirectional_platform_to_ubc,4.0,one-directional cross-reference (id present on only one side),01
BBM:F025421,MO:119347,similar,absent,2.5,similar name + date/locality; no cross-reference or image,"01,02"
BBM:F025620,MO:119347,similar,unidirectional_platform_to_ubc,4.0,one-directional cross-reference (id present on only one side),01
BBM:F025621,MO:119347,similar,absent,2.5,similar name + date/locality; no cross-reference or image,"01,02"
BBM:F025448,MO:95526,similar,absent,2.5,similar name + date/locality; no cross-reference or image,"01,02"
BBM:F025496,MO:95526,similar,unidirectional_platform_to_ubc,4.0,one-directional cross-reference (id present on only one side),01
BBM:F025575,MO:115809,strict,unidirectional_platform_to_ubc,4.0,one-directional cross-reference (id present on only one side),01
BBM:F025587,MO:116557,similar,absent,2.5,similar name + date/locality; no cross-reference or image,"01,02"
BBM:F025597,MO:116557,similar,unidirectional_platform_to_ubc,4.0,one-directional cross-reference (id present on only one side),01
BBM:F025589,MO:116572,similar,unidirectional_platform_to_ubc,4.0,one-directional cross-reference (id present on only one side),01
BBM:F025619,MO:118714,similar,absent,2.5,similar name + date/locality; no cross-reference or image,"01,02"
BBM:F025672,MO:118714,similar,unidirectional_platform_to_ubc,4.0,one-directional cross-reference (id present on only one side),01
BBM:F025640,MO:117983,strict,unidirectional_platform_to_ubc,4.0,one-directional cross-reference (id present on only one side),01
BBM:F025641,MO:117987,strict,unidirectional_platform_to_ubc,4.0,one-directional cross-reference (id present on only one side),01
BBM:F025642,MO:118263,strict,unidirectional_platform_to_ubc,4.0,one-directional cross-reference (id present on only one side),01
BBM:F025673,MO:118707,strict,unidirectional_platform_to_ubc,4.0,one-directional cross-reference (id present on only one side),01
BBM:F025692,MO:119496,strict,absent,3.0,name + exact date + locality/collector match; no cross-reference or image,01
BBM:F025696,MO:119706,strict,unidirectional_platform_to_ubc,4.0,one-directional cross-reference (id present on only one side),01
BBM:F025735,MO:120916,strict,unidirectional_platform_to_ubc,4.0,one-directional cross-reference (id present on only one side),01
BBM:F025768,MO:157635,similar,absent,2.5,similar name + date/locality; no cross-reference or image,01
BBM:F025925,MO:157635,similar,absent,2.5,similar name + date/locality; no cross-reference or image,01
BBM:F026114,MO:157635,similar,absent,2.5,similar name + date/locality; no cross-reference or image,01
BBM:F026259,MO:157635,similar,absent,2.5,similar name + date/locality; no cross-reference or image,01
BBM:F028371,MO:157635,similar,absent,2.5,similar name + date/locality; no cross-reference or image,01
BBM:F028372,MO:157635,similar,absent,2.5,similar name + date/locality; no cross-reference or image,01
BBM:F025769,MO:130129,similar,absent,2.5,similar name + date/locality; no cross-reference or image,"01,02"
BBM:F025805,MO:130129,similar,absent,2.5,similar name + date/locality; no cross-reference or image,"01,02"
BBM:F025880,MO:130129,similar,unidirectional_platform_to_ubc,4.0,one-directional cross-reference (id present on only one side),01
BBM:F028361,MO:130129,similar,absent,2.5,similar name + date/locality; no cross-reference or image,"01,02"
BBM:F025783,MO:123474,strict,unidirectional_platform_to_ubc,4.0,one-directional cross-reference (id present on only one side),01
BBM:F025835,MO:149044,similar,absent,2.5,similar name + date/locality; no cross-reference or image,"01,02"
BBM:F026142,MO:149044,similar,unidirectional_platform_to_ubc,4.0,one-directional cross-reference (id present on only one side),01
BBM:F025942,MO:134501,strict,unidirectional_platform_to_ubc,4.0,one-directional cross-reference (id present on only one side),01
BBM:F026003,MO:138255,strict,absent,3.0,name + exact date + locality/collector match; no cross-reference or image,01
BBM:F026005,MO:149863,similar,absent,2.5,similar name + date/locality; no cross-reference or image,"01,02"
BBM:F026116,MO:149863,similar,unidirectional_platform_to_ubc,4.0,one-directional cross-reference (id present on only one side),01
BBM:F026089,MO:149942,similar,absent,2.5,similar name + date/locality; no cross-reference or image,"01,02"
BBM:F026197,MO:149942,similar,unidirectional_platform_to_ubc,4.0,one-directional cross-reference (id present on only one side),01
BBM:F028360,MO:149942,similar,absent,2.5,similar name + date/locality; no cross-reference or image,"01,02"
BBM:F026092,MO:151305,strict,unidirectional_platform_to_ubc,4.0,one-directional cross-reference (id present on only one side),01
BBM:F026444,MO:65164,similar,absent,2.5,similar name + date/locality; no cross-reference or image,01
BBM:F026539,MO:65164,similar,absent,2.5,similar name + date/locality; no cross-reference or image,01
BBM:F026540,MO:65164,similar,absent,2.5,similar name + date/locality; no cross-reference or image,01
BBM:F026554,MO:65164,similar,absent,2.5,similar name + date/locality; no cross-reference or image,01
BBM:F026555,MO:65164,similar,absent,2.5,similar name + date/locality; no cross-reference or image,01
BBM:F029692,MO:65164,similar,absent,2.5,similar name + date/locality; no cross-reference or image,01
BBM:F026445,MO:164780,strict,absent,3.0,name + exact date + locality/collector match; no cross-reference or image,01
BBM:F026454,MO:71676,strict,absent,3.0,name + exact date + locality/collector match; no cross-reference or image,01
BBM:F026455,MO:65698,strict,absent,3.0,name + exact date + locality/collector match; no cross-reference or image,01
BBM:F026456,MO:66081,similar,absent,2.5,similar name + date/locality; no cross-reference or image,01
BBM:F026504,MO:66081,similar,absent,2.5,similar name + date/locality; no cross-reference or image,01
BBM:F026469,MO:65165,similar,absent,2.5,similar name + date/locality; no cross-reference or image,01
BBM:F026541,MO:65165,similar,absent,2.5,similar name + date/locality; no cross-reference or image,01
BBM:F026516,MO:164893,strict,absent,3.0,name + exact date + locality/collector match; no cross-reference or image,01
BBM:F026526,MO:63767,strict,unidirectional_platform_to_ubc,4.0,one-directional cross-reference (id present on only one side),01
BBM:F026596,MO:72888,strict,absent,3.0,name + exact date + locality/collector match; no cross-reference or image,01
BBM:F026671,MO:64223,similar,absent,2.5,similar name + date/locality; no cross-reference or image,01
BBM:F026926,MO:64223,similar,absent,2.5,similar name + date/locality; no cross-reference or image,01
BBM:F026935,MO:64223,similar,absent,2.5,similar name + date/locality; no cross-reference or image,01
BBM:F027004,MO:64223,similar,absent,2.5,similar name + date/locality; no cross-reference or image,01
BBM:F027082,MO:64223,similar,absent,2.5,similar name + date/locality; no cross-reference or image,01
BBM:F026712,MO:66966,strict,absent,3.0,name + exact date + locality/collector match; no cross-reference or image,01
BBM:F027037,MO:96928,strict,absent,3.0,name + exact date + locality/collector match; no cross-reference or image,01
BBM:F027079,MO:163799,similar,absent,2.5,similar name + date/locality; no cross-reference or image,01
BBM:F027098,MO:71566,strict,absent,3.0,name + exact date + locality/collector match; no cross-reference or image,01
BBM:F027836,MO:80490,strict,absent,3.0,name + exact date + locality/collector match; no cross-reference or image,01
BBM:F027858,MO:87431,strict,absent,3.0,name + exact date + locality/collector match; no cross-reference or image,01
BBM:F028006,MO:112138,strict,absent,3.0,name + exact date + locality/collector match; no cross-reference or image,01
BBM:F028156,MO:132375,strict,absent,3.0,name + exact date + locality/collector match; no cross-reference or image,01
BBM:F028231,MO:137767,strict,absent,3.0,name + exact date + locality/collector match; no cross-reference or image,01
BBM:F028232,MO:137768,strict,absent,3.0,name + exact date + locality/collector match; no cross-reference or image,01
BBM:F028373,MO:156971,strict,absent,3.0,name + exact date + locality/collector match; no cross-reference or image,01
BBM:F028873,MO:174726,strict,absent,3.0,name + exact date + locality/collector match; no cross-reference or image,01
BBM:F028888,MO:174801,strict,absent,3.0,name + exact date + locality/collector match; no cross-reference or image,01
BBM:F028922,MO:65176,strict,absent,3.0,name + exact date + locality/collector match; no cross-reference or image,01
BBM:F028936,MO:172837,strict,absent,3.0,name + exact date + locality/collector match; no cross-reference or image,01
BBM:F028939,MO:172836,strict,absent,3.0,name + exact date + locality/collector match; no cross-reference or image,01
BBM:F028958,MO:172841,strict,absent,3.0,name + exact date + locality/collector match; no cross-reference or image,01
BBM:F029013,MO:83049,similar,absent,2.5,similar name + date/locality; no cross-reference or image,"01,02"
BBM:F032509,MO:83049,similar,unidirectional_platform_to_ubc,4.0,one-directional cross-reference (id present on only one side),01
BBM:F029052,MO:263007,similar,absent,2.5,similar name + date/locality; no cross-reference or image,"01,02"
BBM:F032503,MO:263007,similar,unidirectional_platform_to_ubc,4.0,one-directional cross-reference (id present on only one side),01
BBM:F032504,MO:263007,similar,absent,2.5,similar name + date/locality; no cross-reference or image,"01,02"
BBM:F029069,MO:168340,strict,absent,3.0,name + exact date + locality/collector match; no cross-reference or image,01
BBM:F029119,MO:171145,strict,absent,3.0,name + exact date + locality/collector match; no cross-reference or image,01
BBM:F029121,MO:171148,strict,absent,3.0,name + exact date + locality/collector match; no cross-reference or image,01
BBM:F029137,MO:168948,similar,absent,2.5,similar name + date/locality; no cross-reference or image,"01,02"
BBM:F029154,MO:168948,similar,unidirectional_platform_to_ubc,4.0,one-directional cross-reference (id present on only one side),01
BBM:F029639,MO:168948,similar,absent,2.5,similar name + date/locality; no cross-reference or image,"01,02"
BBM:F029148,MO:68177,strict,absent,3.0,name + exact date + locality/collector match; no cross-reference or image,01
BBM:F029150,MO:63937,strict,absent,3.0,name + exact date + locality/collector match; no cross-reference or image,01
BBM:F029153,MO:168947,similar,absent,2.5,similar name + date/locality; no cross-reference or image,"01,05"
BBM:F029623,MO:168947,similar,absent,2.5,similar name + date/locality; no cross-reference or image,"01,05"
BBM:F029325,MO:73100,strict,absent,3.0,name + exact date + locality/collector match; no cross-reference or image,01
BBM:F029368,MO:73088,strict,absent,3.0,name + exact date + locality/collector match; no cross-reference or image,01
BBM:F029406,MO:73101,strict,absent,3.0,name + exact date + locality/collector match; no cross-reference or image,01
BBM:F029430,MO:65217,similar,absent,2.5,similar name + date/locality; no cross-reference or image,01
BBM:F029534,MO:65217,similar,absent,2.5,similar name + date/locality; no cross-reference or image,01
BBM:F029433,MO:65011,similar,absent,2.5,similar name + date/locality; no cross-reference or image,01
BBM:F029434,MO:65196,strict,absent,3.0,name + exact date + locality/collector match; no cross-reference or image,01
BBM:F029523,MO:65699,similar,absent,2.5,similar name + date/locality; no cross-reference or image,01
BBM:F029546,MO:64030,strict,absent,3.0,name + exact date + locality/collector match; no cross-reference or image,01
BBM:F029622,MO:65194,similar,absent,2.5,similar name + date/locality; no cross-reference or image,01
BBM:F032502,MO:65194,similar,absent,2.5,similar name + date/locality; no cross-reference or image,01
BBM:F029804,MO:166063,similar,absent,2.5,similar name + date/locality; no cross-reference or image,01
BBM:F029805,MO:166063,similar,absent,2.5,similar name + date/locality; no cross-reference or image,"01,05"
BBM:F029845,MO:166063,similar,absent,2.5,similar name + date/locality; no cross-reference or image,01
BBM:F029904,MO:166063,similar,absent,2.5,similar name + date/locality; no cross-reference or image,01
BBM:F029934,MO:166063,similar,absent,2.5,similar name + date/locality; no cross-reference or image,"01,05"
BBM:F029907,MO:166517,strict,absent,3.0,name + exact date + locality/collector match; no cross-reference or image,01
BBM:F029994,MO:167360,strict,absent,3.0,name + exact date + locality/collector match; no cross-reference or image,01
BBM:F029995,MO:167341,strict,absent,3.0,name + exact date + locality/collector match; no cross-reference or image,01
BBM:F031385,MO:195657,strict,absent,3.0,name + exact date + locality/collector match; no cross-reference or image,01
BBM:F031439,MO:196518,strict,absent,3.0,name + exact date + locality/collector match; no cross-reference or image,01
BBM:F031441,MO:196191,similar,absent,2.5,similar name + date/locality; no cross-reference or image,01
BBM:F031523,MO:75930,strict,unidirectional_platform_to_ubc,4.0,one-directional cross-reference (id present on only one side),01
BBM:F031611,MO:75963,strict,unidirectional_platform_to_ubc,4.0,one-directional cross-reference (id present on only one side),01
BBM:F031961,MO:70120,strict,absent,3.0,name + exact date + locality/collector match; no cross-reference or image,01
BBM:F032499,MO:64205,strict,absent,3.0,name + exact date + locality/collector match; no cross-reference or image,01
BBM:F034513,MO:255376,similar,absent,2.5,similar name + date/locality; no cross-reference or image,"01,05"
BBM:F034513,MO:259554,similar,absent,2.5,similar name + date/locality; no cross-reference or image,"01,05"
BBM:F034513,MO:336977,similar,absent,2.5,similar name + date/locality; no cross-reference or image,"01,05"
BBM:F034513,MO:435475,similar,absent,2.5,similar name + date/locality; no cross-reference or image,"01,05"
BBM:F035011,MO:173865,similar,absent,2.5,similar name + date/locality; no cross-reference or image,01
BBM:F035648,MO:173865,similar,absent,2.5,similar name + date/locality; no cross-reference or image,01
BBM:F035203,MO:110578,similar,absent,2.5,similar name + date/locality; no cross-reference or image,"01,02"
BBM:F035203,MO:119711,similar,absent,2.5,similar name + date/locality; no cross-reference or image,"01,02"
BBM:F035203,MO:167383,similar,absent,2.5,similar name + date/locality; no cross-reference or image,01
BBM:F035203,MO:355966,similar,absent,2.5,similar name + date/locality; no cross-reference or image,01
BBM:F035203,MO:394678,similar,absent,2.5,similar name + date/locality; no cross-reference or image,01
BBM:F035489,MO:188959,similar,absent,2.5,similar name + date/locality; no cross-reference or image,01
BBM:F025538,MO:102454,strict,unidirectional_platform_to_ubc,4.0,one-directional cross-reference (id present on only one side),01
BBM:F025929,MO:133165,strict,unidirectional_platform_to_ubc,4.0,one-directional cross-reference (id present on only one side),01
BBM:F029469,MO:63913,strict,absent,3.0,name + exact date + locality/collector match; no cross-reference or image,01
BBM:F015371,MO:230586,strict,unidirectional_platform_to_ubc,4.0,one-directional cross-reference (id present on only one side),01
BBM:F015469,MO:230598,strict,unidirectional_platform_to_ubc,4.0,one-directional cross-reference (id present on only one side),01
BBM:F015803,MO:480273,strict,absent,3.0,name + exact date + locality/collector match; no cross-reference or image,01
BBM:F015898,MO:525263,strict,absent,3.0,name + exact date + locality/collector match; no cross-reference or image,01
BBM:F016323,MO:73017,similar,absent,2.5,similar name + date/locality; no cross-reference or image,"01,05"
BBM:F016323,MO:73218,similar,absent,2.5,similar name + date/locality; no cross-reference or image,01
BBM:F016329,MO:73017,similar,absent,2.5,similar name + date/locality; no cross-reference or image,"01,05"
BBM:F016329,MO:73218,similar,absent,2.5,similar name + date/locality; no cross-reference or image,01
BBM:F016331,MO:73017,similar,absent,2.5,similar name + date/locality; no cross-reference or image,"01,05"
BBM:F016331,MO:73218,similar,absent,2.5,similar name + date/locality; no cross-reference or image,01
BBM:F019457,MO:73017,similar,absent,2.5,similar name + date/locality; no cross-reference or image,"01,05"
BBM:F019457,MO:73218,similar,absent,2.5,similar name + date/locality; no cross-reference or image,01
BBM:F019458,MO:73017,similar,absent,2.5,similar name + date/locality; no cross-reference or image,"01,05"
BBM:F019458,MO:73218,similar,absent,2.5,similar name + date/locality; no cross-reference or image,01
BBM:F019461,MO:73017,similar,absent,2.5,similar name + date/locality; no cross-reference or image,"01,05"
BBM:F019461,MO:73218,similar,absent,2.5,similar name + date/locality; no cross-reference or image,01
BBM:F016328,MO:65087,similar,absent,2.5,similar name + date/locality; no cross-reference or image,"01,02"
BBM:F016559,MO:65087,similar,absent,2.5,similar name + date/locality; no cross-reference or image,"01,02"
BBM:F017225,MO:65087,similar,absent,2.5,similar name + date/locality; no cross-reference or image,"01,02"
BBM:F017255,MO:65087,similar,unidirectional_platform_to_ubc,4.0,one-directional cross-reference (id present on only one side),01
BBM:F016333,MO:367172,strict,absent,3.0,name + exact date + locality/collector match; no cross-reference or image,01
BBM:F016345,MO:65057,strict,absent,3.0,name + exact date + locality/collector match; no cross-reference or image,01
BBM:F016363,MO:167609,strict,unidirectional_platform_to_ubc,4.0,one-directional cross-reference (id present on only one side),01
BBM:F016364,MO:74819,strict,unidirectional_platform_to_ubc,4.0,one-directional cross-reference (id present on only one side),01
BBM:F016367,MO:73023,similar,absent,2.5,similar name + date/locality; no cross-reference or image,01
BBM:F016367,MO:156906,similar,absent,2.5,similar name + date/locality; no cross-reference or image,01
BBM:F016457,MO:73023,similar,absent,2.5,similar name + date/locality; no cross-reference or image,01
BBM:F016457,MO:156906,similar,absent,2.5,similar name + date/locality; no cross-reference or image,01
BBM:F016458,MO:73023,similar,absent,2.5,similar name + date/locality; no cross-reference or image,01
BBM:F016458,MO:156906,similar,absent,2.5,similar name + date/locality; no cross-reference or image,01
BBM:F034562,MO:73023,similar,absent,2.5,similar name + date/locality; no cross-reference or image,01
BBM:F034562,MO:156906,similar,absent,2.5,similar name + date/locality; no cross-reference or image,01
BBM:F034901,MO:73023,similar,absent,2.5,similar name + date/locality; no cross-reference or image,01
BBM:F034901,MO:156906,similar,absent,2.5,similar name + date/locality; no cross-reference or image,01
BBM:F035194,MO:73023,similar,absent,2.5,similar name + date/locality; no cross-reference or image,01
BBM:F035194,MO:156906,similar,absent,2.5,similar name + date/locality; no cross-reference or image,01
BBM:F035441,MO:73023,similar,absent,2.5,similar name + date/locality; no cross-reference or image,01
BBM:F035441,MO:156906,similar,absent,2.5,similar name + date/locality; no cross-reference or image,01
BBM:F035461,MO:73023,similar,absent,2.5,similar name + date/locality; no cross-reference or image,01
BBM:F035461,MO:156906,similar,absent,2.5,similar name + date/locality; no cross-reference or image,01
BBM:F035503,MO:73023,similar,absent,2.5,similar name + date/locality; no cross-reference or image,01
BBM:F035503,MO:156906,similar,absent,2.5,similar name + date/locality; no cross-reference or image,01
BBM:F016370,MO:72823,strict,unidirectional_platform_to_ubc,4.0,one-directional cross-reference (id present on only one side),01
BBM:F016372,MO:72823,strict,absent,3.0,name + exact date + locality/collector match; no cross-reference or image,"01,02"
BBM:F016371,MO:72851,strict,absent,3.0,name + exact date + locality/collector match; no cross-reference or image,"01,02"
BBM:F016373,MO:187485,similar,unidirectional_platform_to_ubc,4.0,one-directional cross-reference (id present on only one side),"01,05"
BBM:F034663,MO:187485,similar,absent,2.5,similar name + date/locality; no cross-reference or image,"01,02,05"
BBM:F034690,MO:187485,similar,absent,2.5,similar name + date/locality; no cross-reference or image,"01,02,05"
BBM:F016376,MO:72850,strict,unidirectional_platform_to_ubc,4.0,one-directional cross-reference (id present on only one side),01
BBM:F016558,MO:73018,strict,unidirectional_platform_to_ubc,4.0,one-directional cross-reference (id present on only one side),01
BBM:F017115,MO:307595,strict,unidirectional_platform_to_ubc,4.0,one-directional cross-reference (id present on only one side),01
BBM:F017116,MO:380477,similar,absent,2.5,similar name + date/locality; no cross-reference or image,01
BBM:F017137,MO:276402,strict,absent,3.0,name + exact date + locality/collector match; no cross-reference or image,01
BBM:F017138,MO:239899,strict,unidirectional_platform_to_ubc,4.0,one-directional cross-reference (id present on only one side),01
BBM:F017141,MO:215759,strict,unidirectional_platform_to_ubc,4.0,one-directional cross-reference (id present on only one side),01
BBM:F017149,MO:192983,strict,unidirectional_platform_to_ubc,4.0,one-directional cross-reference (id present on only one side),01
BBM:F017150,MO:242383,strict,unidirectional_platform_to_ubc,4.0,one-directional cross-reference (id present on only one side),01
BBM:F017153,MO:255345,strict,absent,3.0,name + exact date + locality/collector match; no cross-reference or image,01
BBM:F017170,MO:427971,strict,absent,3.0,name + exact date + locality/collector match; no cross-reference or image,01
BBM:F017171,MO:427208,strict,absent,3.0,name + exact date + locality/collector match; no cross-reference or image,01
BBM:F017181,MO:93581,strict,unidirectional_platform_to_ubc,4.0,one-directional cross-reference (id present on only one side),01
BBM:F017191,MO:65059,similar,absent,2.5,similar name + date/locality; no cross-reference or image,01
BBM:F017199,MO:84614,similar,unidirectional_platform_to_ubc,4.0,one-directional cross-reference (id present on only one side),01
BBM:F017203,MO:380476,strict,absent,3.0,name + exact date + locality/collector match; no cross-reference or image,01
BBM:F017210,MO:156383,strict,absent,3.0,name + exact date + locality/collector match; no cross-reference or image,01
BBM:F017211,MO:156377,strict,absent,3.0,name + exact date + locality/collector match; no cross-reference or image,01
BBM:F017215,MO:197223,similar,unidirectional_platform_to_ubc,4.0,one-directional cross-reference (id present on only one side),01
BBM:F017216,MO:97542,strict,unidirectional_platform_to_ubc,4.0,one-directional cross-reference (id present on only one side),01
BBM:F017227,MO:171564,strict,unidirectional_platform_to_ubc,4.0,one-directional cross-reference (id present on only one side),01
BBM:F017231,MO:156843,similar,absent,2.5,similar name + date/locality; no cross-reference or image,01
BBM:F017235,MO:157026,strict,absent,3.0,name + exact date + locality/collector match; no cross-reference or image,01
BBM:F017236,MO:73216,similar,absent,2.5,similar name + date/locality; no cross-reference or image,"01,02"
BBM:F017237,MO:73216,similar,unidirectional_platform_to_ubc,4.0,one-directional cross-reference (id present on only one side),01
BBM:F017241,MO:173684,similar,unidirectional_platform_to_ubc,4.0,one-directional cross-reference (id present on only one side),01
BBM:F017243,MO:173684,similar,absent,2.5,similar name + date/locality; no cross-reference or image,"01,02,05"
BBM:F017242,MO:173254,strict,unidirectional_platform_to_ubc,4.0,one-directional cross-reference (id present on only one side),01
BBM:F017244,MO:93263,similar,unidirectional_platform_to_ubc,4.0,one-directional cross-reference (id present on only one side),"01,05"
BBM:F017246,MO:156380,similar,absent,2.5,similar name + date/locality; no cross-reference or image,01
BBM:F017250,MO:156418,similar,absent,2.5,similar name + date/locality; no cross-reference or image,01
BBM:F017259,MO:156907,strict,absent,3.0,name + exact date + locality/collector match; no cross-reference or image,01
BBM:F017260,MO:218853,strict,absent,3.0,name + exact date + locality/collector match; no cross-reference or image,01
BBM:F017263,MO:266437,strict,unidirectional_platform_to_ubc,4.0,one-directional cross-reference (id present on only one side),01
BBM:F017266,MO:72690,similar,unidirectional_platform_to_ubc,4.0,one-directional cross-reference (id present on only one side),01
BBM:F018918,MO:191409,strict,unidirectional_platform_to_ubc,4.0,one-directional cross-reference (id present on only one side),01
BBM:F018919,MO:109448,similar,absent,2.5,similar name + date/locality; no cross-reference or image,"01,02"
BBM:F018921,MO:109448,similar,absent,2.5,similar name + date/locality; no cross-reference or image,"01,02"
BBM:F018926,MO:109448,similar,unidirectional_platform_to_ubc,4.0,one-directional cross-reference (id present on only one side),01
BBM:F019215,MO:156421,strict,absent,3.0,name + exact date + locality/collector match; no cross-reference or image,01
BBM:F019612,MO:270233,strict,unidirectional_platform_to_ubc,4.0,one-directional cross-reference (id present on only one side),01
BBM:F019618,MO:162109,strict,unidirectional_platform_to_ubc,4.0,one-directional cross-reference (id present on only one side),01
BBM:F020089,MO:66282,strict,unidirectional_platform_to_ubc,4.0,one-directional cross-reference (id present on only one side),01
BBM:F020109,MO:64961,similar,absent,2.5,similar name + date/locality; no cross-reference or image,"01,02"
BBM:F020177,MO:64961,similar,absent,2.5,similar name + date/locality; no cross-reference or image,"01,02"
BBM:F020111,MO:93562,similar,unidirectional_platform_to_ubc,4.0,one-directional cross-reference (id present on only one side),01
BBM:F020112,MO:218820,similar,absent,2.5,similar name + date/locality; no cross-reference or image,"01,02"
BBM:F020130,MO:218820,similar,unidirectional_platform_to_ubc,4.0,one-directional cross-reference (id present on only one side),01
BBM:F020180,MO:70053,similar,absent,2.5,similar name + date/locality; no cross-reference or image,"01,02,05"
BBM:F020263,MO:70053,similar,absent,2.5,similar name + date/locality; no cross-reference or image,"01,02,05"
BBM:F020271,MO:70053,similar,absent,2.5,similar name + date/locality; no cross-reference or image,"01,02,05"
BBM:F023298,MO:70053,similar,unidirectional_platform_to_ubc,4.0,one-directional cross-reference (id present on only one side),01
BBM:F020265,MO:105539,similar,absent,2.5,similar name + date/locality; no cross-reference or image,"01,02"
BBM:F023362,MO:105539,similar,absent,2.5,similar name + date/locality; no cross-reference or image,"01,02,05"
BBM:F023363,MO:105539,similar,absent,2.5,similar name + date/locality; no cross-reference or image,"01,02,05"
BBM:F023372,MO:105539,similar,unidirectional_platform_to_ubc,4.0,one-directional cross-reference (id present on only one side),01
BBM:F023388,MO:105539,similar,absent,2.5,similar name + date/locality; no cross-reference or image,"01,02,05"
BBM:F023389,MO:105539,similar,absent,2.5,similar name + date/locality; no cross-reference or image,"01,02,05"
BBM:F023194,MO:74575,similar,absent,2.5,similar name + date/locality; no cross-reference or image,"01,02"
BBM:F023194,MO:104908,similar,absent,2.5,similar name + date/locality; no cross-reference or image,"01,02"
BBM:F023194,MO:104911,similar,absent,2.5,similar name + date/locality; no cross-reference or image,"01,02"
BBM:F023194,MO:105274,similar,absent,2.5,similar name + date/locality; no cross-reference or image,"01,02"
BBM:F023194,MO:106295,similar,absent,2.5,similar name + date/locality; no cross-reference or image,"01,02"
BBM:F023194,MO:156140,similar,absent,2.5,similar name + date/locality; no cross-reference or image,01
BBM:F023194,MO:167612,similar,absent,2.5,similar name + date/locality; no cross-reference or image,"01,02"
BBM:F023194,MO:202570,similar,absent,2.5,similar name + date/locality; no cross-reference or image,01
BBM:F023194,MO:202571,similar,absent,2.5,similar name + date/locality; no cross-reference or image,01
BBM:F023194,MO:202572,similar,absent,2.5,similar name + date/locality; no cross-reference or image,01
BBM:F023194,MO:202573,similar,absent,2.5,similar name + date/locality; no cross-reference or image,01
BBM:F023194,MO:202601,similar,absent,2.5,similar name + date/locality; no cross-reference or image,01
BBM:F023194,MO:259865,similar,absent,2.5,similar name + date/locality; no cross-reference or image,01
BBM:F023194,MO:294292,similar,absent,2.5,similar name + date/locality; no cross-reference or image,01
BBM:F023194,MO:330151,similar,absent,2.5,similar name + date/locality; no cross-reference or image,01
BBM:F023194,MO:336972,similar,absent,2.5,similar name + date/locality; no cross-reference or image,01
BBM:F023194,MO:337952,similar,absent,2.5,similar name + date/locality; no cross-reference or image,01
BBM:F023194,MO:340839,similar,absent,2.5,similar name + date/locality; no cross-reference or image,01
BBM:F023194,MO:340841,similar,absent,2.5,similar name + date/locality; no cross-reference or image,01
BBM:F023194,MO:340845,similar,absent,2.5,similar name + date/locality; no cross-reference or image,01
BBM:F023194,MO:340932,similar,absent,2.5,similar name + date/locality; no cross-reference or image,01
BBM:F023194,MO:340936,similar,absent,2.5,similar name + date/locality; no cross-reference or image,01
BBM:F023194,MO:340937,similar,absent,2.5,similar name + date/locality; no cross-reference or image,01
BBM:F023194,MO:341064,similar,absent,2.5,similar name + date/locality; no cross-reference or image,01
BBM:F023194,MO:341152,similar,absent,2.5,similar name + date/locality; no cross-reference or image,01
BBM:F023194,MO:341301,similar,absent,2.5,similar name + date/locality; no cross-reference or image,01
BBM:F023194,MO:341304,similar,absent,2.5,similar name + date/locality; no cross-reference or image,01
BBM:F023194,MO:341773,similar,absent,2.5,similar name + date/locality; no cross-reference or image,01
BBM:F023194,MO:341774,similar,absent,2.5,similar name + date/locality; no cross-reference or image,01
BBM:F023194,MO:341860,similar,absent,2.5,similar name + date/locality; no cross-reference or image,01
BBM:F023194,MO:342741,similar,absent,2.5,similar name + date/locality; no cross-reference or image,01
BBM:F023194,MO:342781,similar,absent,2.5,similar name + date/locality; no cross-reference or image,01
BBM:F023194,MO:342824,similar,absent,2.5,similar name + date/locality; no cross-reference or image,01
BBM:F023194,MO:343259,similar,absent,2.5,similar name + date/locality; no cross-reference or image,01
BBM:F023194,MO:352149,similar,absent,2.5,similar name + date/locality; no cross-reference or image,01
BBM:F023194,MO:375277,similar,absent,2.5,similar name + date/locality; no cross-reference or image,01
BBM:F023194,MO:376973,similar,absent,2.5,similar name + date/locality; no cross-reference or image,01
BBM:F023194,MO:379243,similar,absent,2.5,similar name + date/locality; no cross-reference or image,01
BBM:F023194,MO:381270,similar,absent,2.5,similar name + date/locality; no cross-reference or image,01
BBM:F023194,MO:381271,similar,absent,2.5,similar name + date/locality; no cross-reference or image,01
BBM:F023194,MO:381289,similar,absent,2.5,similar name + date/locality; no cross-reference or image,01
BBM:F023194,MO:385277,similar,absent,2.5,similar name + date/locality; no cross-reference or image,01
BBM:F023194,MO:388006,similar,absent,2.5,similar name + date/locality; no cross-reference or image,01
BBM:F023194,MO:425105,similar,absent,2.5,similar name + date/locality; no cross-reference or image,01
BBM:F023194,MO:440629,similar,absent,2.5,similar name + date/locality; no cross-reference or image,01
BBM:F023194,MO:440634,similar,absent,2.5,similar name + date/locality; no cross-reference or image,01
BBM:F023194,MO:440716,similar,absent,2.5,similar name + date/locality; no cross-reference or image,01
BBM:F023194,MO:440722,similar,absent,2.5,similar name + date/locality; no cross-reference or image,01
BBM:F023194,MO:440765,similar,absent,2.5,similar name + date/locality; no cross-reference or image,01
BBM:F023194,MO:440769,similar,absent,2.5,similar name + date/locality; no cross-reference or image,01
BBM:F023194,MO:459367,similar,absent,2.5,similar name + date/locality; no cross-reference or image,01
BBM:F023194,MO:467220,similar,absent,2.5,similar name + date/locality; no cross-reference or image,01
BBM:F023196,MO:74575,similar,absent,2.5,similar name + date/locality; no cross-reference or image,"01,02"
BBM:F023196,MO:104908,similar,absent,2.5,similar name + date/locality; no cross-reference or image,"01,02"
BBM:F023196,MO:104911,similar,absent,2.5,similar name + date/locality; no cross-reference or image,"01,02"
BBM:F023196,MO:105274,similar,absent,2.5,similar name + date/locality; no cross-reference or image,"01,02"
BBM:F023196,MO:106295,similar,absent,2.5,similar name + date/locality; no cross-reference or image,"01,02"
BBM:F023196,MO:156140,similar,absent,2.5,similar name + date/locality; no cross-reference or image,01
BBM:F023196,MO:167612,similar,absent,2.5,similar name + date/locality; no cross-reference or image,"01,02"
BBM:F023196,MO:202570,similar,absent,2.5,similar name + date/locality; no cross-reference or image,01
BBM:F023196,MO:202571,similar,absent,2.5,similar name + date/locality; no cross-reference or image,01
BBM:F023196,MO:202572,similar,absent,2.5,similar name + date/locality; no cross-reference or image,01
BBM:F023196,MO:202573,similar,absent,2.5,similar name + date/locality; no cross-reference or image,01
BBM:F023196,MO:202601,similar,absent,2.5,similar name + date/locality; no cross-reference or image,01
BBM:F023196,MO:259865,similar,absent,2.5,similar name + date/locality; no cross-reference or image,01
BBM:F023196,MO:294292,similar,absent,2.5,similar name + date/locality; no cross-reference or image,01
BBM:F023196,MO:330151,similar,absent,2.5,similar name + date/locality; no cross-reference or image,01
BBM:F023196,MO:336972,similar,absent,2.5,similar name + date/locality; no cross-reference or image,01
BBM:F023196,MO:337952,similar,absent,2.5,similar name + date/locality; no cross-reference or image,01
BBM:F023196,MO:340839,similar,absent,2.5,similar name + date/locality; no cross-reference or image,01
BBM:F023196,MO:340841,similar,absent,2.5,similar name + date/locality; no cross-reference or image,01
BBM:F023196,MO:340845,similar,absent,2.5,similar name + date/locality; no cross-reference or image,01
BBM:F023196,MO:340932,similar,absent,2.5,similar name + date/locality; no cross-reference or image,01
BBM:F023196,MO:340936,similar,absent,2.5,similar name + date/locality; no cross-reference or image,01
BBM:F023196,MO:340937,similar,absent,2.5,similar name + date/locality; no cross-reference or image,01
BBM:F023196,MO:341064,similar,absent,2.5,similar name + date/locality; no cross-reference or image,01
BBM:F023196,MO:341152,similar,absent,2.5,similar name + date/locality; no cross-reference or image,01
BBM:F023196,MO:341301,similar,absent,2.5,similar name + date/locality; no cross-reference or image,01
BBM:F023196,MO:341304,similar,absent,2.5,similar name + date/locality; no cross-reference or image,01
BBM:F023196,MO:341773,similar,absent,2.5,similar name + date/locality; no cross-reference or image,01
BBM:F023196,MO:341774,similar,absent,2.5,similar name + date/locality; no cross-reference or image,01
BBM:F023196,MO:341860,similar,absent,2.5,similar name + date/locality; no cross-reference or image,01
BBM:F023196,MO:342741,similar,absent,2.5,similar name + date/locality; no cross-reference or image,01
BBM:F023196,MO:342781,similar,absent,2.5,similar name + date/locality; no cross-reference or image,01
BBM:F023196,MO:342824,similar,absent,2.5,similar name + date/locality; no cross-reference or image,01
BBM:F023196,MO:343259,similar,absent,2.5,similar name + date/locality; no cross-reference or image,01
BBM:F023196,MO:352149,similar,absent,2.5,similar name + date/locality; no cross-reference or image,01
BBM:F023196,MO:375277,similar,absent,2.5,similar name + date/locality; no cross-reference or image,01
BBM:F023196,MO:376973,similar,absent,2.5,similar name + date/locality; no cross-reference or image,01
BBM:F023196,MO:379243,similar,absent,2.5,similar name + date/locality; no cross-reference or image,01
BBM:F023196,MO:381270,similar,absent,2.5,similar name + date/locality; no cross-reference or image,01
BBM:F023196,MO:381271,similar,absent,2.5,similar name + date/locality; no cross-reference or image,01
BBM:F023196,MO:381289,similar,absent,2.5,similar name + date/locality; no cross-reference or image,01
BBM:F023196,MO:385277,similar,absent,2.5,similar name + date/locality; no cross-reference or image,01
BBM:F023196,MO:388006,similar,absent,2.5,similar name + date/locality; no cross-reference or image,01
BBM:F023196,MO:425105,similar,absent,2.5,similar name + date/locality; no cross-reference or image,01
BBM:F023196,MO:440629,similar,absent,2.5,similar name + date/locality; no cross-reference or image,01
BBM:F023196,MO:440634,similar,absent,2.5,similar name + date/locality; no cross-reference or image,01
BBM:F023196,MO:440716,similar,absent,2.5,similar name + date/locality; no cross-reference or image,01
BBM:F023196,MO:440722,similar,absent,2.5,similar name + date/locality; no cross-reference or image,01
BBM:F023196,MO:440765,similar,absent,2.5,similar name + date/locality; no cross-reference or image,01
BBM:F023196,MO:440769,similar,absent,2.5,similar name + date/locality; no cross-reference or image,01
BBM:F023196,MO:459367,similar,absent,2.5,similar name + date/locality; no cross-reference or image,01
BBM:F023196,MO:467220,similar,absent,2.5,similar name + date/locality; no cross-reference or image,01
BBM:F028382,MO:74575,similar,absent,2.5,similar name + date/locality; no cross-reference or image,"01,02"
BBM:F028382,MO:104908,similar,absent,2.5,similar name + date/locality; no cross-reference or image,"01,02"
BBM:F028382,MO:104911,similar,absent,2.5,similar name + date/locality; no cross-reference or image,"01,02"
BBM:F028382,MO:105274,similar,absent,2.5,similar name + date/locality; no cross-reference or image,"01,02"
BBM:F028382,MO:106295,similar,absent,2.5,similar name + date/locality; no cross-reference or image,"01,02"
BBM:F028382,MO:156140,similar,absent,2.5,similar name + date/locality; no cross-reference or image,01
BBM:F028382,MO:167612,similar,absent,2.5,similar name + date/locality; no cross-reference or image,"01,02"
BBM:F028382,MO:202570,similar,absent,2.5,similar name + date/locality; no cross-reference or image,01
BBM:F028382,MO:202571,similar,absent,2.5,similar name + date/locality; no cross-reference or image,01
BBM:F028382,MO:202572,similar,absent,2.5,similar name + date/locality; no cross-reference or image,01
BBM:F028382,MO:202573,similar,absent,2.5,similar name + date/locality; no cross-reference or image,01
BBM:F028382,MO:202601,similar,absent,2.5,similar name + date/locality; no cross-reference or image,01
BBM:F028382,MO:259865,similar,absent,2.5,similar name + date/locality; no cross-reference or image,01
BBM:F028382,MO:294292,similar,absent,2.5,similar name + date/locality; no cross-reference or image,01
BBM:F028382,MO:330151,similar,absent,2.5,similar name + date/locality; no cross-reference or image,01
BBM:F028382,MO:336972,similar,absent,2.5,similar name + date/locality; no cross-reference or image,01
BBM:F028382,MO:337952,similar,absent,2.5,similar name + date/locality; no cross-reference or image,01
BBM:F028382,MO:340839,similar,absent,2.5,similar name + date/locality; no cross-reference or image,01
BBM:F028382,MO:340841,similar,absent,2.5,similar name + date/locality; no cross-reference or image,01
BBM:F028382,MO:340845,similar,absent,2.5,similar name + date/locality; no cross-reference or image,01
BBM:F028382,MO:340932,similar,absent,2.5,similar name + date/locality; no cross-reference or image,01
BBM:F028382,MO:340936,similar,absent,2.5,similar name + date/locality; no cross-reference or image,01
BBM:F028382,MO:340937,similar,absent,2.5,similar name + date/locality; no cross-reference or image,01
BBM:F028382,MO:341064,similar,absent,2.5,similar name + date/locality; no cross-reference or image,01
BBM:F028382,MO:341152,similar,absent,2.5,similar name + date/locality; no cross-reference or image,01
BBM:F028382,MO:341301,similar,absent,2.5,similar name + date/locality; no cross-reference or image,01
BBM:F028382,MO:341304,similar,absent,2.5,similar name + date/locality; no cross-reference or image,01
BBM:F028382,MO:341773,similar,absent,2.5,similar name + date/locality; no cross-reference or image,01
BBM:F028382,MO:341774,similar,absent,2.5,similar name + date/locality; no cross-reference or image,01
BBM:F028382,MO:341860,similar,absent,2.5,similar name + date/locality; no cross-reference or image,01
BBM:F028382,MO:342741,similar,absent,2.5,similar name + date/locality; no cross-reference or image,01
BBM:F028382,MO:342781,similar,absent,2.5,similar name + date/locality; no cross-reference or image,01
BBM:F028382,MO:342824,similar,absent,2.5,similar name + date/locality; no cross-reference or image,01
BBM:F028382,MO:343259,similar,absent,2.5,similar name + date/locality; no cross-reference or image,01
BBM:F028382,MO:352149,similar,absent,2.5,similar name + date/locality; no cross-reference or image,01
BBM:F028382,MO:375277,similar,absent,2.5,similar name + date/locality; no cross-reference or image,01
BBM:F028382,MO:376973,similar,absent,2.5,similar name + date/locality; no cross-reference or image,01
BBM:F028382,MO:379243,similar,absent,2.5,similar name + date/locality; no cross-reference or image,01
BBM:F028382,MO:381270,similar,absent,2.5,similar name + date/locality; no cross-reference or image,01
BBM:F028382,MO:381271,similar,absent,2.5,similar name + date/locality; no cross-reference or image,01
BBM:F028382,MO:381289,similar,absent,2.5,similar name + date/locality; no cross-reference or image,01
BBM:F028382,MO:385277,similar,absent,2.5,similar name + date/locality; no cross-reference or image,01
BBM:F028382,MO:388006,similar,absent,2.5,similar name + date/locality; no cross-reference or image,01
BBM:F028382,MO:425105,similar,absent,2.5,similar name + date/locality; no cross-reference or image,01
BBM:F028382,MO:440629,similar,absent,2.5,similar name + date/locality; no cross-reference or image,01
BBM:F028382,MO:440634,similar,absent,2.5,similar name + date/locality; no cross-reference or image,01
BBM:F028382,MO:440716,similar,absent,2.5,similar name + date/locality; no cross-reference or image,01
BBM:F028382,MO:440722,similar,absent,2.5,similar name + date/locality; no cross-reference or image,01
BBM:F028382,MO:440765,similar,absent,2.5,similar name + date/locality; no cross-reference or image,01
BBM:F028382,MO:440769,similar,absent,2.5,similar name + date/locality; no cross-reference or image,01
BBM:F028382,MO:459367,similar,absent,2.5,similar name + date/locality; no cross-reference or image,01
BBM:F028382,MO:467220,similar,absent,2.5,similar name + date/locality; no cross-reference or image,01
BBM:F023208,MO:105972,strict,unidirectional_platform_to_ubc,4.0,one-directional cross-reference (id present on only one side),01
BBM:F023211,MO:105535,similar,unidirectional_platform_to_ubc,4.0,one-directional cross-reference (id present on only one side),01
BBM:F023212,MO:105990,strict,absent,3.0,name + exact date + locality/collector match; no cross-reference or image,"01,02"
BBM:F023216,MO:82834,strict,unidirectional_platform_to_ubc,4.0,one-directional cross-reference (id present on only one side),01
BBM:F023237,MO:82711,similar,absent,2.5,similar name + date/locality; no cross-reference or image,"01,05"
BBM:F023237,MO:105989,similar,absent,2.5,similar name + date/locality; no cross-reference or image,"01,02,05"
BBM:F023238,MO:82711,similar,absent,2.5,similar name + date/locality; no cross-reference or image,"01,05"
BBM:F023238,MO:105989,similar,absent,2.5,similar name + date/locality; no cross-reference or image,"01,02,05"
BBM:F023239,MO:82711,similar,absent,2.5,similar name + date/locality; no cross-reference or image,"01,05"
BBM:F023239,MO:105989,similar,absent,2.5,similar name + date/locality; no cross-reference or image,"01,02,05"
BBM:F023240,MO:82711,similar,absent,2.5,similar name + date/locality; no cross-reference or image,"01,05"
BBM:F023240,MO:105989,similar,absent,2.5,similar name + date/locality; no cross-reference or image,"01,02,05"
BBM:F023241,MO:82711,similar,absent,2.5,similar name + date/locality; no cross-reference or image,"01,05"
BBM:F023241,MO:105989,similar,absent,2.5,similar name + date/locality; no cross-reference or image,"01,02,05"
BBM:F023242,MO:82711,similar,absent,2.5,similar name + date/locality; no cross-reference or image,"01,05"
BBM:F023242,MO:105989,similar,absent,2.5,similar name + date/locality; no cross-reference or image,"01,02,05"
BBM:F023243,MO:82711,similar,absent,2.5,similar name + date/locality; no cross-reference or image,"01,05"
BBM:F023243,MO:105989,similar,absent,2.5,similar name + date/locality; no cross-reference or image,"01,02,05"
BBM:F023244,MO:82711,similar,absent,2.5,similar name + date/locality; no cross-reference or image,"01,05"
BBM:F023244,MO:105989,similar,absent,2.5,similar name + date/locality; no cross-reference or image,"01,02,05"
BBM:F023245,MO:82711,similar,absent,2.5,similar name + date/locality; no cross-reference or image,"01,05"
BBM:F023245,MO:105989,similar,absent,2.5,similar name + date/locality; no cross-reference or image,"01,02,05"
BBM:F023246,MO:82711,similar,absent,2.5,similar name + date/locality; no cross-reference or image,"01,05"
BBM:F023246,MO:105989,similar,absent,2.5,similar name + date/locality; no cross-reference or image,"01,02,05"
BBM:F023247,MO:82711,similar,absent,2.5,similar name + date/locality; no cross-reference or image,"01,05"
BBM:F023247,MO:105989,similar,absent,2.5,similar name + date/locality; no cross-reference or image,"01,02,05"
BBM:F023248,MO:82711,similar,absent,2.5,similar name + date/locality; no cross-reference or image,"01,05"
BBM:F023248,MO:105989,similar,absent,2.5,similar name + date/locality; no cross-reference or image,"01,02,05"
BBM:F023249,MO:82711,similar,absent,2.5,similar name + date/locality; no cross-reference or image,"01,05"
BBM:F023249,MO:105989,similar,unidirectional_platform_to_ubc,4.0,one-directional cross-reference (id present on only one side),"01,05"
BBM:F023250,MO:105975,similar,unidirectional_platform_to_ubc,4.0,one-directional cross-reference (id present on only one side),"01,05"
BBM:F023257,MO:106012,strict,unidirectional_platform_to_ubc,4.0,one-directional cross-reference (id present on only one side),01
BBM:F023261,MO:82712,similar,unidirectional_platform_to_ubc,4.0,one-directional cross-reference (id present on only one side),01
BBM:F023262,MO:82712,similar,absent,2.5,similar name + date/locality; no cross-reference or image,"01,02"
BBM:F023263,MO:82713,similar,unidirectional_platform_to_ubc,4.0,one-directional cross-reference (id present on only one side),01
BBM:F023264,MO:79257,similar,unidirectional_platform_to_ubc,4.0,one-directional cross-reference (id present on only one side),01
BBM:F023265,MO:64346,similar,unidirectional_platform_to_ubc,4.0,one-directional cross-reference (id present on only one side),01
BBM:F023266,MO:105983,strict,unidirectional_platform_to_ubc,4.0,one-directional cross-reference (id present on only one side),01
BBM:F023268,MO:90434,similar,absent,2.5,similar name + date/locality; no cross-reference or image,"01,02"
BBM:F023269,MO:90434,similar,unidirectional_platform_to_ubc,4.0,one-directional cross-reference (id present on only one side),01
BBM:F023270,MO:90434,similar,absent,2.5,similar name + date/locality; no cross-reference or image,"01,02"
BBM:F023271,MO:90434,similar,absent,2.5,similar name + date/locality; no cross-reference or image,"01,02"
BBM:F035687,MO:90434,similar,absent,2.5,similar name + date/locality; no cross-reference or image,"01,02"
BBM:F023273,MO:90435,similar,absent,2.5,similar name + date/locality; no cross-reference or image,"01,02"
BBM:F023273,MO:105976,similar,unidirectional_platform_to_ubc,4.0,one-directional cross-reference (id present on only one side),01
BBM:F023274,MO:90435,similar,unidirectional_platform_to_ubc,4.0,one-directional cross-reference (id present on only one side),01
BBM:F023274,MO:105976,similar,absent,2.5,similar name + date/locality; no cross-reference or image,"01,02"
BBM:F023276,MO:85889,strict,unidirectional_platform_to_ubc,4.0,one-directional cross-reference (id present on only one side),01
BBM:F023277,MO:85889,strict,unidirectional_platform_to_ubc,4.0,one-directional cross-reference (id present on only one side),01
BBM:F023278,MO:105988,strict,unidirectional_platform_to_ubc,4.0,one-directional cross-reference (id present on only one side),01
BBM:F023288,MO:85886,strict,unidirectional_platform_to_ubc,4.0,one-directional cross-reference (id present on only one side),01
BBM:F023290,MO:82714,similar,absent,2.5,similar name + date/locality; no cross-reference or image,"01,02"
BBM:F023290,MO:83024,similar,absent,2.5,similar name + date/locality; no cross-reference or image,"01,02,05"
BBM:F023291,MO:82714,similar,unidirectional_platform_to_ubc,4.0,one-directional cross-reference (id present on only one side),01
BBM:F023291,MO:83024,similar,absent,2.5,similar name + date/locality; no cross-reference or image,"01,02,05"
BBM:F023292,MO:82714,similar,absent,2.5,similar name + date/locality; no cross-reference or image,"01,02"
BBM:F023292,MO:83024,similar,absent,2.5,similar name + date/locality; no cross-reference or image,"01,02,05"
BBM:F023303,MO:93265,strict,absent,3.0,name + exact date + locality/collector match; no cross-reference or image,01
BBM:F023304,MO:93273,strict,unidirectional_platform_to_ubc,4.0,one-directional cross-reference (id present on only one side),01
BBM:F023305,MO:93273,strict,absent,3.0,name + exact date + locality/collector match; no cross-reference or image,"01,02"
BBM:F023310,MO:106016,similar,unidirectional_platform_to_ubc,4.0,one-directional cross-reference (id present on only one side),01
BBM:F023311,MO:82966,similar,absent,2.5,similar name + date/locality; no cross-reference or image,01
BBM:F023312,MO:82966,similar,absent,2.5,similar name + date/locality; no cross-reference or image,01
BBM:F023313,MO:106020,strict,unidirectional_platform_to_ubc,4.0,one-directional cross-reference (id present on only one side),01
BBM:F023365,MO:85658,strict,absent,3.0,name + exact date + locality/collector match; no cross-reference or image,01
BBM:F023365,MO:106070,strict,unidirectional_platform_to_ubc,4.0,one-directional cross-reference (id present on only one side),01
BBM:F023367,MO:92210,similar,unidirectional_platform_to_ubc,4.0,one-directional cross-reference (id present on only one side),01
BBM:F023383,MO:150955,strict,unidirectional_platform_to_ubc,4.0,one-directional cross-reference (id present on only one side),01
BBM:F023384,MO:105166,similar,absent,2.5,similar name + date/locality; no cross-reference or image,"01,02"
BBM:F023384,MO:105825,similar,absent,2.5,similar name + date/locality; no cross-reference or image,"01,02"
BBM:F023391,MO:105166,similar,absent,2.5,similar name + date/locality; no cross-reference or image,"01,02,05"
BBM:F023391,MO:105825,similar,absent,2.5,similar name + date/locality; no cross-reference or image,"01,02,05"
BBM:F023392,MO:105166,similar,absent,2.5,similar name + date/locality; no cross-reference or image,"01,02,05"
BBM:F023392,MO:105825,similar,absent,2.5,similar name + date/locality; no cross-reference or image,"01,02,05"
BBM:F023385,MO:105973,strict,unidirectional_platform_to_ubc,4.0,one-directional cross-reference (id present on only one side),01
BBM:F023407,MO:78258,similar,unidirectional_platform_to_ubc,4.0,one-directional cross-reference (id present on only one side),01
BBM:F023421,MO:103737,strict,absent,3.0,name + exact date + locality/collector match; no cross-reference or image,01
BBM:F025703,MO:120132,similar,unidirectional_platform_to_ubc,4.0,one-directional cross-reference (id present on only one side),01
BBM:F025898,MO:139355,similar,absent,2.5,similar name + date/locality; no cross-reference or image,"01,02"
BBM:F025913,MO:139355,similar,unidirectional_platform_to_ubc,4.0,one-directional cross-reference (id present on only one side),01
BBM:F026213,MO:139355,similar,absent,2.5,similar name + date/locality; no cross-reference or image,"01,02"
BBM:F026214,MO:139355,similar,absent,2.5,similar name + date/locality; no cross-reference or image,"01,02"
BBM:F026211,MO:153838,similar,absent,2.5,similar name + date/locality; no cross-reference or image,"01,05"
BBM:F026240,MO:153838,similar,absent,2.5,similar name + date/locality; no cross-reference or image,"01,05"
BBM:F026315,MO:153838,similar,absent,2.5,similar name + date/locality; no cross-reference or image,"01,05"
BBM:F026316,MO:153838,similar,absent,2.5,similar name + date/locality; no cross-reference or image,"01,05"
BBM:F026274,MO:153618,strict,unidirectional_platform_to_ubc,4.0,one-directional cross-reference (id present on only one side),01
BBM:F026276,MO:157498,similar,absent,2.5,similar name + date/locality; no cross-reference or image,"01,02"
BBM:F026371,MO:157498,similar,unidirectional_platform_to_ubc,4.0,one-directional cross-reference (id present on only one side),01
BBM:F026277,MO:153893,similar,absent,2.5,similar name + date/locality; no cross-reference or image,"01,02"
BBM:F026277,MO:155602,similar,absent,2.5,similar name + date/locality; no cross-reference or image,"01,02"
BBM:F026320,MO:153893,similar,unidirectional_platform_to_ubc,4.0,one-directional cross-reference (id present on only one side),01
BBM:F026320,MO:155602,similar,absent,2.5,similar name + date/locality; no cross-reference or image,"01,02"
BBM:F026404,MO:153893,similar,absent,2.5,similar name + date/locality; no cross-reference or image,"01,02"
BBM:F026404,MO:155602,similar,unidirectional_platform_to_ubc,4.0,one-directional cross-reference (id present on only one side),01
BBM:F026314,MO:153626,strict,unidirectional_platform_to_ubc,4.0,one-directional cross-reference (id present on only one side),01
BBM:F026318,MO:153837,strict,unidirectional_platform_to_ubc,4.0,one-directional cross-reference (id present on only one side),01
BBM:F026319,MO:154494,strict,unidirectional_platform_to_ubc,4.0,one-directional cross-reference (id present on only one side),01
BBM:F026321,MO:153890,strict,unidirectional_platform_to_ubc,4.0,one-directional cross-reference (id present on only one side),01
BBM:F026322,MO:153840,strict,unidirectional_platform_to_ubc,4.0,one-directional cross-reference (id present on only one side),01
BBM:F026341,MO:154375,similar,unidirectional_platform_to_ubc,4.0,one-directional cross-reference (id present on only one side),01
BBM:F026342,MO:154374,similar,absent,2.5,similar name + date/locality; no cross-reference or image,"01,02,05"
BBM:F026343,MO:154374,similar,absent,2.5,similar name + date/locality; no cross-reference or image,"01,02"
BBM:F026344,MO:154830,strict,unidirectional_platform_to_ubc,4.0,one-directional cross-reference (id present on only one side),01
BBM:F026345,MO:154362,strict,unidirectional_platform_to_ubc,4.0,one-directional cross-reference (id present on only one side),01
BBM:F026346,MO:154902,similar,unidirectional_platform_to_ubc,4.0,one-directional cross-reference (id present on only one side),01
BBM:F026372,MO:154831,strict,unidirectional_platform_to_ubc,4.0,one-directional cross-reference (id present on only one side),01
BBM:F026401,MO:155603,strict,absent,3.0,name + exact date + locality/collector match; no cross-reference or image,01
BBM:F026406,MO:156089,strict,unidirectional_platform_to_ubc,4.0,one-directional cross-reference (id present on only one side),01
BBM:F027981,MO:109529,strict,absent,3.0,name + exact date + locality/collector match; no cross-reference or image,01
BBM:F027982,MO:109213,strict,absent,3.0,name + exact date + locality/collector match; no cross-reference or image,01
BBM:F027982,MO:109674,strict,absent,3.0,name + exact date + locality/collector match; no cross-reference or image,01
BBM:F027983,MO:109213,strict,absent,3.0,name + exact date + locality/collector match; no cross-reference or image,01
BBM:F027983,MO:109674,strict,absent,3.0,name + exact date + locality/collector match; no cross-reference or image,01
BBM:F028060,MO:115185,similar,absent,2.5,similar name + date/locality; no cross-reference or image,01
BBM:F028136,MO:131304,strict,absent,3.0,name + exact date + locality/collector match; no cross-reference or image,01
BBM:F028137,MO:131386,strict,absent,3.0,name + exact date + locality/collector match; no cross-reference or image,01
BBM:F028141,MO:131551,strict,absent,3.0,name + exact date + locality/collector match; no cross-reference or image,01
BBM:F028211,MO:139460,strict,absent,3.0,name + exact date + locality/collector match; no cross-reference or image,01
BBM:F028247,MO:141555,strict,absent,3.0,name + exact date + locality/collector match; no cross-reference or image,01
BBM:F028285,MO:144193,strict,absent,3.0,name + exact date + locality/collector match; no cross-reference or image,01
BBM:F028297,MO:156018,strict,absent,3.0,name + exact date + locality/collector match; no cross-reference or image,01
BBM:F032042,MO:223704,similar,absent,2.5,similar name + date/locality; no cross-reference or image,"01,05"
BBM:F032058,MO:223704,similar,absent,2.5,similar name + date/locality; no cross-reference or image,"01,05"
BBM:F032845,MO:223154,strict,absent,3.0,name + exact date + locality/collector match; no cross-reference or image,01
BBM:F032846,MO:223156,strict,absent,3.0,name + exact date + locality/collector match; no cross-reference or image,01
BBM:F033910,MO:79216,similar,absent,2.5,similar name + date/locality; no cross-reference or image,"01,02"
BBM:F033910,MO:248905,similar,absent,2.5,similar name + date/locality; no cross-reference or image,01
BBM:F033910,MO:251555,similar,absent,2.5,similar name + date/locality; no cross-reference or image,01
BBM:F033910,MO:329645,similar,absent,2.5,similar name + date/locality; no cross-reference or image,01
BBM:F033910,MO:381313,similar,absent,2.5,similar name + date/locality; no cross-reference or image,01
BBM:F034540,MO:79216,similar,absent,2.5,similar name + date/locality; no cross-reference or image,"01,02"
BBM:F034540,MO:248905,similar,absent,2.5,similar name + date/locality; no cross-reference or image,01
BBM:F034540,MO:251555,similar,absent,2.5,similar name + date/locality; no cross-reference or image,01
BBM:F034540,MO:329645,similar,absent,2.5,similar name + date/locality; no cross-reference or image,01
BBM:F034540,MO:381313,similar,absent,2.5,similar name + date/locality; no cross-reference or image,01
BBM:F033991,MO:255751,similar,absent,2.5,similar name + date/locality; no cross-reference or image,01
BBM:F033991,MO:295454,similar,absent,2.5,similar name + date/locality; no cross-reference or image,01
BBM:F033991,MO:381221,similar,absent,2.5,similar name + date/locality; no cross-reference or image,01
BBM:F033991,MO:381222,similar,absent,2.5,similar name + date/locality; no cross-reference or image,01
BBM:F033991,MO:381224,similar,absent,2.5,similar name + date/locality; no cross-reference or image,01
BBM:F033991,MO:381342,similar,absent,2.5,similar name + date/locality; no cross-reference or image,01
BBM:F033991,MO:410260,similar,absent,2.5,similar name + date/locality; no cross-reference or image,01
BBM:F033991,MO:411589,similar,absent,2.5,similar name + date/locality; no cross-reference or image,01
BBM:F033991,MO:449415,similar,absent,2.5,similar name + date/locality; no cross-reference or image,01
BBM:F033992,MO:255751,similar,absent,2.5,similar name + date/locality; no cross-reference or image,01
BBM:F033992,MO:295454,similar,absent,2.5,similar name + date/locality; no cross-reference or image,01
BBM:F033992,MO:381221,similar,absent,2.5,similar name + date/locality; no cross-reference or image,01
BBM:F033992,MO:381222,similar,absent,2.5,similar name + date/locality; no cross-reference or image,01
BBM:F033992,MO:381224,similar,absent,2.5,similar name + date/locality; no cross-reference or image,01
BBM:F033992,MO:381342,similar,absent,2.5,similar name + date/locality; no cross-reference or image,01
BBM:F033992,MO:410260,similar,absent,2.5,similar name + date/locality; no cross-reference or image,01
BBM:F033992,MO:411589,similar,absent,2.5,similar name + date/locality; no cross-reference or image,01
BBM:F033992,MO:449415,similar,absent,2.5,similar name + date/locality; no cross-reference or image,01
BBM:F033993,MO:255751,similar,absent,2.5,similar name + date/locality; no cross-reference or image,01
BBM:F033993,MO:295454,similar,absent,2.5,similar name + date/locality; no cross-reference or image,01
BBM:F033993,MO:381221,similar,absent,2.5,similar name + date/locality; no cross-reference or image,01
BBM:F033993,MO:381222,similar,absent,2.5,similar name + date/locality; no cross-reference or image,01
BBM:F033993,MO:381224,similar,absent,2.5,similar name + date/locality; no cross-reference or image,01
BBM:F033993,MO:381342,similar,absent,2.5,similar name + date/locality; no cross-reference or image,01
BBM:F033993,MO:410260,similar,absent,2.5,similar name + date/locality; no cross-reference or image,01
BBM:F033993,MO:411589,similar,absent,2.5,similar name + date/locality; no cross-reference or image,01
BBM:F033993,MO:449415,similar,absent,2.5,similar name + date/locality; no cross-reference or image,01
BBM:F033994,MO:255751,similar,absent,2.5,similar name + date/locality; no cross-reference or image,01
BBM:F033994,MO:295454,similar,absent,2.5,similar name + date/locality; no cross-reference or image,01
BBM:F033994,MO:381221,similar,absent,2.5,similar name + date/locality; no cross-reference or image,01
BBM:F033994,MO:381222,similar,absent,2.5,similar name + date/locality; no cross-reference or image,01
BBM:F033994,MO:381224,similar,absent,2.5,similar name + date/locality; no cross-reference or image,01
BBM:F033994,MO:381342,similar,absent,2.5,similar name + date/locality; no cross-reference or image,01
BBM:F033994,MO:410260,similar,absent,2.5,similar name + date/locality; no cross-reference or image,01
BBM:F033994,MO:411589,similar,absent,2.5,similar name + date/locality; no cross-reference or image,01
BBM:F033994,MO:449415,similar,absent,2.5,similar name + date/locality; no cross-reference or image,01
BBM:F033995,MO:255751,similar,absent,2.5,similar name + date/locality; no cross-reference or image,01
BBM:F033995,MO:295454,similar,absent,2.5,similar name + date/locality; no cross-reference or image,01
BBM:F033995,MO:381221,similar,absent,2.5,similar name + date/locality; no cross-reference or image,01
BBM:F033995,MO:381222,similar,absent,2.5,similar name + date/locality; no cross-reference or image,01
BBM:F033995,MO:381224,similar,absent,2.5,similar name + date/locality; no cross-reference or image,01
BBM:F033995,MO:381342,similar,absent,2.5,similar name + date/locality; no cross-reference or image,01
BBM:F033995,MO:410260,similar,absent,2.5,similar name + date/locality; no cross-reference or image,01
BBM:F033995,MO:411589,similar,absent,2.5,similar name + date/locality; no cross-reference or image,01
BBM:F033995,MO:449415,similar,absent,2.5,similar name + date/locality; no cross-reference or image,01
BBM:F033996,MO:255751,similar,absent,2.5,similar name + date/locality; no cross-reference or image,01
BBM:F033996,MO:295454,similar,absent,2.5,similar name + date/locality; no cross-reference or image,01
BBM:F033996,MO:381221,similar,absent,2.5,similar name + date/locality; no cross-reference or image,01
BBM:F033996,MO:381222,similar,absent,2.5,similar name + date/locality; no cross-reference or image,01
BBM:F033996,MO:381224,similar,absent,2.5,similar name + date/locality; no cross-reference or image,01
BBM:F033996,MO:381342,similar,absent,2.5,similar name + date/locality; no cross-reference or image,01
BBM:F033996,MO:410260,similar,absent,2.5,similar name + date/locality; no cross-reference or image,01
BBM:F033996,MO:411589,similar,absent,2.5,similar name + date/locality; no cross-reference or image,01
BBM:F033996,MO:449415,similar,absent,2.5,similar name + date/locality; no cross-reference or image,01
BBM:F033997,MO:255751,similar,absent,2.5,similar name + date/locality; no cross-reference or image,01
BBM:F033997,MO:295454,similar,absent,2.5,similar name + date/locality; no cross-reference or image,01
BBM:F033997,MO:381221,similar,absent,2.5,similar name + date/locality; no cross-reference or image,01
BBM:F033997,MO:381222,similar,absent,2.5,similar name + date/locality; no cross-reference or image,01
BBM:F033997,MO:381224,similar,absent,2.5,similar name + date/locality; no cross-reference or image,01
BBM:F033997,MO:381342,similar,absent,2.5,similar name + date/locality; no cross-reference or image,01
BBM:F033997,MO:410260,similar,absent,2.5,similar name + date/locality; no cross-reference or image,01
BBM:F033997,MO:411589,similar,absent,2.5,similar name + date/locality; no cross-reference or image,01
BBM:F033997,MO:449415,similar,absent,2.5,similar name + date/locality; no cross-reference or image,01
BBM:F033998,MO:255751,similar,absent,2.5,similar name + date/locality; no cross-reference or image,01
BBM:F033998,MO:295454,similar,absent,2.5,similar name + date/locality; no cross-reference or image,01
BBM:F033998,MO:381221,similar,absent,2.5,similar name + date/locality; no cross-reference or image,01
BBM:F033998,MO:381222,similar,absent,2.5,similar name + date/locality; no cross-reference or image,01
BBM:F033998,MO:381224,similar,absent,2.5,similar name + date/locality; no cross-reference or image,01
BBM:F033998,MO:381342,similar,absent,2.5,similar name + date/locality; no cross-reference or image,01
BBM:F033998,MO:410260,similar,absent,2.5,similar name + date/locality; no cross-reference or image,01
BBM:F033998,MO:411589,similar,absent,2.5,similar name + date/locality; no cross-reference or image,01
BBM:F033998,MO:449415,similar,absent,2.5,similar name + date/locality; no cross-reference or image,01
BBM:F034082,MO:271240,similar,absent,2.5,similar name + date/locality; no cross-reference or image,01
BBM:F034082,MO:296336,similar,absent,2.5,similar name + date/locality; no cross-reference or image,01
BBM:F034082,MO:344588,similar,absent,2.5,similar name + date/locality; no cross-reference or image,01
BBM:F034082,MO:392952,similar,absent,2.5,similar name + date/locality; no cross-reference or image,01
BBM:F034094,MO:467221,similar,absent,2.5,similar name + date/locality; no cross-reference or image,01
BBM:F034096,MO:443379,similar,absent,2.5,similar name + date/locality; no cross-reference or image,01
BBM:F034168,MO:105543,similar,absent,2.5,similar name + date/locality; no cross-reference or image,"01,02"
BBM:F034236,MO:290707,similar,absent,2.5,similar name + date/locality; no cross-reference or image,01
BBM:F034363,MO:253151,similar,absent,2.5,similar name + date/locality; no cross-reference or image,01
BBM:F034363,MO:253248,similar,absent,2.5,similar name + date/locality; no cross-reference or image,01
BBM:F034363,MO:255263,similar,absent,2.5,similar name + date/locality; no cross-reference or image,01
BBM:F034363,MO:378235,similar,absent,2.5,similar name + date/locality; no cross-reference or image,01
BBM:F034363,MO:379094,similar,absent,2.5,similar name + date/locality; no cross-reference or image,01
BBM:F034374,MO:253151,similar,absent,2.5,similar name + date/locality; no cross-reference or image,01
BBM:F034374,MO:253248,similar,absent,2.5,similar name + date/locality; no cross-reference or image,01
BBM:F034374,MO:255263,similar,absent,2.5,similar name + date/locality; no cross-reference or image,01
BBM:F034374,MO:378235,similar,absent,2.5,similar name + date/locality; no cross-reference or image,01
BBM:F034374,MO:379094,similar,absent,2.5,similar name + date/locality; no cross-reference or image,01
BBM:F034522,MO:253151,similar,absent,2.5,similar name + date/locality; no cross-reference or image,01
BBM:F034522,MO:253248,similar,absent,2.5,similar name + date/locality; no cross-reference or image,01
BBM:F034522,MO:255263,similar,absent,2.5,similar name + date/locality; no cross-reference or image,01
BBM:F034522,MO:378235,similar,absent,2.5,similar name + date/locality; no cross-reference or image,01
BBM:F034522,MO:379094,similar,absent,2.5,similar name + date/locality; no cross-reference or image,01
BBM:F034378,MO:376538,similar,absent,2.5,similar name + date/locality; no cross-reference or image,01
BBM:F034378,MO:378241,similar,absent,2.5,similar name + date/locality; no cross-reference or image,01
BBM:F034378,MO:379102,similar,absent,2.5,similar name + date/locality; no cross-reference or image,01
BBM:F034516,MO:259717,similar,absent,2.5,similar name + date/locality; no cross-reference or image,01
BBM:F034516,MO:381234,similar,absent,2.5,similar name + date/locality; no cross-reference or image,01
BBM:F034572,MO:259717,similar,absent,2.5,similar name + date/locality; no cross-reference or image,01
BBM:F034572,MO:381234,similar,absent,2.5,similar name + date/locality; no cross-reference or image,01
BBM:F034965,MO:259717,similar,absent,2.5,similar name + date/locality; no cross-reference or image,01
BBM:F034965,MO:381234,similar,absent,2.5,similar name + date/locality; no cross-reference or image,01
BBM:F034531,MO:82293,similar,absent,2.5,similar name + date/locality; no cross-reference or image,"01,02"
BBM:F034531,MO:248242,similar,absent,2.5,similar name + date/locality; no cross-reference or image,01
BBM:F034531,MO:253155,similar,absent,2.5,similar name + date/locality; no cross-reference or image,01
BBM:F034531,MO:327402,similar,absent,2.5,similar name + date/locality; no cross-reference or image,01
BBM:F034531,MO:379244,similar,absent,2.5,similar name + date/locality; no cross-reference or image,01
BBM:F034538,MO:248593,similar,absent,2.5,similar name + date/locality; no cross-reference or image,01
BBM:F034538,MO:248902,similar,absent,2.5,similar name + date/locality; no cross-reference or image,01
BBM:F034538,MO:253259,similar,absent,2.5,similar name + date/locality; no cross-reference or image,01
BBM:F034538,MO:375868,similar,absent,2.5,similar name + date/locality; no cross-reference or image,01
BBM:F034538,MO:414092,similar,absent,2.5,similar name + date/locality; no cross-reference or image,01
BBM:F034538,MO:414093,similar,absent,2.5,similar name + date/locality; no cross-reference or image,01
BBM:F034554,MO:395865,similar,absent,2.5,similar name + date/locality; no cross-reference or image,01
BBM:F034554,MO:400318,similar,absent,2.5,similar name + date/locality; no cross-reference or image,01
BBM:F034554,MO:440720,similar,absent,2.5,similar name + date/locality; no cross-reference or image,01
BBM:F034554,MO:440775,similar,absent,2.5,similar name + date/locality; no cross-reference or image,01
BBM:F034554,MO:441708,similar,absent,2.5,similar name + date/locality; no cross-reference or image,01
BBM:F034554,MO:467623,similar,absent,2.5,similar name + date/locality; no cross-reference or image,01
BBM:F034554,MO:467632,similar,absent,2.5,similar name + date/locality; no cross-reference or image,01
BBM:F034581,MO:395865,similar,absent,2.5,similar name + date/locality; no cross-reference or image,01
BBM:F034581,MO:400318,similar,absent,2.5,similar name + date/locality; no cross-reference or image,01
BBM:F034581,MO:440720,similar,absent,2.5,similar name + date/locality; no cross-reference or image,01
BBM:F034581,MO:440775,similar,absent,2.5,similar name + date/locality; no cross-reference or image,01
BBM:F034581,MO:441708,similar,absent,2.5,similar name + date/locality; no cross-reference or image,01
BBM:F034581,MO:467623,similar,absent,2.5,similar name + date/locality; no cross-reference or image,01
BBM:F034581,MO:467632,similar,absent,2.5,similar name + date/locality; no cross-reference or image,01
BBM:F035191,MO:395865,similar,absent,2.5,similar name + date/locality; no cross-reference or image,01
BBM:F035191,MO:400318,similar,absent,2.5,similar name + date/locality; no cross-reference or image,01
BBM:F035191,MO:440720,similar,absent,2.5,similar name + date/locality; no cross-reference or image,01
BBM:F035191,MO:440775,similar,absent,2.5,similar name + date/locality; no cross-reference or image,01
BBM:F035191,MO:441708,similar,absent,2.5,similar name + date/locality; no cross-reference or image,01
BBM:F035191,MO:467623,similar,absent,2.5,similar name + date/locality; no cross-reference or image,01
BBM:F035191,MO:467632,similar,absent,2.5,similar name + date/locality; no cross-reference or image,01
BBM:F035192,MO:395865,similar,absent,2.5,similar name + date/locality; no cross-reference or image,01
BBM:F035192,MO:400318,similar,absent,2.5,similar name + date/locality; no cross-reference or image,01
BBM:F035192,MO:440720,similar,absent,2.5,similar name + date/locality; no cross-reference or image,01
BBM:F035192,MO:440775,similar,absent,2.5,similar name + date/locality; no cross-reference or image,01
BBM:F035192,MO:441708,similar,absent,2.5,similar name + date/locality; no cross-reference or image,01
BBM:F035192,MO:467623,similar,absent,2.5,similar name + date/locality; no cross-reference or image,01
BBM:F035192,MO:467632,similar,absent,2.5,similar name + date/locality; no cross-reference or image,01
BBM:F035197,MO:395865,similar,absent,2.5,similar name + date/locality; no cross-reference or image,01
BBM:F035197,MO:400318,similar,absent,2.5,similar name + date/locality; no cross-reference or image,01
BBM:F035197,MO:440720,similar,absent,2.5,similar name + date/locality; no cross-reference or image,01
BBM:F035197,MO:440775,similar,absent,2.5,similar name + date/locality; no cross-reference or image,01
BBM:F035197,MO:441708,similar,absent,2.5,similar name + date/locality; no cross-reference or image,01
BBM:F035197,MO:467623,similar,absent,2.5,similar name + date/locality; no cross-reference or image,01
BBM:F035197,MO:467632,similar,absent,2.5,similar name + date/locality; no cross-reference or image,01
BBM:F035199,MO:395865,similar,absent,2.5,similar name + date/locality; no cross-reference or image,01
BBM:F035199,MO:400318,similar,absent,2.5,similar name + date/locality; no cross-reference or image,01
BBM:F035199,MO:440720,similar,absent,2.5,similar name + date/locality; no cross-reference or image,01
BBM:F035199,MO:440775,similar,absent,2.5,similar name + date/locality; no cross-reference or image,01
BBM:F035199,MO:441708,similar,absent,2.5,similar name + date/locality; no cross-reference or image,01
BBM:F035199,MO:467623,similar,absent,2.5,similar name + date/locality; no cross-reference or image,01
BBM:F035199,MO:467632,similar,absent,2.5,similar name + date/locality; no cross-reference or image,01
BBM:F035008,MO:273900,similar,absent,2.5,similar name + date/locality; no cross-reference or image,01
BBM:F035393,MO:223031,similar,absent,2.5,similar name + date/locality; no cross-reference or image,01
BBM:F035483,MO:189819,similar,absent,2.5,similar name + date/locality; no cross-reference or image,01
BBM:F035539,MO:189430,similar,absent,2.5,similar name + date/locality; no cross-reference or image,01
BBM:F035668,MO:314350,similar,absent,2.5,similar name + date/locality; no cross-reference or image,01
BBM:F035686,MO:351392,similar,absent,2.5,similar name + date/locality; no cross-reference or image,01
BBM:F035764,MO:216228,similar,absent,2.5,similar name + date/locality; no cross-reference or image,01
BBM:F035764,MO:340007,similar,absent,2.5,similar name + date/locality; no cross-reference or image,01
BBM:F035764,MO:340010,similar,absent,2.5,similar name + date/locality; no cross-reference or image,01
BBM:F035770,MO:216228,similar,absent,2.5,similar name + date/locality; no cross-reference or image,01
BBM:F035770,MO:340007,similar,absent,2.5,similar name + date/locality; no cross-reference or image,01
BBM:F035770,MO:340010,similar,absent,2.5,similar name + date/locality; no cross-reference or image,01
BBM:F035794,MO:216228,similar,absent,2.5,similar name + date/locality; no cross-reference or image,01
BBM:F035794,MO:340007,similar,absent,2.5,similar name + date/locality; no cross-reference or image,01
BBM:F035794,MO:340010,similar,absent,2.5,similar name + date/locality; no cross-reference or image,01
BBM:F035802,MO:216228,similar,absent,2.5,similar name + date/locality; no cross-reference or image,"01,05"
BBM:F035802,MO:340007,similar,absent,2.5,similar name + date/locality; no cross-reference or image,"01,05"
BBM:F035802,MO:340010,similar,absent,2.5,similar name + date/locality; no cross-reference or image,"01,05"
BBM:F023181,MO:149861,similar,absent,2.5,similar name + date/locality; no cross-reference or image,01
BBM:F028340,MO:149861,similar,absent,2.5,similar name + date/locality; no cross-reference or image,01
BBM:F024622,MO:70114,strict,unidirectional_platform_to_ubc,4.0,one-directional cross-reference (id present on only one side),01
BBM:F024623,MO:70113,strict,unidirectional_platform_to_ubc,4.0,one-directional cross-reference (id present on only one side),01
BBM:F025242,MO:83073,similar,unidirectional_platform_to_ubc,4.0,one-directional cross-reference (id present on only one side),01
BBM:F025259,MO:83073,similar,unidirectional_platform_to_ubc,4.0,one-directional cross-reference (id present on only one side),01
BBM:F025263,MO:83073,similar,absent,2.5,similar name + date/locality; no cross-reference or image,"01,02"
BBM:F025313,MO:159839,strict,absent,3.0,name + exact date + locality/collector match; no cross-reference or image,01
BBM:F025343,MO:85110,strict,unidirectional_platform_to_ubc,4.0,one-directional cross-reference (id present on only one side),01
BBM:F026162,MO:152312,similar,absent,2.5,similar name + date/locality; no cross-reference or image,"01,02"
BBM:F026312,MO:152312,similar,unidirectional_platform_to_ubc,4.0,one-directional cross-reference (id present on only one side),01
BBM:F026399,MO:152312,similar,absent,2.5,similar name + date/locality; no cross-reference or image,"01,02"
BBM:F026238,MO:151566,strict,unidirectional_platform_to_ubc,4.0,one-directional cross-reference (id present on only one side),01
BBM:F026308,MO:152311,strict,unidirectional_platform_to_ubc,4.0,one-directional cross-reference (id present on only one side),01
BBM:F026309,MO:152235,strict,unidirectional_platform_to_ubc,4.0,one-directional cross-reference (id present on only one side),01
BBM:F026309,MO:152236,strict,absent,3.0,name + exact date + locality/collector match; no cross-reference or image,01
BBM:F026366,MO:153803,strict,unidirectional_platform_to_ubc,4.0,one-directional cross-reference (id present on only one side),01
BBM:F026410,MO:190669,strict,unidirectional_platform_to_ubc,4.0,one-directional cross-reference (id present on only one side),01
BBM:F026896,MO:65071,strict,absent,3.0,name + exact date + locality/collector match; no cross-reference or image,01
BBM:F027291,MO:65198,strict,absent,3.0,name + exact date + locality/collector match; no cross-reference or image,01
BBM:F027319,MO:66424,similar,absent,2.5,similar name + date/locality; no cross-reference or image,01
BBM:F028337,MO:149862,strict,absent,3.0,name + exact date + locality/collector match; no cross-reference or image,01
BBM:F028338,MO:149733,strict,absent,3.0,name + exact date + locality/collector match; no cross-reference or image,01
BBM:F028339,MO:149859,strict,absent,3.0,name + exact date + locality/collector match; no cross-reference or image,01
BBM:F028341,MO:149793,strict,absent,3.0,name + exact date + locality/collector match; no cross-reference or image,01
BBM:F028342,MO:149855,strict,absent,3.0,name + exact date + locality/collector match; no cross-reference or image,01
BBM:F029144,MO:168765,strict,absent,3.0,name + exact date + locality/collector match; no cross-reference or image,01
BBM:F029565,MO:64354,strict,absent,3.0,name + exact date + locality/collector match; no cross-reference or image,01
BBM:F029612,MO:65070,strict,absent,3.0,name + exact date + locality/collector match; no cross-reference or image,01
BBM:F029785,MO:65373,similar,absent,2.5,similar name + date/locality; no cross-reference or image,01
BBM:F031831,MO:68956,similar,absent,2.5,similar name + date/locality; no cross-reference or image,01
BBM:F031831,MO:69258,similar,absent,2.5,similar name + date/locality; no cross-reference or image,"01,05"
BBM:F031927,MO:68956,similar,absent,2.5,similar name + date/locality; no cross-reference or image,01
BBM:F031927,MO:69258,similar,absent,2.5,similar name + date/locality; no cross-reference or image,"01,05"
BBM:F034291,MO:297596,similar,absent,2.5,similar name + date/locality; no cross-reference or image,01
BBM:F034291,MO:340001,similar,absent,2.5,similar name + date/locality; no cross-reference or image,01
BBM:F034291,MO:396553,similar,absent,2.5,similar name + date/locality; no cross-reference or image,01
BBM:F034291,MO:439653,similar,absent,2.5,similar name + date/locality; no cross-reference or image,01
BBM:F034308,MO:297596,similar,absent,2.5,similar name + date/locality; no cross-reference or image,01
BBM:F034308,MO:340001,similar,absent,2.5,similar name + date/locality; no cross-reference or image,01
BBM:F034308,MO:396553,similar,absent,2.5,similar name + date/locality; no cross-reference or image,01
BBM:F034308,MO:439653,similar,absent,2.5,similar name + date/locality; no cross-reference or image,01
BBM:F035758,MO:297596,similar,absent,2.5,similar name + date/locality; no cross-reference or image,01
BBM:F035758,MO:340001,similar,absent,2.5,similar name + date/locality; no cross-reference or image,01
BBM:F035758,MO:396553,similar,absent,2.5,similar name + date/locality; no cross-reference or image,01
BBM:F035758,MO:439653,similar,absent,2.5,similar name + date/locality; no cross-reference or image,01
BBM:F034937,MO:259519,similar,absent,2.5,similar name + date/locality; no cross-reference or image,01
BBM:F024197,MO:72956,strict,unidirectional_platform_to_ubc,4.0,one-directional cross-reference (id present on only one side),01
BBM:F025811,MO:127823,strict,unidirectional_platform_to_ubc,4.0,one-directional cross-reference (id present on only one side),01
BBM:F029142,MO:76121,strict,absent,3.0,name + exact date + locality/collector match; no cross-reference or image,01
BBM:F029162,MO:168908,strict,absent,3.0,name + exact date + locality/collector match; no cross-reference or image,01
BBM:F024327,MO:66082,strict,unidirectional_platform_to_ubc,4.0,one-directional cross-reference (id present on only one side),01
BBM:F024448,MO:170785,strict,unidirectional_platform_to_ubc,4.0,one-directional cross-reference (id present on only one side),01
BBM:F024463,MO:170816,strict,unidirectional_platform_to_ubc,4.0,one-directional cross-reference (id present on only one side),01
BBM:F024895,MO:72669,similar,absent,2.5,similar name + date/locality; no cross-reference or image,"01,02"
BBM:F024895,MO:159093,similar,absent,2.5,similar name + date/locality; no cross-reference or image,"01,02"
BBM:F024935,MO:72669,similar,absent,2.5,similar name + date/locality; no cross-reference or image,"01,02"
BBM:F024935,MO:159093,similar,absent,2.5,similar name + date/locality; no cross-reference or image,"01,02"
BBM:F024975,MO:72669,similar,absent,2.5,similar name + date/locality; no cross-reference or image,"01,02"
BBM:F024975,MO:159093,similar,absent,2.5,similar name + date/locality; no cross-reference or image,"01,02"
BBM:F024976,MO:72669,similar,absent,2.5,similar name + date/locality; no cross-reference or image,"01,02"
BBM:F024976,MO:159093,similar,absent,2.5,similar name + date/locality; no cross-reference or image,"01,02"
BBM:F025007,MO:72669,similar,absent,2.5,similar name + date/locality; no cross-reference or image,"01,02"
BBM:F025007,MO:159093,similar,absent,2.5,similar name + date/locality; no cross-reference or image,"01,02"
BBM:F025008,MO:72669,similar,absent,2.5,similar name + date/locality; no cross-reference or image,"01,02"
BBM:F025008,MO:159093,similar,absent,2.5,similar name + date/locality; no cross-reference or image,"01,02"
BBM:F025092,MO:72669,similar,absent,2.5,similar name + date/locality; no cross-reference or image,"01,02"
BBM:F025092,MO:159093,similar,unidirectional_platform_to_ubc,4.0,one-directional cross-reference (id present on only one side),01
BBM:F025093,MO:72669,similar,absent,2.5,similar name + date/locality; no cross-reference or image,"01,02"
BBM:F025093,MO:159093,similar,absent,2.5,similar name + date/locality; no cross-reference or image,"01,02"
BBM:F025141,MO:72669,similar,unidirectional_platform_to_ubc,4.0,one-directional cross-reference (id present on only one side),01
BBM:F025141,MO:159093,similar,absent,2.5,similar name + date/locality; no cross-reference or image,"01,02"
BBM:F025142,MO:72669,similar,absent,2.5,similar name + date/locality; no cross-reference or image,"01,02"
BBM:F025142,MO:159093,similar,absent,2.5,similar name + date/locality; no cross-reference or image,"01,02"
BBM:F025143,MO:72669,similar,absent,2.5,similar name + date/locality; no cross-reference or image,"01,02"
BBM:F025143,MO:159093,similar,absent,2.5,similar name + date/locality; no cross-reference or image,"01,02"
BBM:F025144,MO:72669,similar,absent,2.5,similar name + date/locality; no cross-reference or image,"01,02"
BBM:F025144,MO:159093,similar,absent,2.5,similar name + date/locality; no cross-reference or image,"01,02"
BBM:F025091,MO:159047,strict,unidirectional_platform_to_ubc,4.0,one-directional cross-reference (id present on only one side),01
BBM:F025412,MO:88662,strict,unidirectional_platform_to_ubc,4.0,one-directional cross-reference (id present on only one side),01
BBM:F025842,MO:130158,strict,unidirectional_platform_to_ubc,4.0,one-directional cross-reference (id present on only one side),01
BBM:F025843,MO:130158,strict,absent,3.0,name + exact date + locality/collector match; no cross-reference or image,"01,02"
BBM:F025995,MO:136695,strict,unidirectional_platform_to_ubc,4.0,one-directional cross-reference (id present on only one side),01
BBM:F025996,MO:136695,strict,absent,3.0,name + exact date + locality/collector match; no cross-reference or image,"01,02"
BBM:F026747,MO:88663,strict,absent,3.0,name + exact date + locality/collector match; no cross-reference or image,01
BBM:F027729,MO:88546,strict,absent,3.0,name + exact date + locality/collector match; no cross-reference or image,01
BBM:F025387,MO:88418,strict,unidirectional_platform_to_ubc,4.0,one-directional cross-reference (id present on only one side),01
BBM:F025853,MO:129600,strict,unidirectional_platform_to_ubc,4.0,one-directional cross-reference (id present on only one side),01
BBM:F025875,MO:130240,strict,unidirectional_platform_to_ubc,4.0,one-directional cross-reference (id present on only one side),01
BBM:F026489,MO:64957,strict,absent,3.0,name + exact date + locality/collector match; no cross-reference or image,01
BBM:F026692,MO:89462,similar,absent,2.5,similar name + date/locality; no cross-reference or image,01
BBM:F026723,MO:89462,similar,absent,2.5,similar name + date/locality; no cross-reference or image,01
BBM:F026736,MO:89462,similar,absent,2.5,similar name + date/locality; no cross-reference or image,01
BBM:F026764,MO:89462,similar,absent,2.5,similar name + date/locality; no cross-reference or image,01
BBM:F027741,MO:69568,strict,absent,3.0,name + exact date + locality/collector match; no cross-reference or image,01
BBM:F027756,MO:74489,similar,absent,2.5,similar name + date/locality; no cross-reference or image,01
BBM:F027757,MO:74490,similar,absent,2.5,similar name + date/locality; no cross-reference or image,01
BBM:F027957,MO:104240,strict,absent,3.0,name + exact date + locality/collector match; no cross-reference or image,01
BBM:F028241,MO:142008,strict,absent,3.0,name + exact date + locality/collector match; no cross-reference or image,01
BBM:F028853,MO:173970,strict,absent,3.0,name + exact date + locality/collector match; no cross-reference or image,01
BBM:F029118,MO:171149,strict,absent,3.0,name + exact date + locality/collector match; no cross-reference or image,01
BBM:F029180,MO:169031,strict,absent,3.0,name + exact date + locality/collector match; no cross-reference or image,01
BBM:F029190,MO:169127,strict,absent,3.0,name + exact date + locality/collector match; no cross-reference or image,01
BBM:F035670,MO:314706,similar,absent,2.5,similar name + date/locality; no cross-reference or image,01
BBM:F035670,MO:364426,similar,absent,2.5,similar name + date/locality; no cross-reference or image,01
BBM:F027299,MO:66426,strict,absent,3.0,name + exact date + locality/collector match; no cross-reference or image,01
BBM:F027361,MO:86514,strict,absent,3.0,name + exact date + locality/collector match; no cross-reference or image,01
BBM:F024433,MO:69422,similar,absent,2.5,similar name + date/locality; no cross-reference or image,01
BBM:F025032,MO:93282,strict,unidirectional_platform_to_ubc,4.0,one-directional cross-reference (id present on only one side),01
BBM:F025489,MO:95643,strict,unidirectional_platform_to_ubc,4.0,one-directional cross-reference (id present on only one side),01
BBM:F025837,MO:130130,strict,unidirectional_platform_to_ubc,4.0,one-directional cross-reference (id present on only one side),01
BBM:F025990,MO:137103,strict,unidirectional_platform_to_ubc,4.0,one-directional cross-reference (id present on only one side),01
BBM:F026071,MO:146214,strict,unidirectional_platform_to_ubc,4.0,one-directional cross-reference (id present on only one side),01
BBM:F026854,MO:163844,strict,absent,3.0,name + exact date + locality/collector match; no cross-reference or image,01
BBM:F034088,MO:170509,similar,absent,2.5,similar name + date/locality; no cross-reference or image,"01,05"
BBM:F034088,MO:471853,similar,absent,2.5,similar name + date/locality; no cross-reference or image,"01,05"
BBM:F026762,MO:417914,strict,absent,3.0,name + exact date + locality/collector match; no cross-reference or image,01
BBM:F026517,MO:65714,strict,absent,3.0,name + exact date + locality/collector match; no cross-reference or image,01
BBM:F035316,MO:200422,similar,absent,2.5,similar name + date/locality; no cross-reference or image,01
BBM:F023824,MO:141699,similar,absent,2.5,similar name + date/locality; no cross-reference or image,01
BBM:F025782,MO:141699,similar,absent,2.5,similar name + date/locality; no cross-reference or image,01
BBM:F024720,MO:63313,strict,unidirectional_platform_to_ubc,4.0,one-directional cross-reference (id present on only one side),01
BBM:F026411,MO:127385,strict,unidirectional_platform_to_ubc,4.0,one-directional cross-reference (id present on only one side),01
BBM:F026605,MO:66076,strict,absent,3.0,name + exact date + locality/collector match; no cross-reference or image,01
BBM:F026908,MO:66088,strict,absent,3.0,name + exact date + locality/collector match; no cross-reference or image,01
BBM:F031653,MO:157100,strict,absent,3.0,name + exact date + locality/collector match; no cross-reference or image,01
BBM:F031654,MO:157100,strict,absent,3.0,name + exact date + locality/collector match; no cross-reference or image,01
BBM:F024332,MO:95658,strict,unidirectional_platform_to_ubc,4.0,one-directional cross-reference (id present on only one side),01
BBM:F000726,MO:234907,similar,absent,2.5,similar name + date/locality; no cross-reference or image,01
BBM:F027739,MO:68796,strict,absent,3.0,name + exact date + locality/collector match; no cross-reference or image,01
BBM:F031398,MO:195828,similar,absent,2.5,similar name + date/locality; no cross-reference or image,01
BBM:F025851,MO:129740,strict,unidirectional_platform_to_ubc,4.0,one-directional cross-reference (id present on only one side),01
BBM:F026884,MO:63805,strict,absent,3.0,name + exact date + locality/collector match; no cross-reference or image,01
BBM:F027852,MO:87430,strict,absent,3.0,name + exact date + locality/collector match; no cross-reference or image,01
BBM:F030452,MO:65425,similar,absent,2.5,similar name + date/locality; no cross-reference or image,01
BBM:F030464,MO:65425,similar,absent,2.5,similar name + date/locality; no cross-reference or image,01
BBM:F030465,MO:65425,similar,absent,2.5,similar name + date/locality; no cross-reference or image,01
BBM:F031407,MO:156370,strict,absent,3.0,name + exact date + locality/collector match; no cross-reference or image,01
BBM:F025179,MO:78034,strict,unidirectional_platform_to_ubc,4.0,one-directional cross-reference (id present on only one side),01
BBM:F033072,MO:295748,similar,absent,2.5,similar name + date/locality; no cross-reference or image,01
BBM:F025884,MO:129938,strict,unidirectional_platform_to_ubc,4.0,one-directional cross-reference (id present on only one side),01
BBM:F025885,MO:129938,strict,absent,3.0,name + exact date + locality/collector match; no cross-reference or image,"01,02"
BBM:F028927,MO:65175,strict,unidirectional_platform_to_ubc,4.0,one-directional cross-reference (id present on only one side),01
BBM:F024192,MO:66314,strict,unidirectional_platform_to_ubc,4.0,one-directional cross-reference (id present on only one side),01
BBM:F024358,MO:161532,strict,unidirectional_platform_to_ubc,4.0,one-directional cross-reference (id present on only one side),01
BBM:F026740,MO:63807,strict,absent,3.0,name + exact date + locality/collector match; no cross-reference or image,01
BBM:F026928,MO:63809,strict,absent,3.0,name + exact date + locality/collector match; no cross-reference or image,01
BBM:F025582,MO:127761,strict,unidirectional_platform_to_ubc,4.0,one-directional cross-reference (id present on only one side),01
BBM:F025961,MO:160424,strict,unidirectional_platform_to_ubc,4.0,one-directional cross-reference (id present on only one side),01
BBM:F027803,MO:78257,similar,absent,2.5,similar name + date/locality; no cross-reference or image,01
BBM:F034535,MO:78257,similar,absent,2.5,similar name + date/locality; no cross-reference or image,01
BBM:F034866,MO:78257,similar,absent,2.5,similar name + date/locality; no cross-reference or image,01
BBM:F035430,MO:78257,similar,absent,2.5,similar name + date/locality; no cross-reference or image,01
BBM:F027828,MO:80870,strict,absent,3.0,name + exact date + locality/collector match; no cross-reference or image,01
BBM:F027989,MO:111141,strict,absent,3.0,name + exact date + locality/collector match; no cross-reference or image,01
BBM:F028299,MO:145450,strict,absent,3.0,name + exact date + locality/collector match; no cross-reference or image,01
BBM:F028886,MO:174784,strict,absent,3.0,name + exact date + locality/collector match; no cross-reference or image,01
BBM:F029239,MO:171457,strict,absent,3.0,name + exact date + locality/collector match; no cross-reference or image,01
BBM:F029826,MO:66903,strict,absent,3.0,name + exact date + locality/collector match; no cross-reference or image,01
BBM:F030007,MO:63925,similar,absent,2.5,similar name + date/locality; no cross-reference or image,01
BBM:F034997,MO:293907,similar,absent,2.5,similar name + date/locality; no cross-reference or image,01
BBM:F016591,MO:65429,strict,absent,3.0,name + exact date + locality/collector match; no cross-reference or image,01
BBM:F016592,MO:65429,strict,absent,3.0,name + exact date + locality/collector match; no cross-reference or image,01
BBM:F024405,MO:70189,strict,unidirectional_platform_to_ubc,4.0,one-directional cross-reference (id present on only one side),01
BBM:F027889,MO:94886,strict,absent,3.0,name + exact date + locality/collector match; no cross-reference or image,01
BBM:F028931,MO:172840,strict,absent,3.0,name + exact date + locality/collector match; no cross-reference or image,01
BBM:F031712,MO:195468,strict,absent,3.0,name + exact date + locality/collector match; no cross-reference or image,01
BBM:F026950,MO:64185,strict,unidirectional_platform_to_ubc,4.0,one-directional cross-reference (id present on only one side),01
BBM:F027880,MO:93087,strict,absent,3.0,name + exact date + locality/collector match; no cross-reference or image,01
BBM:F027884,MO:94062,strict,unidirectional_platform_to_ubc,4.0,one-directional cross-reference (id present on only one side),01
BBM:F029234,MO:171430,strict,unidirectional_platform_to_ubc,4.0,one-directional cross-reference (id present on only one side),01
BBM:F029261,MO:171615,strict,unidirectional_platform_to_ubc,4.0,one-directional cross-reference (id present on only one side),01
BBM:F032729,MO:204891,similar,absent,2.5,similar name + date/locality; no cross-reference or image,01
BBM:F024135,MO:86554,strict,unidirectional_platform_to_ubc,4.0,one-directional cross-reference (id present on only one side),01
BBM:F024374,MO:161569,strict,unidirectional_platform_to_ubc,4.0,one-directional cross-reference (id present on only one side),01
BBM:F024922,MO:86605,strict,unidirectional_platform_to_ubc,4.0,one-directional cross-reference (id present on only one side),01
BBM:F024923,MO:159703,strict,unidirectional_platform_to_ubc,4.0,one-directional cross-reference (id present on only one side),01
BBM:F028228,MO:137914,strict,unidirectional_platform_to_ubc,4.0,one-directional cross-reference (id present on only one side),01
BBM:F028237,MO:141937,strict,absent,3.0,name + exact date + locality/collector match; no cross-reference or image,01
BBM:F026392,MO:155752,strict,unidirectional_platform_to_ubc,4.0,one-directional cross-reference (id present on only one side),01
BBM:F029538,MO:67909,similar,absent,2.5,similar name + date/locality; no cross-reference or image,01
BBM:F034677,MO:67909,similar,absent,2.5,similar name + date/locality; no cross-reference or image,01
BBM:F034678,MO:67909,similar,absent,2.5,similar name + date/locality; no cross-reference or image,01
BBM:F030544,MO:77989,strict,absent,3.0,name + exact date + locality/collector match; no cross-reference or image,01
BBM:F026946,MO:65530,strict,absent,3.0,name + exact date + locality/collector match; no cross-reference or image,01
BBM:F028233,MO:137724,strict,absent,3.0,name + exact date + locality/collector match; no cross-reference or image,01
BBM:F028835,MO:65318,strict,absent,3.0,name + exact date + locality/collector match; no cross-reference or image,01
BBM:F029198,MO:71609,strict,absent,3.0,name + exact date + locality/collector match; no cross-reference or image,01
BBM:F029206,MO:171422,strict,absent,3.0,name + exact date + locality/collector match; no cross-reference or image,01
BBM:F029207,MO:171426,strict,absent,3.0,name + exact date + locality/collector match; no cross-reference or image,01
BBM:F029207,MO:171427,strict,absent,3.0,name + exact date + locality/collector match; no cross-reference or image,01
BBM:F029208,MO:171426,strict,absent,3.0,name + exact date + locality/collector match; no cross-reference or image,01
BBM:F029208,MO:171427,strict,absent,3.0,name + exact date + locality/collector match; no cross-reference or image,01
BBM:F029209,MO:171428,strict,absent,3.0,name + exact date + locality/collector match; no cross-reference or image,01
BBM:F031408,MO:329625,similar,absent,2.5,similar name + date/locality; no cross-reference or image,01
BBM:F034382,MO:368596,similar,absent,2.5,similar name + date/locality; no cross-reference or image,01
BBM:F024887,MO:86886,strict,unidirectional_platform_to_ubc,4.0,one-directional cross-reference (id present on only one side),01
BBM:F024948,MO:86885,strict,unidirectional_platform_to_ubc,4.0,one-directional cross-reference (id present on only one side),01
BBM:F025053,MO:93256,strict,unidirectional_platform_to_ubc,4.0,one-directional cross-reference (id present on only one side),01
BBM:F025281,MO:86010,similar,absent,2.5,similar name + date/locality; no cross-reference or image,01
BBM:F025361,MO:93248,strict,unidirectional_platform_to_ubc,4.0,one-directional cross-reference (id present on only one side),01
BBM:F025383,MO:87543,strict,unidirectional_platform_to_ubc,4.0,one-directional cross-reference (id present on only one side),01
BBM:F025948,MO:135023,strict,unidirectional_platform_to_ubc,4.0,one-directional cross-reference (id present on only one side),01
BBM:F026028,MO:144427,strict,unidirectional_platform_to_ubc,4.0,one-directional cross-reference (id present on only one side),01
BBM:F027350,MO:65222,strict,absent,3.0,name + exact date + locality/collector match; no cross-reference or image,01
BBM:F028089,MO:119847,strict,absent,3.0,name + exact date + locality/collector match; no cross-reference or image,01
BBM:F029156,MO:168936,strict,unidirectional_platform_to_ubc,4.0,one-directional cross-reference (id present on only one side),01
BBM:F032800,MO:218632,strict,absent,3.0,name + exact date + locality/collector match; no cross-reference or image,01
BBM:F035744,MO:311831,similar,absent,2.5,similar name + date/locality; no cross-reference or image,01
BBM:F019981,MO:196108,similar,unidirectional_platform_to_ubc,4.0,one-directional cross-reference (id present on only one side),01
BBM:F035671,MO:196108,similar,absent,2.5,similar name + date/locality; no cross-reference or image,"01,02"
BBM:F035683,MO:196108,similar,absent,2.5,similar name + date/locality; no cross-reference or image,"01,02"
BBM:F035734,MO:196108,similar,absent,2.5,similar name + date/locality; no cross-reference or image,"01,02"
BBM:F035735,MO:196108,similar,absent,2.5,similar name + date/locality; no cross-reference or image,"01,02"
BBM:F035761,MO:196108,similar,absent,2.5,similar name + date/locality; no cross-reference or image,"01,02"
BBM:F019990,MO:67832,similar,absent,2.5,similar name + date/locality; no cross-reference or image,"01,02"
BBM:F022955,MO:67832,similar,unidirectional_platform_to_ubc,4.0,one-directional cross-reference (id present on only one side),01
BBM:F022956,MO:67832,similar,absent,2.5,similar name + date/locality; no cross-reference or image,"01,02"
BBM:F022961,MO:75639,similar,absent,2.5,similar name + date/locality; no cross-reference or image,01
BBM:F023099,MO:75639,similar,absent,2.5,similar name + date/locality; no cross-reference or image,01
BBM:F034681,MO:75639,similar,absent,2.5,similar name + date/locality; no cross-reference or image,01
BBM:F022962,MO:166541,strict,unidirectional_platform_to_ubc,4.0,one-directional cross-reference (id present on only one side),01
BBM:F022976,MO:82752,strict,bidirectional,5.0,"explicit, attributed identifier links both records",
BBM:F022977,MO:83026,strict,bidirectional,5.0,"explicit, attributed identifier links both records",
BBM:F022978,MO:83025,strict,unidirectional_ubc_to_platform,4.0,one-directional cross-reference (id present on only one side),01
BBM:F022979,MO:106018,strict,bidirectional,5.0,"explicit, attributed identifier links both records",
BBM:F022980,MO:106028,similar,absent,2.5,similar name + date/locality; no cross-reference or image,"01,02"
BBM:F023036,MO:106028,similar,bidirectional,5.0,"explicit, attributed identifier links both records",
BBM:F023065,MO:106028,similar,absent,2.5,similar name + date/locality; no cross-reference or image,"01,02"
BBM:F023066,MO:106028,similar,absent,2.5,similar name + date/locality; no cross-reference or image,"01,02"
BBM:F023075,MO:106028,similar,absent,2.5,similar name + date/locality; no cross-reference or image,"01,02"
BBM:F022988,MO:65065,strict,absent,3.0,name + exact date + locality/collector match; no cross-reference or image,01
BBM:F022990,MO:70121,similar,absent,2.5,similar name + date/locality; no cross-reference or image,01
BBM:F023044,MO:70121,similar,absent,2.5,similar name + date/locality; no cross-reference or image,01
BBM:F023000,MO:188501,strict,absent,3.0,name + exact date + locality/collector match; no cross-reference or image,"01,02"
BBM:F023003,MO:66139,similar,unidirectional_platform_to_ubc,4.0,one-directional cross-reference (id present on only one side),01
BBM:F023050,MO:66139,similar,absent,2.5,similar name + date/locality; no cross-reference or image,"01,02"
BBM:F023079,MO:66139,similar,absent,2.5,similar name + date/locality; no cross-reference or image,"01,02"
BBM:F023080,MO:66139,similar,absent,2.5,similar name + date/locality; no cross-reference or image,"01,02"
BBM:F023007,MO:71507,strict,bidirectional,5.0,"explicit, attributed identifier links both records",
BBM:F023008,MO:85301,strict,bidirectional,5.0,"explicit, attributed identifier links both records",
BBM:F023010,MO:85109,strict,bidirectional,5.0,"explicit, attributed identifier links both records",
BBM:F023016,MO:68173,strict,absent,3.0,name + exact date + locality/collector match; no cross-reference or image,01
BBM:F023022,MO:167247,strict,absent,3.0,name + exact date + locality/collector match; no cross-reference or image,01
BBM:F023030,MO:105787,strict,bidirectional,5.0,"explicit, attributed identifier links both records",
BBM:F023033,MO:82705,similar,unidirectional_ubc_to_platform,4.0,one-directional cross-reference (id present on only one side),"01,02"
BBM:F023061,MO:82705,similar,absent,2.5,similar name + date/locality; no cross-reference or image,"01,02"
BBM:F023090,MO:82705,similar,bidirectional,5.0,"explicit, attributed identifier links both records",
BBM:F023092,MO:82705,similar,absent,2.5,similar name + date/locality; no cross-reference or image,"01,02"
BBM:F023037,MO:83437,strict,bidirectional,5.0,"explicit, attributed identifier links both records",
BBM:F023037,MO:106001,strict,absent,3.0,name + exact date + locality/collector match; no cross-reference or image,"01,02"
BBM:F023038,MO:83437,strict,absent,3.0,name + exact date + locality/collector match; no cross-reference or image,"01,02"
BBM:F023038,MO:106001,strict,bidirectional,5.0,"explicit, attributed identifier links both records",
BBM:F023045,MO:105534,strict,bidirectional,5.0,"explicit, attributed identifier links both records",
BBM:F023051,MO:105533,strict,bidirectional,5.0,"explicit, attributed identifier links both records",
BBM:F023052,MO:105533,strict,absent,3.0,name + exact date + locality/collector match; no cross-reference or image,"01,02"
BBM:F023058,MO:69671,strict,bidirectional,5.0,"explicit, attributed identifier links both records",
BBM:F023060,MO:106017,similar,absent,2.5,similar name + date/locality; no cross-reference or image,"01,02"
BBM:F023100,MO:106017,similar,bidirectional,5.0,"explicit, attributed identifier links both records",
BBM:F023062,MO:82916,strict,bidirectional,5.0,"explicit, attributed identifier links both records",
BBM:F023102,MO:73021,similar,absent,2.5,similar name + date/locality; no cross-reference or image,01
BBM:F023106,MO:72854,similar,absent,2.5,similar name + date/locality; no cross-reference or image,01
BBM:F023805,MO:134493,strict,unidirectional_platform_to_ubc,4.0,one-directional cross-reference (id present on only one side),01
BBM:F026032,MO:139073,similar,absent,2.5,similar name + date/locality; no cross-reference or image,01
BBM:F026032,MO:148516,similar,absent,2.5,similar name + date/locality; no cross-reference or image,01
BBM:F026155,MO:139073,similar,absent,2.5,similar name + date/locality; no cross-reference or image,01
BBM:F026155,MO:148516,similar,absent,2.5,similar name + date/locality; no cross-reference or image,01
BBM:F026156,MO:139073,similar,absent,2.5,similar name + date/locality; no cross-reference or image,01
BBM:F026156,MO:148516,similar,absent,2.5,similar name + date/locality; no cross-reference or image,01
BBM:F026157,MO:139073,similar,absent,2.5,similar name + date/locality; no cross-reference or image,01
BBM:F026157,MO:148516,similar,absent,2.5,similar name + date/locality; no cross-reference or image,01
BBM:F026158,MO:139073,similar,absent,2.5,similar name + date/locality; no cross-reference or image,01
BBM:F026158,MO:148516,similar,absent,2.5,similar name + date/locality; no cross-reference or image,01
BBM:F026159,MO:139073,similar,absent,2.5,similar name + date/locality; no cross-reference or image,01
BBM:F026159,MO:148516,similar,absent,2.5,similar name + date/locality; no cross-reference or image,01
BBM:F026207,MO:139073,similar,absent,2.5,similar name + date/locality; no cross-reference or image,01
BBM:F026207,MO:148516,similar,absent,2.5,similar name + date/locality; no cross-reference or image,01
BBM:F026363,MO:139073,similar,absent,2.5,similar name + date/locality; no cross-reference or image,01
BBM:F026363,MO:148516,similar,absent,2.5,similar name + date/locality; no cross-reference or image,01
BBM:F033362,MO:139073,similar,absent,2.5,similar name + date/locality; no cross-reference or image,01
BBM:F033362,MO:148516,similar,absent,2.5,similar name + date/locality; no cross-reference or image,01
BBM:F026076,MO:151564,similar,absent,2.5,similar name + date/locality; no cross-reference or image,"01,02"
BBM:F026237,MO:151564,similar,unidirectional_platform_to_ubc,4.0,one-directional cross-reference (id present on only one side),01
BBM:F026121,MO:147800,strict,unidirectional_platform_to_ubc,4.0,one-directional cross-reference (id present on only one side),01
BBM:F026148,MO:148514,strict,unidirectional_platform_to_ubc,4.0,one-directional cross-reference (id present on only one side),01
BBM:F026148,MO:148517,strict,absent,3.0,name + exact date + locality/collector match; no cross-reference or image,"01,02"
BBM:F026149,MO:148514,strict,absent,3.0,name + exact date + locality/collector match; no cross-reference or image,"01,02"
BBM:F026149,MO:148517,strict,unidirectional_platform_to_ubc,4.0,one-directional cross-reference (id present on only one side),01
BBM:F026151,MO:148515,strict,unidirectional_platform_to_ubc,4.0,one-directional cross-reference (id present on only one side),01
BBM:F026152,MO:148515,strict,absent,3.0,name + exact date + locality/collector match; no cross-reference or image,"01,02"
BBM:F026205,MO:149939,strict,unidirectional_platform_to_ubc,4.0,one-directional cross-reference (id present on only one side),01
BBM:F026236,MO:151561,strict,unidirectional_platform_to_ubc,4.0,one-directional cross-reference (id present on only one side),01
BBM:F026305,MO:123269,similar,absent,2.5,similar name + date/locality; no cross-reference or image,"01,05"
BBM:F026305,MO:152317,similar,unidirectional_platform_to_ubc,4.0,one-directional cross-reference (id present on only one side),"01,05"
BBM:F026364,MO:123269,similar,absent,2.5,similar name + date/locality; no cross-reference or image,"01,05"
BBM:F026364,MO:152317,similar,absent,2.5,similar name + date/locality; no cross-reference or image,"01,02,05"
BBM:F033345,MO:123269,similar,absent,2.5,similar name + date/locality; no cross-reference or image,01
BBM:F033345,MO:152317,similar,absent,2.5,similar name + date/locality; no cross-reference or image,"01,02"
BBM:F026307,MO:152310,strict,unidirectional_platform_to_ubc,4.0,one-directional cross-reference (id present on only one side),01
BBM:F026339,MO:153612,strict,unidirectional_platform_to_ubc,4.0,one-directional cross-reference (id present on only one side),01
BBM:F031198,MO:153612,strict,absent,3.0,name + exact date + locality/collector match; no cross-reference or image,"01,02"
BBM:F026395,MO:153895,strict,unidirectional_platform_to_ubc,4.0,one-directional cross-reference (id present on only one side),01
BBM:F027056,MO:75981,similar,absent,2.5,similar name + date/locality; no cross-reference or image,01
BBM:F028290,MO:144256,strict,absent,3.0,name + exact date + locality/collector match; no cross-reference or image,01
BBM:F028303,MO:145449,strict,absent,3.0,name + exact date + locality/collector match; no cross-reference or image,01
BBM:F028336,MO:149792,strict,unidirectional_platform_to_ubc,4.0,one-directional cross-reference (id present on only one side),01
BBM:F032702,MO:202372,strict,absent,3.0,name + exact date + locality/collector match; no cross-reference or image,01
BBM:F032716,MO:204252,strict,absent,3.0,name + exact date + locality/collector match; no cross-reference or image,01
BBM:F032782,MO:215790,strict,absent,3.0,name + exact date + locality/collector match; no cross-reference or image,01
BBM:F032783,MO:215783,strict,absent,3.0,name + exact date + locality/collector match; no cross-reference or image,01
BBM:F032784,MO:215784,strict,absent,3.0,name + exact date + locality/collector match; no cross-reference or image,01
BBM:F032789,MO:216168,strict,absent,3.0,name + exact date + locality/collector match; no cross-reference or image,01
BBM:F033343,MO:120130,similar,absent,2.5,similar name + date/locality; no cross-reference or image,01
BBM:F033344,MO:110365,strict,absent,3.0,name + exact date + locality/collector match; no cross-reference or image,01
BBM:F033351,MO:112885,strict,absent,3.0,name + exact date + locality/collector match; no cross-reference or image,01
BBM:F033352,MO:109475,strict,absent,3.0,name + exact date + locality/collector match; no cross-reference or image,01
BBM:F033352,MO:109476,strict,absent,3.0,name + exact date + locality/collector match; no cross-reference or image,01
BBM:F033356,MO:109475,strict,absent,3.0,name + exact date + locality/collector match; no cross-reference or image,01
BBM:F033356,MO:109476,strict,absent,3.0,name + exact date + locality/collector match; no cross-reference or image,01
BBM:F033353,MO:110144,similar,absent,2.5,similar name + date/locality; no cross-reference or image,01
BBM:F033820,MO:110144,similar,absent,2.5,similar name + date/locality; no cross-reference or image,01
BBM:F033354,MO:108611,strict,absent,3.0,name + exact date + locality/collector match; no cross-reference or image,01
BBM:F033355,MO:109527,strict,absent,3.0,name + exact date + locality/collector match; no cross-reference or image,01
BBM:F033355,MO:109528,strict,absent,3.0,name + exact date + locality/collector match; no cross-reference or image,01
BBM:F033357,MO:109108,strict,absent,3.0,name + exact date + locality/collector match; no cross-reference or image,01
BBM:F033358,MO:109108,strict,absent,3.0,name + exact date + locality/collector match; no cross-reference or image,01
BBM:F033360,MO:109107,strict,absent,3.0,name + exact date + locality/collector match; no cross-reference or image,01
BBM:F033819,MO:109107,strict,absent,3.0,name + exact date + locality/collector match; no cross-reference or image,01
BBM:F034530,MO:248204,similar,absent,2.5,similar name + date/locality; no cross-reference or image,01
BBM:F034835,MO:389109,similar,absent,2.5,similar name + date/locality; no cross-reference or image,01
BBM:F035221,MO:389109,similar,absent,2.5,similar name + date/locality; no cross-reference or image,01
BBM:F035222,MO:389109,similar,absent,2.5,similar name + date/locality; no cross-reference or image,01
BBM:F029916,MO:63639,similar,absent,2.5,similar name + date/locality; no cross-reference or image,01
BBM:F027742,MO:68797,strict,absent,3.0,name + exact date + locality/collector match; no cross-reference or image,01
BBM:F032734,MO:205705,strict,absent,3.0,name + exact date + locality/collector match; no cross-reference or image,01
BBM:F027945,MO:99118,strict,absent,3.0,name + exact date + locality/collector match; no cross-reference or image,01
BBM:F024133,MO:65269,strict,unidirectional_platform_to_ubc,4.0,one-directional cross-reference (id present on only one side),01
BBM:F025226,MO:159804,strict,unidirectional_platform_to_ubc,4.0,one-directional cross-reference (id present on only one side),01
BBM:F025227,MO:82779,strict,unidirectional_platform_to_ubc,4.0,one-directional cross-reference (id present on only one side),01
BBM:F025228,MO:83050,strict,unidirectional_platform_to_ubc,4.0,one-directional cross-reference (id present on only one side),01
BBM:F025243,MO:83443,strict,unidirectional_platform_to_ubc,4.0,one-directional cross-reference (id present on only one side),01
BBM:F025253,MO:84615,similar,absent,2.5,similar name + date/locality; no cross-reference or image,"01,02"
BBM:F025298,MO:84615,similar,unidirectional_platform_to_ubc,4.0,one-directional cross-reference (id present on only one side),01
BBM:F025303,MO:84732,strict,unidirectional_platform_to_ubc,4.0,one-directional cross-reference (id present on only one side),01
BBM:F025355,MO:88389,similar,absent,2.5,similar name + date/locality; no cross-reference or image,"01,02"
BBM:F025376,MO:88389,similar,absent,2.5,similar name + date/locality; no cross-reference or image,"01,02"
BBM:F025404,MO:88389,similar,absent,2.5,similar name + date/locality; no cross-reference or image,"01,02"
BBM:F025405,MO:88389,similar,absent,2.5,similar name + date/locality; no cross-reference or image,"01,02"
BBM:F025429,MO:88389,similar,unidirectional_platform_to_ubc,4.0,one-directional cross-reference (id present on only one side),01
BBM:F025655,MO:88389,similar,absent,2.5,similar name + date/locality; no cross-reference or image,"01,02"
BBM:F025365,MO:87544,similar,unidirectional_platform_to_ubc,4.0,one-directional cross-reference (id present on only one side),01
BBM:F025465,MO:119285,similar,absent,2.5,similar name + date/locality; no cross-reference or image,"01,02,05"
BBM:F025517,MO:121669,similar,absent,2.5,similar name + date/locality; no cross-reference or image,"01,02,05"
BBM:F025721,MO:121669,similar,unidirectional_platform_to_ubc,4.0,one-directional cross-reference (id present on only one side),01
BBM:F025541,MO:102538,strict,unidirectional_platform_to_ubc,4.0,one-directional cross-reference (id present on only one side),01
BBM:F025602,MO:120951,similar,absent,2.5,similar name + date/locality; no cross-reference or image,01
BBM:F025617,MO:120951,similar,absent,2.5,similar name + date/locality; no cross-reference or image,01
BBM:F025616,MO:127659,strict,absent,3.0,name + exact date + locality/collector match; no cross-reference or image,01
BBM:F025662,MO:119288,strict,unidirectional_platform_to_ubc,4.0,one-directional cross-reference (id present on only one side),01
BBM:F025813,MO:123270,similar,absent,2.5,similar name + date/locality; no cross-reference or image,"01,02"
BBM:F025813,MO:129940,similar,absent,2.5,similar name + date/locality; no cross-reference or image,"01,02"
BBM:F025887,MO:123270,similar,absent,2.5,similar name + date/locality; no cross-reference or image,"01,02"
BBM:F025887,MO:129940,similar,absent,2.5,similar name + date/locality; no cross-reference or image,"01,02"
BBM:F028143,MO:123270,similar,absent,2.5,similar name + date/locality; no cross-reference or image,"01,02"
BBM:F028143,MO:129940,similar,absent,2.5,similar name + date/locality; no cross-reference or image,"01,02"
BBM:F028358,MO:123270,similar,absent,2.5,similar name + date/locality; no cross-reference or image,"01,02"
BBM:F028358,MO:129940,similar,absent,2.5,similar name + date/locality; no cross-reference or image,"01,02"
BBM:F025823,MO:153625,similar,absent,2.5,similar name + date/locality; no cross-reference or image,01
BBM:F025899,MO:133127,strict,unidirectional_platform_to_ubc,4.0,one-directional cross-reference (id present on only one side),01
BBM:F026000,MO:139556,similar,unidirectional_platform_to_ubc,4.0,one-directional cross-reference (id present on only one side),"01,05"
BBM:F026170,MO:153552,similar,absent,2.5,similar name + date/locality; no cross-reference or image,01
BBM:F026281,MO:153552,similar,absent,2.5,similar name + date/locality; no cross-reference or image,01
BBM:F026430,MO:72876,similar,absent,2.5,similar name + date/locality; no cross-reference or image,01
BBM:F026466,MO:72876,similar,absent,2.5,similar name + date/locality; no cross-reference or image,01
BBM:F026534,MO:72876,similar,absent,2.5,similar name + date/locality; no cross-reference or image,01
BBM:F026551,MO:72876,similar,absent,2.5,similar name + date/locality; no cross-reference or image,01
BBM:F026431,MO:164784,strict,absent,3.0,name + exact date + locality/collector match; no cross-reference or image,01
BBM:F026451,MO:72875,strict,absent,3.0,name + exact date + locality/collector match; no cross-reference or image,01
BBM:F026652,MO:165716,strict,absent,3.0,name + exact date + locality/collector match; no cross-reference or image,01
BBM:F027069,MO:281725,strict,unidirectional_platform_to_ubc,4.0,one-directional cross-reference (id present on only one side),01
BBM:F028107,MO:122626,strict,absent,3.0,name + exact date + locality/collector match; no cross-reference or image,01
BBM:F028226,MO:137762,strict,absent,3.0,name + exact date + locality/collector match; no cross-reference or image,01
BBM:F028964,MO:65618,strict,absent,3.0,name + exact date + locality/collector match; no cross-reference or image,01
BBM:F029023,MO:93633,strict,absent,3.0,name + exact date + locality/collector match; no cross-reference or image,01
BBM:F029061,MO:168339,strict,absent,3.0,name + exact date + locality/collector match; no cross-reference or image,01
BBM:F029063,MO:170727,strict,absent,3.0,name + exact date + locality/collector match; no cross-reference or image,01
BBM:F029064,MO:93650,similar,absent,2.5,similar name + date/locality; no cross-reference or image,01
BBM:F029093,MO:93650,similar,absent,2.5,similar name + date/locality; no cross-reference or image,01
BBM:F029105,MO:93650,similar,absent,2.5,similar name + date/locality; no cross-reference or image,01
BBM:F029129,MO:93650,similar,absent,2.5,similar name + date/locality; no cross-reference or image,01
BBM:F029179,MO:93650,similar,absent,2.5,similar name + date/locality; no cross-reference or image,01
BBM:F029423,MO:93650,similar,absent,2.5,similar name + date/locality; no cross-reference or image,01
BBM:F029146,MO:168945,strict,absent,3.0,name + exact date + locality/collector match; no cross-reference or image,01
BBM:F029827,MO:65264,strict,absent,3.0,name + exact date + locality/collector match; no cross-reference or image,01
BBM:F029896,MO:166102,similar,absent,2.5,similar name + date/locality; no cross-reference or image,01
BBM:F029897,MO:166509,strict,absent,3.0,name + exact date + locality/collector match; no cross-reference or image,01
BBM:F029897,MO:166511,strict,absent,3.0,name + exact date + locality/collector match; no cross-reference or image,01
BBM:F029898,MO:166509,strict,absent,3.0,name + exact date + locality/collector match; no cross-reference or image,01
BBM:F029898,MO:166511,strict,absent,3.0,name + exact date + locality/collector match; no cross-reference or image,01
BBM:F031813,MO:93631,similar,absent,2.5,similar name + date/locality; no cross-reference or image,"01,05"
BBM:F031814,MO:93630,similar,absent,2.5,similar name + date/locality; no cross-reference or image,"01,05"
BBM:F031853,MO:93630,similar,absent,2.5,similar name + date/locality; no cross-reference or image,"01,05"
BBM:F031854,MO:93630,similar,absent,2.5,similar name + date/locality; no cross-reference or image,"01,05"
BBM:F031871,MO:93630,similar,absent,2.5,similar name + date/locality; no cross-reference or image,"01,05"
BBM:F031817,MO:227615,strict,absent,3.0,name + exact date + locality/collector match; no cross-reference or image,01
BBM:F031948,MO:69262,strict,absent,3.0,name + exact date + locality/collector match; no cross-reference or image,01
BBM:F032737,MO:205680,strict,absent,3.0,name + exact date + locality/collector match; no cross-reference or image,01
BBM:F032738,MO:205644,strict,absent,3.0,name + exact date + locality/collector match; no cross-reference or image,01
BBM:F035743,MO:311026,similar,absent,2.5,similar name + date/locality; no cross-reference or image,01
BBM:F024590,MO:71301,similar,unidirectional_platform_to_ubc,4.0,one-directional cross-reference (id present on only one side),"01,05"
BBM:F024624,MO:71300,strict,unidirectional_platform_to_ubc,4.0,one-directional cross-reference (id present on only one side),01
BBM:F025183,MO:246351,similar,absent,2.5,similar name + date/locality; no cross-reference or image,"01,05"
BBM:F025680,MO:119494,strict,unidirectional_platform_to_ubc,4.0,one-directional cross-reference (id present on only one side),01
BBM:F027393,MO:266712,similar,unidirectional_platform_to_ubc,4.0,one-directional cross-reference (id present on only one side),"01,05"
BBM:F029330,MO:73091,strict,unidirectional_platform_to_ubc,4.0,one-directional cross-reference (id present on only one side),01
BBM:F029449,MO:73025,strict,unidirectional_platform_to_ubc,4.0,one-directional cross-reference (id present on only one side),01
BBM:F031457,MO:67831,strict,unidirectional_platform_to_ubc,4.0,one-directional cross-reference (id present on only one side),01
BBM:F032720,MO:204069,strict,absent,3.0,name + exact date + locality/collector match; no cross-reference or image,01
BBM:F034101,MO:330122,similar,absent,2.5,similar name + date/locality; no cross-reference or image,01
BBM:F034101,MO:471056,similar,absent,2.5,similar name + date/locality; no cross-reference or image,01
BBM:F034101,MO:531749,similar,absent,2.5,similar name + date/locality; no cross-reference or image,01
BBM:F034251,MO:290708,similar,absent,2.5,similar name + date/locality; no cross-reference or image,01
BBM:F034790,MO:292826,similar,absent,2.5,similar name + date/locality; no cross-reference or image,01
BBM:F025820,MO:129947,similar,absent,2.5,similar name + date/locality; no cross-reference or image,01
BBM:F025820,MO:129952,similar,absent,2.5,similar name + date/locality; no cross-reference or image,"01,02"
BBM:F025848,MO:129947,similar,absent,2.5,similar name + date/locality; no cross-reference or image,01
BBM:F025848,MO:129952,similar,unidirectional_platform_to_ubc,4.0,one-directional cross-reference (id present on only one side),01
BBM:F025863,MO:129947,similar,absent,2.5,similar name + date/locality; no cross-reference or image,01
BBM:F025863,MO:129952,similar,absent,2.5,similar name + date/locality; no cross-reference or image,"01,02"
BBM:F032545,MO:69859,strict,absent,3.0,name + exact date + locality/collector match; no cross-reference or image,01
BBM:F032546,MO:69859,strict,absent,3.0,name + exact date + locality/collector match; no cross-reference or image,01
BBM:F034911,MO:198965,similar,absent,2.5,similar name + date/locality; no cross-reference or image,01
BBM:F024625,MO:71120,strict,unidirectional_platform_to_ubc,4.0,one-directional cross-reference (id present on only one side),01
BBM:F025168,MO:77610,strict,unidirectional_platform_to_ubc,4.0,one-directional cross-reference (id present on only one side),01
BBM:F025547,MO:102451,strict,unidirectional_platform_to_ubc,4.0,one-directional cross-reference (id present on only one side),01
BBM:F026400,MO:154378,strict,unidirectional_platform_to_ubc,4.0,one-directional cross-reference (id present on only one side),01
BBM:F026861,MO:64186,strict,absent,3.0,name + exact date + locality/collector match; no cross-reference or image,01
BBM:F026862,MO:65529,strict,absent,3.0,name + exact date + locality/collector match; no cross-reference or image,01
BBM:F026863,MO:65529,strict,absent,3.0,name + exact date + locality/collector match; no cross-reference or image,01
BBM:F027165,MO:71119,strict,absent,3.0,name + exact date + locality/collector match; no cross-reference or image,01
BBM:F027191,MO:65009,similar,absent,2.5,similar name + date/locality; no cross-reference or image,01
BBM:F032708,MO:203754,strict,absent,3.0,name + exact date + locality/collector match; no cross-reference or image,01
BBM:F032708,MO:203755,strict,absent,3.0,name + exact date + locality/collector match; no cross-reference or image,01
BBM:F032708,MO:203756,strict,absent,3.0,name + exact date + locality/collector match; no cross-reference or image,01
BBM:F032709,MO:203754,strict,absent,3.0,name + exact date + locality/collector match; no cross-reference or image,01
BBM:F032709,MO:203755,strict,absent,3.0,name + exact date + locality/collector match; no cross-reference or image,01
BBM:F032709,MO:203756,strict,absent,3.0,name + exact date + locality/collector match; no cross-reference or image,01
BBM:F032710,MO:203754,strict,absent,3.0,name + exact date + locality/collector match; no cross-reference or image,01
BBM:F032710,MO:203755,strict,absent,3.0,name + exact date + locality/collector match; no cross-reference or image,01
BBM:F032710,MO:203756,strict,absent,3.0,name + exact date + locality/collector match; no cross-reference or image,01
BBM:F032711,MO:203754,strict,absent,3.0,name + exact date + locality/collector match; no cross-reference or image,01
BBM:F032711,MO:203755,strict,absent,3.0,name + exact date + locality/collector match; no cross-reference or image,01
BBM:F032711,MO:203756,strict,absent,3.0,name + exact date + locality/collector match; no cross-reference or image,01
BBM:F032774,MO:211761,strict,absent,3.0,name + exact date + locality/collector match; no cross-reference or image,01
BBM:F033653,MO:203753,similar,absent,2.5,similar name + date/locality; no cross-reference or image,01
BBM:F026879,MO:64917,strict,absent,3.0,name + exact date + locality/collector match; no cross-reference or image,01
BBM:F035653,MO:92204,similar,absent,2.5,similar name + date/locality; no cross-reference or image,01
BBM:F024474,MO:68180,similar,absent,2.5,similar name + date/locality; no cross-reference or image,"01,02"
BBM:F024620,MO:68180,similar,absent,2.5,similar name + date/locality; no cross-reference or image,"01,02"
BBM:F024621,MO:68180,similar,absent,2.5,similar name + date/locality; no cross-reference or image,"01,02"
BBM:F024773,MO:68180,similar,unidirectional_platform_to_ubc,4.0,one-directional cross-reference (id present on only one side),01
BBM:F026009,MO:138878,strict,unidirectional_platform_to_ubc,4.0,one-directional cross-reference (id present on only one side),01
BBM:F026397,MO:154944,strict,unidirectional_platform_to_ubc,4.0,one-directional cross-reference (id present on only one side),01
BBM:F025979,MO:136188,strict,unidirectional_platform_to_ubc,4.0,one-directional cross-reference (id present on only one side),01
BBM:F025608,MO:119025,strict,unidirectional_platform_to_ubc,4.0,one-directional cross-reference (id present on only one side),01
BBM:F028098,MO:120182,strict,absent,3.0,name + exact date + locality/collector match; no cross-reference or image,01
BBM:F024687,MO:63312,strict,unidirectional_platform_to_ubc,4.0,one-directional cross-reference (id present on only one side),01
BBM:F029696,MO:167596,similar,absent,2.5,similar name + date/locality; no cross-reference or image,01
BBM:F027883,MO:93767,strict,absent,3.0,name + exact date + locality/collector match; no cross-reference or image,01
BBM:F028190,MO:132787,strict,absent,3.0,name + exact date + locality/collector match; no cross-reference or image,01
BBM:F031847,MO:131682,strict,absent,3.0,name + exact date + locality/collector match; no cross-reference or image,01
BBM:F024493,MO:67943,strict,absent,3.0,name + exact date + locality/collector match; no cross-reference or image,01
BBM:F024510,MO:67941,similar,absent,2.5,similar name + date/locality; no cross-reference or image,01
BBM:F025123,MO:71514,strict,absent,3.0,name + exact date + locality/collector match; no cross-reference or image,01
BBM:F025165,MO:75852,strict,absent,3.0,name + exact date + locality/collector match; no cross-reference or image,01
BBM:F025166,MO:75852,strict,absent,3.0,name + exact date + locality/collector match; no cross-reference or image,01
BBM:F025175,MO:77969,strict,absent,3.0,name + exact date + locality/collector match; no cross-reference or image,01
BBM:F025500,MO:95524,strict,absent,3.0,name + exact date + locality/collector match; no cross-reference or image,01
BBM:F025522,MO:98217,strict,absent,3.0,name + exact date + locality/collector match; no cross-reference or image,01
BBM:F025523,MO:98424,strict,absent,3.0,name + exact date + locality/collector match; no cross-reference or image,01
BBM:F025524,MO:98424,strict,absent,3.0,name + exact date + locality/collector match; no cross-reference or image,01
BBM:F025551,MO:102706,strict,absent,3.0,name + exact date + locality/collector match; no cross-reference or image,01
BBM:F026040,MO:144593,similar,absent,2.5,similar name + date/locality; no cross-reference or image,01
BBM:F026041,MO:144592,similar,absent,2.5,similar name + date/locality; no cross-reference or image,01
BBM:F026145,MO:148518,strict,absent,3.0,name + exact date + locality/collector match; no cross-reference or image,01
BBM:F026618,MO:64023,strict,absent,3.0,name + exact date + locality/collector match; no cross-reference or image,01
BBM:F027816,MO:79862,strict,absent,3.0,name + exact date + locality/collector match; no cross-reference or image,01
BBM:F028945,MO:172833,strict,absent,3.0,name + exact date + locality/collector match; no cross-reference or image,01
BBM:F029123,MO:171147,strict,absent,3.0,name + exact date + locality/collector match; no cross-reference or image,01
BBM:F029314,MO:64026,strict,absent,3.0,name + exact date + locality/collector match; no cross-reference or image,01
BBM:F029315,MO:64026,strict,absent,3.0,name + exact date + locality/collector match; no cross-reference or image,01
BBM:F031444,MO:196362,strict,absent,3.0,name + exact date + locality/collector match; no cross-reference or image,01
BBM:F032714,MO:203757,strict,absent,3.0,name + exact date + locality/collector match; no cross-reference or image,01
BBM:F034638,MO:223679,strict,absent,3.0,name + exact date + locality/collector match; no cross-reference or image,01
BBM:F035274,MO:223983,similar,absent,2.5,similar name + date/locality; no cross-reference or image,01
BBM:F035704,MO:350911,strict,absent,3.0,name + exact date + locality/collector match; no cross-reference or image,01
BBM:F035723,MO:204291,similar,absent,2.5,similar name + date/locality; no cross-reference or image,01
BBM:F035723,MO:236477,similar,absent,2.5,similar name + date/locality; no cross-reference or image,01
BBM:F035723,MO:308391,similar,absent,2.5,similar name + date/locality; no cross-reference or image,01
BBM:F024509,MO:67940,strict,absent,3.0,name + exact date + locality/collector match; no cross-reference or image,01
BBM:F029892,MO:71408,strict,absent,3.0,name + exact date + locality/collector match; no cross-reference or image,01
BBM:F025543,MO:102271,strict,unidirectional_platform_to_ubc,4.0,one-directional cross-reference (id present on only one side),01
BBM:F029461,MO:64202,strict,absent,3.0,name + exact date + locality/collector match; no cross-reference or image,01
BBM:F032741,MO:205591,strict,absent,3.0,name + exact date + locality/collector match; no cross-reference or image,01
BBM:F024628,MO:66138,strict,unidirectional_platform_to_ubc,4.0,one-directional cross-reference (id present on only one side),01
BBM:F025959,MO:135119,strict,unidirectional_platform_to_ubc,4.0,one-directional cross-reference (id present on only one side),01
BBM:F025960,MO:135119,strict,absent,3.0,name + exact date + locality/collector match; no cross-reference or image,"01,02"
BBM:F026600,MO:64355,strict,unidirectional_platform_to_ubc,4.0,one-directional cross-reference (id present on only one side),01
BBM:F028865,MO:174528,strict,unidirectional_platform_to_ubc,4.0,one-directional cross-reference (id present on only one side),01
BBM:F028870,MO:174531,strict,unidirectional_platform_to_ubc,4.0,one-directional cross-reference (id present on only one side),01
BBM:F028884,MO:174802,strict,unidirectional_platform_to_ubc,4.0,one-directional cross-reference (id present on only one side),01
BBM:F028929,MO:172838,strict,unidirectional_platform_to_ubc,4.0,one-directional cross-reference (id present on only one side),01
BBM:F029359,MO:64201,strict,unidirectional_platform_to_ubc,4.0,one-directional cross-reference (id present on only one side),01
BBM:F029417,MO:66964,similar,absent,2.5,similar name + date/locality; no cross-reference or image,"01,02"
BBM:F029452,MO:66964,similar,unidirectional_platform_to_ubc,4.0,one-directional cross-reference (id present on only one side),01
BBM:F029511,MO:171767,strict,unidirectional_platform_to_ubc,4.0,one-directional cross-reference (id present on only one side),01
BBM:F031710,MO:195369,strict,absent,3.0,name + exact date + locality/collector match; no cross-reference or image,01
BBM:F032736,MO:205916,strict,absent,3.0,name + exact date + locality/collector match; no cross-reference or image,01
BBM:F034778,MO:292694,similar,absent,2.5,similar name + date/locality; no cross-reference or image,01
BBM:F028872,MO:173656,strict,unidirectional_platform_to_ubc,4.0,one-directional cross-reference (id present on only one side),01
BBM:F032950,MO:259830,similar,absent,2.5,similar name + date/locality; no cross-reference or image,01
BBM:F026065,MO:146314,strict,unidirectional_platform_to_ubc,4.0,one-directional cross-reference (id present on only one side),01
BBM:F033266,MO:291971,similar,absent,2.5,similar name + date/locality; no cross-reference or image,01
BBM:F034994,MO:69906,similar,absent,2.5,similar name + date/locality; no cross-reference or image,"01,02,05"
BBM:F027936,MO:96578,similar,absent,2.5,similar name + date/locality; no cross-reference or image,01
BBM:F028066,MO:117086,similar,absent,2.5,similar name + date/locality; no cross-reference or image,01
BBM:F028359,MO:156974,strict,absent,3.0,name + exact date + locality/collector match; no cross-reference or image,01
BBM:F029508,MO:171765,strict,absent,3.0,name + exact date + locality/collector match; no cross-reference or image,01
BBM:F031955,MO:64447,strict,absent,3.0,name + exact date + locality/collector match; no cross-reference or image,01
BBM:F029303,MO:73096,strict,absent,3.0,name + exact date + locality/collector match; no cross-reference or image,01
BBM:F025566,MO:115180,strict,unidirectional_platform_to_ubc,4.0,one-directional cross-reference (id present on only one side),01
BBM:F028049,MO:114637,strict,absent,3.0,name + exact date + locality/collector match; no cross-reference or image,01
BBM:F028050,MO:114637,strict,absent,3.0,name + exact date + locality/collector match; no cross-reference or image,01
BBM:F024809,MO:69839,strict,unidirectional_platform_to_ubc,4.0,one-directional cross-reference (id present on only one side),01
BBM:F024915,MO:90432,strict,unidirectional_platform_to_ubc,4.0,one-directional cross-reference (id present on only one side),01
BBM:F025080,MO:159049,strict,unidirectional_platform_to_ubc,4.0,one-directional cross-reference (id present on only one side),01
BBM:F025817,MO:130122,strict,unidirectional_platform_to_ubc,4.0,one-directional cross-reference (id present on only one side),01
BBM:F035795,MO:330162,similar,absent,2.5,similar name + date/locality; no cross-reference or image,01
BBM:F028805,MO:173685,strict,absent,3.0,name + exact date + locality/collector match; no cross-reference or image,01
BBM:F031403,MO:65809,strict,absent,3.0,name + exact date + locality/collector match; no cross-reference or image,01
BBM:F032018,MO:99490,strict,absent,3.0,name + exact date + locality/collector match; no cross-reference or image,01
BBM:F030519,MO:77975,strict,absent,3.0,name + exact date + locality/collector match; no cross-reference or image,01
BBM:F025066,MO:71218,strict,unidirectional_platform_to_ubc,4.0,one-directional cross-reference (id present on only one side),01
BBM:F029982,MO:167326,strict,absent,3.0,name + exact date + locality/collector match; no cross-reference or image,01
BBM:F035310,MO:159561,similar,absent,2.5,similar name + date/locality; no cross-reference or image,01
BBM:F026268,MO:152200,strict,unidirectional_platform_to_ubc,4.0,one-directional cross-reference (id present on only one side),01
BBM:F025488,MO:94888,strict,unidirectional_platform_to_ubc,4.0,one-directional cross-reference (id present on only one side),01
BBM:F027888,MO:94883,strict,absent,3.0,name + exact date + locality/collector match; no cross-reference or image,01
BBM:F028165,MO:132570,strict,absent,3.0,name + exact date + locality/collector match; no cross-reference or image,01
BBM:F028166,MO:132646,strict,absent,3.0,name + exact date + locality/collector match; no cross-reference or image,01
BBM:F032802,MO:218448,strict,absent,3.0,name + exact date + locality/collector match; no cross-reference or image,01
BBM:F033193,MO:181878,similar,absent,2.5,similar name + date/locality; no cross-reference or image,"01,05"
BBM:F026355,MO:154832,similar,absent,2.5,similar name + date/locality; no cross-reference or image,"01,02"
BBM:F026409,MO:154832,similar,unidirectional_platform_to_ubc,4.0,one-directional cross-reference (id present on only one side),01
BBM:F033306,MO:154832,similar,absent,2.5,similar name + date/locality; no cross-reference or image,"01,02"
BBM:F026980,MO:164519,similar,absent,2.5,similar name + date/locality; no cross-reference or image,01
BBM:F028117,MO:128414,strict,absent,3.0,name + exact date + locality/collector match; no cross-reference or image,01
BBM:F031908,MO:95809,similar,absent,2.5,similar name + date/locality; no cross-reference or image,01
BBM:F032748,MO:207119,strict,absent,3.0,name + exact date + locality/collector match; no cross-reference or image,01
BBM:F032764,MO:211721,strict,absent,3.0,name + exact date + locality/collector match; no cross-reference or image,01
BBM:F034303,MO:265213,similar,absent,2.5,similar name + date/locality; no cross-reference or image,01
BBM:F034303,MO:330017,similar,absent,2.5,similar name + date/locality; no cross-reference or image,01
BBM:F034303,MO:337939,similar,absent,2.5,similar name + date/locality; no cross-reference or image,01
BBM:F034303,MO:374842,similar,absent,2.5,similar name + date/locality; no cross-reference or image,01
BBM:F035677,MO:265213,similar,absent,2.5,similar name + date/locality; no cross-reference or image,01
BBM:F035677,MO:330017,similar,absent,2.5,similar name + date/locality; no cross-reference or image,01
BBM:F035677,MO:337939,similar,absent,2.5,similar name + date/locality; no cross-reference or image,01
BBM:F035677,MO:374842,similar,absent,2.5,similar name + date/locality; no cross-reference or image,01
BBM:F035813,MO:265213,similar,absent,2.5,similar name + date/locality; no cross-reference or image,01
BBM:F035813,MO:330017,similar,absent,2.5,similar name + date/locality; no cross-reference or image,01
BBM:F035813,MO:337939,similar,absent,2.5,similar name + date/locality; no cross-reference or image,01
BBM:F035813,MO:374842,similar,absent,2.5,similar name + date/locality; no cross-reference or image,01
BBM:F027067,MO:106761,similar,absent,2.5,similar name + date/locality; no cross-reference or image,01
BBM:F027092,MO:106761,similar,absent,2.5,similar name + date/locality; no cross-reference or image,01
BBM:F027786,MO:78256,strict,absent,3.0,name + exact date + locality/collector match; no cross-reference or image,01
BBM:F023804,MO:76047,strict,unidirectional_platform_to_ubc,4.0,one-directional cross-reference (id present on only one side),01
BBM:F027754,MO:72412,strict,absent,3.0,name + exact date + locality/collector match; no cross-reference or image,01
BBM:F028244,MO:141660,strict,absent,3.0,name + exact date + locality/collector match; no cross-reference or image,01
BBM:F028267,MO:142901,strict,absent,3.0,name + exact date + locality/collector match; no cross-reference or image,01
BBM:F028296,MO:146222,strict,absent,3.0,name + exact date + locality/collector match; no cross-reference or image,01
BBM:F028917,MO:63821,strict,absent,3.0,name + exact date + locality/collector match; no cross-reference or image,01
BBM:F031766,MO:63598,strict,absent,3.0,name + exact date + locality/collector match; no cross-reference or image,01
BBM:F032735,MO:205867,strict,absent,3.0,name + exact date + locality/collector match; no cross-reference or image,01
BBM:F032771,MO:211250,strict,absent,3.0,name + exact date + locality/collector match; no cross-reference or image,01
BBM:F032775,MO:215554,strict,absent,3.0,name + exact date + locality/collector match; no cross-reference or image,01
BBM:F032777,MO:227049,similar,absent,2.5,similar name + date/locality; no cross-reference or image,01
BBM:F028877,MO:174739,strict,absent,3.0,name + exact date + locality/collector match; no cross-reference or image,01
BBM:F026627,MO:64982,strict,absent,3.0,name + exact date + locality/collector match; no cross-reference or image,01
BBM:F027812,MO:79856,strict,absent,3.0,name + exact date + locality/collector match; no cross-reference or image,01
BBM:F035777,MO:333489,similar,absent,2.5,similar name + date/locality; no cross-reference or image,01
BBM:F035790,MO:333489,similar,absent,2.5,similar name + date/locality; no cross-reference or image,01
BBM:F034734,MO:228480,similar,absent,2.5,similar name + date/locality; no cross-reference or image,01
BBM:F034079,MO:489703,similar,absent,2.5,similar name + date/locality; no cross-reference or image,01
BBM:F027814,MO:79860,strict,absent,3.0,name + exact date + locality/collector match; no cross-reference or image,01
BBM:F028032,MO:112884,strict,absent,3.0,name + exact date + locality/collector match; no cross-reference or image,01
BBM:F026852,MO:65358,strict,absent,3.0,name + exact date + locality/collector match; no cross-reference or image,01
BBM:F031381,MO:195563,strict,absent,3.0,name + exact date + locality/collector match; no cross-reference or image,01
BBM:F033708,MO:171146,similar,absent,2.5,similar name + date/locality; no cross-reference or image,01
BBM:F033708,MO:302977,similar,absent,2.5,similar name + date/locality; no cross-reference or image,01
BBM:F033708,MO:302978,similar,absent,2.5,similar name + date/locality; no cross-reference or image,01
BBM:F026625,MO:71118,similar,absent,2.5,similar name + date/locality; no cross-reference or image,01
BBM:F026642,MO:71118,similar,absent,2.5,similar name + date/locality; no cross-reference or image,01
BBM:F016676,MO:77985,similar,absent,2.5,similar name + date/locality; no cross-reference or image,01
BBM:F030577,MO:77985,similar,absent,2.5,similar name + date/locality; no cross-reference or image,01
BBM:F030651,MO:77985,similar,absent,2.5,similar name + date/locality; no cross-reference or image,01
BBM:F030678,MO:77985,similar,absent,2.5,similar name + date/locality; no cross-reference or image,01
BBM:F024595,MO:85246,similar,absent,2.5,similar name + date/locality; no cross-reference or image,01
BBM:F024666,MO:85246,similar,absent,2.5,similar name + date/locality; no cross-reference or image,01
BBM:F024748,MO:85246,similar,absent,2.5,similar name + date/locality; no cross-reference or image,01
BBM:F024780,MO:85246,similar,absent,2.5,similar name + date/locality; no cross-reference or image,01
BBM:F025350,MO:86572,strict,unidirectional_platform_to_ubc,4.0,one-directional cross-reference (id present on only one side),01
BBM:F031512,MO:75964,similar,unidirectional_platform_to_ubc,4.0,one-directional cross-reference (id present on only one side),01
BBM:F031564,MO:85245,similar,absent,2.5,similar name + date/locality; no cross-reference or image,01
BBM:F033713,MO:379222,similar,absent,2.5,similar name + date/locality; no cross-reference or image,01
BBM:F033713,MO:383384,similar,absent,2.5,similar name + date/locality; no cross-reference or image,01
BBM:F033713,MO:414095,similar,absent,2.5,similar name + date/locality; no cross-reference or image,01
BBM:F034381,MO:379222,similar,absent,2.5,similar name + date/locality; no cross-reference or image,01
BBM:F034381,MO:383384,similar,absent,2.5,similar name + date/locality; no cross-reference or image,01
BBM:F034381,MO:414095,similar,absent,2.5,similar name + date/locality; no cross-reference or image,01
BBM:F035387,MO:233898,similar,absent,2.5,similar name + date/locality; no cross-reference or image,01
BBM:F035387,MO:375381,similar,absent,2.5,similar name + date/locality; no cross-reference or image,01
BBM:F035387,MO:375880,similar,absent,2.5,similar name + date/locality; no cross-reference or image,01
BBM:F035387,MO:381288,similar,absent,2.5,similar name + date/locality; no cross-reference or image,01
BBM:F035387,MO:385257,similar,absent,2.5,similar name + date/locality; no cross-reference or image,01
BBM:F035387,MO:407473,similar,absent,2.5,similar name + date/locality; no cross-reference or image,01
BBM:F035387,MO:425590,similar,absent,2.5,similar name + date/locality; no cross-reference or image,01
BBM:F035387,MO:426916,similar,absent,2.5,similar name + date/locality; no cross-reference or image,01
BBM:F035444,MO:233898,similar,absent,2.5,similar name + date/locality; no cross-reference or image,01
BBM:F035444,MO:375381,similar,absent,2.5,similar name + date/locality; no cross-reference or image,01
BBM:F035444,MO:375880,similar,absent,2.5,similar name + date/locality; no cross-reference or image,01
BBM:F035444,MO:381288,similar,absent,2.5,similar name + date/locality; no cross-reference or image,01
BBM:F035444,MO:385257,similar,absent,2.5,similar name + date/locality; no cross-reference or image,01
BBM:F035444,MO:407473,similar,absent,2.5,similar name + date/locality; no cross-reference or image,01
BBM:F035444,MO:425590,similar,absent,2.5,similar name + date/locality; no cross-reference or image,01
BBM:F035444,MO:426916,similar,absent,2.5,similar name + date/locality; no cross-reference or image,01
BBM:F034645,MO:441732,similar,absent,2.5,similar name + date/locality; no cross-reference or image,01
BBM:F035182,MO:75638,similar,absent,2.5,similar name + date/locality; no cross-reference or image,01
BBM:F035182,MO:442097,similar,absent,2.5,similar name + date/locality; no cross-reference or image,01
BBM:F035182,MO:444797,similar,absent,2.5,similar name + date/locality; no cross-reference or image,01
BBM:F035190,MO:75638,similar,absent,2.5,similar name + date/locality; no cross-reference or image,01
BBM:F035190,MO:442097,similar,absent,2.5,similar name + date/locality; no cross-reference or image,01
BBM:F035190,MO:444797,similar,absent,2.5,similar name + date/locality; no cross-reference or image,01
BBM:F028291,MO:144187,strict,unidirectional_platform_to_ubc,4.0,one-directional cross-reference (id present on only one side),01
BBM:F028294,MO:145245,strict,unidirectional_platform_to_ubc,4.0,one-directional cross-reference (id present on only one side),01
BBM:F028706,MO:206147,strict,absent,3.0,name + exact date + locality/collector match; no cross-reference or image,01
BBM:F031617,MO:75944,similar,unidirectional_platform_to_ubc,4.0,one-directional cross-reference (id present on only one side),"01,05"
BBM:F033895,MO:292979,similar,absent,2.5,similar name + date/locality; no cross-reference or image,01
BBM:F033895,MO:327344,similar,absent,2.5,similar name + date/locality; no cross-reference or image,01
BBM:F033895,MO:329637,similar,absent,2.5,similar name + date/locality; no cross-reference or image,01
BBM:F033895,MO:375276,similar,absent,2.5,similar name + date/locality; no cross-reference or image,01
BBM:F033895,MO:375881,similar,absent,2.5,similar name + date/locality; no cross-reference or image,01
BBM:F033895,MO:379251,similar,absent,2.5,similar name + date/locality; no cross-reference or image,01
BBM:F033895,MO:381021,similar,absent,2.5,similar name + date/locality; no cross-reference or image,01
BBM:F034803,MO:292979,similar,absent,2.5,similar name + date/locality; no cross-reference or image,01
BBM:F034803,MO:327344,similar,absent,2.5,similar name + date/locality; no cross-reference or image,01
BBM:F034803,MO:329637,similar,absent,2.5,similar name + date/locality; no cross-reference or image,01
BBM:F034803,MO:375276,similar,absent,2.5,similar name + date/locality; no cross-reference or image,01
BBM:F034803,MO:375881,similar,absent,2.5,similar name + date/locality; no cross-reference or image,01
BBM:F034803,MO:379251,similar,absent,2.5,similar name + date/locality; no cross-reference or image,01
BBM:F034803,MO:381021,similar,absent,2.5,similar name + date/locality; no cross-reference or image,01
BBM:F028083,MO:120236,strict,absent,3.0,name + exact date + locality/collector match; no cross-reference or image,01
BBM:F031561,MO:65457,strict,absent,3.0,name + exact date + locality/collector match; no cross-reference or image,01
BBM:F031562,MO:65458,strict,absent,3.0,name + exact date + locality/collector match; no cross-reference or image,01
BBM:F027691,MO:65920,similar,absent,2.5,similar name + date/locality; no cross-reference or image,"01,05"
BBM:F029967,MO:63926,similar,absent,2.5,similar name + date/locality; no cross-reference or image,"01,05"
BBM:F034907,MO:269405,similar,absent,2.5,similar name + date/locality; no cross-reference or image,01
BBM:F023776,MO:111137,similar,absent,2.5,similar name + date/locality; no cross-reference or image,01
BBM:F027995,MO:111137,similar,absent,2.5,similar name + date/locality; no cross-reference or image,01
BBM:F024361,MO:64903,strict,unidirectional_platform_to_ubc,4.0,one-directional cross-reference (id present on only one side),01
BBM:F024769,MO:69674,strict,unidirectional_platform_to_ubc,4.0,one-directional cross-reference (id present on only one side),01
BBM:F025501,MO:95744,strict,unidirectional_platform_to_ubc,4.0,one-directional cross-reference (id present on only one side),01
BBM:F025502,MO:95744,strict,absent,3.0,name + exact date + locality/collector match; no cross-reference or image,"01,02"
BBM:F025882,MO:129990,strict,unidirectional_platform_to_ubc,4.0,one-directional cross-reference (id present on only one side),01
BBM:F025928,MO:160380,strict,unidirectional_platform_to_ubc,4.0,one-directional cross-reference (id present on only one side),01
BBM:F026361,MO:153801,strict,unidirectional_platform_to_ubc,4.0,one-directional cross-reference (id present on only one side),01
BBM:F027084,MO:71568,strict,unidirectional_platform_to_ubc,4.0,one-directional cross-reference (id present on only one side),01
BBM:F027085,MO:72483,strict,absent,3.0,name + exact date + locality/collector match; no cross-reference or image,01
BBM:F027174,MO:75644,strict,absent,3.0,name + exact date + locality/collector match; no cross-reference or image,01
BBM:F027700,MO:66789,strict,absent,3.0,name + exact date + locality/collector match; no cross-reference or image,01
BBM:F027796,MO:79361,strict,absent,3.0,name + exact date + locality/collector match; no cross-reference or image,01
BBM:F027798,MO:79444,strict,absent,3.0,name + exact date + locality/collector match; no cross-reference or image,01
BBM:F027817,MO:80093,strict,absent,3.0,name + exact date + locality/collector match; no cross-reference or image,01
BBM:F027969,MO:103719,strict,unidirectional_platform_to_ubc,4.0,one-directional cross-reference (id present on only one side),01
BBM:F027975,MO:108623,strict,absent,3.0,name + exact date + locality/collector match; no cross-reference or image,01
BBM:F027996,MO:111138,strict,absent,3.0,name + exact date + locality/collector match; no cross-reference or image,01
BBM:F028034,MO:116282,strict,absent,3.0,name + exact date + locality/collector match; no cross-reference or image,01
BBM:F028120,MO:128297,strict,absent,3.0,name + exact date + locality/collector match; no cross-reference or image,01
BBM:F028262,MO:141731,strict,absent,3.0,name + exact date + locality/collector match; no cross-reference or image,01
BBM:F028302,MO:146316,strict,absent,3.0,name + exact date + locality/collector match; no cross-reference or image,01
BBM:F028814,MO:70471,strict,absent,3.0,name + exact date + locality/collector match; no cross-reference or image,01
BBM:F031940,MO:68943,strict,absent,3.0,name + exact date + locality/collector match; no cross-reference or image,01
BBM:F032715,MO:203803,strict,absent,3.0,name + exact date + locality/collector match; no cross-reference or image,01
BBM:F033875,MO:236479,similar,absent,2.5,similar name + date/locality; no cross-reference or image,01
BBM:F033972,MO:315120,similar,absent,2.5,similar name + date/locality; no cross-reference or image,01
BBM:F034524,MO:255367,similar,absent,2.5,similar name + date/locality; no cross-reference or image,01
BBM:F034524,MO:295481,similar,absent,2.5,similar name + date/locality; no cross-reference or image,01
BBM:F035708,MO:308763,similar,absent,2.5,similar name + date/locality; no cross-reference or image,01
BBM:F028304,MO:146285,similar,absent,2.5,similar name + date/locality; no cross-reference or image,01
BBM:F034779,MO:146285,similar,absent,2.5,similar name + date/locality; no cross-reference or image,01
BBM:F032017,MO:107002,strict,absent,3.0,name + exact date + locality/collector match; no cross-reference or image,01
BBM:F033293,MO:292824,similar,absent,2.5,similar name + date/locality; no cross-reference or image,01
BBM:F027041,MO:96925,strict,absent,3.0,name + exact date + locality/collector match; no cross-reference or image,01
BBM:F029343,MO:171762,similar,absent,2.5,similar name + date/locality; no cross-reference or image,01
BBM:F029412,MO:65013,similar,absent,2.5,similar name + date/locality; no cross-reference or image,01
BBM:F029102,MO:63519,similar,absent,2.5,similar name + date/locality; no cross-reference or image,01
BBM:F024205,MO:64183,similar,absent,2.5,similar name + date/locality; no cross-reference or image,"01,02"
BBM:F024220,MO:64183,similar,unidirectional_platform_to_ubc,4.0,one-directional cross-reference (id present on only one side),01
BBM:F024258,MO:64183,similar,absent,2.5,similar name + date/locality; no cross-reference or image,"01,02"
BBM:F024336,MO:64183,similar,absent,2.5,similar name + date/locality; no cross-reference or image,"01,02"
BBM:F024392,MO:64183,similar,absent,2.5,similar name + date/locality; no cross-reference or image,"01,02"
BBM:F034719,MO:64183,similar,absent,2.5,similar name + date/locality; no cross-reference or image,"01,02"
BBM:F026267,MO:152199,strict,unidirectional_platform_to_ubc,4.0,one-directional cross-reference (id present on only one side),01
BBM:F028225,MO:138778,strict,absent,3.0,name + exact date + locality/collector match; no cross-reference or image,"01,02"
BBM:F026838,MO:66091,strict,absent,3.0,name + exact date + locality/collector match; no cross-reference or image,01
BBM:F034608,MO:162372,similar,absent,2.5,similar name + date/locality; no cross-reference or image,01
BBM:F024186,MO:66149,strict,unidirectional_platform_to_ubc,4.0,one-directional cross-reference (id present on only one side),01
BBM:F024246,MO:66317,strict,unidirectional_platform_to_ubc,4.0,one-directional cross-reference (id present on only one side),01
BBM:F024306,MO:72943,strict,unidirectional_platform_to_ubc,4.0,one-directional cross-reference (id present on only one side),01
BBM:F024736,MO:69697,similar,absent,2.5,similar name + date/locality; no cross-reference or image,01
BBM:F025026,MO:69541,strict,unidirectional_platform_to_ubc,4.0,one-directional cross-reference (id present on only one side),01
BBM:F025081,MO:159046,strict,unidirectional_platform_to_ubc,4.0,one-directional cross-reference (id present on only one side),01
BBM:F025781,MO:130458,similar,absent,2.5,similar name + date/locality; no cross-reference or image,01
BBM:F034607,MO:130458,similar,absent,2.5,similar name + date/locality; no cross-reference or image,01
BBM:F026023,MO:145413,strict,unidirectional_platform_to_ubc,4.0,one-directional cross-reference (id present on only one side),01
BBM:F025406,MO:118462,similar,absent,2.5,similar name + date/locality; no cross-reference or image,"01,02"
BBM:F025605,MO:118462,similar,unidirectional_platform_to_ubc,4.0,one-directional cross-reference (id present on only one side),01
BBM:F029189,MO:65415,strict,absent,3.0,name + exact date + locality/collector match; no cross-reference or image,01
BBM:F024164,MO:68152,similar,absent,2.5,similar name + date/locality; no cross-reference or image,01
BBM:F024347,MO:68152,similar,absent,2.5,similar name + date/locality; no cross-reference or image,01
BBM:F024411,MO:68152,similar,absent,2.5,similar name + date/locality; no cross-reference or image,01
BBM:F024309,MO:64989,strict,unidirectional_platform_to_ubc,4.0,one-directional cross-reference (id present on only one side),01
BBM:F024345,MO:70188,similar,absent,2.5,similar name + date/locality; no cross-reference or image,"01,02"
BBM:F024823,MO:70188,similar,unidirectional_platform_to_ubc,4.0,one-directional cross-reference (id present on only one side),01
BBM:F024455,MO:170808,strict,unidirectional_platform_to_ubc,4.0,one-directional cross-reference (id present on only one side),01
BBM:F025049,MO:159096,similar,absent,2.5,similar name + date/locality; no cross-reference or image,"01,02"
BBM:F025068,MO:159096,similar,unidirectional_platform_to_ubc,4.0,one-directional cross-reference (id present on only one side),01
BBM:F025101,MO:159096,similar,absent,2.5,similar name + date/locality; no cross-reference or image,"01,02"
BBM:F025118,MO:159096,similar,absent,2.5,similar name + date/locality; no cross-reference or image,"01,02"
BBM:F025478,MO:95030,strict,unidirectional_platform_to_ubc,4.0,one-directional cross-reference (id present on only one side),01
BBM:F025688,MO:122987,strict,unidirectional_platform_to_ubc,4.0,one-directional cross-reference (id present on only one side),01
BBM:F025940,MO:134502,strict,unidirectional_platform_to_ubc,4.0,one-directional cross-reference (id present on only one side),01
BBM:F025940,MO:137908,strict,absent,3.0,name + exact date + locality/collector match; no cross-reference or image,01
BBM:F026017,MO:140964,strict,unidirectional_platform_to_ubc,4.0,one-directional cross-reference (id present on only one side),01
BBM:F026513,MO:167148,similar,absent,2.5,similar name + date/locality; no cross-reference or image,01
BBM:F029950,MO:167148,similar,absent,2.5,similar name + date/locality; no cross-reference or image,01
BBM:F029132,MO:68153,strict,absent,3.0,name + exact date + locality/collector match; no cross-reference or image,01
BBM:F032749,MO:207390,strict,absent,3.0,name + exact date + locality/collector match; no cross-reference or image,01
BBM:F026608,MO:66078,strict,absent,3.0,name + exact date + locality/collector match; no cross-reference or image,01
BBM:F026609,MO:66079,strict,absent,3.0,name + exact date + locality/collector match; no cross-reference or image,01
BBM:F026945,MO:65270,strict,unidirectional_platform_to_ubc,4.0,one-directional cross-reference (id present on only one side),01
BBM:F028281,MO:143653,strict,absent,3.0,name + exact date + locality/collector match; no cross-reference or image,01
BBM:F032751,MO:207391,strict,absent,3.0,name + exact date + locality/collector match; no cross-reference or image,01
BBM:F032752,MO:207175,strict,absent,3.0,name + exact date + locality/collector match; no cross-reference or image,01
BBM:F034906,MO:267604,similar,absent,2.5,similar name + date/locality; no cross-reference or image,01
BBM:F035021,MO:267604,similar,absent,2.5,similar name + date/locality; no cross-reference or image,01
BBM:F035302,MO:198427,similar,absent,2.5,similar name + date/locality; no cross-reference or image,01
BBM:F034386,MO:370117,similar,absent,2.5,similar name + date/locality; no cross-reference or image,01
BBM:F024491,MO:68030,strict,absent,3.0,name + exact date + locality/collector match; no cross-reference or image,"01,02"
BBM:F025085,MO:70526,strict,unidirectional_platform_to_ubc,4.0,one-directional cross-reference (id present on only one side),01
BBM:F025563,MO:114205,strict,unidirectional_platform_to_ubc,4.0,one-directional cross-reference (id present on only one side),01
BBM:F025907,MO:139594,similar,absent,2.5,similar name + date/locality; no cross-reference or image,"01,02"
BBM:F026019,MO:139594,similar,unidirectional_platform_to_ubc,4.0,one-directional cross-reference (id present on only one side),01
BBM:F025989,MO:138261,strict,unidirectional_platform_to_ubc,4.0,one-directional cross-reference (id present on only one side),01
BBM:F026026,MO:144839,strict,unidirectional_platform_to_ubc,4.0,one-directional cross-reference (id present on only one side),01
BBM:F026068,MO:146394,strict,unidirectional_platform_to_ubc,4.0,one-directional cross-reference (id present on only one side),01
BBM:F027006,MO:65048,strict,unidirectional_platform_to_ubc,4.0,one-directional cross-reference (id present on only one side),01
BBM:F026716,MO:88666,similar,absent,2.5,similar name + date/locality; no cross-reference or image,01
BBM:F026782,MO:88666,similar,absent,2.5,similar name + date/locality; no cross-reference or image,01
BBM:F026895,MO:88666,similar,absent,2.5,similar name + date/locality; no cross-reference or image,01
BBM:F026936,MO:68176,strict,absent,3.0,name + exact date + locality/collector match; no cross-reference or image,01
BBM:F031659,MO:157095,strict,absent,3.0,name + exact date + locality/collector match; no cross-reference or image,01
BBM:F032892,MO:236365,similar,absent,2.5,similar name + date/locality; no cross-reference or image,01
BBM:F025065,MO:88688,strict,unidirectional_platform_to_ubc,4.0,one-directional cross-reference (id present on only one side),01
BBM:F027963,MO:104251,strict,absent,3.0,name + exact date + locality/collector match; no cross-reference or image,01
BBM:F025815,MO:139341,strict,unidirectional_platform_to_ubc,4.0,one-directional cross-reference (id present on only one side),01
BBM:F028240,MO:141737,strict,absent,3.0,name + exact date + locality/collector match; no cross-reference or image,01
BBM:F032807,MO:218682,similar,absent,2.5,similar name + date/locality; no cross-reference or image,01
BBM:F025975,MO:137028,strict,unidirectional_platform_to_ubc,4.0,one-directional cross-reference (id present on only one side),01
BBM:F032463,MO:65301,strict,absent,3.0,name + exact date + locality/collector match; no cross-reference or image,01
BBM:F032464,MO:65301,strict,absent,3.0,name + exact date + locality/collector match; no cross-reference or image,01
BBM:F025115,MO:71651,strict,unidirectional_platform_to_ubc,4.0,one-directional cross-reference (id present on only one side),01
BBM:F025337,MO:85115,strict,unidirectional_platform_to_ubc,4.0,one-directional cross-reference (id present on only one side),01
BBM:F025542,MO:102522,strict,unidirectional_platform_to_ubc,4.0,one-directional cross-reference (id present on only one side),01
BBM:F025134,MO:71887,strict,unidirectional_platform_to_ubc,4.0,one-directional cross-reference (id present on only one side),01
BBM:F027960,MO:104491,strict,absent,3.0,name + exact date + locality/collector match; no cross-reference or image,01
BBM:F016598,MO:65428,strict,absent,3.0,name + exact date + locality/collector match; no cross-reference or image,01
BBM:F025483,MO:94788,strict,unidirectional_platform_to_ubc,4.0,one-directional cross-reference (id present on only one side),01
BBM:F026573,MO:65001,strict,absent,3.0,name + exact date + locality/collector match; no cross-reference or image,01
BBM:F031725,MO:195480,strict,absent,3.0,name + exact date + locality/collector match; no cross-reference or image,01
BBM:F032724,MO:203970,strict,absent,3.0,name + exact date + locality/collector match; no cross-reference or image,01
BBM:F024279,MO:203748,strict,unidirectional_platform_to_ubc,4.0,one-directional cross-reference (id present on only one side),01
BBM:F032801,MO:220065,strict,absent,3.0,name + exact date + locality/collector match; no cross-reference or image,01
BBM:F033012,MO:217884,strict,absent,3.0,name + exact date + locality/collector match; no cross-reference or image,01
BBM:F025503,MO:95657,strict,absent,3.0,name + exact date + locality/collector match; no cross-reference or image,01
BBM:F026589,MO:165193,strict,absent,3.0,name + exact date + locality/collector match; no cross-reference or image,01
BBM:F026599,MO:64000,strict,absent,3.0,name + exact date + locality/collector match; no cross-reference or image,01
BBM:F032706,MO:203070,strict,absent,3.0,name + exact date + locality/collector match; no cross-reference or image,01
BBM:F026586,MO:63656,similar,absent,2.5,similar name + date/locality; no cross-reference or image,01
BBM:F032425,MO:63656,similar,absent,2.5,similar name + date/locality; no cross-reference or image,01
BBM:F032746,MO:207342,strict,absent,3.0,name + exact date + locality/collector match; no cross-reference or image,01
BBM:F034606,MO:202067,similar,absent,2.5,similar name + date/locality; no cross-reference or image,01
BBM:F034606,MO:245722,similar,absent,2.5,similar name + date/locality; no cross-reference or image,01
BBM:F024889,MO:63190,similar,absent,2.5,similar name + date/locality; no cross-reference or image,01
BBM:F033988,MO:273964,similar,absent,2.5,similar name + date/locality; no cross-reference or image,01
BBM:F034611,MO:200186,similar,absent,2.5,similar name + date/locality; no cross-reference or image,01
BBM:F034611,MO:200691,similar,absent,2.5,similar name + date/locality; no cross-reference or image,01
BBM:F034611,MO:202170,similar,absent,2.5,similar name + date/locality; no cross-reference or image,01
BBM:F034611,MO:202331,similar,absent,2.5,similar name + date/locality; no cross-reference or image,01
BBM:F034611,MO:274269,similar,absent,2.5,similar name + date/locality; no cross-reference or image,01
BBM:F034611,MO:275437,similar,absent,2.5,similar name + date/locality; no cross-reference or image,01
BBM:F034611,MO:306479,similar,absent,2.5,similar name + date/locality; no cross-reference or image,01
BBM:F034974,MO:200186,similar,absent,2.5,similar name + date/locality; no cross-reference or image,01
BBM:F034974,MO:200691,similar,absent,2.5,similar name + date/locality; no cross-reference or image,01
BBM:F034974,MO:202170,similar,absent,2.5,similar name + date/locality; no cross-reference or image,01
BBM:F034974,MO:202331,similar,absent,2.5,similar name + date/locality; no cross-reference or image,01
BBM:F034974,MO:274269,similar,absent,2.5,similar name + date/locality; no cross-reference or image,01
BBM:F034974,MO:275437,similar,absent,2.5,similar name + date/locality; no cross-reference or image,01
BBM:F034974,MO:306479,similar,absent,2.5,similar name + date/locality; no cross-reference or image,01
BBM:F035023,MO:200186,similar,absent,2.5,similar name + date/locality; no cross-reference or image,01
BBM:F035023,MO:200691,similar,absent,2.5,similar name + date/locality; no cross-reference or image,01
BBM:F035023,MO:202170,similar,absent,2.5,similar name + date/locality; no cross-reference or image,01
BBM:F035023,MO:202331,similar,absent,2.5,similar name + date/locality; no cross-reference or image,01
BBM:F035023,MO:274269,similar,absent,2.5,similar name + date/locality; no cross-reference or image,01
BBM:F035023,MO:275437,similar,absent,2.5,similar name + date/locality; no cross-reference or image,01
BBM:F035023,MO:306479,similar,absent,2.5,similar name + date/locality; no cross-reference or image,01
BBM:F035325,MO:200186,similar,absent,2.5,similar name + date/locality; no cross-reference or image,01
BBM:F035325,MO:200691,similar,absent,2.5,similar name + date/locality; no cross-reference or image,01
BBM:F035325,MO:202170,similar,absent,2.5,similar name + date/locality; no cross-reference or image,01
BBM:F035325,MO:202331,similar,absent,2.5,similar name + date/locality; no cross-reference or image,01
BBM:F035325,MO:274269,similar,absent,2.5,similar name + date/locality; no cross-reference or image,01
BBM:F035325,MO:275437,similar,absent,2.5,similar name + date/locality; no cross-reference or image,01
BBM:F035325,MO:306479,similar,absent,2.5,similar name + date/locality; no cross-reference or image,01
BBM:F026745,MO:63187,strict,absent,3.0,name + exact date + locality/collector match; no cross-reference or image,01
BBM:F026789,MO:67332,strict,absent,3.0,name + exact date + locality/collector match; no cross-reference or image,01
BBM:F034605,MO:200560,similar,absent,2.5,similar name + date/locality; no cross-reference or image,01
BBM:F034605,MO:363291,similar,absent,2.5,similar name + date/locality; no cross-reference or image,01
BBM:F034627,MO:200560,similar,absent,2.5,similar name + date/locality; no cross-reference or image,01
BBM:F034627,MO:363291,similar,absent,2.5,similar name + date/locality; no cross-reference or image,01
BBM:F025120,MO:77713,strict,unidirectional_platform_to_ubc,4.0,one-directional cross-reference (id present on only one side),01
BBM:F025988,MO:136789,strict,unidirectional_platform_to_ubc,4.0,one-directional cross-reference (id present on only one side),01
BBM:F026607,MO:64960,similar,absent,2.5,similar name + date/locality; no cross-reference or image,"01,02"
BBM:F026616,MO:64960,similar,unidirectional_platform_to_ubc,4.0,one-directional cross-reference (id present on only one side),01
BBM:F028242,MO:144259,strict,absent,3.0,name + exact date + locality/collector match; no cross-reference or image,01
BBM:F031343,MO:141948,strict,absent,3.0,name + exact date + locality/collector match; no cross-reference or image,01
BBM:F024698,MO:105536,strict,unidirectional_platform_to_ubc,4.0,one-directional cross-reference (id present on only one side),01
BBM:F025338,MO:85116,strict,unidirectional_platform_to_ubc,4.0,one-directional cross-reference (id present on only one side),01
BBM:F025339,MO:105981,strict,unidirectional_platform_to_ubc,4.0,one-directional cross-reference (id present on only one side),01
BBM:F025825,MO:155746,similar,absent,2.5,similar name + date/locality; no cross-reference or image,"01,02"
BBM:F026380,MO:155746,similar,unidirectional_platform_to_ubc,4.0,one-directional cross-reference (id present on only one side),01
BBM:F025827,MO:129738,strict,unidirectional_platform_to_ubc,4.0,one-directional cross-reference (id present on only one side),01
BBM:F026174,MO:149940,strict,unidirectional_platform_to_ubc,4.0,one-directional cross-reference (id present on only one side),01
BBM:F026220,MO:151874,strict,unidirectional_platform_to_ubc,4.0,one-directional cross-reference (id present on only one side),01
BBM:F026354,MO:154364,strict,unidirectional_platform_to_ubc,4.0,one-directional cross-reference (id present on only one side),01
BBM:F026379,MO:154945,strict,unidirectional_platform_to_ubc,4.0,one-directional cross-reference (id present on only one side),01
BBM:F026467,MO:72877,strict,absent,3.0,name + exact date + locality/collector match; no cross-reference or image,01
BBM:F026485,MO:72981,strict,absent,3.0,name + exact date + locality/collector match; no cross-reference or image,01
BBM:F026536,MO:65166,strict,absent,3.0,name + exact date + locality/collector match; no cross-reference or image,01
BBM:F027574,MO:69669,strict,absent,3.0,name + exact date + locality/collector match; no cross-reference or image,01
BBM:F028878,MO:174753,similar,absent,2.5,similar name + date/locality; no cross-reference or image,01
BBM:F034551,MO:195368,similar,absent,2.5,similar name + date/locality; no cross-reference or image,01
BBM:F034551,MO:225744,similar,absent,2.5,similar name + date/locality; no cross-reference or image,01
BBM:F034551,MO:262314,similar,absent,2.5,similar name + date/locality; no cross-reference or image,01
BBM:F034551,MO:343964,similar,absent,2.5,similar name + date/locality; no cross-reference or image,01
BBM:F034551,MO:411787,similar,absent,2.5,similar name + date/locality; no cross-reference or image,01
BBM:F034551,MO:442107,similar,absent,2.5,similar name + date/locality; no cross-reference or image,01
BBM:F034585,MO:195368,similar,absent,2.5,similar name + date/locality; no cross-reference or image,01
BBM:F034585,MO:225744,similar,absent,2.5,similar name + date/locality; no cross-reference or image,01
BBM:F034585,MO:262314,similar,absent,2.5,similar name + date/locality; no cross-reference or image,01
BBM:F034585,MO:343964,similar,absent,2.5,similar name + date/locality; no cross-reference or image,01
BBM:F034585,MO:411787,similar,absent,2.5,similar name + date/locality; no cross-reference or image,01
BBM:F034585,MO:442107,similar,absent,2.5,similar name + date/locality; no cross-reference or image,01
BBM:F034664,MO:195368,similar,absent,2.5,similar name + date/locality; no cross-reference or image,01
BBM:F034664,MO:225744,similar,absent,2.5,similar name + date/locality; no cross-reference or image,01
BBM:F034664,MO:262314,similar,absent,2.5,similar name + date/locality; no cross-reference or image,01
BBM:F034664,MO:343964,similar,absent,2.5,similar name + date/locality; no cross-reference or image,01
BBM:F034664,MO:411787,similar,absent,2.5,similar name + date/locality; no cross-reference or image,01
BBM:F034664,MO:442107,similar,absent,2.5,similar name + date/locality; no cross-reference or image,01
BBM:F034743,MO:195368,similar,absent,2.5,similar name + date/locality; no cross-reference or image,01
BBM:F034743,MO:225744,similar,absent,2.5,similar name + date/locality; no cross-reference or image,01
BBM:F034743,MO:262314,similar,absent,2.5,similar name + date/locality; no cross-reference or image,01
BBM:F034743,MO:343964,similar,absent,2.5,similar name + date/locality; no cross-reference or image,01
BBM:F034743,MO:411787,similar,absent,2.5,similar name + date/locality; no cross-reference or image,01
BBM:F034743,MO:442107,similar,absent,2.5,similar name + date/locality; no cross-reference or image,01
BBM:F035097,MO:195368,similar,absent,2.5,similar name + date/locality; no cross-reference or image,01
BBM:F035097,MO:225744,similar,absent,2.5,similar name + date/locality; no cross-reference or image,01
BBM:F035097,MO:262314,similar,absent,2.5,similar name + date/locality; no cross-reference or image,01
BBM:F035097,MO:343964,similar,absent,2.5,similar name + date/locality; no cross-reference or image,01
BBM:F035097,MO:411787,similar,absent,2.5,similar name + date/locality; no cross-reference or image,01
BBM:F035097,MO:442107,similar,absent,2.5,similar name + date/locality; no cross-reference or image,01
BBM:F024235,MO:72975,similar,absent,2.5,similar name + date/locality; no cross-reference or image,01
BBM:F024281,MO:72975,similar,absent,2.5,similar name + date/locality; no cross-reference or image,01
BBM:F024323,MO:72975,similar,absent,2.5,similar name + date/locality; no cross-reference or image,01
BBM:F024461,MO:72975,similar,absent,2.5,similar name + date/locality; no cross-reference or image,01
BBM:F024483,MO:72975,similar,absent,2.5,similar name + date/locality; no cross-reference or image,01
BBM:F024849,MO:72975,similar,absent,2.5,similar name + date/locality; no cross-reference or image,01
BBM:F024847,MO:72977,strict,unidirectional_platform_to_ubc,4.0,one-directional cross-reference (id present on only one side),01
BBM:F024848,MO:72976,strict,unidirectional_platform_to_ubc,4.0,one-directional cross-reference (id present on only one side),01
BBM:F025716,MO:122246,strict,unidirectional_platform_to_ubc,4.0,one-directional cross-reference (id present on only one side),01
BBM:F026035,MO:144674,similar,absent,2.5,similar name + date/locality; no cross-reference or image,01
BBM:F034271,MO:144674,similar,absent,2.5,similar name + date/locality; no cross-reference or image,01
BBM:F028380,MO:159210,strict,absent,3.0,name + exact date + locality/collector match; no cross-reference or image,01
BBM:F035666,MO:314828,similar,absent,2.5,similar name + date/locality; no cross-reference or image,01
BBM:F025909,MO:134698,strict,unidirectional_platform_to_ubc,4.0,one-directional cross-reference (id present on only one side),01
BBM:F025384,MO:88382,strict,unidirectional_platform_to_ubc,4.0,one-directional cross-reference (id present on only one side),01
BBM:F027970,MO:104245,strict,absent,3.0,name + exact date + locality/collector match; no cross-reference or image,01
BBM:F025136,MO:77714,strict,unidirectional_platform_to_ubc,4.0,one-directional cross-reference (id present on only one side),01
BBM:F034712,MO:170836,similar,absent,2.5,similar name + date/locality; no cross-reference or image,01
BBM:F016593,MO:65426,similar,absent,2.5,similar name + date/locality; no cross-reference or image,01
BBM:F030453,MO:65426,similar,absent,2.5,similar name + date/locality; no cross-reference or image,01
BBM:F030482,MO:65426,similar,absent,2.5,similar name + date/locality; no cross-reference or image,01
BBM:F023186,MO:173969,similar,absent,2.5,similar name + date/locality; no cross-reference or image,01
BBM:F023186,MO:256655,similar,absent,2.5,similar name + date/locality; no cross-reference or image,01
BBM:F034670,MO:173969,similar,absent,2.5,similar name + date/locality; no cross-reference or image,01
BBM:F034670,MO:256655,similar,absent,2.5,similar name + date/locality; no cross-reference or image,01
BBM:F026266,MO:152198,strict,unidirectional_platform_to_ubc,4.0,one-directional cross-reference (id present on only one side),01
BBM:F024797,MO:70008,strict,unidirectional_platform_to_ubc,4.0,one-directional cross-reference (id present on only one side),01
BBM:F035368,MO:200113,similar,absent,2.5,similar name + date/locality; no cross-reference or image,01
BBM:F035368,MO:230126,similar,absent,2.5,similar name + date/locality; no cross-reference or image,01
BBM:F027738,MO:68726,similar,absent,2.5,similar name + date/locality; no cross-reference or image,01
BBM:F027569,MO:105807,strict,absent,3.0,name + exact date + locality/collector match; no cross-reference or image,01
BBM:F025258,MO:83188,strict,unidirectional_platform_to_ubc,4.0,one-directional cross-reference (id present on only one side),01
BBM:F025927,MO:160381,strict,unidirectional_platform_to_ubc,4.0,one-directional cross-reference (id present on only one side),01
BBM:F026471,MO:72891,similar,absent,2.5,similar name + date/locality; no cross-reference or image,01
BBM:F026581,MO:72891,similar,absent,2.5,similar name + date/locality; no cross-reference or image,01
BBM:F029672,MO:72891,similar,absent,2.5,similar name + date/locality; no cross-reference or image,01
BBM:F029704,MO:72891,similar,absent,2.5,similar name + date/locality; no cross-reference or image,01
BBM:F029972,MO:72891,similar,absent,2.5,similar name + date/locality; no cross-reference or image,01
BBM:F026572,MO:165173,strict,absent,3.0,name + exact date + locality/collector match; no cross-reference or image,01
BBM:F027718,MO:71479,similar,absent,2.5,similar name + date/locality; no cross-reference or image,01
BBM:F027734,MO:68727,strict,absent,3.0,name + exact date + locality/collector match; no cross-reference or image,01
BBM:F027735,MO:68727,strict,absent,3.0,name + exact date + locality/collector match; no cross-reference or image,01
BBM:F027736,MO:68727,strict,absent,3.0,name + exact date + locality/collector match; no cross-reference or image,01
BBM:F027759,MO:74488,similar,absent,2.5,similar name + date/locality; no cross-reference or image,01
BBM:F028158,MO:132373,strict,absent,3.0,name + exact date + locality/collector match; no cross-reference or image,01
BBM:F028186,MO:132790,strict,absent,3.0,name + exact date + locality/collector match; no cross-reference or image,01
BBM:F028187,MO:132781,strict,absent,3.0,name + exact date + locality/collector match; no cross-reference or image,01
BBM:F028219,MO:136184,similar,absent,2.5,similar name + date/locality; no cross-reference or image,"01,05"
BBM:F028804,MO:97313,strict,absent,3.0,name + exact date + locality/collector match; no cross-reference or image,01
BBM:F028863,MO:174396,strict,absent,3.0,name + exact date + locality/collector match; no cross-reference or image,01
BBM:F028867,MO:174529,strict,absent,3.0,name + exact date + locality/collector match; no cross-reference or image,01
BBM:F028874,MO:173654,strict,absent,3.0,name + exact date + locality/collector match; no cross-reference or image,01
BBM:F028880,MO:68483,strict,absent,3.0,name + exact date + locality/collector match; no cross-reference or image,01
BBM:F028889,MO:174803,strict,absent,3.0,name + exact date + locality/collector match; no cross-reference or image,01
BBM:F029014,MO:241703,strict,unidirectional_platform_to_ubc,4.0,one-directional cross-reference (id present on only one side),01
BBM:F029182,MO:65764,similar,absent,2.5,similar name + date/locality; no cross-reference or image,01
BBM:F029196,MO:65764,similar,absent,2.5,similar name + date/locality; no cross-reference or image,01
BBM:F029221,MO:65764,similar,absent,2.5,similar name + date/locality; no cross-reference or image,01
BBM:F029225,MO:65764,similar,absent,2.5,similar name + date/locality; no cross-reference or image,01
BBM:F029374,MO:65764,similar,absent,2.5,similar name + date/locality; no cross-reference or image,01
BBM:F029998,MO:167414,strict,absent,3.0,name + exact date + locality/collector match; no cross-reference or image,01
BBM:F031401,MO:195827,similar,absent,2.5,similar name + date/locality; no cross-reference or image,01
BBM:F031409,MO:195860,strict,absent,3.0,name + exact date + locality/collector match; no cross-reference or image,01
BBM:F031416,MO:195911,strict,absent,3.0,name + exact date + locality/collector match; no cross-reference or image,01
BBM:F031442,MO:196416,strict,absent,3.0,name + exact date + locality/collector match; no cross-reference or image,01
BBM:F031661,MO:157219,similar,unidirectional_platform_to_ubc,4.0,one-directional cross-reference (id present on only one side),"01,05"
BBM:F031689,MO:157219,similar,absent,2.5,similar name + date/locality; no cross-reference or image,"01,02,05"
BBM:F031676,MO:157264,strict,absent,3.0,name + exact date + locality/collector match; no cross-reference or image,01
BBM:F031677,MO:157264,strict,absent,3.0,name + exact date + locality/collector match; no cross-reference or image,01
BBM:F031718,MO:195467,strict,unidirectional_platform_to_ubc,4.0,one-directional cross-reference (id present on only one side),01
BBM:F031719,MO:195467,strict,unidirectional_platform_to_ubc,4.0,one-directional cross-reference (id present on only one side),01
BBM:F031720,MO:195457,strict,absent,3.0,name + exact date + locality/collector match; no cross-reference or image,01
BBM:F031795,MO:69023,strict,absent,3.0,name + exact date + locality/collector match; no cross-reference or image,01
BBM:F032742,MO:205510,similar,absent,2.5,similar name + date/locality; no cross-reference or image,01
BBM:F035654,MO:314357,similar,absent,2.5,similar name + date/locality; no cross-reference or image,01
BBM:F025540,MO:102458,strict,unidirectional_platform_to_ubc,4.0,one-directional cross-reference (id present on only one side),01
BBM:F025962,MO:135266,strict,unidirectional_platform_to_ubc,4.0,one-directional cross-reference (id present on only one side),01
BBM:F026130,MO:148513,strict,unidirectional_platform_to_ubc,4.0,one-directional cross-reference (id present on only one side),01
BBM:F027032,MO:148465,strict,unidirectional_platform_to_ubc,4.0,one-directional cross-reference (id present on only one side),01
BBM:F028330,MO:149858,strict,absent,3.0,name + exact date + locality/collector match; no cross-reference or image,01
BBM:F029390,MO:73086,strict,absent,3.0,name + exact date + locality/collector match; no cross-reference or image,01
BBM:F031458,MO:156503,strict,unidirectional_platform_to_ubc,4.0,one-directional cross-reference (id present on only one side),01
BBM:F032815,MO:220726,strict,absent,3.0,name + exact date + locality/collector match; no cross-reference or image,01
BBM:F034125,MO:149860,similar,absent,2.5,similar name + date/locality; no cross-reference or image,"01,02,05"
BBM:F034136,MO:149860,similar,absent,2.5,similar name + date/locality; no cross-reference or image,"01,02,05"
BBM:F034316,MO:379217,similar,absent,2.5,similar name + date/locality; no cross-reference or image,01
BBM:F026172,MO:154934,strict,unidirectional_platform_to_ubc,4.0,one-directional cross-reference (id present on only one side),01
BBM:F026173,MO:154933,strict,absent,3.0,name + exact date + locality/collector match; no cross-reference or image,01
BBM:F026216,MO:151887,strict,unidirectional_platform_to_ubc,4.0,one-directional cross-reference (id present on only one side),01
BBM:F026217,MO:151887,strict,absent,3.0,name + exact date + locality/collector match; no cross-reference or image,"01,02"
BBM:F026377,MO:154379,strict,unidirectional_platform_to_ubc,4.0,one-directional cross-reference (id present on only one side),01
BBM:F026831,MO:418255,similar,absent,2.5,similar name + date/locality; no cross-reference or image,01
BBM:F027121,MO:418255,similar,absent,2.5,similar name + date/locality; no cross-reference or image,01
BBM:F027198,MO:418255,similar,absent,2.5,similar name + date/locality; no cross-reference or image,01
BBM:F026964,MO:244170,strict,unidirectional_platform_to_ubc,4.0,one-directional cross-reference (id present on only one side),01
BBM:F027094,MO:202712,strict,unidirectional_platform_to_ubc,4.0,one-directional cross-reference (id present on only one side),01
BBM:F027170,MO:71647,strict,unidirectional_platform_to_ubc,4.0,one-directional cross-reference (id present on only one side),01
BBM:F027197,MO:71608,strict,absent,3.0,name + exact date + locality/collector match; no cross-reference or image,01
BBM:F028887,MO:174667,strict,unidirectional_platform_to_ubc,4.0,one-directional cross-reference (id present on only one side),01
BBM:F029426,MO:191205,strict,unidirectional_platform_to_ubc,4.0,one-directional cross-reference (id present on only one side),01
BBM:F029427,MO:433591,similar,absent,2.5,similar name + date/locality; no cross-reference or image,01
BBM:F029544,MO:433591,similar,absent,2.5,similar name + date/locality; no cross-reference or image,01
BBM:F035406,MO:433591,similar,absent,2.5,similar name + date/locality; no cross-reference or image,01
BBM:F035409,MO:433591,similar,absent,2.5,similar name + date/locality; no cross-reference or image,01
BBM:F035464,MO:433591,similar,absent,2.5,similar name + date/locality; no cross-reference or image,01
BBM:F029484,MO:65567,strict,unidirectional_platform_to_ubc,4.0,one-directional cross-reference (id present on only one side),01
BBM:F029521,MO:256645,strict,unidirectional_platform_to_ubc,4.0,one-directional cross-reference (id present on only one side),01
BBM:F029703,MO:418279,strict,absent,3.0,name + exact date + locality/collector match; no cross-reference or image,01
BBM:F029835,MO:166101,strict,unidirectional_platform_to_ubc,4.0,one-directional cross-reference (id present on only one side),01
BBM:F029870,MO:418041,strict,absent,3.0,name + exact date + locality/collector match; no cross-reference or image,01
BBM:F029929,MO:166823,strict,unidirectional_platform_to_ubc,4.0,one-directional cross-reference (id present on only one side),01
BBM:F032631,MO:265045,strict,unidirectional_platform_to_ubc,4.0,one-directional cross-reference (id present on only one side),01
BBM:F032632,MO:260682,similar,absent,2.5,similar name + date/locality; no cross-reference or image,"01,02"
BBM:F032632,MO:262097,similar,absent,2.5,similar name + date/locality; no cross-reference or image,01
BBM:F032632,MO:269434,similar,absent,2.5,similar name + date/locality; no cross-reference or image,"01,02"
BBM:F032634,MO:260682,similar,unidirectional_platform_to_ubc,4.0,one-directional cross-reference (id present on only one side),01
BBM:F032634,MO:262097,similar,absent,2.5,similar name + date/locality; no cross-reference or image,01
BBM:F032634,MO:269434,similar,absent,2.5,similar name + date/locality; no cross-reference or image,"01,02"
BBM:F032635,MO:260682,similar,absent,2.5,similar name + date/locality; no cross-reference or image,"01,02"
BBM:F032635,MO:262097,similar,absent,2.5,similar name + date/locality; no cross-reference or image,01
BBM:F032635,MO:269434,similar,unidirectional_platform_to_ubc,4.0,one-directional cross-reference (id present on only one side),01
BBM:F032633,MO:261227,strict,unidirectional_platform_to_ubc,4.0,one-directional cross-reference (id present on only one side),01
BBM:F032636,MO:188815,strict,unidirectional_platform_to_ubc,4.0,one-directional cross-reference (id present on only one side),01
BBM:F032637,MO:188814,strict,unidirectional_platform_to_ubc,4.0,one-directional cross-reference (id present on only one side),01
BBM:F032638,MO:256634,strict,unidirectional_platform_to_ubc,4.0,one-directional cross-reference (id present on only one side),01
BBM:F032639,MO:225723,strict,unidirectional_platform_to_ubc,4.0,one-directional cross-reference (id present on only one side),01
BBM:F032640,MO:224193,strict,unidirectional_platform_to_ubc,4.0,one-directional cross-reference (id present on only one side),01
BBM:F032641,MO:203279,strict,unidirectional_platform_to_ubc,4.0,one-directional cross-reference (id present on only one side),01
BBM:F032643,MO:189620,strict,unidirectional_platform_to_ubc,4.0,one-directional cross-reference (id present on only one side),01
BBM:F032644,MO:189620,strict,absent,3.0,name + exact date + locality/collector match; no cross-reference or image,"01,02"
BBM:F032646,MO:269401,similar,unidirectional_platform_to_ubc,4.0,one-directional cross-reference (id present on only one side),01
BBM:F032647,MO:259675,similar,absent,2.5,similar name + date/locality; no cross-reference or image,01
BBM:F032647,MO:265142,similar,absent,2.5,similar name + date/locality; no cross-reference or image,01
BBM:F032647,MO:269403,similar,unidirectional_platform_to_ubc,4.0,one-directional cross-reference (id present on only one side),01
BBM:F032650,MO:258069,strict,unidirectional_platform_to_ubc,4.0,one-directional cross-reference (id present on only one side),01
BBM:F032651,MO:244285,similar,unidirectional_platform_to_ubc,4.0,one-directional cross-reference (id present on only one side),01
BBM:F032654,MO:202887,similar,absent,2.5,similar name + date/locality; no cross-reference or image,"01,02"
BBM:F032655,MO:202887,similar,unidirectional_platform_to_ubc,4.0,one-directional cross-reference (id present on only one side),01
BBM:F032656,MO:202887,similar,absent,2.5,similar name + date/locality; no cross-reference or image,"01,02"
BBM:F035688,MO:352151,similar,absent,2.5,similar name + date/locality; no cross-reference or image,01
BBM:F035768,MO:337950,similar,absent,2.5,similar name + date/locality; no cross-reference or image,01
BBM:F035768,MO:337951,similar,absent,2.5,similar name + date/locality; no cross-reference or image,01
BBM:F035768,MO:340688,similar,absent,2.5,similar name + date/locality; no cross-reference or image,01
BBM:F035772,MO:337950,similar,absent,2.5,similar name + date/locality; no cross-reference or image,01
BBM:F035772,MO:337951,similar,absent,2.5,similar name + date/locality; no cross-reference or image,01
BBM:F035772,MO:340688,similar,absent,2.5,similar name + date/locality; no cross-reference or image,01
BBM:F035774,MO:337950,similar,absent,2.5,similar name + date/locality; no cross-reference or image,01
BBM:F035774,MO:337951,similar,absent,2.5,similar name + date/locality; no cross-reference or image,01
BBM:F035774,MO:340688,similar,absent,2.5,similar name + date/locality; no cross-reference or image,01
BBM:F035780,MO:337950,similar,absent,2.5,similar name + date/locality; no cross-reference or image,01
BBM:F035780,MO:337951,similar,absent,2.5,similar name + date/locality; no cross-reference or image,01
BBM:F035780,MO:340688,similar,absent,2.5,similar name + date/locality; no cross-reference or image,01
BBM:F035781,MO:337950,similar,absent,2.5,similar name + date/locality; no cross-reference or image,01
BBM:F035781,MO:337951,similar,absent,2.5,similar name + date/locality; no cross-reference or image,01
BBM:F035781,MO:340688,similar,absent,2.5,similar name + date/locality; no cross-reference or image,01
BBM:F035782,MO:337950,similar,absent,2.5,similar name + date/locality; no cross-reference or image,01
BBM:F035782,MO:337951,similar,absent,2.5,similar name + date/locality; no cross-reference or image,01
BBM:F035782,MO:340688,similar,absent,2.5,similar name + date/locality; no cross-reference or image,01
BBM:F035796,MO:337950,similar,absent,2.5,similar name + date/locality; no cross-reference or image,01
BBM:F035796,MO:337951,similar,absent,2.5,similar name + date/locality; no cross-reference or image,01
BBM:F035796,MO:340688,similar,absent,2.5,similar name + date/locality; no cross-reference or image,01
BBM:F035798,MO:335289,similar,absent,2.5,similar name + date/locality; no cross-reference or image,01
BBM:F015661,MO:480224,strict,absent,3.0,name + exact date + locality/collector match; no cross-reference or image,01
BBM:F026246,MO:151560,strict,unidirectional_platform_to_ubc,4.0,one-directional cross-reference (id present on only one side),01
BBM:F027673,MO:160011,strict,absent,3.0,name + exact date + locality/collector match; no cross-reference or image,01
BBM:F028332,MO:149856,strict,absent,3.0,name + exact date + locality/collector match; no cross-reference or image,01
BBM:F028333,MO:149857,strict,absent,3.0,name + exact date + locality/collector match; no cross-reference or image,01
BBM:F029507,MO:171764,strict,absent,3.0,name + exact date + locality/collector match; no cross-reference or image,01
BBM:F031382,MO:195560,strict,absent,3.0,name + exact date + locality/collector match; no cross-reference or image,01
BBM:F032703,MO:202798,strict,absent,3.0,name + exact date + locality/collector match; no cross-reference or image,01
BBM:F032816,MO:220728,strict,absent,3.0,name + exact date + locality/collector match; no cross-reference or image,01
BBM:F032817,MO:220730,strict,absent,3.0,name + exact date + locality/collector match; no cross-reference or image,01
BBM:F035017,MO:274141,similar,absent,2.5,similar name + date/locality; no cross-reference or image,"01,05"
BBM:F035060,MO:447277,strict,absent,3.0,name + exact date + locality/collector match; no cross-reference or image,01
BBM:F025765,MO:122417,strict,unidirectional_platform_to_ubc,4.0,one-directional cross-reference (id present on only one side),01
BBM:F030541,MO:77990,strict,absent,3.0,name + exact date + locality/collector match; no cross-reference or image,01
BBM:F028256,MO:141502,strict,absent,3.0,name + exact date + locality/collector match; no cross-reference or image,01
BBM:F030463,MO:77982,similar,absent,2.5,similar name + date/locality; no cross-reference or image,01
BBM:F030528,MO:77982,similar,absent,2.5,similar name + date/locality; no cross-reference or image,01
BBM:F025212,MO:293813,strict,absent,3.0,name + exact date + locality/collector match; no cross-reference or image,01
BBM:F025326,MO:132187,strict,unidirectional_platform_to_ubc,4.0,one-directional cross-reference (id present on only one side),01
BBM:F025493,MO:96565,strict,unidirectional_platform_to_ubc,4.0,one-directional cross-reference (id present on only one side),01
BBM:F026039,MO:144356,similar,absent,2.5,similar name + date/locality; no cross-reference or image,01
BBM:F026039,MO:144538,similar,absent,2.5,similar name + date/locality; no cross-reference or image,01
BBM:F026171,MO:150347,strict,unidirectional_platform_to_ubc,4.0,one-directional cross-reference (id present on only one side),01
BBM:F026245,MO:152320,strict,unidirectional_platform_to_ubc,4.0,one-directional cross-reference (id present on only one side),01
BBM:F026434,MO:164776,strict,absent,3.0,name + exact date + locality/collector match; no cross-reference or image,01
BBM:F026569,MO:74867,strict,absent,3.0,name + exact date + locality/collector match; no cross-reference or image,01
BBM:F026570,MO:74866,strict,absent,3.0,name + exact date + locality/collector match; no cross-reference or image,01
BBM:F026578,MO:64062,strict,absent,3.0,name + exact date + locality/collector match; no cross-reference or image,01
BBM:F026958,MO:68150,strict,absent,3.0,name + exact date + locality/collector match; no cross-reference or image,01
BBM:F026996,MO:65464,strict,absent,3.0,name + exact date + locality/collector match; no cross-reference or image,01
BBM:F028251,MO:143898,strict,absent,3.0,name + exact date + locality/collector match; no cross-reference or image,01
BBM:F029078,MO:191207,similar,absent,2.5,similar name + date/locality; no cross-reference or image,01
BBM:F029424,MO:191207,similar,absent,2.5,similar name + date/locality; no cross-reference or image,01
BBM:F029425,MO:191207,similar,absent,2.5,similar name + date/locality; no cross-reference or image,01
BBM:F029332,MO:256535,strict,unidirectional_platform_to_ubc,4.0,one-directional cross-reference (id present on only one side),01
BBM:F029899,MO:166515,strict,absent,3.0,name + exact date + locality/collector match; no cross-reference or image,01
BBM:F029900,MO:166514,similar,absent,2.5,similar name + date/locality; no cross-reference or image,01
BBM:F029946,MO:166514,similar,absent,2.5,similar name + date/locality; no cross-reference or image,01
BBM:F031713,MO:195456,strict,absent,3.0,name + exact date + locality/collector match; no cross-reference or image,01
BBM:F031856,MO:74868,strict,absent,3.0,name + exact date + locality/collector match; no cross-reference or image,01
BBM:F032785,MO:227056,strict,absent,3.0,name + exact date + locality/collector match; no cross-reference or image,01
BBM:F034789,MO:292828,similar,absent,2.5,similar name + date/locality; no cross-reference or image,01
BBM:F034821,MO:301587,similar,absent,2.5,similar name + date/locality; no cross-reference or image,01
BBM:F034821,MO:351218,similar,absent,2.5,similar name + date/locality; no cross-reference or image,01
BBM:F034821,MO:381167,similar,absent,2.5,similar name + date/locality; no cross-reference or image,01
BBM:F034821,MO:381168,similar,absent,2.5,similar name + date/locality; no cross-reference or image,01
BBM:F034821,MO:405859,similar,absent,2.5,similar name + date/locality; no cross-reference or image,01
BBM:F024904,MO:84269,similar,absent,2.5,similar name + date/locality; no cross-reference or image,"01,02"
BBM:F025288,MO:84269,similar,unidirectional_platform_to_ubc,4.0,one-directional cross-reference (id present on only one side),01
BBM:F025327,MO:84269,similar,absent,2.5,similar name + date/locality; no cross-reference or image,"01,02"
BBM:F024990,MO:70010,strict,unidirectional_platform_to_ubc,4.0,one-directional cross-reference (id present on only one side),01
BBM:F026760,MO:63738,strict,absent,3.0,name + exact date + locality/collector match; no cross-reference or image,01
BBM:F034388,MO:372637,similar,absent,2.5,similar name + date/locality; no cross-reference or image,01
BBM:F025186,MO:82296,strict,unidirectional_platform_to_ubc,4.0,one-directional cross-reference (id present on only one side),01
BBM:F026140,MO:153624,similar,absent,2.5,similar name + date/locality; no cross-reference or image,"01,02"
BBM:F026334,MO:153624,similar,unidirectional_platform_to_ubc,4.0,one-directional cross-reference (id present on only one side),01
BBM:F028150,MO:153624,similar,absent,2.5,similar name + date/locality; no cross-reference or image,"01,02"
BBM:F034154,MO:153624,similar,absent,2.5,similar name + date/locality; no cross-reference or image,"01,02"
BBM:F026800,MO:67867,similar,absent,2.5,similar name + date/locality; no cross-reference or image,01
BBM:F026843,MO:67867,similar,absent,2.5,similar name + date/locality; no cross-reference or image,01
BBM:F026876,MO:67867,similar,absent,2.5,similar name + date/locality; no cross-reference or image,01
BBM:F026888,MO:67867,similar,absent,2.5,similar name + date/locality; no cross-reference or image,01
BBM:F032396,MO:67867,similar,absent,2.5,similar name + date/locality; no cross-reference or image,01
BBM:F027127,MO:65531,strict,absent,3.0,name + exact date + locality/collector match; no cross-reference or image,01
BBM:F027733,MO:68838,strict,absent,3.0,name + exact date + locality/collector match; no cross-reference or image,01
BBM:F028127,MO:130119,strict,absent,3.0,name + exact date + locality/collector match; no cross-reference or image,01
BBM:F028218,MO:136325,strict,absent,3.0,name + exact date + locality/collector match; no cross-reference or image,01
BBM:F031539,MO:75935,strict,absent,3.0,name + exact date + locality/collector match; no cross-reference or image,01
BBM:F034144,MO:235972,similar,absent,2.5,similar name + date/locality; no cross-reference or image,01
BBM:F034144,MO:263292,similar,absent,2.5,similar name + date/locality; no cross-reference or image,01
BBM:F034144,MO:364849,similar,absent,2.5,similar name + date/locality; no cross-reference or image,01
BBM:F034583,MO:397533,similar,absent,2.5,similar name + date/locality; no cross-reference or image,01
BBM:F028842,MO:173205,similar,absent,2.5,similar name + date/locality; no cross-reference or image,"01,05"
BBM:F024391,MO:66148,strict,unidirectional_platform_to_ubc,4.0,one-directional cross-reference (id present on only one side),01
BBM:F032455,MO:93554,strict,absent,3.0,name + exact date + locality/collector match; no cross-reference or image,01
BBM:F034780,MO:292691,similar,absent,2.5,similar name + date/locality; no cross-reference or image,01
BBM:F025390,MO:87440,strict,absent,3.0,name + exact date + locality/collector match; no cross-reference or image,01
BBM:F025579,MO:115808,strict,unidirectional_platform_to_ubc,4.0,one-directional cross-reference (id present on only one side),01
BBM:F028978,MO:237405,strict,absent,3.0,name + exact date + locality/collector match; no cross-reference or image,"01,02"
BBM:F025193,MO:83450,strict,unidirectional_platform_to_ubc,4.0,one-directional cross-reference (id present on only one side),01
BBM:F026123,MO:148364,strict,unidirectional_platform_to_ubc,4.0,one-directional cross-reference (id present on only one side),01
BBM:F016602,MO:65463,strict,absent,3.0,name + exact date + locality/collector match; no cross-reference or image,01
BBM:F025113,MO:71411,strict,unidirectional_platform_to_ubc,4.0,one-directional cross-reference (id present on only one side),01
BBM:F025469,MO:93659,strict,unidirectional_platform_to_ubc,4.0,one-directional cross-reference (id present on only one side),01
BBM:F029445,MO:63760,strict,absent,3.0,name + exact date + locality/collector match; no cross-reference or image,01
BBM:F025742,MO:120914,strict,absent,3.0,name + exact date + locality/collector match; no cross-reference or image,01
BBM:F032753,MO:207157,strict,absent,3.0,name + exact date + locality/collector match; no cross-reference or image,01
BBM:F024328,MO:86516,strict,unidirectional_platform_to_ubc,4.0,one-directional cross-reference (id present on only one side),01
BBM:F024747,MO:69698,strict,unidirectional_platform_to_ubc,4.0,one-directional cross-reference (id present on only one side),01
BBM:F025475,MO:95609,strict,unidirectional_platform_to_ubc,4.0,one-directional cross-reference (id present on only one side),01
BBM:F027274,MO:86517,strict,absent,3.0,name + exact date + locality/collector match; no cross-reference or image,01
BBM:F024416,MO:86530,similar,absent,2.5,similar name + date/locality; no cross-reference or image,01
BBM:F024712,MO:86530,similar,absent,2.5,similar name + date/locality; no cross-reference or image,01
BBM:F024880,MO:66912,strict,unidirectional_platform_to_ubc,4.0,one-directional cross-reference (id present on only one side),01
BBM:F024916,MO:159694,strict,absent,3.0,name + exact date + locality/collector match; no cross-reference or image,"01,02"
BBM:F025436,MO:93451,strict,unidirectional_platform_to_ubc,4.0,one-directional cross-reference (id present on only one side),01
BBM:F025462,MO:95450,strict,absent,3.0,name + exact date + locality/collector match; no cross-reference or image,01
BBM:F025463,MO:95450,strict,absent,3.0,name + exact date + locality/collector match; no cross-reference or image,01
BBM:F025932,MO:135155,strict,unidirectional_platform_to_ubc,4.0,one-directional cross-reference (id present on only one side),01
BBM:F025296,MO:84729,strict,unidirectional_platform_to_ubc,4.0,one-directional cross-reference (id present on only one side),01
BBM:F026038,MO:144387,strict,unidirectional_platform_to_ubc,4.0,one-directional cross-reference (id present on only one side),01
BBM:F033740,MO:263203,similar,absent,2.5,similar name + date/locality; no cross-reference or image,01
BBM:F025545,MO:102516,strict,unidirectional_platform_to_ubc,4.0,one-directional cross-reference (id present on only one side),01
BBM:F025864,MO:129939,strict,unidirectional_platform_to_ubc,4.0,one-directional cross-reference (id present on only one side),01
BBM:F027690,MO:65924,strict,absent,3.0,name + exact date + locality/collector match; no cross-reference or image,01
BBM:F026787,MO:93552,strict,absent,3.0,name + exact date + locality/collector match; no cross-reference or image,01
BBM:F028246,MO:141547,strict,absent,3.0,name + exact date + locality/collector match; no cross-reference or image,01
BBM:F026428,MO:164777,strict,absent,3.0,name + exact date + locality/collector match; no cross-reference or image,01
BBM:F024782,MO:63317,similar,unidirectional_platform_to_ubc,4.0,one-directional cross-reference (id present on only one side),"01,05"
BBM:F016665,MO:77976,similar,absent,2.5,similar name + date/locality; no cross-reference or image,01
BBM:F016750,MO:77976,similar,absent,2.5,similar name + date/locality; no cross-reference or image,01
BBM:F027771,MO:74576,strict,absent,3.0,name + exact date + locality/collector match; no cross-reference or image,01
BBM:F024902,MO:69962,strict,unidirectional_platform_to_ubc,4.0,one-directional cross-reference (id present on only one side),01
BBM:F024943,MO:159702,strict,unidirectional_platform_to_ubc,4.0,one-directional cross-reference (id present on only one side),01
BBM:F034905,MO:267836,similar,absent,2.5,similar name + date/locality; no cross-reference or image,01
BBM:F034905,MO:359636,similar,absent,2.5,similar name + date/locality; no cross-reference or image,01
BBM:F024867,MO:159693,similar,absent,2.5,similar name + date/locality; no cross-reference or image,"01,02"
BBM:F024944,MO:159693,similar,unidirectional_platform_to_ubc,4.0,one-directional cross-reference (id present on only one side),01
BBM:F024341,MO:63463,strict,unidirectional_platform_to_ubc,4.0,one-directional cross-reference (id present on only one side),01
BBM:F025917,MO:132660,strict,unidirectional_platform_to_ubc,4.0,one-directional cross-reference (id present on only one side),01
BBM:F024905,MO:69958,strict,unidirectional_platform_to_ubc,4.0,one-directional cross-reference (id present on only one side),01
BBM:F025082,MO:72670,similar,absent,2.5,similar name + date/locality; no cross-reference or image,"01,02"
BBM:F025133,MO:72670,similar,unidirectional_platform_to_ubc,4.0,one-directional cross-reference (id present on only one side),01
BBM:F034270,MO:72670,similar,absent,2.5,similar name + date/locality; no cross-reference or image,"01,02,05"
BBM:F025131,MO:72672,strict,unidirectional_platform_to_ubc,4.0,one-directional cross-reference (id present on only one side),01
BBM:F025146,MO:217273,strict,absent,3.0,name + exact date + locality/collector match; no cross-reference or image,01
BBM:F025147,MO:86944,strict,unidirectional_platform_to_ubc,4.0,one-directional cross-reference (id present on only one side),01
BBM:F025377,MO:88419,strict,unidirectional_platform_to_ubc,4.0,one-directional cross-reference (id present on only one side),01
BBM:F025398,MO:100200,similar,absent,2.5,similar name + date/locality; no cross-reference or image,"01,02"
BBM:F025532,MO:100200,similar,unidirectional_platform_to_ubc,4.0,one-directional cross-reference (id present on only one side),01
BBM:F025512,MO:97749,strict,unidirectional_platform_to_ubc,4.0,one-directional cross-reference (id present on only one side),01
BBM:F025728,MO:122012,strict,unidirectional_platform_to_ubc,4.0,one-directional cross-reference (id present on only one side),01
BBM:F025790,MO:128891,strict,unidirectional_platform_to_ubc,4.0,one-directional cross-reference (id present on only one side),01
BBM:F025830,MO:130159,strict,unidirectional_platform_to_ubc,4.0,one-directional cross-reference (id present on only one side),01
BBM:F025938,MO:135114,strict,unidirectional_platform_to_ubc,4.0,one-directional cross-reference (id present on only one side),01
BBM:F025982,MO:136891,strict,unidirectional_platform_to_ubc,4.0,one-directional cross-reference (id present on only one side),01
BBM:F025983,MO:136891,strict,absent,3.0,name + exact date + locality/collector match; no cross-reference or image,"01,02"
BBM:F025984,MO:136891,strict,absent,3.0,name + exact date + locality/collector match; no cross-reference or image,"01,02"
BBM:F025985,MO:136799,strict,unidirectional_platform_to_ubc,4.0,one-directional cross-reference (id present on only one side),01
BBM:F027714,MO:88548,strict,absent,3.0,name + exact date + locality/collector match; no cross-reference or image,01
BBM:F028238,MO:141946,strict,absent,3.0,name + exact date + locality/collector match; no cross-reference or image,01
BBM:F028239,MO:141946,strict,absent,3.0,name + exact date + locality/collector match; no cross-reference or image,01
BBM:F035055,MO:86542,similar,absent,2.5,similar name + date/locality; no cross-reference or image,"01,02"
BBM:F029096,MO:168993,strict,absent,3.0,name + exact date + locality/collector match; no cross-reference or image,01
BBM:F029147,MO:168886,strict,absent,3.0,name + exact date + locality/collector match; no cross-reference or image,01
BBM:F026538,MO:165069,strict,absent,3.0,name + exact date + locality/collector match; no cross-reference or image,01
BBM:F032712,MO:204187,strict,absent,3.0,name + exact date + locality/collector match; no cross-reference or image,01
BBM:F028043,MO:114636,strict,absent,3.0,name + exact date + locality/collector match; no cross-reference or image,01
BBM:F031384,MO:195561,similar,absent,2.5,similar name + date/locality; no cross-reference or image,"01,05"
BBM:F024121,MO:70993,similar,absent,2.5,similar name + date/locality; no cross-reference or image,"01,02"
BBM:F026018,MO:140683,strict,unidirectional_platform_to_ubc,4.0,one-directional cross-reference (id present on only one side),01
BBM:F029608,MO:65095,strict,absent,3.0,name + exact date + locality/collector match; no cross-reference or image,01
BBM:F025793,MO:128817,strict,unidirectional_platform_to_ubc,4.0,one-directional cross-reference (id present on only one side),01
BBM:F025333,MO:85300,strict,unidirectional_platform_to_ubc,4.0,one-directional cross-reference (id present on only one side),01
BBM:F027985,MO:109367,strict,absent,3.0,name + exact date + locality/collector match; no cross-reference or image,01
BBM:F027985,MO:109369,strict,absent,3.0,name + exact date + locality/collector match; no cross-reference or image,01
BBM:F027986,MO:109367,strict,absent,3.0,name + exact date + locality/collector match; no cross-reference or image,01
BBM:F027986,MO:109369,strict,absent,3.0,name + exact date + locality/collector match; no cross-reference or image,01
BBM:F025809,MO:128865,strict,unidirectional_platform_to_ubc,4.0,one-directional cross-reference (id present on only one side),01
BBM:F028121,MO:128410,strict,absent,3.0,name + exact date + locality/collector match; no cross-reference or image,01
BBM:F026662,MO:65366,strict,absent,3.0,name + exact date + locality/collector match; no cross-reference or image,01
BBM:F026929,MO:65365,strict,absent,3.0,name + exact date + locality/collector match; no cross-reference or image,01
BBM:F032743,MO:206542,strict,absent,3.0,name + exact date + locality/collector match; no cross-reference or image,01
BBM:F024893,MO:63188,similar,absent,2.5,similar name + date/locality; no cross-reference or image,01
BBM:F024283,MO:85243,strict,absent,3.0,name + exact date + locality/collector match; no cross-reference or image,01
BBM:F024325,MO:67917,similar,absent,2.5,similar name + date/locality; no cross-reference or image,"01,02"
BBM:F024330,MO:67917,similar,unidirectional_platform_to_ubc,4.0,one-directional cross-reference (id present on only one side),01
BBM:F024446,MO:63466,strict,unidirectional_platform_to_ubc,4.0,one-directional cross-reference (id present on only one side),01
BBM:F025111,MO:159014,strict,unidirectional_platform_to_ubc,4.0,one-directional cross-reference (id present on only one side),01
BBM:F025490,MO:97031,strict,unidirectional_platform_to_ubc,4.0,one-directional cross-reference (id present on only one side),01
BBM:F034721,MO:160398,similar,absent,2.5,similar name + date/locality; no cross-reference or image,01
BBM:F034721,MO:226878,similar,absent,2.5,similar name + date/locality; no cross-reference or image,01
BBM:F035033,MO:160398,similar,absent,2.5,similar name + date/locality; no cross-reference or image,01
BBM:F035033,MO:226878,similar,absent,2.5,similar name + date/locality; no cross-reference or image,01
BBM:F035070,MO:233984,similar,absent,2.5,similar name + date/locality; no cross-reference or image,01
BBM:F035532,MO:189818,similar,absent,2.5,similar name + date/locality; no cross-reference or image,01
BBM:F025601,MO:116890,strict,absent,3.0,name + exact date + locality/collector match; no cross-reference or image,01
BBM:F029380,MO:63596,strict,absent,3.0,name + exact date + locality/collector match; no cross-reference or image,01
BBM:F028793,MO:172735,strict,absent,3.0,name + exact date + locality/collector match; no cross-reference or image,01
BBM:F029133,MO:168883,strict,absent,3.0,name + exact date + locality/collector match; no cross-reference or image,01
BBM:F027810,MO:79990,strict,unidirectional_platform_to_ubc,4.0,one-directional cross-reference (id present on only one side),01
BBM:F031100,MO:181955,strict,absent,3.0,name + exact date + locality/collector match; no cross-reference or image,01
BBM:F028213,MO:133785,strict,absent,3.0,name + exact date + locality/collector match; no cross-reference or image,01
BBM:F028815,MO:63606,strict,absent,3.0,name + exact date + locality/collector match; no cross-reference or image,01
BBM:F031151,MO:205780,strict,absent,3.0,name + exact date + locality/collector match; no cross-reference or image,01
BBM:F026057,MO:146290,strict,unidirectional_platform_to_ubc,4.0,one-directional cross-reference (id present on only one side),01
BBM:F026360,MO:123267,similar,absent,2.5,similar name + date/locality; no cross-reference or image,01
BBM:F034525,MO:248807,similar,absent,2.5,similar name + date/locality; no cross-reference or image,01
BBM:F034525,MO:255252,similar,absent,2.5,similar name + date/locality; no cross-reference or image,01
BBM:F034525,MO:310835,similar,absent,2.5,similar name + date/locality; no cross-reference or image,01
BBM:F034525,MO:323931,similar,absent,2.5,similar name + date/locality; no cross-reference or image,01
BBM:F034525,MO:375272,similar,absent,2.5,similar name + date/locality; no cross-reference or image,01
BBM:F034525,MO:378506,similar,absent,2.5,similar name + date/locality; no cross-reference or image,01
BBM:F034525,MO:407475,similar,absent,2.5,similar name + date/locality; no cross-reference or image,01
BBM:F034525,MO:425097,similar,absent,2.5,similar name + date/locality; no cross-reference or image,01
BBM:F035742,MO:248807,similar,absent,2.5,similar name + date/locality; no cross-reference or image,01
BBM:F035742,MO:255252,similar,absent,2.5,similar name + date/locality; no cross-reference or image,01
BBM:F035742,MO:310835,similar,absent,2.5,similar name + date/locality; no cross-reference or image,01
BBM:F035742,MO:323931,similar,absent,2.5,similar name + date/locality; no cross-reference or image,01
BBM:F035742,MO:375272,similar,absent,2.5,similar name + date/locality; no cross-reference or image,01
BBM:F035742,MO:378506,similar,absent,2.5,similar name + date/locality; no cross-reference or image,01
BBM:F035742,MO:407475,similar,absent,2.5,similar name + date/locality; no cross-reference or image,01
BBM:F035742,MO:425097,similar,absent,2.5,similar name + date/locality; no cross-reference or image,01
BBM:F034549,MO:120764,similar,absent,2.5,similar name + date/locality; no cross-reference or image,01
BBM:F034549,MO:253008,similar,absent,2.5,similar name + date/locality; no cross-reference or image,01
BBM:F034549,MO:262032,similar,absent,2.5,similar name + date/locality; no cross-reference or image,01
BBM:F034549,MO:469611,similar,absent,2.5,similar name + date/locality; no cross-reference or image,01
BBM:F035725,MO:308853,similar,absent,2.5,similar name + date/locality; no cross-reference or image,01
BBM:F032719,MO:204317,strict,absent,3.0,name + exact date + locality/collector match; no cross-reference or image,01
BBM:F032728,MO:422303,similar,absent,2.5,similar name + date/locality; no cross-reference or image,01
BBM:F035381,MO:422303,similar,absent,2.5,similar name + date/locality; no cross-reference or image,01
BBM:F027838,MO:82309,similar,unidirectional_platform_to_ubc,4.0,one-directional cross-reference (id present on only one side),01
BBM:F026754,MO:68946,strict,absent,3.0,name + exact date + locality/collector match; no cross-reference or image,01
BBM:F034889,MO:190563,similar,absent,2.5,similar name + date/locality; no cross-reference or image,01
BBM:F024447,MO:70117,strict,unidirectional_platform_to_ubc,4.0,one-directional cross-reference (id present on only one side),01
BBM:F025896,MO:132377,similar,absent,2.5,similar name + date/locality; no cross-reference or image,01
BBM:F025896,MO:132378,similar,unidirectional_platform_to_ubc,4.0,one-directional cross-reference (id present on only one side),01
BBM:F026050,MO:132377,similar,absent,2.5,similar name + date/locality; no cross-reference or image,01
BBM:F026050,MO:132378,similar,absent,2.5,similar name + date/locality; no cross-reference or image,"01,02"
BBM:F026051,MO:132377,similar,absent,2.5,similar name + date/locality; no cross-reference or image,01
BBM:F026051,MO:132378,similar,absent,2.5,similar name + date/locality; no cross-reference or image,"01,02"
BBM:F026125,MO:132377,similar,absent,2.5,similar name + date/locality; no cross-reference or image,01
BBM:F026125,MO:132378,similar,absent,2.5,similar name + date/locality; no cross-reference or image,"01,02"
BBM:F026126,MO:132377,similar,absent,2.5,similar name + date/locality; no cross-reference or image,01
BBM:F026126,MO:132378,similar,absent,2.5,similar name + date/locality; no cross-reference or image,"01,02"
BBM:F028159,MO:132377,similar,absent,2.5,similar name + date/locality; no cross-reference or image,01
BBM:F028159,MO:132378,similar,absent,2.5,similar name + date/locality; no cross-reference or image,"01,02"
BBM:F028160,MO:132377,similar,absent,2.5,similar name + date/locality; no cross-reference or image,01
BBM:F028160,MO:132378,similar,absent,2.5,similar name + date/locality; no cross-reference or image,"01,02"
BBM:F025954,MO:135153,strict,unidirectional_platform_to_ubc,4.0,one-directional cross-reference (id present on only one side),01
BBM:F026208,MO:150346,strict,absent,3.0,name + exact date + locality/collector match; no cross-reference or image,01
BBM:F026549,MO:72827,strict,absent,3.0,name + exact date + locality/collector match; no cross-reference or image,01
BBM:F027161,MO:132424,strict,absent,3.0,name + exact date + locality/collector match; no cross-reference or image,01
BBM:F028868,MO:174532,strict,absent,3.0,name + exact date + locality/collector match; no cross-reference or image,01
BBM:F029112,MO:65236,similar,absent,2.5,similar name + date/locality; no cross-reference or image,01
BBM:F029127,MO:65236,similar,absent,2.5,similar name + date/locality; no cross-reference or image,01
BBM:F029183,MO:65236,similar,absent,2.5,similar name + date/locality; no cross-reference or image,01
BBM:F029525,MO:65236,similar,absent,2.5,similar name + date/locality; no cross-reference or image,01
BBM:F029443,MO:191210,strict,absent,3.0,name + exact date + locality/collector match; no cross-reference or image,01
BBM:F029629,MO:65280,similar,absent,2.5,similar name + date/locality; no cross-reference or image,01
BBM:F031637,MO:65259,strict,absent,3.0,name + exact date + locality/collector match; no cross-reference or image,01
BBM:F015909,MO:107456,similar,absent,2.5,similar name + date/locality; no cross-reference or image,01
BBM:F016089,MO:107456,similar,absent,2.5,similar name + date/locality; no cross-reference or image,01
BBM:F035105,MO:347617,similar,absent,2.5,similar name + date/locality; no cross-reference or image,01
BBM:F035105,MO:349800,similar,absent,2.5,similar name + date/locality; no cross-reference or image,01
BBM:F015649,MO:430476,strict,absent,3.0,name + exact date + locality/collector match; no cross-reference or image,01
BBM:F032930,MO:260508,similar,absent,2.5,similar name + date/locality; no cross-reference or image,01
BBM:F024334,MO:65172,strict,unidirectional_platform_to_ubc,4.0,one-directional cross-reference (id present on only one side),01
BBM:F026649,MO:65171,strict,absent,3.0,name + exact date + locality/collector match; no cross-reference or image,01
BBM:F027997,MO:112117,strict,absent,3.0,name + exact date + locality/collector match; no cross-reference or image,01
BBM:F028948,MO:65174,similar,absent,2.5,similar name + date/locality; no cross-reference or image,01
BBM:F035183,MO:258981,similar,absent,2.5,similar name + date/locality; no cross-reference or image,01
BBM:F035183,MO:443862,similar,absent,2.5,similar name + date/locality; no cross-reference or image,01
BBM:F025400,MO:88249,strict,unidirectional_platform_to_ubc,4.0,one-directional cross-reference (id present on only one side),01
BBM:F028377,MO:157524,strict,absent,3.0,name + exact date + locality/collector match; no cross-reference or image,01
BBM:F031616,MO:84741,similar,absent,2.5,similar name + date/locality; no cross-reference or image,"01,02"
BBM:F032014,MO:84741,similar,absent,2.5,similar name + date/locality; no cross-reference or image,"01,02"
BBM:F027792,MO:79234,strict,absent,3.0,name + exact date + locality/collector match; no cross-reference or image,01
BBM:F028918,MO:63818,strict,absent,3.0,name + exact date + locality/collector match; no cross-reference or image,01
BBM:F026507,MO:65063,strict,absent,3.0,name + exact date + locality/collector match; no cross-reference or image,01
BBM:F026508,MO:65063,strict,absent,3.0,name + exact date + locality/collector match; no cross-reference or image,01
BBM:F025651,MO:117977,strict,unidirectional_platform_to_ubc,4.0,one-directional cross-reference (id present on only one side),01
BBM:F029472,MO:73019,strict,absent,3.0,name + exact date + locality/collector match; no cross-reference or image,01
BBM:F025137,MO:77751,strict,unidirectional_platform_to_ubc,4.0,one-directional cross-reference (id present on only one side),01
BBM:F025755,MO:121671,strict,unidirectional_platform_to_ubc,4.0,one-directional cross-reference (id present on only one side),01
BBM:F025839,MO:129746,similar,absent,2.5,similar name + date/locality; no cross-reference or image,01
BBM:F025839,MO:151558,similar,absent,2.5,similar name + date/locality; no cross-reference or image,01
BBM:F026303,MO:129746,similar,absent,2.5,similar name + date/locality; no cross-reference or image,01
BBM:F026303,MO:151558,similar,absent,2.5,similar name + date/locality; no cross-reference or image,01
BBM:F026449,MO:164801,similar,absent,2.5,similar name + date/locality; no cross-reference or image,01
BBM:F026461,MO:164801,similar,absent,2.5,similar name + date/locality; no cross-reference or image,01
BBM:F026473,MO:164801,similar,absent,2.5,similar name + date/locality; no cross-reference or image,01
BBM:F026495,MO:164801,similar,absent,2.5,similar name + date/locality; no cross-reference or image,01
BBM:F026530,MO:164801,similar,absent,2.5,similar name + date/locality; no cross-reference or image,01
BBM:F029960,MO:164801,similar,absent,2.5,similar name + date/locality; no cross-reference or image,01
BBM:F030002,MO:164801,similar,absent,2.5,similar name + date/locality; no cross-reference or image,01
BBM:F032443,MO:164801,similar,absent,2.5,similar name + date/locality; no cross-reference or image,01
BBM:F029470,MO:64356,similar,absent,2.5,similar name + date/locality; no cross-reference or image,01
BBM:F029504,MO:64356,similar,absent,2.5,similar name + date/locality; no cross-reference or image,01
BBM:F029505,MO:64356,similar,absent,2.5,similar name + date/locality; no cross-reference or image,01
BBM:F029548,MO:64356,similar,absent,2.5,similar name + date/locality; no cross-reference or image,01
BBM:F029609,MO:64356,similar,absent,2.5,similar name + date/locality; no cross-reference or image,01
BBM:F029642,MO:64356,similar,absent,2.5,similar name + date/locality; no cross-reference or image,01
BBM:F029643,MO:64356,similar,absent,2.5,similar name + date/locality; no cross-reference or image,01
BBM:F029662,MO:64356,similar,absent,2.5,similar name + date/locality; no cross-reference or image,01
BBM:F029550,MO:64366,strict,absent,3.0,name + exact date + locality/collector match; no cross-reference or image,01
BBM:F029661,MO:64357,strict,absent,3.0,name + exact date + locality/collector match; no cross-reference or image,01
BBM:F029673,MO:167549,strict,absent,3.0,name + exact date + locality/collector match; no cross-reference or image,01
BBM:F031449,MO:196519,strict,absent,3.0,name + exact date + locality/collector match; no cross-reference or image,01
BBM:F031534,MO:75936,similar,absent,2.5,similar name + date/locality; no cross-reference or image,"01,02"
BBM:F031559,MO:75936,similar,unidirectional_platform_to_ubc,4.0,one-directional cross-reference (id present on only one side),01
BBM:F031829,MO:67936,strict,absent,3.0,name + exact date + locality/collector match; no cross-reference or image,"01,02"
BBM:F031829,MO:361632,strict,absent,3.0,name + exact date + locality/collector match; no cross-reference or image,01
BBM:F034557,MO:358933,similar,absent,2.5,similar name + date/locality; no cross-reference or image,01
BBM:F034667,MO:352295,similar,absent,2.5,similar name + date/locality; no cross-reference or image,01
BBM:F034696,MO:352295,similar,absent,2.5,similar name + date/locality; no cross-reference or image,01
BBM:F035715,MO:348425,similar,absent,2.5,similar name + date/locality; no cross-reference or image,01
BBM:F035715,MO:352150,similar,absent,2.5,similar name + date/locality; no cross-reference or image,01
BBM:F027891,MO:94186,strict,absent,3.0,name + exact date + locality/collector match; no cross-reference or image,01
BBM:F029851,MO:67609,strict,unidirectional_platform_to_ubc,4.0,one-directional cross-reference (id present on only one side),01
BBM:F024701,MO:261927,strict,unidirectional_platform_to_ubc,4.0,one-directional cross-reference (id present on only one side),01
BBM:F024703,MO:261928,strict,unidirectional_platform_to_ubc,4.0,one-directional cross-reference (id present on only one side),01
BBM:F026138,MO:160663,strict,absent,3.0,name + exact date + locality/collector match; no cross-reference or image,01
BBM:F026901,MO:64198,similar,absent,2.5,similar name + date/locality; no cross-reference or image,01
BBM:F028935,MO:65197,strict,absent,3.0,name + exact date + locality/collector match; no cross-reference or image,01
BBM:F029990,MO:63794,strict,absent,3.0,name + exact date + locality/collector match; no cross-reference or image,01
BBM:F031432,MO:196414,strict,absent,3.0,name + exact date + locality/collector match; no cross-reference or image,01
BBM:F031434,MO:196374,strict,absent,3.0,name + exact date + locality/collector match; no cross-reference or image,01
BBM:F027825,MO:80624,strict,absent,3.0,name + exact date + locality/collector match; no cross-reference or image,01
BBM:F031390,MO:195680,strict,absent,3.0,name + exact date + locality/collector match; no cross-reference or image,01
BBM:F027755,MO:74487,similar,absent,2.5,similar name + date/locality; no cross-reference or image,01
BBM:F027900,MO:94889,strict,absent,3.0,name + exact date + locality/collector match; no cross-reference or image,01
BBM:F029046,MO:69889,strict,absent,3.0,name + exact date + locality/collector match; no cross-reference or image,01
BBM:F029047,MO:69889,strict,absent,3.0,name + exact date + locality/collector match; no cross-reference or image,01
BBM:F029048,MO:69889,strict,absent,3.0,name + exact date + locality/collector match; no cross-reference or image,01
BBM:F032761,MO:208863,strict,absent,3.0,name + exact date + locality/collector match; no cross-reference or image,01
BBM:F027732,MO:67818,strict,unidirectional_platform_to_ubc,4.0,one-directional cross-reference (id present on only one side),01
BBM:F025546,MO:102446,strict,unidirectional_platform_to_ubc,4.0,one-directional cross-reference (id present on only one side),01
BBM:F029378,MO:65007,strict,absent,3.0,name + exact date + locality/collector match; no cross-reference or image,01
BBM:F029165,MO:168888,strict,absent,3.0,name + exact date + locality/collector match; no cross-reference or image,01
BBM:F029134,MO:168694,strict,absent,3.0,name + exact date + locality/collector match; no cross-reference or image,01
BBM:F031438,MO:196365,strict,absent,3.0,name + exact date + locality/collector match; no cross-reference or image,01
BBM:F027821,MO:80766,similar,absent,2.5,similar name + date/locality; no cross-reference or image,"01,02"
BBM:F029977,MO:167339,strict,absent,3.0,name + exact date + locality/collector match; no cross-reference or image,01
BBM:F031463,MO:198383,strict,unidirectional_platform_to_ubc,4.0,one-directional cross-reference (id present on only one side),01
BBM:F027042,MO:75979,strict,absent,3.0,name + exact date + locality/collector match; no cross-reference or image,01
BBM:F024188,MO:75629,strict,unidirectional_platform_to_ubc,4.0,one-directional cross-reference (id present on only one side),01
BBM:F026258,MO:152711,similar,unidirectional_platform_to_ubc,4.0,one-directional cross-reference (id present on only one side),01
BBM:F026359,MO:154826,strict,unidirectional_platform_to_ubc,4.0,one-directional cross-reference (id present on only one side),01
BBM:F029989,MO:63909,strict,absent,3.0,name + exact date + locality/collector match; no cross-reference or image,01
BBM:F034091,MO:439387,similar,absent,2.5,similar name + date/locality; no cross-reference or image,01
BBM:F034275,MO:439387,similar,absent,2.5,similar name + date/locality; no cross-reference or image,01
BBM:F034807,MO:195822,similar,absent,2.5,similar name + date/locality; no cross-reference or image,01
BBM:F018325,MO:134492,strict,unidirectional_platform_to_ubc,4.0,one-directional cross-reference (id present on only one side),01
BBM:F023807,MO:134492,strict,unidirectional_platform_to_ubc,4.0,one-directional cross-reference (id present on only one side),01
BBM:F027495,MO:75978,strict,absent,3.0,name + exact date + locality/collector match; no cross-reference or image,01
BBM:F028324,MO:151877,strict,absent,3.0,name + exact date + locality/collector match; no cross-reference or image,01
BBM:F028345,MO:149518,strict,absent,3.0,name + exact date + locality/collector match; no cross-reference or image,01
BBM:F028346,MO:149527,strict,absent,3.0,name + exact date + locality/collector match; no cross-reference or image,01
BBM:F027202,MO:224260,strict,unidirectional_platform_to_ubc,4.0,one-directional cross-reference (id present on only one side),01
BBM:F028076,MO:119846,strict,absent,3.0,name + exact date + locality/collector match; no cross-reference or image,01
BBM:F031389,MO:195679,strict,absent,3.0,name + exact date + locality/collector match; no cross-reference or image,01
BBM:F034982,MO:400490,similar,absent,2.5,similar name + date/locality; no cross-reference or image,"01,05"
BBM:F035647,MO:400490,similar,absent,2.5,similar name + date/locality; no cross-reference or image,"01,05"
BBM:F035074,MO:65636,similar,absent,2.5,similar name + date/locality; no cross-reference or image,01
BBM:F035074,MO:394670,similar,absent,2.5,similar name + date/locality; no cross-reference or image,01
BBM:F035074,MO:451706,similar,absent,2.5,similar name + date/locality; no cross-reference or image,01
BBM:F025487,MO:94776,strict,unidirectional_platform_to_ubc,4.0,one-directional cross-reference (id present on only one side),01
BBM:F025504,MO:97068,strict,unidirectional_platform_to_ubc,4.0,one-directional cross-reference (id present on only one side),01
BBM:F025930,MO:160378,strict,unidirectional_platform_to_ubc,4.0,one-directional cross-reference (id present on only one side),01
BBM:F026826,MO:120140,strict,absent,3.0,name + exact date + locality/collector match; no cross-reference or image,01
BBM:F029254,MO:171611,strict,absent,3.0,name + exact date + locality/collector match; no cross-reference or image,01
BBM:F024611,MO:64235,strict,absent,3.0,name + exact date + locality/collector match; no cross-reference or image,"01,02"
BBM:F027035,MO:367191,strict,absent,3.0,name + exact date + locality/collector match; no cross-reference or image,01
BBM:F031436,MO:196188,strict,unidirectional_platform_to_ubc,4.0,one-directional cross-reference (id present on only one side),01
BBM:F031788,MO:196208,strict,absent,3.0,name + exact date + locality/collector match; no cross-reference or image,01
BBM:F031843,MO:218601,strict,absent,3.0,name + exact date + locality/collector match; no cross-reference or image,01
BBM:F024869,MO:159756,similar,absent,2.5,similar name + date/locality; no cross-reference or image,"01,02"
BBM:F025200,MO:159756,similar,unidirectional_platform_to_ubc,4.0,one-directional cross-reference (id present on only one side),01
BBM:F025670,MO:119514,strict,unidirectional_platform_to_ubc,4.0,one-directional cross-reference (id present on only one side),01
BBM:F025757,MO:151390,similar,absent,2.5,similar name + date/locality; no cross-reference or image,"01,02"
BBM:F025819,MO:151390,similar,absent,2.5,similar name + date/locality; no cross-reference or image,"01,02"
BBM:F025897,MO:151390,similar,absent,2.5,similar name + date/locality; no cross-reference or image,"01,02"
BBM:F026239,MO:151390,similar,unidirectional_platform_to_ubc,4.0,one-directional cross-reference (id present on only one side),"01,05"
BBM:F028162,MO:132782,strict,absent,3.0,name + exact date + locality/collector match; no cross-reference or image,01
BBM:F029413,MO:120142,strict,absent,3.0,name + exact date + locality/collector match; no cross-reference or image,01
BBM:F029582,MO:72824,similar,absent,2.5,similar name + date/locality; no cross-reference or image,01
BBM:F029614,MO:72824,similar,absent,2.5,similar name + date/locality; no cross-reference or image,01
BBM:F025689,MO:122821,strict,unidirectional_platform_to_ubc,4.0,one-directional cross-reference (id present on only one side),01
BBM:F029951,MO:167146,strict,absent,3.0,name + exact date + locality/collector match; no cross-reference or image,01
BBM:F024280,MO:65501,strict,unidirectional_platform_to_ubc,4.0,one-directional cross-reference (id present on only one side),01
BBM:F025508,MO:95742,strict,unidirectional_platform_to_ubc,4.0,one-directional cross-reference (id present on only one side),01
BBM:F025679,MO:118712,strict,unidirectional_platform_to_ubc,4.0,one-directional cross-reference (id present on only one side),01
BBM:F028097,MO:120123,strict,absent,3.0,name + exact date + locality/collector match; no cross-reference or image,01
BBM:F031944,MO:66318,strict,absent,3.0,name + exact date + locality/collector match; no cross-reference or image,01
BBM:F027937,MO:96740,strict,absent,3.0,name + exact date + locality/collector match; no cross-reference or image,01
BBM:F028266,MO:142024,strict,absent,3.0,name + exact date + locality/collector match; no cross-reference or image,01
BBM:F028283,MO:142880,strict,absent,3.0,name + exact date + locality/collector match; no cross-reference or image,01
BBM:F035658,MO:314265,similar,absent,2.5,similar name + date/locality; no cross-reference or image,01
BBM:F035658,MO:364420,similar,absent,2.5,similar name + date/locality; no cross-reference or image,01
BBM:F025860,MO:129602,strict,unidirectional_platform_to_ubc,4.0,one-directional cross-reference (id present on only one side),01
BBM:F029684,MO:196677,similar,unidirectional_platform_to_ubc,4.0,one-directional cross-reference (id present on only one side),01
BBM:F028854,MO:173968,strict,absent,3.0,name + exact date + locality/collector match; no cross-reference or image,01
BBM:F028109,MO:123266,strict,absent,3.0,name + exact date + locality/collector match; no cross-reference or image,01
BBM:F030530,MO:77983,strict,absent,3.0,name + exact date + locality/collector match; no cross-reference or image,01
BBM:F026348,MO:154355,strict,unidirectional_platform_to_ubc,4.0,one-directional cross-reference (id present on only one side),01
BBM:F029296,MO:73022,similar,absent,2.5,similar name + date/locality; no cross-reference or image,01
BBM:F029389,MO:73022,similar,absent,2.5,similar name + date/locality; no cross-reference or image,01
BBM:F029419,MO:73022,similar,absent,2.5,similar name + date/locality; no cross-reference or image,01
BBM:F029453,MO:73022,similar,absent,2.5,similar name + date/locality; no cross-reference or image,01
BBM:F026046,MO:145220,strict,unidirectional_platform_to_ubc,4.0,one-directional cross-reference (id present on only one side),01
BBM:F026047,MO:145219,strict,unidirectional_platform_to_ubc,4.0,one-directional cross-reference (id present on only one side),01
BBM:F026060,MO:145997,strict,unidirectional_platform_to_ubc,4.0,one-directional cross-reference (id present on only one side),01
BBM:F026061,MO:145996,strict,unidirectional_platform_to_ubc,4.0,one-directional cross-reference (id present on only one side),01
BBM:F026062,MO:145998,strict,unidirectional_platform_to_ubc,4.0,one-directional cross-reference (id present on only one side),01
BBM:F032668,MO:200500,strict,absent,3.0,name + exact date + locality/collector match; no cross-reference or image,01
BBM:F032730,MO:204832,similar,absent,2.5,similar name + date/locality; no cross-reference or image,01
BBM:F034233,MO:292185,similar,absent,2.5,similar name + date/locality; no cross-reference or image,01
BBM:F034786,MO:292424,similar,absent,2.5,similar name + date/locality; no cross-reference or image,01
BBM:F025686,MO:119350,strict,unidirectional_platform_to_ubc,4.0,one-directional cross-reference (id present on only one side),01
BBM:F016590,MO:77971,strict,absent,3.0,name + exact date + locality/collector match; no cross-reference or image,01
BBM:F027938,MO:96652,strict,absent,3.0,name + exact date + locality/collector match; no cross-reference or image,01
BBM:F029242,MO:65307,strict,absent,3.0,name + exact date + locality/collector match; no cross-reference or image,01
BBM:F026099,MO:147965,strict,unidirectional_platform_to_ubc,4.0,one-directional cross-reference (id present on only one side),01
BBM:F034230,MO:290442,similar,absent,2.5,similar name + date/locality; no cross-reference or image,01
BBM:F034230,MO:291974,similar,absent,2.5,similar name + date/locality; no cross-reference or image,01
BBM:F034230,MO:334755,similar,absent,2.5,similar name + date/locality; no cross-reference or image,01
BBM:F035803,MO:290442,similar,absent,2.5,similar name + date/locality; no cross-reference or image,01
BBM:F035803,MO:291974,similar,absent,2.5,similar name + date/locality; no cross-reference or image,01
BBM:F035803,MO:334755,similar,absent,2.5,similar name + date/locality; no cross-reference or image,01
BBM:F034969,MO:63816,similar,absent,2.5,similar name + date/locality; no cross-reference or image,"01,02,05"
BBM:F026301,MO:152315,strict,unidirectional_platform_to_ubc,4.0,one-directional cross-reference (id present on only one side),01
BBM:F026118,MO:155785,similar,absent,2.5,similar name + date/locality; no cross-reference or image,"01,02"
BBM:F026118,MO:160704,similar,unidirectional_platform_to_ubc,4.0,one-directional cross-reference (id present on only one side),01
BBM:F026198,MO:155785,similar,unidirectional_platform_to_ubc,4.0,one-directional cross-reference (id present on only one side),01
BBM:F026198,MO:160704,similar,absent,2.5,similar name + date/locality; no cross-reference or image,"01,02"
BBM:F035227,MO:155785,similar,absent,2.5,similar name + date/locality; no cross-reference or image,"01,02"
BBM:F035227,MO:160704,similar,absent,2.5,similar name + date/locality; no cross-reference or image,"01,02"
BBM:F031524,MO:156844,strict,absent,3.0,name + exact date + locality/collector match; no cross-reference or image,"01,02"
BBM:F031525,MO:156844,strict,unidirectional_platform_to_ubc,4.0,one-directional cross-reference (id present on only one side),01
BBM:F031541,MO:156825,strict,unidirectional_platform_to_ubc,4.0,one-directional cross-reference (id present on only one side),01
BBM:F028270,MO:143403,strict,absent,3.0,name + exact date + locality/collector match; no cross-reference or image,01
BBM:F019459,MO:63086,strict,unidirectional_platform_to_ubc,4.0,one-directional cross-reference (id present on only one side),01
BBM:F025014,MO:65917,strict,unidirectional_platform_to_ubc,4.0,one-directional cross-reference (id present on only one side),01
BBM:F025128,MO:73193,strict,unidirectional_platform_to_ubc,4.0,one-directional cross-reference (id present on only one side),01
BBM:F025935,MO:134128,strict,unidirectional_platform_to_ubc,4.0,one-directional cross-reference (id present on only one side),01
BBM:F028224,MO:137546,strict,absent,3.0,name + exact date + locality/collector match; no cross-reference or image,01
BBM:F032684,MO:202373,strict,absent,3.0,name + exact date + locality/collector match; no cross-reference or image,01
BBM:F032790,MO:216284,strict,absent,3.0,name + exact date + locality/collector match; no cross-reference or image,01
BBM:F035064,MO:73093,similar,absent,2.5,similar name + date/locality; no cross-reference or image,01
BBM:F035064,MO:164626,similar,absent,2.5,similar name + date/locality; no cross-reference or image,01
BBM:F035064,MO:400488,similar,absent,2.5,similar name + date/locality; no cross-reference or image,01
BBM:F028105,MO:120759,strict,absent,3.0,name + exact date + locality/collector match; no cross-reference or image,01
BBM:F035080,MO:455028,similar,absent,2.5,similar name + date/locality; no cross-reference or image,01
BBM:F024308,MO:64230,strict,unidirectional_platform_to_ubc,4.0,one-directional cross-reference (id present on only one side),01
BBM:F029457,MO:379210,strict,absent,3.0,name + exact date + locality/collector match; no cross-reference or image,01
BBM:F029987,MO:167342,strict,absent,3.0,name + exact date + locality/collector match; no cross-reference or image,01
BBM:F025746,MO:122631,strict,unidirectional_platform_to_ubc,4.0,one-directional cross-reference (id present on only one side),01
BBM:F025777,MO:122632,strict,unidirectional_platform_to_ubc,4.0,one-directional cross-reference (id present on only one side),01
BBM:F026479,MO:164803,strict,absent,3.0,name + exact date + locality/collector match; no cross-reference or image,01
BBM:F028783,MO:172733,similar,absent,2.5,similar name + date/locality; no cross-reference or image,01
BBM:F028792,MO:172733,similar,absent,2.5,similar name + date/locality; no cross-reference or image,01
BBM:F028846,MO:173967,strict,absent,3.0,name + exact date + locality/collector match; no cross-reference or image,01
BBM:F029017,MO:241701,similar,unidirectional_platform_to_ubc,4.0,one-directional cross-reference (id present on only one side),"01,05"
BBM:F029018,MO:241702,strict,unidirectional_platform_to_ubc,4.0,one-directional cross-reference (id present on only one side),01
BBM:F029215,MO:65305,strict,absent,3.0,name + exact date + locality/collector match; no cross-reference or image,01
BBM:F029939,MO:168700,similar,absent,2.5,similar name + date/locality; no cross-reference or image,01
BBM:F029940,MO:166824,strict,absent,3.0,name + exact date + locality/collector match; no cross-reference or image,01
BBM:F035004,MO:310998,similar,absent,2.5,similar name + date/locality; no cross-reference or image,01
BBM:F035585,MO:265944,similar,absent,2.5,similar name + date/locality; no cross-reference or image,01
BBM:F035585,MO:393121,similar,absent,2.5,similar name + date/locality; no cross-reference or image,01
BBM:F026323,MO:153598,strict,unidirectional_platform_to_ubc,4.0,one-directional cross-reference (id present on only one side),01
BBM:F035243,MO:148125,similar,absent,2.5,similar name + date/locality; no cross-reference or image,01
BBM:F035243,MO:223493,similar,absent,2.5,similar name + date/locality; no cross-reference or image,01
BBM:F035244,MO:148125,similar,absent,2.5,similar name + date/locality; no cross-reference or image,01
BBM:F035244,MO:223493,similar,absent,2.5,similar name + date/locality; no cross-reference or image,01
BBM:F025534,MO:102469,strict,unidirectional_platform_to_ubc,4.0,one-directional cross-reference (id present on only one side),01
BBM:F027064,MO:398000,similar,absent,2.5,similar name + date/locality; no cross-reference or image,01
BBM:F028848,MO:156222,strict,absent,3.0,name + exact date + locality/collector match; no cross-reference or image,01
BBM:F029210,MO:171140,strict,absent,3.0,name + exact date + locality/collector match; no cross-reference or image,01
BBM:F029211,MO:171140,strict,absent,3.0,name + exact date + locality/collector match; no cross-reference or image,01
BBM:F029212,MO:171140,strict,absent,3.0,name + exact date + locality/collector match; no cross-reference or image,01
BBM:F025994,MO:136688,strict,unidirectional_platform_to_ubc,4.0,one-directional cross-reference (id present on only one side),01
BBM:F028847,MO:65324,strict,absent,3.0,name + exact date + locality/collector match; no cross-reference or image,01
BBM:F024342,MO:161534,strict,unidirectional_platform_to_ubc,4.0,one-directional cross-reference (id present on only one side),01
BBM:F025366,MO:87603,strict,unidirectional_platform_to_ubc,4.0,one-directional cross-reference (id present on only one side),01
BBM:F026943,MO:71733,similar,absent,2.5,similar name + date/locality; no cross-reference or image,01
BBM:F029837,MO:67610,strict,absent,3.0,name + exact date + locality/collector match; no cross-reference or image,01
BBM:F029838,MO:67611,strict,absent,3.0,name + exact date + locality/collector match; no cross-reference or image,01
BBM:F032747,MO:207369,strict,absent,3.0,name + exact date + locality/collector match; no cross-reference or image,"01,02"
BBM:F034389,MO:371282,similar,absent,2.5,similar name + date/locality; no cross-reference or image,01
BBM:F027166,MO:86515,similar,absent,2.5,similar name + date/locality; no cross-reference or image,01
BBM:F027325,MO:86515,similar,absent,2.5,similar name + date/locality; no cross-reference or image,01
BBM:F027326,MO:86515,similar,absent,2.5,similar name + date/locality; no cross-reference or image,01
BBM:F024329,MO:65762,strict,unidirectional_platform_to_ubc,4.0,one-directional cross-reference (id present on only one side),01
BBM:F025485,MO:95676,strict,unidirectional_platform_to_ubc,4.0,one-directional cross-reference (id present on only one side),01
BBM:F025991,MO:136760,strict,unidirectional_platform_to_ubc,4.0,one-directional cross-reference (id present on only one side),01
BBM:F026741,MO:66923,similar,absent,2.5,similar name + date/locality; no cross-reference or image,01
BBM:F026781,MO:66923,similar,absent,2.5,similar name + date/locality; no cross-reference or image,01
BBM:F026793,MO:66923,similar,absent,2.5,similar name + date/locality; no cross-reference or image,01
BBM:F024241,MO:71430,strict,unidirectional_platform_to_ubc,4.0,one-directional cross-reference (id present on only one side),01
BBM:F025464,MO:94678,strict,unidirectional_platform_to_ubc,4.0,one-directional cross-reference (id present on only one side),01
BBM:F025846,MO:137896,similar,absent,2.5,similar name + date/locality; no cross-reference or image,"01,02"
BBM:F025846,MO:145346,similar,absent,2.5,similar name + date/locality; no cross-reference or image,"01,02"
BBM:F025977,MO:137896,similar,unidirectional_platform_to_ubc,4.0,one-directional cross-reference (id present on only one side),01
BBM:F025977,MO:145346,similar,absent,2.5,similar name + date/locality; no cross-reference or image,"01,02"
BBM:F026045,MO:137896,similar,absent,2.5,similar name + date/locality; no cross-reference or image,"01,02"
BBM:F026045,MO:145346,similar,unidirectional_platform_to_ubc,4.0,one-directional cross-reference (id present on only one side),01
BBM:F025933,MO:135112,strict,unidirectional_platform_to_ubc,4.0,one-directional cross-reference (id present on only one side),01
BBM:F025978,MO:136701,strict,unidirectional_platform_to_ubc,4.0,one-directional cross-reference (id present on only one side),01
BBM:F026525,MO:64959,strict,absent,3.0,name + exact date + locality/collector match; no cross-reference or image,01
BBM:F026867,MO:71429,strict,absent,3.0,name + exact date + locality/collector match; no cross-reference or image,01
BBM:F034640,MO:223490,similar,absent,2.5,similar name + date/locality; no cross-reference or image,01
BBM:F034640,MO:257618,similar,absent,2.5,similar name + date/locality; no cross-reference or image,01
BBM:F026790,MO:159241,strict,absent,3.0,name + exact date + locality/collector match; no cross-reference or image,01
BBM:F035741,MO:313548,similar,absent,2.5,similar name + date/locality; no cross-reference or image,01
BBM:F026659,MO:167249,similar,absent,2.5,similar name + date/locality; no cross-reference or image,01
BBM:F029935,MO:167249,similar,absent,2.5,similar name + date/locality; no cross-reference or image,01
BBM:F029956,MO:167249,similar,absent,2.5,similar name + date/locality; no cross-reference or image,01
BBM:F030000,MO:167249,similar,absent,2.5,similar name + date/locality; no cross-reference or image,01
BBM:F029140,MO:168884,strict,absent,3.0,name + exact date + locality/collector match; no cross-reference or image,01
BBM:F024125,MO:86870,strict,unidirectional_platform_to_ubc,4.0,one-directional cross-reference (id present on only one side),01
BBM:F025558,MO:114199,strict,unidirectional_platform_to_ubc,4.0,one-directional cross-reference (id present on only one side),01
BBM:F029167,MO:171549,strict,absent,3.0,name + exact date + locality/collector match; no cross-reference or image,01
BBM:F024255,MO:65760,similar,absent,2.5,similar name + date/locality; no cross-reference or image,01
BBM:F024300,MO:65760,similar,absent,2.5,similar name + date/locality; no cross-reference or image,01
BBM:F024810,MO:65760,similar,absent,2.5,similar name + date/locality; no cross-reference or image,01
BBM:F024811,MO:65760,similar,absent,2.5,similar name + date/locality; no cross-reference or image,01
BBM:F035327,MO:65760,similar,absent,2.5,similar name + date/locality; no cross-reference or image,01
BBM:F027331,MO:85244,strict,absent,3.0,name + exact date + locality/collector match; no cross-reference or image,01
BBM:F024156,MO:69372,strict,unidirectional_platform_to_ubc,4.0,one-directional cross-reference (id present on only one side),01
BBM:F025796,MO:128848,strict,unidirectional_platform_to_ubc,4.0,one-directional cross-reference (id present on only one side),01
BBM:F027935,MO:96579,similar,absent,2.5,similar name + date/locality; no cross-reference or image,01
BBM:F025402,MO:90433,strict,unidirectional_platform_to_ubc,4.0,one-directional cross-reference (id present on only one side),01
BBM:F027784,MO:79239,strict,absent,3.0,name + exact date + locality/collector match; no cross-reference or image,01
BBM:F032731,MO:204897,strict,absent,3.0,name + exact date + locality/collector match; no cross-reference or image,01
BBM:F034984,MO:67028,similar,absent,2.5,similar name + date/locality; no cross-reference or image,01
BBM:F034984,MO:187868,similar,absent,2.5,similar name + date/locality; no cross-reference or image,01
BBM:F034984,MO:238406,similar,absent,2.5,similar name + date/locality; no cross-reference or image,01
BBM:F034984,MO:273962,similar,absent,2.5,similar name + date/locality; no cross-reference or image,01
BBM:F034984,MO:311024,similar,absent,2.5,similar name + date/locality; no cross-reference or image,01
BBM:F034984,MO:319032,similar,absent,2.5,similar name + date/locality; no cross-reference or image,01
BBM:F034984,MO:465888,similar,absent,2.5,similar name + date/locality; no cross-reference or image,01
BBM:F034984,MO:518923,similar,absent,2.5,similar name + date/locality; no cross-reference or image,01
BBM:F035187,MO:67028,similar,absent,2.5,similar name + date/locality; no cross-reference or image,01
BBM:F035187,MO:187868,similar,absent,2.5,similar name + date/locality; no cross-reference or image,01
BBM:F035187,MO:238406,similar,absent,2.5,similar name + date/locality; no cross-reference or image,01
BBM:F035187,MO:273962,similar,absent,2.5,similar name + date/locality; no cross-reference or image,01
BBM:F035187,MO:311024,similar,absent,2.5,similar name + date/locality; no cross-reference or image,01
BBM:F035187,MO:319032,similar,absent,2.5,similar name + date/locality; no cross-reference or image,01
BBM:F035187,MO:465888,similar,absent,2.5,similar name + date/locality; no cross-reference or image,01
BBM:F035187,MO:518923,similar,absent,2.5,similar name + date/locality; no cross-reference or image,01
BBM:F035747,MO:67028,similar,absent,2.5,similar name + date/locality; no cross-reference or image,01
BBM:F035747,MO:187868,similar,absent,2.5,similar name + date/locality; no cross-reference or image,01
BBM:F035747,MO:238406,similar,absent,2.5,similar name + date/locality; no cross-reference or image,01
BBM:F035747,MO:273962,similar,absent,2.5,similar name + date/locality; no cross-reference or image,01
BBM:F035747,MO:311024,similar,absent,2.5,similar name + date/locality; no cross-reference or image,01
BBM:F035747,MO:319032,similar,absent,2.5,similar name + date/locality; no cross-reference or image,01
BBM:F035747,MO:465888,similar,absent,2.5,similar name + date/locality; no cross-reference or image,01
BBM:F035747,MO:518923,similar,absent,2.5,similar name + date/locality; no cross-reference or image,01
BBM:F024242,MO:76021,strict,unidirectional_platform_to_ubc,4.0,one-directional cross-reference (id present on only one side),01
BBM:F030009,MO:270193,strict,unidirectional_platform_to_ubc,4.0,one-directional cross-reference (id present on only one side),01
BBM:F024278,MO:86868,strict,unidirectional_platform_to_ubc,4.0,one-directional cross-reference (id present on only one side),01
BBM:F026029,MO:151873,strict,unidirectional_platform_to_ubc,4.0,one-directional cross-reference (id present on only one side),01
BBM:F026030,MO:144639,strict,unidirectional_platform_to_ubc,4.0,one-directional cross-reference (id present on only one side),01
BBM:F024321,MO:86869,strict,unidirectional_platform_to_ubc,4.0,one-directional cross-reference (id present on only one side),01
BBM:F024363,MO:161533,strict,unidirectional_platform_to_ubc,4.0,one-directional cross-reference (id present on only one side),01
BBM:F024890,MO:71302,similar,absent,2.5,similar name + date/locality; no cross-reference or image,01
BBM:F024912,MO:71302,similar,absent,2.5,similar name + date/locality; no cross-reference or image,01
BBM:F024930,MO:71302,similar,absent,2.5,similar name + date/locality; no cross-reference or image,01
BBM:F025006,MO:71302,similar,absent,2.5,similar name + date/locality; no cross-reference or image,01
BBM:F025073,MO:71302,similar,absent,2.5,similar name + date/locality; no cross-reference or image,01
BBM:F025074,MO:71302,similar,absent,2.5,similar name + date/locality; no cross-reference or image,01
BBM:F025125,MO:71302,similar,absent,2.5,similar name + date/locality; no cross-reference or image,01
BBM:F025154,MO:71302,similar,absent,2.5,similar name + date/locality; no cross-reference or image,01
BBM:F025443,MO:122245,similar,absent,2.5,similar name + date/locality; no cross-reference or image,"01,02"
BBM:F025715,MO:122245,similar,unidirectional_platform_to_ubc,4.0,one-directional cross-reference (id present on only one side),01
BBM:F026902,MO:122169,strict,absent,3.0,name + exact date + locality/collector match; no cross-reference or image,01
BBM:F024394,MO:67331,strict,unidirectional_platform_to_ubc,4.0,one-directional cross-reference (id present on only one side),01
BBM:F025509,MO:97540,strict,unidirectional_platform_to_ubc,4.0,one-directional cross-reference (id present on only one side),01
BBM:F024415,MO:137886,strict,unidirectional_platform_to_ubc,4.0,one-directional cross-reference (id present on only one side),01
BBM:F026897,MO:86513,strict,absent,3.0,name + exact date + locality/collector match; no cross-reference or image,01
BBM:F024900,MO:432175,strict,absent,3.0,name + exact date + locality/collector match; no cross-reference or image,01
BBM:F025936,MO:135411,strict,unidirectional_platform_to_ubc,4.0,one-directional cross-reference (id present on only one side),01
BBM:F026953,MO:164399,strict,absent,3.0,name + exact date + locality/collector match; no cross-reference or image,01
BBM:F026590,MO:63647,strict,absent,3.0,name + exact date + locality/collector match; no cross-reference or image,01
BBM:F024907,MO:69955,strict,unidirectional_platform_to_ubc,4.0,one-directional cross-reference (id present on only one side),01
BBM:F025732,MO:121836,strict,unidirectional_platform_to_ubc,4.0,one-directional cross-reference (id present on only one side),01
BBM:F025987,MO:136694,strict,unidirectional_platform_to_ubc,4.0,one-directional cross-reference (id present on only one side),01
BBM:F026024,MO:144649,strict,unidirectional_platform_to_ubc,4.0,one-directional cross-reference (id present on only one side),01
BBM:F027758,MO:74521,strict,absent,3.0,name + exact date + locality/collector match; no cross-reference or image,01
BBM:F027959,MO:104239,strict,absent,3.0,name + exact date + locality/collector match; no cross-reference or image,01
BBM:F028367,MO:157516,strict,absent,3.0,name + exact date + locality/collector match; no cross-reference or image,01
BBM:F024486,MO:63462,strict,absent,3.0,name + exact date + locality/collector match; no cross-reference or image,"01,02"
BBM:F035599,MO:266934,similar,absent,2.5,similar name + date/locality; no cross-reference or image,01
BBM:F034831,MO:65010,similar,absent,2.5,similar name + date/locality; no cross-reference or image,01
BBM:F034831,MO:95334,similar,absent,2.5,similar name + date/locality; no cross-reference or image,"01,02"
BBM:F034831,MO:259685,similar,absent,2.5,similar name + date/locality; no cross-reference or image,01
BBM:F034831,MO:389104,similar,absent,2.5,similar name + date/locality; no cross-reference or image,01
BBM:F025155,MO:75008,strict,unidirectional_platform_to_ubc,4.0,one-directional cross-reference (id present on only one side),01
BBM:F025181,MO:79215,strict,unidirectional_platform_to_ubc,4.0,one-directional cross-reference (id present on only one side),01
BBM:F025391,MO:102533,similar,absent,2.5,similar name + date/locality; no cross-reference or image,01
BBM:F034767,MO:102533,similar,absent,2.5,similar name + date/locality; no cross-reference or image,01
BBM:F025552,MO:102643,strict,unidirectional_platform_to_ubc,4.0,one-directional cross-reference (id present on only one side),01
BBM:F025973,MO:144126,similar,absent,2.5,similar name + date/locality; no cross-reference or image,"01,02"
BBM:F026034,MO:144126,similar,unidirectional_platform_to_ubc,4.0,one-directional cross-reference (id present on only one side),01
BBM:F026077,MO:144126,similar,absent,2.5,similar name + date/locality; no cross-reference or image,"01,02"
BBM:F026160,MO:144126,similar,absent,2.5,similar name + date/locality; no cross-reference or image,"01,02"
BBM:F026033,MO:144125,strict,unidirectional_platform_to_ubc,4.0,one-directional cross-reference (id present on only one side),01
BBM:F034393,MO:368619,strict,absent,3.0,name + exact date + locality/collector match; no cross-reference or image,01
BBM:F034393,MO:368701,strict,absent,3.0,name + exact date + locality/collector match; no cross-reference or image,01
BBM:F026593,MO:76045,strict,absent,3.0,name + exact date + locality/collector match; no cross-reference or image,01
BBM:F028249,MO:141700,strict,absent,3.0,name + exact date + locality/collector match; no cross-reference or image,01
BBM:F034384,MO:372149,similar,absent,2.5,similar name + date/locality; no cross-reference or image,01
BBM:F024744,MO:63309,strict,unidirectional_platform_to_ubc,4.0,one-directional cross-reference (id present on only one side),01
BBM:F024774,MO:69772,strict,unidirectional_platform_to_ubc,4.0,one-directional cross-reference (id present on only one side),01
BBM:F025054,MO:159260,strict,unidirectional_platform_to_ubc,4.0,one-directional cross-reference (id present on only one side),01
BBM:F024896,MO:69910,strict,unidirectional_platform_to_ubc,4.0,one-directional cross-reference (id present on only one side),01
BBM:F024899,MO:71132,strict,unidirectional_platform_to_ubc,4.0,one-directional cross-reference (id present on only one side),01
BBM:F024924,MO:70872,strict,absent,3.0,name + exact date + locality/collector match; no cross-reference or image,"01,02"
BBM:F026412,MO:70872,strict,unidirectional_platform_to_ubc,4.0,one-directional cross-reference (id present on only one side),01
BBM:F029094,MO:168397,strict,absent,3.0,name + exact date + locality/collector match; no cross-reference or image,01
BBM:F034207,MO:525271,similar,absent,2.5,similar name + date/locality; no cross-reference or image,01
BBM:F031391,MO:195678,strict,absent,3.0,name + exact date + locality/collector match; no cross-reference or image,01
BBM:F024972,MO:69707,strict,unidirectional_platform_to_ubc,4.0,one-directional cross-reference (id present on only one side),01
BBM:F025086,MO:93224,similar,absent,2.5,similar name + date/locality; no cross-reference or image,01
BBM:F034687,MO:93224,similar,absent,2.5,similar name + date/locality; no cross-reference or image,01
BBM:F026855,MO:163866,strict,absent,3.0,name + exact date + locality/collector match; no cross-reference or image,01
BBM:F032755,MO:206543,strict,absent,3.0,name + exact date + locality/collector match; no cross-reference or image,01
BBM:F025012,MO:93280,strict,unidirectional_platform_to_ubc,4.0,one-directional cross-reference (id present on only one side),01
BBM:F034972,MO:295431,similar,absent,2.5,similar name + date/locality; no cross-reference or image,01
BBM:F034972,MO:322753,similar,absent,2.5,similar name + date/locality; no cross-reference or image,01
BBM:F034996,MO:295431,similar,absent,2.5,similar name + date/locality; no cross-reference or image,01
BBM:F034996,MO:322753,similar,absent,2.5,similar name + date/locality; no cross-reference or image,01
BBM:F025069,MO:71219,strict,unidirectional_platform_to_ubc,4.0,one-directional cross-reference (id present on only one side),01
BBM:F025084,MO:159048,similar,unidirectional_platform_to_ubc,4.0,one-directional cross-reference (id present on only one side),"01,05"
BBM:F025103,MO:159011,strict,unidirectional_platform_to_ubc,4.0,one-directional cross-reference (id present on only one side),01
BBM:F025079,MO:74817,strict,unidirectional_platform_to_ubc,4.0,one-directional cross-reference (id present on only one side),01
BBM:F025135,MO:71886,strict,unidirectional_platform_to_ubc,4.0,one-directional cross-reference (id present on only one side),01
BBM:F027967,MO:104489,strict,absent,3.0,name + exact date + locality/collector match; no cross-reference or image,01
BBM:F025138,MO:72426,strict,unidirectional_platform_to_ubc,4.0,one-directional cross-reference (id present on only one side),01
BBM:F025174,MO:79214,strict,unidirectional_platform_to_ubc,4.0,one-directional cross-reference (id present on only one side),01
BBM:F029259,MO:171752,similar,absent,2.5,similar name + date/locality; no cross-reference or image,"01,05"
BBM:F025203,MO:159755,strict,unidirectional_platform_to_ubc,4.0,one-directional cross-reference (id present on only one side),01
BBM:F025222,MO:82895,strict,unidirectional_platform_to_ubc,4.0,one-directional cross-reference (id present on only one side),01
BBM:F025248,MO:84932,strict,unidirectional_platform_to_ubc,4.0,one-directional cross-reference (id present on only one side),01
BBM:F029414,MO:93553,strict,absent,3.0,name + exact date + locality/collector match; no cross-reference or image,01
BBM:F034237,MO:149533,similar,absent,2.5,similar name + date/locality; no cross-reference or image,01
BBM:F034237,MO:253246,similar,absent,2.5,similar name + date/locality; no cross-reference or image,01
BBM:F034237,MO:253253,similar,absent,2.5,similar name + date/locality; no cross-reference or image,01
BBM:F034237,MO:336356,similar,absent,2.5,similar name + date/locality; no cross-reference or image,01
BBM:F034237,MO:340006,similar,absent,2.5,similar name + date/locality; no cross-reference or image,01
BBM:F034237,MO:345111,similar,absent,2.5,similar name + date/locality; no cross-reference or image,01
BBM:F034237,MO:378223,similar,absent,2.5,similar name + date/locality; no cross-reference or image,01
BBM:F034290,MO:149533,similar,absent,2.5,similar name + date/locality; no cross-reference or image,01
BBM:F034290,MO:253246,similar,absent,2.5,similar name + date/locality; no cross-reference or image,01
BBM:F034290,MO:253253,similar,absent,2.5,similar name + date/locality; no cross-reference or image,01
BBM:F034290,MO:336356,similar,absent,2.5,similar name + date/locality; no cross-reference or image,01
BBM:F034290,MO:340006,similar,absent,2.5,similar name + date/locality; no cross-reference or image,01
BBM:F034290,MO:345111,similar,absent,2.5,similar name + date/locality; no cross-reference or image,01
BBM:F034290,MO:378223,similar,absent,2.5,similar name + date/locality; no cross-reference or image,01
BBM:F035759,MO:149533,similar,absent,2.5,similar name + date/locality; no cross-reference or image,01
BBM:F035759,MO:253246,similar,absent,2.5,similar name + date/locality; no cross-reference or image,01
BBM:F035759,MO:253253,similar,absent,2.5,similar name + date/locality; no cross-reference or image,01
BBM:F035759,MO:336356,similar,absent,2.5,similar name + date/locality; no cross-reference or image,01
BBM:F035759,MO:340006,similar,absent,2.5,similar name + date/locality; no cross-reference or image,01
BBM:F035759,MO:345111,similar,absent,2.5,similar name + date/locality; no cross-reference or image,01
BBM:F035759,MO:378223,similar,absent,2.5,similar name + date/locality; no cross-reference or image,01
BBM:F025399,MO:122628,similar,absent,2.5,similar name + date/locality; no cross-reference or image,"01,02"
BBM:F025698,MO:122628,similar,absent,2.5,similar name + date/locality; no cross-reference or image,"01,02"
BBM:F025714,MO:122628,similar,unidirectional_platform_to_ubc,4.0,one-directional cross-reference (id present on only one side),01
BBM:F026528,MO:67870,strict,absent,3.0,name + exact date + locality/collector match; no cross-reference or image,01
BBM:F025325,MO:105163,strict,absent,3.0,name + exact date + locality/collector match; no cross-reference or image,01
BBM:F027952,MO:105060,strict,absent,3.0,name + exact date + locality/collector match; no cross-reference or image,01
BBM:F028236,MO:142010,strict,absent,3.0,name + exact date + locality/collector match; no cross-reference or image,01
BBM:F025342,MO:85651,strict,unidirectional_platform_to_ubc,4.0,one-directional cross-reference (id present on only one side),01
BBM:F030005,MO:88314,strict,absent,3.0,name + exact date + locality/collector match; no cross-reference or image,01
BBM:F025461,MO:106536,strict,unidirectional_platform_to_ubc,4.0,one-directional cross-reference (id present on only one side),01
BBM:F025482,MO:95530,strict,absent,3.0,name + exact date + locality/collector match; no cross-reference or image,01
BBM:F025947,MO:135156,strict,unidirectional_platform_to_ubc,4.0,one-directional cross-reference (id present on only one side),01
BBM:F032732,MO:205079,strict,absent,3.0,name + exact date + locality/collector match; no cross-reference or image,01
BBM:F025507,MO:95882,strict,unidirectional_platform_to_ubc,4.0,one-directional cross-reference (id present on only one side),01
BBM:F032733,MO:205105,strict,absent,3.0,name + exact date + locality/collector match; no cross-reference or image,01
BBM:F025778,MO:122633,strict,unidirectional_platform_to_ubc,4.0,one-directional cross-reference (id present on only one side),01
BBM:F025784,MO:127336,similar,absent,2.5,similar name + date/locality; no cross-reference or image,01
BBM:F025784,MO:129022,similar,absent,2.5,similar name + date/locality; no cross-reference or image,"01,02"
BBM:F025807,MO:127336,similar,absent,2.5,similar name + date/locality; no cross-reference or image,01
BBM:F025807,MO:129022,similar,unidirectional_platform_to_ubc,4.0,one-directional cross-reference (id present on only one side),01
BBM:F028153,MO:127336,similar,absent,2.5,similar name + date/locality; no cross-reference or image,01
BBM:F028153,MO:129022,similar,absent,2.5,similar name + date/locality; no cross-reference or image,"01,02"
BBM:F035748,MO:311902,similar,absent,2.5,similar name + date/locality; no cross-reference or image,01
BBM:F025806,MO:128847,strict,unidirectional_platform_to_ubc,4.0,one-directional cross-reference (id present on only one side),01
BBM:F025849,MO:129693,strict,absent,3.0,name + exact date + locality/collector match; no cross-reference or image,01
BBM:F027951,MO:103433,strict,absent,3.0,name + exact date + locality/collector match; no cross-reference or image,01
BBM:F034725,MO:65693,similar,absent,2.5,similar name + date/locality; no cross-reference or image,"01,02"
BBM:F034725,MO:119026,similar,absent,2.5,similar name + date/locality; no cross-reference or image,"01,02"
BBM:F034725,MO:399229,similar,absent,2.5,similar name + date/locality; no cross-reference or image,01
BBM:F035587,MO:65693,similar,absent,2.5,similar name + date/locality; no cross-reference or image,"01,02"
BBM:F035587,MO:119026,similar,absent,2.5,similar name + date/locality; no cross-reference or image,"01,02"
BBM:F035587,MO:399229,similar,absent,2.5,similar name + date/locality; no cross-reference or image,01
BBM:F034764,MO:66073,similar,absent,2.5,similar name + date/locality; no cross-reference or image,01
BBM:F034764,MO:156816,similar,absent,2.5,similar name + date/locality; no cross-reference or image,01
BBM:F034764,MO:350349,similar,absent,2.5,similar name + date/locality; no cross-reference or image,01
BBM:F034764,MO:351374,similar,absent,2.5,similar name + date/locality; no cross-reference or image,01
BBM:F034764,MO:351612,similar,absent,2.5,similar name + date/locality; no cross-reference or image,01
BBM:F034764,MO:394673,similar,absent,2.5,similar name + date/locality; no cross-reference or image,01
BBM:F025856,MO:130399,strict,absent,3.0,name + exact date + locality/collector match; no cross-reference or image,01
BBM:F035020,MO:273902,similar,absent,2.5,similar name + date/locality; no cross-reference or image,01
BBM:F025886,MO:134021,strict,unidirectional_platform_to_ubc,4.0,one-directional cross-reference (id present on only one side),01
BBM:F025901,MO:134702,strict,unidirectional_platform_to_ubc,4.0,one-directional cross-reference (id present on only one side),01
BBM:F025908,MO:136429,strict,unidirectional_platform_to_ubc,4.0,one-directional cross-reference (id present on only one side),01
BBM:F025998,MO:138686,strict,unidirectional_platform_to_ubc,4.0,one-directional cross-reference (id present on only one side),01
BBM:F025999,MO:138379,strict,unidirectional_platform_to_ubc,4.0,one-directional cross-reference (id present on only one side),01
BBM:F027953,MO:103773,strict,absent,3.0,name + exact date + locality/collector match; no cross-reference or image,01
BBM:F029925,MO:166831,strict,absent,3.0,name + exact date + locality/collector match; no cross-reference or image,01
BBM:F033386,MO:278552,strict,absent,3.0,name + exact date + locality/collector match; no cross-reference or image,01
BBM:F034387,MO:368576,similar,absent,2.5,similar name + date/locality; no cross-reference or image,01
BBM:F026007,MO:138260,strict,unidirectional_platform_to_ubc,4.0,one-directional cross-reference (id present on only one side),01
BBM:F034782,MO:292420,similar,absent,2.5,similar name + date/locality; no cross-reference or image,01
BBM:F034787,MO:292425,similar,absent,2.5,similar name + date/locality; no cross-reference or image,01
BBM:F026012,MO:140347,strict,unidirectional_platform_to_ubc,4.0,one-directional cross-reference (id present on only one side),01
BBM:F026340,MO:153802,strict,unidirectional_platform_to_ubc,4.0,one-directional cross-reference (id present on only one side),01
BBM:F026347,MO:154363,strict,unidirectional_platform_to_ubc,4.0,one-directional cross-reference (id present on only one side),01
BBM:F034278,MO:301245,similar,absent,2.5,similar name + date/locality; no cross-reference or image,01
BBM:F034278,MO:340687,similar,absent,2.5,similar name + date/locality; no cross-reference or image,01
BBM:F034313,MO:301245,similar,absent,2.5,similar name + date/locality; no cross-reference or image,01
BBM:F034313,MO:340687,similar,absent,2.5,similar name + date/locality; no cross-reference or image,01
BBM:F035443,MO:301245,similar,absent,2.5,similar name + date/locality; no cross-reference or image,01
BBM:F035443,MO:340687,similar,absent,2.5,similar name + date/locality; no cross-reference or image,01
BBM:F035769,MO:301245,similar,absent,2.5,similar name + date/locality; no cross-reference or image,01
BBM:F035769,MO:340687,similar,absent,2.5,similar name + date/locality; no cross-reference or image,01
BBM:F034372,MO:379097,similar,absent,2.5,similar name + date/locality; no cross-reference or image,01
BBM:F034744,MO:379097,similar,absent,2.5,similar name + date/locality; no cross-reference or image,01
BBM:F034811,MO:379097,similar,absent,2.5,similar name + date/locality; no cross-reference or image,01
BBM:F035418,MO:379097,similar,absent,2.5,similar name + date/locality; no cross-reference or image,01
BBM:F026860,MO:163842,strict,absent,3.0,name + exact date + locality/collector match; no cross-reference or image,01
BBM:F029973,MO:167242,similar,absent,2.5,similar name + date/locality; no cross-reference or image,01
BBM:F027740,MO:68802,strict,absent,3.0,name + exact date + locality/collector match; no cross-reference or image,01
BBM:F027801,MO:79067,strict,absent,3.0,name + exact date + locality/collector match; no cross-reference or image,01
BBM:F027934,MO:96901,strict,absent,3.0,name + exact date + locality/collector match; no cross-reference or image,01
BBM:F027947,MO:104900,similar,absent,2.5,similar name + date/locality; no cross-reference or image,01
BBM:F027949,MO:104784,strict,unidirectional_platform_to_ubc,4.0,one-directional cross-reference (id present on only one side),01
BBM:F027949,MO:104800,strict,absent,3.0,name + exact date + locality/collector match; no cross-reference or image,"01,02"
BBM:F027950,MO:104784,strict,absent,3.0,name + exact date + locality/collector match; no cross-reference or image,"01,02"
BBM:F027950,MO:104800,strict,unidirectional_platform_to_ubc,4.0,one-directional cross-reference (id present on only one side),01
BBM:F032758,MO:212466,strict,absent,3.0,name + exact date + locality/collector match; no cross-reference or image,01
BBM:F027965,MO:104842,strict,absent,3.0,name + exact date + locality/collector match; no cross-reference or image,01
BBM:F028282,MO:145270,strict,absent,3.0,name + exact date + locality/collector match; no cross-reference or image,01
BBM:F027978,MO:109472,strict,absent,3.0,name + exact date + locality/collector match; no cross-reference or image,01
BBM:F027978,MO:109474,strict,absent,3.0,name + exact date + locality/collector match; no cross-reference or image,01
BBM:F028013,MO:112880,strict,absent,3.0,name + exact date + locality/collector match; no cross-reference or image,01
BBM:F033980,MO:375286,similar,absent,2.5,similar name + date/locality; no cross-reference or image,01
BBM:F034370,MO:63841,similar,absent,2.5,similar name + date/locality; no cross-reference or image,01
BBM:F034370,MO:144191,similar,absent,2.5,similar name + date/locality; no cross-reference or image,01
BBM:F034370,MO:323864,similar,absent,2.5,similar name + date/locality; no cross-reference or image,01
BBM:F034370,MO:379219,similar,absent,2.5,similar name + date/locality; no cross-reference or image,01
BBM:F034370,MO:379242,similar,absent,2.5,similar name + date/locality; no cross-reference or image,01
BBM:F034370,MO:407476,similar,absent,2.5,similar name + date/locality; no cross-reference or image,01
BBM:F027990,MO:109904,strict,absent,3.0,name + exact date + locality/collector match; no cross-reference or image,01
BBM:F028300,MO:145533,strict,absent,3.0,name + exact date + locality/collector match; no cross-reference or image,01
BBM:F034366,MO:248884,similar,absent,2.5,similar name + date/locality; no cross-reference or image,01
BBM:F034366,MO:324896,similar,absent,2.5,similar name + date/locality; no cross-reference or image,01
BBM:F034366,MO:378234,similar,absent,2.5,similar name + date/locality; no cross-reference or image,01
BBM:F034366,MO:379245,similar,absent,2.5,similar name + date/locality; no cross-reference or image,01
BBM:F034366,MO:420336,similar,absent,2.5,similar name + date/locality; no cross-reference or image,01
BBM:F028135,MO:131769,strict,absent,3.0,name + exact date + locality/collector match; no cross-reference or image,01
BBM:F029216,MO:171143,strict,absent,3.0,name + exact date + locality/collector match; no cross-reference or image,01
BBM:F028223,MO:138777,strict,unidirectional_platform_to_ubc,4.0,one-directional cross-reference (id present on only one side),01
BBM:F028269,MO:141447,similar,unidirectional_platform_to_ubc,4.0,one-directional cross-reference (id present on only one side),01
BBM:F028255,MO:143830,strict,absent,3.0,name + exact date + locality/collector match; no cross-reference or image,01
BBM:F029075,MO:168333,strict,absent,3.0,name + exact date + locality/collector match; no cross-reference or image,01
BBM:F029213,MO:65302,strict,absent,3.0,name + exact date + locality/collector match; no cross-reference or image,01
BBM:F032829,MO:222760,strict,absent,3.0,name + exact date + locality/collector match; no cross-reference or image,01
BBM:F034000,MO:323929,similar,absent,2.5,similar name + date/locality; no cross-reference or image,01
BBM:F034514,MO:255271,similar,absent,2.5,similar name + date/locality; no cross-reference or image,01
BBM:F034964,MO:255271,similar,absent,2.5,similar name + date/locality; no cross-reference or image,01
BBM:F035767,MO:255271,similar,absent,2.5,similar name + date/locality; no cross-reference or image,01
BBM:F029944,MO:64983,strict,absent,3.0,name + exact date + locality/collector match; no cross-reference or image,01
BBM:F034080,MO:472091,similar,absent,2.5,similar name + date/locality; no cross-reference or image,01
BBM:F034080,MO:472583,similar,absent,2.5,similar name + date/locality; no cross-reference or image,01
BBM:F034361,MO:378237,similar,absent,2.5,similar name + date/locality; no cross-reference or image,01
BBM:F032678,MO:200476,strict,absent,3.0,name + exact date + locality/collector match; no cross-reference or image,01
BBM:F034401,MO:368703,similar,absent,2.5,similar name + date/locality; no cross-reference or image,01
BBM:F034401,MO:368704,similar,absent,2.5,similar name + date/locality; no cross-reference or image,01
BBM:F034402,MO:368703,similar,absent,2.5,similar name + date/locality; no cross-reference or image,01
BBM:F034402,MO:368704,similar,absent,2.5,similar name + date/locality; no cross-reference or image,01
BBM:F035749,MO:311001,similar,absent,2.5,similar name + date/locality; no cross-reference or image,01
BBM:F035749,MO:350780,similar,absent,2.5,similar name + date/locality; no cross-reference or image,01
BBM:F035749,MO:396761,similar,absent,2.5,similar name + date/locality; no cross-reference or image,01
BBM:F034863,MO:188935,similar,absent,2.5,similar name + date/locality; no cross-reference or image,01
BBM:F035069,MO:301934,similar,absent,2.5,similar name + date/locality; no cross-reference or image,01
BBM:F035069,MO:303559,similar,absent,2.5,similar name + date/locality; no cross-reference or image,01
BBM:F035069,MO:311021,similar,absent,2.5,similar name + date/locality; no cross-reference or image,01
BBM:F035069,MO:324333,similar,absent,2.5,similar name + date/locality; no cross-reference or image,01
BBM:F035069,MO:401774,similar,absent,2.5,similar name + date/locality; no cross-reference or image,01
BBM:F035753,MO:301934,similar,absent,2.5,similar name + date/locality; no cross-reference or image,01
BBM:F035753,MO:303559,similar,absent,2.5,similar name + date/locality; no cross-reference or image,01
BBM:F035753,MO:311021,similar,absent,2.5,similar name + date/locality; no cross-reference or image,01
BBM:F035753,MO:324333,similar,absent,2.5,similar name + date/locality; no cross-reference or image,01
BBM:F035753,MO:401774,similar,absent,2.5,similar name + date/locality; no cross-reference or image,01
BBM:F034973,MO:98199,similar,absent,2.5,similar name + date/locality; no cross-reference or image,"01,05"
BBM:F034973,MO:163928,similar,absent,2.5,similar name + date/locality; no cross-reference or image,"01,05"
BBM:F034973,MO:274605,similar,absent,2.5,similar name + date/locality; no cross-reference or image,"01,05"
BBM:F035311,MO:106393,similar,absent,2.5,similar name + date/locality; no cross-reference or image,01
BBM:F035311,MO:196961,similar,absent,2.5,similar name + date/locality; no cross-reference or image,01
BBM:F035311,MO:263966,similar,absent,2.5,similar name + date/locality; no cross-reference or image,01
BBM:F035311,MO:306489,similar,absent,2.5,similar name + date/locality; no cross-reference or image,01
BBM:F035311,MO:313325,similar,absent,2.5,similar name + date/locality; no cross-reference or image,01
BBM:F035706,MO:181904,similar,absent,2.5,similar name + date/locality; no cross-reference or image,01
BBM:F035706,MO:202330,similar,absent,2.5,similar name + date/locality; no cross-reference or image,01
BBM:F035706,MO:349918,similar,absent,2.5,similar name + date/locality; no cross-reference or image,01
BBM:F033987,MO:271910,similar,absent,2.5,similar name + date/locality; no cross-reference or image,01
BBM:F033987,MO:449322,similar,absent,2.5,similar name + date/locality; no cross-reference or image,01
BBM:F033987,MO:453577,similar,absent,2.5,similar name + date/locality; no cross-reference or image,01
BBM:F035072,MO:271910,similar,absent,2.5,similar name + date/locality; no cross-reference or image,01
BBM:F035072,MO:449322,similar,absent,2.5,similar name + date/locality; no cross-reference or image,01
BBM:F035072,MO:453577,similar,absent,2.5,similar name + date/locality; no cross-reference or image,01
BBM:F035154,MO:271910,similar,absent,2.5,similar name + date/locality; no cross-reference or image,01
BBM:F035154,MO:449322,similar,absent,2.5,similar name + date/locality; no cross-reference or image,01
BBM:F035154,MO:453577,similar,absent,2.5,similar name + date/locality; no cross-reference or image,01
BBM:F034265,MO:170636,similar,absent,2.5,similar name + date/locality; no cross-reference or image,01
BBM:F034265,MO:276627,similar,absent,2.5,similar name + date/locality; no cross-reference or image,01
BBM:F034281,MO:255011,similar,absent,2.5,similar name + date/locality; no cross-reference or image,01
BBM:F034281,MO:282449,similar,absent,2.5,similar name + date/locality; no cross-reference or image,01
BBM:F034284,MO:255011,similar,absent,2.5,similar name + date/locality; no cross-reference or image,01
BBM:F034284,MO:282449,similar,absent,2.5,similar name + date/locality; no cross-reference or image,01
BBM:F034364,MO:96949,similar,absent,2.5,similar name + date/locality; no cross-reference or image,01
BBM:F034364,MO:378427,similar,absent,2.5,similar name + date/locality; no cross-reference or image,01
BBM:F034364,MO:379223,similar,absent,2.5,similar name + date/locality; no cross-reference or image,01
BBM:F034369,MO:96949,similar,absent,2.5,similar name + date/locality; no cross-reference or image,01
BBM:F034369,MO:378427,similar,absent,2.5,similar name + date/locality; no cross-reference or image,01
BBM:F034369,MO:379223,similar,absent,2.5,similar name + date/locality; no cross-reference or image,01
BBM:F034365,MO:375288,similar,absent,2.5,similar name + date/locality; no cross-reference or image,01
BBM:F034365,MO:378425,similar,absent,2.5,similar name + date/locality; no cross-reference or image,01
BBM:F034893,MO:75637,similar,absent,2.5,similar name + date/locality; no cross-reference or image,01
BBM:F034893,MO:190547,similar,absent,2.5,similar name + date/locality; no cross-reference or image,01
BBM:F034893,MO:261076,similar,absent,2.5,similar name + date/locality; no cross-reference or image,01
BBM:F035022,MO:273898,similar,absent,2.5,similar name + date/locality; no cross-reference or image,01
BBM:F035035,MO:135031,similar,absent,2.5,similar name + date/locality; no cross-reference or image,01
BBM:F035048,MO:160008,similar,absent,2.5,similar name + date/locality; no cross-reference or image,01
BBM:F035157,MO:87641,similar,absent,2.5,similar name + date/locality; no cross-reference or image,01
BBM:F035157,MO:398011,similar,absent,2.5,similar name + date/locality; no cross-reference or image,01
BBM:F035157,MO:400494,similar,absent,2.5,similar name + date/locality; no cross-reference or image,01
BBM:F035298,MO:196450,similar,absent,2.5,similar name + date/locality; no cross-reference or image,"01,05"
BBM:F035664,MO:314829,similar,absent,2.5,similar name + date/locality; no cross-reference or image,01
