platform,record_a,record_b,match_type,breakdown
BBM,BBM:F000003,BBM:F000922,similar,06
mo,MO:75926,MO:93446,similar,06
mo,MO:75926,MO:151312,similar,06
mo,MO:93446,MO:151312,similar,06
mo,MO:72852,MO:379220,similar,06
mo,MO:72852,MO:444793,similar,06
mo,MO:379220,MO:444793,similar,06
BBM,BBM:F000945,BBM:F000966,similar,06
BBM,BBM:F000012,BBM:F000013,similar,06
BBM,BBM:F000012,BBM:F000014,similar,06
BBM,BBM:F000013,BBM:F000014,similar,06
mo,MO:204760,MO:226534,similar,06
mo,MO:204760,MO:285455,similar,06
mo,MO:226534,MO:285455,similar,06
BBM,BBM:F000017,BBM:F000018,similar,06
BBM,BBM:F000017,BBM:F000019,similar,06
BBM,BBM:F000017,BBM:F000462,similar,06
BBM,BBM:F000018,BBM:F000019,similar,06
BBM,BBM:F000018,BBM:F000462,similar,06
BBM,BBM:F000019,BBM:F000462,similar,06
mo,MO:66877,MO:130631,similar,06
mo,MO:66877,MO:271190,similar,06
mo,MO:130631,MO:271190,similar,06
BBM,BBM:F000021,BBM:F000022,similar,06
BBM,BBM:F000024,BBM:F000025,similar,06
BBM,BBM:F000024,BBM:F000026,similar,06
BBM,BBM:F000025,BBM:F000026,similar,06
BBM,BBM:F000460,BBM:F000461,similar,06
BBM,BBM:F000469,BBM:F000470,similar,06
BBM,BBM:F000469,BBM:F000471,similar,06
BBM,BBM:F000469,BBM:F000474,similar,06
BBM,BBM:F000469,BBM:F000475,similar,06
BBM,BBM:F000469,BBM:F000476,similar,06
BBM,BBM:F000469,BBM:F000477,similar,06
BBM,BBM:F000469,BBM:F000479,similar,06
BBM,BBM:F000469,BBM:F000480,similar,06
BBM,BBM:F000469,BBM:F000482,similar,06
BBM,BBM:F000470,BBM:F000471,similar,06
BBM,BBM:F000470,BBM:F000474,similar,06
BBM,BBM:F000470,BBM:F000475,similar,06
BBM,BBM:F000470,BBM:F000476,similar,06
BBM,BBM:F000470,BBM:F000477,similar,06
BBM,BBM:F000470,BBM:F000479,similar,06
BBM,BBM:F000470,BBM:F000480,similar,06
BBM,BBM:F000470,BBM:F000482,similar,06
BBM,BBM:F000471,BBM:F000474,similar,06
BBM,BBM:F000471,BBM:F000475,similar,06
BBM,BBM:F000471,BBM:F000476,similar,06
BBM,BBM:F000471,BBM:F000477,similar,06
BBM,BBM:F000471,BBM:F000479,similar,06
BBM,BBM:F000471,BBM:F000480,similar,06
BBM,BBM:F000471,BBM:F000482,similar,06
BBM,BBM:F000474,BBM:F000475,similar,06
BBM,BBM:F000474,BBM:F000476,similar,06
BBM,BBM:F000474,BBM:F000477,similar,06
BBM,BBM:F000474,BBM:F000479,similar,06
BBM,BBM:F000474,BBM:F000480,similar,06
BBM,BBM:F000474,BBM:F000482,similar,06
BBM,BBM:F000475,BBM:F000476,similar,06
BBM,BBM:F000475,BBM:F000477,similar,06
BBM,BBM:F000475,BBM:F000479,similar,06
BBM,BBM:F000475,BBM:F000480,similar,06
BBM,BBM:F000475,BBM:F000482,similar,06
BBM,BBM:F000476,BBM:F000477,similar,06
BBM,BBM:F000476,BBM:F000479,similar,06
BBM,BBM:F000476,BBM:F000480,similar,06
BBM,BBM:F000476,BBM:F000482,similar,06
BBM,BBM:F000477,BBM:F000479,similar,06
BBM,BBM:F000477,BBM:F000480,similar,06
BBM,BBM:F000477,BBM:F000482,similar,06
BBM,BBM:F000479,BBM:F000480,similar,06
BBM,BBM:F000479,BBM:F000482,similar,06
BBM,BBM:F000480,BBM:F000482,similar,06
BBM,BBM:F000472,BBM:F000478,similar,06
mo,MO:87050,MO:88596,strict,06
mo,MO:238405,MO:264931,similar,06
mo,MO:185352,MO:285079,similar,06
mo,MO:385287,MO:430979,similar,06
mo,MO:261317,MO:262397,similar,06
mo,MO:261317,MO:262707,similar,06
mo,MO:262397,MO:262707,similar,06
mo,MO:261556,MO:263310,similar,06
mo,MO:387882,MO:387891,strict,06
mo,MO:387882,MO:387970,strict,06
mo,MO:387882,MO:387973,strict,06
mo,MO:387882,MO:387982,strict,06
mo,MO:387891,MO:387970,strict,06
mo,MO:387891,MO:387973,strict,06
mo,MO:387891,MO:387982,strict,06
mo,MO:387970,MO:387973,strict,06
mo,MO:387970,MO:387982,strict,06
mo,MO:387973,MO:387982,strict,06
mo,MO:244554,MO:260890,similar,06
mo,MO:234913,MO:244282,similar,06
mo,MO:302590,MO:315634,similar,06
BBM,BBM:F000038,BBM:F000039,similar,06
mo,MO:123183,MO:123184,similar,06
mo,MO:123183,MO:123185,similar,06
mo,MO:123183,MO:519747,similar,06
mo,MO:123184,MO:123185,similar,06
mo,MO:123184,MO:519747,similar,06
mo,MO:123185,MO:519747,similar,06
mo,MO:319030,MO:333047,similar,06
mo,MO:130189,MO:160580,similar,06
mo,MO:364631,MO:367689,strict,06
mo,MO:65871,MO:159221,similar,06
mo,MO:65871,MO:193942,similar,06
mo,MO:65871,MO:264302,similar,06
mo,MO:65871,MO:311615,similar,06
mo,MO:65871,MO:364630,similar,06
mo,MO:159221,MO:193942,similar,06
mo,MO:159221,MO:264302,similar,06
mo,MO:159221,MO:311615,similar,06
mo,MO:159221,MO:364630,similar,06
mo,MO:193942,MO:264302,similar,06
mo,MO:193942,MO:311615,similar,06
mo,MO:193942,MO:364630,similar,06
mo,MO:264302,MO:311615,similar,06
mo,MO:264302,MO:364630,similar,06
mo,MO:311615,MO:364630,similar,06
mo,MO:67868,MO:164800,strict,06
mo,MO:168398,MO:168455,strict,06
mo,MO:274822,MO:276755,similar,06
mo,MO:70116,MO:159256,similar,06
BBM,BBM:F000047,BBM:F000587,similar,06
BBM,BBM:F001344,BBM:F001345,similar,06
mo,MO:64001,MO:65181,similar,06
mo,MO:387877,MO:405858,similar,06
BBM,BBM:F000555,BBM:F000556,similar,06
BBM,BBM:F000673,BBM:F000676,similar,06
BBM,BBM:F000049,BBM:F000995,similar,06
mo,MO:65173,MO:172842,strict,06
mo,MO:118720,MO:119283,similar,06
mo,MO:118720,MO:120551,similar,06
mo,MO:119283,MO:120551,similar,06
mo,MO:119344,MO:130358,similar,06
mo,MO:130380,MO:171760,similar,06
mo,MO:211818,MO:212044,similar,06
mo,MO:242926,MO:265295,similar,06
mo,MO:251491,MO:253244,similar,06
mo,MO:317057,MO:319674,similar,06
mo,MO:317057,MO:321413,similar,06
mo,MO:317057,MO:334781,similar,06
mo,MO:317057,MO:400492,similar,06
mo,MO:319674,MO:321413,similar,06
mo,MO:319674,MO:334781,similar,06
mo,MO:319674,MO:400492,similar,06
mo,MO:321413,MO:334781,similar,06
mo,MO:321413,MO:400492,similar,06
mo,MO:334781,MO:400492,similar,06
mo,MO:351372,MO:355505,similar,06
mo,MO:374798,MO:376540,similar,06
mo,MO:374798,MO:414257,similar,06
mo,MO:376540,MO:414257,similar,06
BBM,BBM:F000053,BBM:F000073,similar,06
BBM,BBM:F000065,BBM:F000066,similar,06
BBM,BBM:F000081,BBM:F000082,similar,06
BBM,BBM:F000081,BBM:F000086,similar,06
BBM,BBM:F000082,BBM:F000086,similar,06
BBM,BBM:F000055,BBM:F000063,similar,06
BBM,BBM:F000059,BBM:F000060,similar,06
BBM,BBM:F000094,BBM:F000095,similar,06
BBM,BBM:F000094,BBM:F000098,similar,06
BBM,BBM:F000095,BBM:F000098,similar,06
BBM,BBM:F000113,BBM:F000120,similar,06
BBM,BBM:F000114,BBM:F000115,similar,06
BBM,BBM:F000114,BBM:F000116,similar,06
BBM,BBM:F000114,BBM:F000119,similar,06
BBM,BBM:F000115,BBM:F000116,similar,06
BBM,BBM:F000115,BBM:F000119,similar,06
BBM,BBM:F000116,BBM:F000119,similar,06
BBM,BBM:F000122,BBM:F000123,similar,06
BBM,BBM:F000131,BBM:F000136,similar,06
BBM,BBM:F000137,BBM:F000138,similar,06
mo,MO:165089,MO:300996,similar,06
BBM,BBM:F000141,BBM:F000143,similar,06
BBM,BBM:F000164,BBM:F000173,similar,06
BBM,BBM:F000198,BBM:F000208,similar,06
BBM,BBM:F000218,BBM:F000219,similar,06
BBM,BBM:F000220,BBM:F000229,similar,06
BBM,BBM:F000220,BBM:F000232,similar,06
BBM,BBM:F000220,BBM:F000235,similar,06
BBM,BBM:F000220,BBM:F000236,similar,06
BBM,BBM:F000229,BBM:F000232,similar,06
BBM,BBM:F000229,BBM:F000235,similar,06
BBM,BBM:F000229,BBM:F000236,similar,06
BBM,BBM:F000232,BBM:F000235,similar,06
BBM,BBM:F000232,BBM:F000236,similar,06
BBM,BBM:F000235,BBM:F000236,similar,06
BBM,BBM:F000222,BBM:F000238,similar,06
BBM,BBM:F000234,BBM:F000245,similar,06
BBM,BBM:F000241,BBM:F000248,similar,06
BBM,BBM:F000257,BBM:F000268,similar,06
BBM,BBM:F000261,BBM:F000272,similar,06
BBM,BBM:F000263,BBM:F000264,similar,06
BBM,BBM:F000270,BBM:F000281,similar,06
BBM,BBM:F000286,BBM:F000297,similar,06
BBM,BBM:F000286,BBM:F000298,similar,06
BBM,BBM:F000297,BBM:F000298,similar,06
BBM,BBM:F000294,BBM:F000295,similar,06
BBM,BBM:F000318,BBM:F000321,similar,06
mo,MO:248198,MO:248890,similar,06
BBM,BBM:F000322,BBM:F000323,similar,06
mo,MO:261394,MO:262315,similar,06
BBM,BBM:F000337,BBM:F000360,similar,06
BBM,BBM:F000337,BBM:F000361,similar,06
BBM,BBM:F000360,BBM:F000361,similar,06
BBM,BBM:F000338,BBM:F000345,similar,06
BBM,BBM:F000346,BBM:F000355,similar,06
BBM,BBM:F000349,BBM:F000350,similar,06
BBM,BBM:F000353,BBM:F000359,similar,06
BBM,BBM:F000354,BBM:F000357,similar,06
BBM,BBM:F000389,BBM:F000420,similar,06
BBM,BBM:F000390,BBM:F000408,similar,06
BBM,BBM:F000390,BBM:F000411,similar,06
BBM,BBM:F000390,BBM:F000415,similar,06
BBM,BBM:F000408,BBM:F000411,similar,06
BBM,BBM:F000408,BBM:F000415,similar,06
BBM,BBM:F000411,BBM:F000415,similar,06
BBM,BBM:F000391,BBM:F000399,similar,06
BBM,BBM:F000391,BBM:F000409,similar,06
BBM,BBM:F000391,BBM:F000436,similar,06
BBM,BBM:F000399,BBM:F000409,similar,06
BBM,BBM:F000399,BBM:F000436,similar,06
BBM,BBM:F000409,BBM:F000436,similar,06
BBM,BBM:F000400,BBM:F000406,similar,06
BBM,BBM:F000403,BBM:F000419,similar,06
BBM,BBM:F000429,BBM:F000450,similar,06
BBM,BBM:F000430,BBM:F000448,similar,06
BBM,BBM:F000446,BBM:F000452,similar,06
mo,MO:400073,MO:422688,similar,06
BBM,BBM:F000790,BBM:F000824,similar,06
BBM,BBM:F000790,BBM:F000825,similar,06
BBM,BBM:F000790,BBM:F000826,similar,06
BBM,BBM:F000790,BBM:F000869,similar,06
BBM,BBM:F000824,BBM:F000825,similar,06
BBM,BBM:F000824,BBM:F000826,similar,06
BBM,BBM:F000824,BBM:F000869,similar,06
BBM,BBM:F000825,BBM:F000826,similar,06
BBM,BBM:F000825,BBM:F000869,similar,06
BBM,BBM:F000826,BBM:F000869,similar,06
BBM,BBM:F000814,BBM:F000844,similar,06
BBM,BBM:F000814,BBM:F000845,similar,06
BBM,BBM:F000814,BBM:F000846,similar,06
BBM,BBM:F000814,BBM:F000858,similar,06
BBM,BBM:F000814,BBM:F000916,similar,06
BBM,BBM:F000844,BBM:F000845,similar,06
BBM,BBM:F000844,BBM:F000846,similar,06
BBM,BBM:F000844,BBM:F000858,similar,06
BBM,BBM:F000844,BBM:F000916,similar,06
BBM,BBM:F000845,BBM:F000846,similar,06
BBM,BBM:F000845,BBM:F000858,similar,06
BBM,BBM:F000845,BBM:F000916,similar,06
BBM,BBM:F000846,BBM:F000858,similar,06
BBM,BBM:F000846,BBM:F000916,similar,06
BBM,BBM:F000858,BBM:F000916,similar,06
BBM,BBM:F000815,BBM:F000816,similar,06
BBM,BBM:F000815,BBM:F000817,similar,06
BBM,BBM:F000815,BBM:F000818,similar,06
BBM,BBM:F000815,BBM:F000852,similar,06
BBM,BBM:F000815,BBM:F000853,similar,06
BBM,BBM:F000815,BBM:F000854,similar,06
BBM,BBM:F000815,BBM:F000855,similar,06
BBM,BBM:F000815,BBM:F000856,similar,06
BBM,BBM:F000815,BBM:F000857,similar,06
BBM,BBM:F000815,BBM:F000880,similar,06
BBM,BBM:F000815,BBM:F000881,similar,06
BBM,BBM:F000815,BBM:F000882,similar,06
BBM,BBM:F000816,BBM:F000817,similar,06
BBM,BBM:F000816,BBM:F000818,similar,06
BBM,BBM:F000816,BBM:F000852,similar,06
BBM,BBM:F000816,BBM:F000853,similar,06
BBM,BBM:F000816,BBM:F000854,similar,06
BBM,BBM:F000816,BBM:F000855,similar,06
BBM,BBM:F000816,BBM:F000856,similar,06
BBM,BBM:F000816,BBM:F000857,similar,06
BBM,BBM:F000816,BBM:F000880,similar,06
BBM,BBM:F000816,BBM:F000881,similar,06
BBM,BBM:F000816,BBM:F000882,similar,06
BBM,BBM:F000817,BBM:F000818,similar,06
BBM,BBM:F000817,BBM:F000852,similar,06
BBM,BBM:F000817,BBM:F000853,similar,06
BBM,BBM:F000817,BBM:F000854,similar,06
BBM,BBM:F000817,BBM:F000855,similar,06
BBM,BBM:F000817,BBM:F000856,similar,06
BBM,BBM:F000817,BBM:F000857,similar,06
BBM,BBM:F000817,BBM:F000880,similar,06
BBM,BBM:F000817,BBM:F000881,similar,06
BBM,BBM:F000817,BBM:F000882,similar,06
BBM,BBM:F000818,BBM:F000852,similar,06
BBM,BBM:F000818,BBM:F000853,similar,06
BBM,BBM:F000818,BBM:F000854,similar,06
BBM,BBM:F000818,BBM:F000855,similar,06
BBM,BBM:F000818,BBM:F000856,similar,06
BBM,BBM:F000818,BBM:F000857,similar,06
BBM,BBM:F000818,BBM:F000880,similar,06
BBM,BBM:F000818,BBM:F000881,similar,06
BBM,BBM:F000818,BBM:F000882,similar,06
BBM,BBM:F000852,BBM:F000853,similar,06
BBM,BBM:F000852,BBM:F000854,similar,06
BBM,BBM:F000852,BBM:F000855,similar,06
BBM,BBM:F000852,BBM:F000856,similar,06
BBM,BBM:F000852,BBM:F000857,similar,06
BBM,BBM:F000852,BBM:F000880,similar,06
BBM,BBM:F000852,BBM:F000881,similar,06
BBM,BBM:F000852,BBM:F000882,similar,06
BBM,BBM:F000853,BBM:F000854,similar,06
BBM,BBM:F000853,BBM:F000855,similar,06
BBM,BBM:F000853,BBM:F000856,similar,06
BBM,BBM:F000853,BBM:F000857,similar,06
BBM,BBM:F000853,BBM:F000880,similar,06
BBM,BBM:F000853,BBM:F000881,similar,06
BBM,BBM:F000853,BBM:F000882,similar,06
BBM,BBM:F000854,BBM:F000855,similar,06
BBM,BBM:F000854,BBM:F000856,similar,06
BBM,BBM:F000854,BBM:F000857,similar,06
BBM,BBM:F000854,BBM:F000880,similar,06
BBM,BBM:F000854,BBM:F000881,similar,06
BBM,BBM:F000854,BBM:F000882,similar,06
BBM,BBM:F000855,BBM:F000856,similar,06
BBM,BBM:F000855,BBM:F000857,similar,06
BBM,BBM:F000855,BBM:F000880,similar,06
BBM,BBM:F000855,BBM:F000881,similar,06
BBM,BBM:F000855,BBM:F000882,similar,06
BBM,BBM:F000856,BBM:F000857,similar,06
BBM,BBM:F000856,BBM:F000880,similar,06
BBM,BBM:F000856,BBM:F000881,similar,06
BBM,BBM:F000856,BBM:F000882,similar,06
BBM,BBM:F000857,BBM:F000880,similar,06
BBM,BBM:F000857,BBM:F000881,similar,06
BBM,BBM:F000857,BBM:F000882,similar,06
BBM,BBM:F000880,BBM:F000881,similar,06
BBM,BBM:F000880,BBM:F000882,similar,06
BBM,BBM:F000881,BBM:F000882,similar,06
BBM,BBM:F000821,BBM:F000822,similar,06
BBM,BBM:F000841,BBM:F000842,similar,06
BBM,BBM:F000939,BBM:F001059,similar,06
BBM,BBM:F000377,BBM:F000381,similar,06
BBM,BBM:F000456,BBM:F000457,similar,06
BBM,BBM:F000458,BBM:F000459,similar,06
BBM,BBM:F000820,BBM:F000834,similar,06
BBM,BBM:F000847,BBM:F000863,similar,06
BBM,BBM:F000864,BBM:F000865,similar,06
BBM,BBM:F000505,BBM:F001087,similar,06
BBM,BBM:F000505,BBM:F001093,similar,06
BBM,BBM:F001087,BBM:F001093,similar,06
BBM,BBM:F001079,BBM:F001080,similar,06
BBM,BBM:F001085,BBM:F001089,similar,06
BBM,BBM:F001085,BBM:F001092,similar,06
BBM,BBM:F001089,BBM:F001092,similar,06
BBM,BBM:F000508,BBM:F000509,similar,06
mo,MO:163334,MO:163435,similar,06
mo,MO:274270,MO:406978,similar,06
mo,MO:308804,MO:351197,similar,06
mo,MO:347654,MO:353942,similar,06
mo,MO:347654,MO:365001,similar,06
mo,MO:353942,MO:365001,similar,06
mo,MO:388118,MO:389103,similar,06
mo,MO:438537,MO:441727,similar,06
BBM,BBM:F000548,BBM:F000549,similar,06
BBM,BBM:F000562,BBM:F000565,similar,06
mo,MO:64042,MO:65319,similar,06
mo,MO:82832,MO:159754,similar,06
mo,MO:231047,MO:265138,similar,06
mo,MO:344400,MO:359640,similar,06
mo,MO:295105,MO:380995,similar,06
mo,MO:146405,MO:153894,similar,06
mo,MO:323988,MO:326764,similar,06
mo,MO:378452,MO:382931,similar,06
mo,MO:378452,MO:383383,similar,06
mo,MO:378452,MO:414097,similar,06
mo,MO:382931,MO:383383,similar,06
mo,MO:382931,MO:414097,similar,06
mo,MO:383383,MO:414097,similar,06
mo,MO:379241,MO:383377,similar,06
mo,MO:379241,MO:396507,similar,06
mo,MO:379241,MO:414331,similar,06
mo,MO:383377,MO:396507,similar,06
mo,MO:383377,MO:414331,similar,06
mo,MO:396507,MO:414331,similar,06
mo,MO:390563,MO:414091,similar,06
mo,MO:364419,MO:373298,similar,06
BBM,BBM:F000893,BBM:F000894,similar,06
BBM,BBM:F000893,BBM:F000897,similar,06
BBM,BBM:F000894,BBM:F000897,similar,06
BBM,BBM:F001503,BBM:F001504,similar,06
mo,MO:86599,MO:302973,similar,06
BBM,BBM:F001507,BBM:F001510,similar,06
mo,MO:152313,MO:155732,similar,06
mo,MO:392361,MO:394506,similar,06
mo,MO:392361,MO:395867,similar,06
mo,MO:392361,MO:396787,similar,06
mo,MO:394506,MO:395867,similar,06
mo,MO:394506,MO:396787,similar,06
mo,MO:395867,MO:396787,similar,06
mo,MO:353943,MO:355507,similar,06
mo,MO:375287,MO:375867,similar,06
mo,MO:375287,MO:381016,similar,06
mo,MO:375867,MO:381016,similar,06
mo,MO:426913,MO:426922,similar,06
mo,MO:302136,MO:360372,similar,06
mo,MO:65562,MO:73016,similar,06
mo,MO:66305,MO:75668,similar,06
mo,MO:66305,MO:75929,similar,06
mo,MO:75668,MO:75929,similar,06
mo,MO:66790,MO:82707,similar,06
mo,MO:66965,MO:72828,similar,06
mo,MO:66965,MO:97297,similar,06
mo,MO:72828,MO:97297,similar,06
mo,MO:68837,MO:83051,similar,06
mo,MO:68837,MO:106169,similar,06
mo,MO:83051,MO:106169,similar,06
mo,MO:72857,MO:77711,similar,06
mo,MO:75665,MO:156593,similar,06
mo,MO:75666,MO:75670,similar,06
mo,MO:75889,MO:156482,similar,06
mo,MO:75889,MO:156483,similar,06
mo,MO:75889,MO:195910,similar,06
mo,MO:156482,MO:156483,similar,06
mo,MO:156482,MO:195910,similar,06
mo,MO:156483,MO:195910,similar,06
mo,MO:75896,MO:156683,strict,06
mo,MO:90519,MO:105731,similar,06
mo,MO:90519,MO:105732,similar,06
mo,MO:105731,MO:105732,similar,06
mo,MO:106279,MO:106282,similar,06
mo,MO:127700,MO:132785,similar,06
mo,MO:127700,MO:132786,similar,06
mo,MO:127700,MO:160436,similar,06
mo,MO:132785,MO:132786,similar,06
mo,MO:132785,MO:160436,similar,06
mo,MO:132786,MO:160436,similar,06
mo,MO:131752,MO:163801,similar,06
mo,MO:131754,MO:163818,similar,06
mo,MO:132784,MO:151393,similar,06
mo,MO:132788,MO:139497,similar,06
mo,MO:148507,MO:151889,similar,06
mo,MO:156637,MO:156695,similar,06
mo,MO:156772,MO:157064,similar,06
mo,MO:156772,MO:196543,similar,06
mo,MO:157064,MO:196543,similar,06
mo,MO:156777,MO:156849,similar,06
mo,MO:157008,MO:209961,similar,06
mo,MO:157008,MO:210247,similar,06
mo,MO:209961,MO:210247,similar,06
mo,MO:157225,MO:157332,similar,06
mo,MO:157225,MO:157333,similar,06
mo,MO:157332,MO:157333,similar,06
mo,MO:157334,MO:157552,similar,06
mo,MO:157365,MO:157845,similar,06
mo,MO:157462,MO:157463,strict,06
mo,MO:157556,MO:157811,strict,06
mo,MO:157560,MO:157813,similar,06
mo,MO:157560,MO:157814,similar,06
mo,MO:157813,MO:157814,similar,06
mo,MO:157823,MO:157825,strict,06
mo,MO:157843,MO:157844,similar,06
mo,MO:163434,MO:164059,similar,06
mo,MO:163434,MO:164619,similar,06
mo,MO:163434,MO:165087,similar,06
mo,MO:164059,MO:164619,similar,06
mo,MO:164059,MO:165087,similar,06
mo,MO:164619,MO:165087,similar,06
mo,MO:164058,MO:165086,similar,06
mo,MO:164058,MO:194697,similar,06
mo,MO:165086,MO:194697,similar,06
mo,MO:164105,MO:193062,similar,06
mo,MO:164503,MO:164507,similar,06
mo,MO:164503,MO:192981,similar,06
mo,MO:164507,MO:192981,similar,06
mo,MO:164622,MO:176001,similar,06
mo,MO:165084,MO:169271,strict,06
mo,MO:165085,MO:189822,similar,06
mo,MO:165085,MO:193055,similar,06
mo,MO:189822,MO:193055,similar,06
mo,MO:165727,MO:171910,similar,06
mo,MO:165727,MO:188638,similar,06
mo,MO:171910,MO:188638,similar,06
mo,MO:166830,MO:167151,similar,06
mo,MO:166830,MO:449426,similar,06
mo,MO:167151,MO:449426,similar,06
mo,MO:171612,MO:171613,similar,06
mo,MO:171758,MO:171759,strict,06
mo,MO:173690,MO:173820,similar,06
mo,MO:173831,MO:174324,similar,06
mo,MO:189451,MO:190359,similar,06
mo,MO:203304,MO:204754,similar,06
mo,MO:203304,MO:216280,similar,06
mo,MO:204754,MO:216280,similar,06
mo,MO:203708,MO:224187,similar,06
mo,MO:204325,MO:205766,similar,06
mo,MO:209964,MO:210415,similar,06
mo,MO:209964,MO:210419,similar,06
mo,MO:210415,MO:210419,similar,06
mo,MO:210121,MO:210193,similar,06
mo,MO:210355,MO:210509,similar,06
mo,MO:210361,MO:210452,similar,06
mo,MO:210467,MO:210512,similar,06
mo,MO:210467,MO:210516,similar,06
mo,MO:210512,MO:210516,similar,06
mo,MO:211762,MO:211763,strict,06
mo,MO:224987,MO:225735,similar,06
mo,MO:235518,MO:236481,similar,06
mo,MO:235590,MO:258706,similar,06
mo,MO:235590,MO:258912,similar,06
mo,MO:258706,MO:258912,similar,06
mo,MO:261549,MO:265133,similar,06
mo,MO:282620,MO:282758,similar,06
mo,MO:295528,MO:295529,strict,06
mo,MO:306912,MO:346455,similar,06
mo,MO:306912,MO:346459,similar,06
mo,MO:346455,MO:346459,similar,06
mo,MO:308806,MO:326231,similar,06
mo,MO:308806,MO:329633,similar,06
mo,MO:326231,MO:329633,similar,06
mo,MO:314351,MO:315951,similar,06
mo,MO:314351,MO:320135,similar,06
mo,MO:315951,MO:320135,similar,06
mo,MO:319724,MO:320134,similar,06
mo,MO:320190,MO:344545,similar,06
mo,MO:320190,MO:344958,similar,06
mo,MO:344545,MO:344958,similar,06
mo,MO:332079,MO:457180,similar,06
mo,MO:336726,MO:340640,similar,06
mo,MO:340820,MO:352868,similar,06
mo,MO:343965,MO:347649,similar,06
mo,MO:343965,MO:347650,similar,06
mo,MO:347649,MO:347650,similar,06
mo,MO:346456,MO:347646,similar,06
mo,MO:346456,MO:348429,similar,06
mo,MO:346456,MO:350348,similar,06
mo,MO:346456,MO:351362,similar,06
mo,MO:346456,MO:351368,similar,06
mo,MO:346456,MO:353894,similar,06
mo,MO:347646,MO:348429,similar,06
mo,MO:347646,MO:350348,similar,06
mo,MO:347646,MO:351362,similar,06
mo,MO:347646,MO:351368,similar,06
mo,MO:347646,MO:353894,similar,06
mo,MO:348429,MO:350348,similar,06
mo,MO:348429,MO:351362,similar,06
mo,MO:348429,MO:351368,similar,06
mo,MO:348429,MO:353894,similar,06
mo,MO:350348,MO:351362,similar,06
mo,MO:350348,MO:351368,similar,06
mo,MO:350348,MO:353894,similar,06
mo,MO:351362,MO:351368,similar,06
mo,MO:351362,MO:353894,similar,06
mo,MO:351368,MO:353894,similar,06
mo,MO:355965,MO:358943,similar,06
mo,MO:355965,MO:392477,similar,06
mo,MO:355965,MO:393119,similar,06
mo,MO:355965,MO:411777,similar,06
mo,MO:358943,MO:392477,similar,06
mo,MO:358943,MO:393119,similar,06
mo,MO:358943,MO:411777,similar,06
mo,MO:392477,MO:393119,similar,06
mo,MO:392477,MO:411777,similar,06
mo,MO:393119,MO:411777,similar,06
mo,MO:358927,MO:393112,similar,06
mo,MO:358941,MO:367797,similar,06
mo,MO:358941,MO:396789,similar,06
mo,MO:358941,MO:400163,similar,06
mo,MO:367797,MO:396789,similar,06
mo,MO:367797,MO:400163,similar,06
mo,MO:396789,MO:400163,similar,06
mo,MO:364846,MO:364847,strict,06
mo,MO:364846,MO:364850,strict,06
mo,MO:364847,MO:364850,strict,06
mo,MO:365792,MO:367796,similar,06
mo,MO:367800,MO:387993,similar,06
mo,MO:368536,MO:387923,similar,06
mo,MO:378224,MO:383390,similar,06
mo,MO:378426,MO:412756,similar,06
mo,MO:387898,MO:387992,strict,06
mo,MO:387898,MO:387995,strict,06
mo,MO:387898,MO:388009,strict,06
mo,MO:387898,MO:388012,strict,06
mo,MO:387992,MO:387995,strict,06
mo,MO:387992,MO:388009,strict,06
mo,MO:387992,MO:388012,strict,06
mo,MO:387995,MO:388009,strict,06
mo,MO:387995,MO:388012,strict,06
mo,MO:388009,MO:388012,strict,06
mo,MO:387988,MO:412114,similar,06
mo,MO:388005,MO:413171,similar,06
mo,MO:388066,MO:388077,strict,06
mo,MO:388066,MO:388080,strict,06
mo,MO:388066,MO:388083,strict,06
mo,MO:388066,MO:388090,strict,06
mo,MO:388066,MO:388113,strict,06
mo,MO:388066,MO:388116,strict,06
mo,MO:388077,MO:388080,strict,06
mo,MO:388077,MO:388083,strict,06
mo,MO:388077,MO:388090,strict,06
mo,MO:388077,MO:388113,strict,06
mo,MO:388077,MO:388116,strict,06
mo,MO:388080,MO:388083,strict,06
mo,MO:388080,MO:388090,strict,06
mo,MO:388080,MO:388113,strict,06
mo,MO:388080,MO:388116,strict,06
mo,MO:388083,MO:388090,strict,06
mo,MO:388083,MO:388113,strict,06
mo,MO:388083,MO:388116,strict,06
mo,MO:388090,MO:388113,strict,06
mo,MO:388090,MO:388116,strict,06
mo,MO:388113,MO:388116,strict,06
mo,MO:388084,MO:391803,similar,06
mo,MO:389265,MO:394280,similar,06
mo,MO:389267,MO:391801,similar,06
mo,MO:389267,MO:391814,similar,06
mo,MO:389267,MO:392252,similar,06
mo,MO:389267,MO:393000,similar,06
mo,MO:389267,MO:393109,similar,06
mo,MO:389267,MO:394285,similar,06
mo,MO:391801,MO:391814,similar,06
mo,MO:391801,MO:392252,similar,06
mo,MO:391801,MO:393000,similar,06
mo,MO:391801,MO:393109,similar,06
mo,MO:391801,MO:394285,similar,06
mo,MO:391814,MO:392252,similar,06
mo,MO:391814,MO:393000,similar,06
mo,MO:391814,MO:393109,similar,06
mo,MO:391814,MO:394285,similar,06
mo,MO:392252,MO:393000,similar,06
mo,MO:392252,MO:393109,similar,06
mo,MO:392252,MO:394285,similar,06
mo,MO:393000,MO:393109,similar,06
mo,MO:393000,MO:394285,similar,06
mo,MO:393109,MO:394285,similar,06
mo,MO:392478,MO:393113,similar,06
mo,MO:392478,MO:395872,similar,06
mo,MO:393113,MO:395872,similar,06
mo,MO:393110,MO:395862,similar,06
mo,MO:394284,MO:408650,similar,06
mo,MO:399954,MO:441641,similar,06
mo,MO:400951,MO:440713,similar,06
mo,MO:400951,MO:441696,similar,06
mo,MO:440713,MO:441696,similar,06
mo,MO:441639,MO:441649,strict,06
mo,MO:441715,MO:441849,similar,06
mo,MO:265139,MO:351364,similar,06
mo,MO:306874,MO:359641,similar,06
mo,MO:330829,MO:337948,similar,06
mo,MO:330829,MO:351210,similar,06
mo,MO:337948,MO:351210,similar,06
mo,MO:347643,MO:351366,similar,06
mo,MO:357537,MO:389264,similar,06
mo,MO:357537,MO:394283,similar,06
mo,MO:357537,MO:397529,similar,06
mo,MO:357537,MO:409333,similar,06
mo,MO:389264,MO:394283,similar,06
mo,MO:389264,MO:397529,similar,06
mo,MO:389264,MO:409333,similar,06
mo,MO:394283,MO:397529,similar,06
mo,MO:394283,MO:409333,similar,06
mo,MO:397529,MO:409333,similar,06
mo,MO:381273,MO:394282,similar,06
mo,MO:381273,MO:397527,similar,06
mo,MO:394282,MO:397527,similar,06
BBM,BBM:F001378,BBM:F001383,similar,06
BBM,BBM:F001378,BBM:F001384,similar,06
BBM,BBM:F001383,BBM:F001384,similar,06
mo,MO:325265,MO:375877,similar,06
mo,MO:325265,MO:429703,similar,06
mo,MO:375877,MO:429703,similar,06
mo,MO:71509,MO:80557,similar,06
mo,MO:84625,MO:84740,similar,06
mo,MO:223996,MO:224976,similar,06
mo,MO:259558,MO:262247,similar,06
mo,MO:306904,MO:344404,similar,06
mo,MO:352876,MO:354981,similar,06
mo,MO:355961,MO:394288,similar,06
mo,MO:375375,MO:381278,similar,06
mo,MO:375375,MO:383394,similar,06
mo,MO:381278,MO:383394,similar,06
mo,MO:394286,MO:398345,similar,06
mo,MO:394286,MO:409308,similar,06
mo,MO:398345,MO:409308,similar,06
BBM,BBM:F000588,BBM:F000605,similar,06
mo,MO:326247,MO:329629,similar,06
BBM,BBM:F001001,BBM:F001525,similar,06
mo,MO:260684,MO:303564,similar,06
mo,MO:260684,MO:388074,similar,06
mo,MO:260684,MO:399061,similar,06
mo,MO:260684,MO:457179,similar,06
mo,MO:303564,MO:388074,similar,06
mo,MO:303564,MO:399061,similar,06
mo,MO:303564,MO:457179,similar,06
mo,MO:388074,MO:399061,similar,06
mo,MO:388074,MO:457179,similar,06
mo,MO:399061,MO:457179,similar,06
BBM,BBM:F001529,BBM:F001532,similar,06
BBM,BBM:F000591,BBM:F000598,similar,06
mo,MO:65467,MO:66872,similar,06
mo,MO:65467,MO:75886,similar,06
mo,MO:65467,MO:149736,similar,06
mo,MO:65467,MO:305520,similar,06
mo,MO:65467,MO:306906,similar,06
mo,MO:65467,MO:411783,similar,06
mo,MO:65467,MO:441844,similar,06
mo,MO:65467,MO:457138,similar,06
mo,MO:66872,MO:75886,similar,06
mo,MO:66872,MO:149736,similar,06
mo,MO:66872,MO:305520,similar,06
mo,MO:66872,MO:306906,similar,06
mo,MO:66872,MO:411783,similar,06
mo,MO:66872,MO:441844,similar,06
mo,MO:66872,MO:457138,similar,06
mo,MO:75886,MO:149736,similar,06
mo,MO:75886,MO:305520,similar,06
mo,MO:75886,MO:306906,similar,06
mo,MO:75886,MO:411783,similar,06
mo,MO:75886,MO:441844,similar,06
mo,MO:75886,MO:457138,similar,06
mo,MO:149736,MO:305520,similar,06
mo,MO:149736,MO:306906,similar,06
mo,MO:149736,MO:411783,similar,06
mo,MO:149736,MO:441844,similar,06
mo,MO:149736,MO:457138,similar,06
mo,MO:305520,MO:306906,similar,06
mo,MO:305520,MO:411783,similar,06
mo,MO:305520,MO:441844,similar,06
mo,MO:305520,MO:457138,similar,06
mo,MO:306906,MO:411783,similar,06
mo,MO:306906,MO:441844,similar,06
mo,MO:306906,MO:457138,similar,06
mo,MO:411783,MO:441844,similar,06
mo,MO:411783,MO:457138,similar,06
mo,MO:441844,MO:457138,similar,06
mo,MO:97370,MO:258711,similar,06
mo,MO:247855,MO:248885,similar,06
mo,MO:323948,MO:327225,similar,06
mo,MO:378229,MO:383378,similar,06
mo,MO:379248,MO:381015,similar,06
mo,MO:379248,MO:414109,similar,06
mo,MO:381015,MO:414109,similar,06
mo,MO:387918,MO:387996,strict,06
mo,MO:334487,MO:384979,similar,06
mo,MO:334487,MO:391571,similar,06
mo,MO:384979,MO:391571,similar,06
mo,MO:146031,MO:147967,similar,06
mo,MO:216562,MO:218079,similar,06
mo,MO:260074,MO:261383,similar,06
mo,MO:285022,MO:285072,similar,06
mo,MO:297729,MO:301217,similar,06
mo,MO:388087,MO:388114,strict,06
mo,MO:388088,MO:388091,strict,06
mo,MO:395884,MO:396704,similar,06
mo,MO:400953,MO:434555,similar,06
mo,MO:400953,MO:438569,similar,06
mo,MO:434555,MO:438569,similar,06
mo,MO:103472,MO:112069,similar,06
mo,MO:72696,MO:157527,similar,06
mo,MO:388075,MO:392953,similar,06
mo,MO:67029,MO:69610,similar,06
BBM,BBM:F000747,BBM:F000748,similar,06
mo,MO:72888,MO:159110,similar,06
BBM,BBM:F000749,BBM:F000750,similar,06
BBM,BBM:F000749,BBM:F000751,similar,06
BBM,BBM:F000750,BBM:F000751,similar,06
mo,MO:71676,MO:164780,similar,06
mo,MO:86982,MO:87431,similar,06
mo,MO:86982,MO:119347,similar,06
mo,MO:87431,MO:119347,similar,06
mo,MO:87432,MO:115809,similar,06
mo,MO:87432,MO:118092,similar,06
mo,MO:87432,MO:120059,similar,06
mo,MO:115809,MO:118092,similar,06
mo,MO:115809,MO:120059,similar,06
mo,MO:118092,MO:120059,similar,06
mo,MO:118707,MO:119496,similar,06
mo,MO:134707,MO:144005,similar,06
mo,MO:172837,MO:174726,similar,06
mo,MO:255376,MO:259554,similar,06
mo,MO:261788,MO:264303,similar,06
mo,MO:273899,MO:274258,similar,06
mo,MO:306787,MO:306903,similar,06
mo,MO:306787,MO:307158,similar,06
mo,MO:306903,MO:307158,similar,06
mo,MO:306909,MO:341956,similar,06
mo,MO:306910,MO:352857,similar,06
mo,MO:355942,MO:409342,similar,06
mo,MO:355966,MO:394678,similar,06
mo,MO:358908,MO:361905,similar,06
mo,MO:367646,MO:387989,similar,06
mo,MO:367803,MO:388021,similar,06
mo,MO:367803,MO:414395,similar,06
mo,MO:388021,MO:414395,similar,06
mo,MO:66116,MO:132511,similar,06
mo,MO:68803,MO:69554,similar,06
mo,MO:72872,MO:162109,similar,06
mo,MO:73017,MO:73218,similar,06
mo,MO:73023,MO:156906,similar,06
mo,MO:74575,MO:104739,similar,06
mo,MO:74575,MO:104908,similar,06
mo,MO:74575,MO:104911,similar,06
mo,MO:74575,MO:105274,similar,06
mo,MO:74575,MO:105883,similar,06
mo,MO:74575,MO:105884,similar,06
mo,MO:74575,MO:105885,similar,06
mo,MO:74575,MO:105886,similar,06
mo,MO:74575,MO:105887,similar,06
mo,MO:74575,MO:105889,similar,06
mo,MO:74575,MO:105891,similar,06
mo,MO:74575,MO:105892,similar,06
mo,MO:74575,MO:106015,similar,06
mo,MO:104739,MO:104908,similar,06
mo,MO:104739,MO:104911,similar,06
mo,MO:104739,MO:105274,similar,06
mo,MO:104739,MO:105883,similar,06
mo,MO:104739,MO:105884,similar,06
mo,MO:104739,MO:105885,similar,06
mo,MO:104739,MO:105886,similar,06
mo,MO:104739,MO:105887,similar,06
mo,MO:104739,MO:105889,similar,06
mo,MO:104739,MO:105891,similar,06
mo,MO:104739,MO:105892,similar,06
mo,MO:104739,MO:106015,similar,06
mo,MO:104908,MO:104911,similar,06
mo,MO:104908,MO:105274,similar,06
mo,MO:104908,MO:105883,similar,06
mo,MO:104908,MO:105884,similar,06
mo,MO:104908,MO:105885,similar,06
mo,MO:104908,MO:105886,similar,06
mo,MO:104908,MO:105887,similar,06
mo,MO:104908,MO:105889,similar,06
mo,MO:104908,MO:105891,similar,06
mo,MO:104908,MO:105892,similar,06
mo,MO:104908,MO:106015,similar,06
mo,MO:104911,MO:105274,similar,06
mo,MO:104911,MO:105883,similar,06
mo,MO:104911,MO:105884,similar,06
mo,MO:104911,MO:105885,similar,06
mo,MO:104911,MO:105886,similar,06
mo,MO:104911,MO:105887,similar,06
mo,MO:104911,MO:105889,similar,06
mo,MO:104911,MO:105891,similar,06
mo,MO:104911,MO:105892,similar,06
mo,MO:104911,MO:106015,similar,06
mo,MO:105274,MO:105883,similar,06
mo,MO:105274,MO:105884,similar,06
mo,MO:105274,MO:105885,similar,06
mo,MO:105274,MO:105886,similar,06
mo,MO:105274,MO:105887,similar,06
mo,MO:105274,MO:105889,similar,06
mo,MO:105274,MO:105891,similar,06
mo,MO:105274,MO:105892,similar,06
mo,MO:105274,MO:106015,similar,06
mo,MO:105883,MO:105884,similar,06
mo,MO:105883,MO:105885,similar,06
mo,MO:105883,MO:105886,similar,06
mo,MO:105883,MO:105887,similar,06
mo,MO:105883,MO:105889,similar,06
mo,MO:105883,MO:105891,similar,06
mo,MO:105883,MO:105892,similar,06
mo,MO:105883,MO:106015,similar,06
mo,MO:105884,MO:105885,similar,06
mo,MO:105884,MO:105886,similar,06
mo,MO:105884,MO:105887,similar,06
mo,MO:105884,MO:105889,similar,06
mo,MO:105884,MO:105891,similar,06
mo,MO:105884,MO:105892,similar,06
mo,MO:105884,MO:106015,similar,06
mo,MO:105885,MO:105886,similar,06
mo,MO:105885,MO:105887,similar,06
mo,MO:105885,MO:105889,similar,06
mo,MO:105885,MO:105891,similar,06
mo,MO:105885,MO:105892,similar,06
mo,MO:105885,MO:106015,similar,06
mo,MO:105886,MO:105887,similar,06
mo,MO:105886,MO:105889,similar,06
mo,MO:105886,MO:105891,similar,06
mo,MO:105886,MO:105892,similar,06
mo,MO:105886,MO:106015,similar,06
mo,MO:105887,MO:105889,similar,06
mo,MO:105887,MO:105891,similar,06
mo,MO:105887,MO:105892,similar,06
mo,MO:105887,MO:106015,similar,06
mo,MO:105889,MO:105891,similar,06
mo,MO:105889,MO:105892,similar,06
mo,MO:105889,MO:106015,similar,06
mo,MO:105891,MO:105892,similar,06
mo,MO:105891,MO:106015,similar,06
mo,MO:105892,MO:106015,similar,06
mo,MO:74819,MO:167609,similar,06
mo,MO:76315,MO:97542,similar,06
mo,MO:76315,MO:157226,similar,06
mo,MO:97542,MO:157226,similar,06
mo,MO:79867,MO:105990,similar,06
mo,MO:82711,MO:105989,similar,06
mo,MO:82713,MO:106012,similar,06
mo,MO:82714,MO:83024,similar,06
mo,MO:85658,MO:106070,strict,06
mo,MO:90435,MO:105976,similar,06
mo,MO:90543,MO:92208,similar,06
mo,MO:93265,MO:93273,similar,06
mo,MO:96668,MO:105350,similar,06
mo,MO:105166,MO:105825,strict,06
mo,MO:105305,MO:105309,strict,06
mo,MO:106295,MO:106300,similar,06
mo,MO:106295,MO:112098,similar,06
mo,MO:106300,MO:112098,similar,06
mo,MO:109213,MO:109674,strict,06
mo,MO:131304,MO:139355,similar,06
mo,MO:144193,MO:156018,similar,06
mo,MO:153837,MO:154374,similar,06
mo,MO:153890,MO:154362,similar,06
mo,MO:153893,MO:155602,similar,06
mo,MO:154830,MO:154831,similar,06
mo,MO:163924,MO:164534,similar,06
mo,MO:163924,MO:164535,similar,06
mo,MO:163924,MO:164536,similar,06
mo,MO:163924,MO:164538,similar,06
mo,MO:163924,MO:169297,similar,06
mo,MO:164534,MO:164535,similar,06
mo,MO:164534,MO:164536,similar,06
mo,MO:164534,MO:164538,similar,06
mo,MO:164534,MO:169297,similar,06
mo,MO:164535,MO:164536,similar,06
mo,MO:164535,MO:164538,similar,06
mo,MO:164535,MO:169297,similar,06
mo,MO:164536,MO:164538,similar,06
mo,MO:164536,MO:169297,similar,06
mo,MO:164538,MO:169297,similar,06
mo,MO:164262,MO:166096,similar,06
mo,MO:164262,MO:166099,similar,06
mo,MO:166096,MO:166099,similar,06
mo,MO:164422,MO:176068,similar,06
mo,MO:165575,MO:165754,strict,06
mo,MO:166095,MO:169292,similar,06
mo,MO:166095,MO:169293,similar,06
mo,MO:166095,MO:169294,similar,06
mo,MO:166095,MO:169295,similar,06
mo,MO:166095,MO:285141,similar,06
mo,MO:169292,MO:169293,similar,06
mo,MO:169292,MO:169294,similar,06
mo,MO:169292,MO:169295,similar,06
mo,MO:169292,MO:285141,similar,06
mo,MO:169293,MO:169294,similar,06
mo,MO:169293,MO:169295,similar,06
mo,MO:169293,MO:285141,similar,06
mo,MO:169294,MO:169295,similar,06
mo,MO:169294,MO:285141,similar,06
mo,MO:169295,MO:285141,similar,06
mo,MO:166513,MO:525292,strict,06
mo,MO:173254,MO:173684,similar,06
mo,MO:173915,MO:173918,strict,06
mo,MO:173915,MO:173922,strict,06
mo,MO:173918,MO:173922,strict,06
mo,MO:188788,MO:193063,similar,06
mo,MO:192321,MO:192322,similar,06
mo,MO:199283,MO:223156,similar,06
mo,MO:202570,MO:202571,strict,06
mo,MO:202570,MO:202572,strict,06
mo,MO:202570,MO:202573,strict,06
mo,MO:202570,MO:202601,strict,06
mo,MO:202571,MO:202572,strict,06
mo,MO:202571,MO:202573,strict,06
mo,MO:202571,MO:202601,strict,06
mo,MO:202572,MO:202573,strict,06
mo,MO:202572,MO:202601,strict,06
mo,MO:202573,MO:202601,strict,06
mo,MO:203237,MO:203244,strict,06
mo,MO:207016,MO:223713,similar,06
mo,MO:207016,MO:235692,similar,06
mo,MO:207016,MO:235693,similar,06
mo,MO:207016,MO:285459,similar,06
mo,MO:223713,MO:235692,similar,06
mo,MO:223713,MO:235693,similar,06
mo,MO:223713,MO:285459,similar,06
mo,MO:235692,MO:235693,similar,06
mo,MO:235692,MO:285459,similar,06
mo,MO:235693,MO:285459,similar,06
mo,MO:218988,MO:224982,similar,06
mo,MO:218988,MO:225704,similar,06
mo,MO:224982,MO:225704,similar,06
mo,MO:224977,MO:285458,similar,06
mo,MO:230586,MO:230598,similar,06
mo,MO:235694,MO:237156,similar,06
mo,MO:235694,MO:237157,similar,06
mo,MO:235694,MO:238157,similar,06
mo,MO:235694,MO:238158,similar,06
mo,MO:235694,MO:238160,similar,06
mo,MO:235694,MO:259846,similar,06
mo,MO:235694,MO:259865,similar,06
mo,MO:235694,MO:262678,similar,06
mo,MO:237156,MO:237157,similar,06
mo,MO:237156,MO:238157,similar,06
mo,MO:237156,MO:238158,similar,06
mo,MO:237156,MO:238160,similar,06
mo,MO:237156,MO:259846,similar,06
mo,MO:237156,MO:259865,similar,06
mo,MO:237156,MO:262678,similar,06
mo,MO:237157,MO:238157,similar,06
mo,MO:237157,MO:238158,similar,06
mo,MO:237157,MO:238160,similar,06
mo,MO:237157,MO:259846,similar,06
mo,MO:237157,MO:259865,similar,06
mo,MO:237157,MO:262678,similar,06
mo,MO:238157,MO:238158,similar,06
mo,MO:238157,MO:238160,similar,06
mo,MO:238157,MO:259846,similar,06
mo,MO:238157,MO:259865,similar,06
mo,MO:238157,MO:262678,similar,06
mo,MO:238158,MO:238160,similar,06
mo,MO:238158,MO:259846,similar,06
mo,MO:238158,MO:259865,similar,06
mo,MO:238158,MO:262678,similar,06
mo,MO:238160,MO:259846,similar,06
mo,MO:238160,MO:259865,similar,06
mo,MO:238160,MO:262678,similar,06
mo,MO:259846,MO:259865,similar,06
mo,MO:259846,MO:262678,similar,06
mo,MO:259865,MO:262678,similar,06
mo,MO:248242,MO:253155,similar,06
mo,MO:248593,MO:248902,similar,06
mo,MO:248593,MO:253259,similar,06
mo,MO:248902,MO:253259,similar,06
mo,MO:248889,MO:250365,similar,06
mo,MO:248889,MO:250366,similar,06
mo,MO:250365,MO:250366,similar,06
mo,MO:248905,MO:251555,similar,06
mo,MO:248905,MO:253151,similar,06
mo,MO:248905,MO:253248,similar,06
mo,MO:248905,MO:255263,similar,06
mo,MO:251555,MO:253151,similar,06
mo,MO:251555,MO:253248,similar,06
mo,MO:251555,MO:255263,similar,06
mo,MO:253151,MO:253248,similar,06
mo,MO:253151,MO:255263,similar,06
mo,MO:253248,MO:255263,similar,06
mo,MO:276558,MO:276572,strict,06
mo,MO:292921,MO:294292,similar,06
mo,MO:292921,MO:303556,similar,06
mo,MO:294292,MO:303556,similar,06
mo,MO:320741,MO:351392,similar,06
mo,MO:330151,MO:336972,similar,06
mo,MO:330151,MO:337952,similar,06
mo,MO:330151,MO:340014,similar,06
mo,MO:330151,MO:340839,similar,06
mo,MO:330151,MO:340841,similar,06
mo,MO:330151,MO:340845,similar,06
mo,MO:330151,MO:340932,similar,06
mo,MO:330151,MO:340936,similar,06
mo,MO:330151,MO:340937,similar,06
mo,MO:330151,MO:341064,similar,06
mo,MO:330151,MO:341152,similar,06
mo,MO:330151,MO:341301,similar,06
mo,MO:330151,MO:341304,similar,06
mo,MO:330151,MO:341773,similar,06
mo,MO:330151,MO:341774,similar,06
mo,MO:330151,MO:341860,similar,06
mo,MO:330151,MO:342741,similar,06
mo,MO:330151,MO:342781,similar,06
mo,MO:330151,MO:342824,similar,06
mo,MO:330151,MO:343259,similar,06
mo,MO:330151,MO:344562,similar,06
mo,MO:330151,MO:344594,similar,06
mo,MO:330151,MO:345112,similar,06
mo,MO:330151,MO:345579,similar,06
mo,MO:330151,MO:345587,similar,06
mo,MO:330151,MO:346555,similar,06
mo,MO:330151,MO:346560,similar,06
mo,MO:330151,MO:347094,similar,06
mo,MO:330151,MO:347155,similar,06
mo,MO:330151,MO:347341,similar,06
mo,MO:330151,MO:347604,similar,06
mo,MO:330151,MO:352149,similar,06
mo,MO:336972,MO:337952,similar,06
mo,MO:336972,MO:340014,similar,06
mo,MO:336972,MO:340839,similar,06
mo,MO:336972,MO:340841,similar,06
mo,MO:336972,MO:340845,similar,06
mo,MO:336972,MO:340932,similar,06
mo,MO:336972,MO:340936,similar,06
mo,MO:336972,MO:340937,similar,06
mo,MO:336972,MO:341064,similar,06
mo,MO:336972,MO:341152,similar,06
mo,MO:336972,MO:341301,similar,06
mo,MO:336972,MO:341304,similar,06
mo,MO:336972,MO:341773,similar,06
mo,MO:336972,MO:341774,similar,06
mo,MO:336972,MO:341860,similar,06
mo,MO:336972,MO:342741,similar,06
mo,MO:336972,MO:342781,similar,06
mo,MO:336972,MO:342824,similar,06
mo,MO:336972,MO:343259,similar,06
mo,MO:336972,MO:344562,similar,06
mo,MO:336972,MO:344594,similar,06
mo,MO:336972,MO:345112,similar,06
mo,MO:336972,MO:345579,similar,06
mo,MO:336972,MO:345587,similar,06
mo,MO:336972,MO:346555,similar,06
mo,MO:336972,MO:346560,similar,06
mo,MO:336972,MO:347094,similar,06
mo,MO:336972,MO:347155,similar,06
mo,MO:336972,MO:347341,similar,06
mo,MO:336972,MO:347604,similar,06
mo,MO:336972,MO:352149,similar,06
mo,MO:337952,MO:340014,similar,06
mo,MO:337952,MO:340839,similar,06
mo,MO:337952,MO:340841,similar,06
mo,MO:337952,MO:340845,similar,06
mo,MO:337952,MO:340932,similar,06
mo,MO:337952,MO:340936,similar,06
mo,MO:337952,MO:340937,similar,06
mo,MO:337952,MO:341064,similar,06
mo,MO:337952,MO:341152,similar,06
mo,MO:337952,MO:341301,similar,06
mo,MO:337952,MO:341304,similar,06
mo,MO:337952,MO:341773,similar,06
mo,MO:337952,MO:341774,similar,06
mo,MO:337952,MO:341860,similar,06
mo,MO:337952,MO:342741,similar,06
mo,MO:337952,MO:342781,similar,06
mo,MO:337952,MO:342824,similar,06
mo,MO:337952,MO:343259,similar,06
mo,MO:337952,MO:344562,similar,06
mo,MO:337952,MO:344594,similar,06
mo,MO:337952,MO:345112,similar,06
mo,MO:337952,MO:345579,similar,06
mo,MO:337952,MO:345587,similar,06
mo,MO:337952,MO:346555,similar,06
mo,MO:337952,MO:346560,similar,06
mo,MO:337952,MO:347094,similar,06
mo,MO:337952,MO:347155,similar,06
mo,MO:337952,MO:347341,similar,06
mo,MO:337952,MO:347604,similar,06
mo,MO:337952,MO:352149,similar,06
mo,MO:340014,MO:340839,similar,06
mo,MO:340014,MO:340841,similar,06
mo,MO:340014,MO:340845,similar,06
mo,MO:340014,MO:340932,similar,06
mo,MO:340014,MO:340936,similar,06
mo,MO:340014,MO:340937,similar,06
mo,MO:340014,MO:341064,similar,06
mo,MO:340014,MO:341152,similar,06
mo,MO:340014,MO:341301,similar,06
mo,MO:340014,MO:341304,similar,06
mo,MO:340014,MO:341773,similar,06
mo,MO:340014,MO:341774,similar,06
mo,MO:340014,MO:341860,similar,06
mo,MO:340014,MO:342741,similar,06
mo,MO:340014,MO:342781,similar,06
mo,MO:340014,MO:342824,similar,06
mo,MO:340014,MO:343259,similar,06
mo,MO:340014,MO:344562,similar,06
mo,MO:340014,MO:344594,similar,06
mo,MO:340014,MO:345112,similar,06
mo,MO:340014,MO:345579,similar,06
mo,MO:340014,MO:345587,similar,06
mo,MO:340014,MO:346555,similar,06
mo,MO:340014,MO:346560,similar,06
mo,MO:340014,MO:347094,similar,06
mo,MO:340014,MO:347155,similar,06
mo,MO:340014,MO:347341,similar,06
mo,MO:340014,MO:347604,similar,06
mo,MO:340014,MO:352149,similar,06
mo,MO:340839,MO:340841,similar,06
mo,MO:340839,MO:340845,similar,06
mo,MO:340839,MO:340932,similar,06
mo,MO:340839,MO:340936,similar,06
mo,MO:340839,MO:340937,similar,06
mo,MO:340839,MO:341064,similar,06
mo,MO:340839,MO:341152,similar,06
mo,MO:340839,MO:341301,similar,06
mo,MO:340839,MO:341304,similar,06
mo,MO:340839,MO:341773,similar,06
mo,MO:340839,MO:341774,similar,06
mo,MO:340839,MO:341860,similar,06
mo,MO:340839,MO:342741,similar,06
mo,MO:340839,MO:342781,similar,06
mo,MO:340839,MO:342824,similar,06
mo,MO:340839,MO:343259,similar,06
mo,MO:340839,MO:344562,similar,06
mo,MO:340839,MO:344594,similar,06
mo,MO:340839,MO:345112,similar,06
mo,MO:340839,MO:345579,similar,06
mo,MO:340839,MO:345587,similar,06
mo,MO:340839,MO:346555,similar,06
mo,MO:340839,MO:346560,similar,06
mo,MO:340839,MO:347094,similar,06
mo,MO:340839,MO:347155,similar,06
mo,MO:340839,MO:347341,similar,06
mo,MO:340839,MO:347604,similar,06
mo,MO:340839,MO:352149,similar,06
mo,MO:340841,MO:340845,similar,06
mo,MO:340841,MO:340932,similar,06
mo,MO:340841,MO:340936,similar,06
mo,MO:340841,MO:340937,similar,06
mo,MO:340841,MO:341064,similar,06
mo,MO:340841,MO:341152,similar,06
mo,MO:340841,MO:341301,similar,06
mo,MO:340841,MO:341304,similar,06
mo,MO:340841,MO:341773,similar,06
mo,MO:340841,MO:341774,similar,06
mo,MO:340841,MO:341860,similar,06
mo,MO:340841,MO:342741,similar,06
mo,MO:340841,MO:342781,similar,06
mo,MO:340841,MO:342824,similar,06
mo,MO:340841,MO:343259,similar,06
mo,MO:340841,MO:344562,similar,06
mo,MO:340841,MO:344594,similar,06
mo,MO:340841,MO:345112,similar,06
mo,MO:340841,MO:345579,similar,06
mo,MO:340841,MO:345587,similar,06
mo,MO:340841,MO:346555,similar,06
mo,MO:340841,MO:346560,similar,06
mo,MO:340841,MO:347094,similar,06
mo,MO:340841,MO:347155,similar,06
mo,MO:340841,MO:347341,similar,06
mo,MO:340841,MO:347604,similar,06
mo,MO:340841,MO:352149,similar,06
mo,MO:340845,MO:340932,similar,06
mo,MO:340845,MO:340936,similar,06
mo,MO:340845,MO:340937,similar,06
mo,MO:340845,MO:341064,similar,06
mo,MO:340845,MO:341152,similar,06
mo,MO:340845,MO:341301,similar,06
mo,MO:340845,MO:341304,similar,06
mo,MO:340845,MO:341773,similar,06
mo,MO:340845,MO:341774,similar,06
mo,MO:340845,MO:341860,similar,06
mo,MO:340845,MO:342741,similar,06
mo,MO:340845,MO:342781,similar,06
mo,MO:340845,MO:342824,similar,06
mo,MO:340845,MO:343259,similar,06
mo,MO:340845,MO:344562,similar,06
mo,MO:340845,MO:344594,similar,06
mo,MO:340845,MO:345112,similar,06
mo,MO:340845,MO:345579,similar,06
mo,MO:340845,MO:345587,similar,06
mo,MO:340845,MO:346555,similar,06
mo,MO:340845,MO:346560,similar,06
mo,MO:340845,MO:347094,similar,06
mo,MO:340845,MO:347155,similar,06
mo,MO:340845,MO:347341,similar,06
mo,MO:340845,MO:347604,similar,06
mo,MO:340845,MO:352149,similar,06
mo,MO:340932,MO:340936,similar,06
mo,MO:340932,MO:340937,similar,06
mo,MO:340932,MO:341064,similar,06
mo,MO:340932,MO:341152,similar,06
mo,MO:340932,MO:341301,similar,06
mo,MO:340932,MO:341304,similar,06
mo,MO:340932,MO:341773,similar,06
mo,MO:340932,MO:341774,similar,06
mo,MO:340932,MO:341860,similar,06
mo,MO:340932,MO:342741,similar,06
mo,MO:340932,MO:342781,similar,06
mo,MO:340932,MO:342824,similar,06
mo,MO:340932,MO:343259,similar,06
mo,MO:340932,MO:344562,similar,06
mo,MO:340932,MO:344594,similar,06
mo,MO:340932,MO:345112,similar,06
mo,MO:340932,MO:345579,similar,06
mo,MO:340932,MO:345587,similar,06
mo,MO:340932,MO:346555,similar,06
mo,MO:340932,MO:346560,similar,06
mo,MO:340932,MO:347094,similar,06
mo,MO:340932,MO:347155,similar,06
mo,MO:340932,MO:347341,similar,06
mo,MO:340932,MO:347604,similar,06
mo,MO:340932,MO:352149,similar,06
mo,MO:340936,MO:340937,similar,06
mo,MO:340936,MO:341064,similar,06
mo,MO:340936,MO:341152,similar,06
mo,MO:340936,MO:341301,similar,06
mo,MO:340936,MO:341304,similar,06
mo,MO:340936,MO:341773,similar,06
mo,MO:340936,MO:341774,similar,06
mo,MO:340936,MO:341860,similar,06
mo,MO:340936,MO:342741,similar,06
mo,MO:340936,MO:342781,similar,06
mo,MO:340936,MO:342824,similar,06
mo,MO:340936,MO:343259,similar,06
mo,MO:340936,MO:344562,similar,06
mo,MO:340936,MO:344594,similar,06
mo,MO:340936,MO:345112,similar,06
mo,MO:340936,MO:345579,similar,06
mo,MO:340936,MO:345587,similar,06
mo,MO:340936,MO:346555,similar,06
mo,MO:340936,MO:346560,similar,06
mo,MO:340936,MO:347094,similar,06
mo,MO:340936,MO:347155,similar,06
mo,MO:340936,MO:347341,similar,06
mo,MO:340936,MO:347604,similar,06
mo,MO:340936,MO:352149,similar,06
mo,MO:340937,MO:341064,similar,06
mo,MO:340937,MO:341152,similar,06
mo,MO:340937,MO:341301,similar,06
mo,MO:340937,MO:341304,similar,06
mo,MO:340937,MO:341773,similar,06
mo,MO:340937,MO:341774,similar,06
mo,MO:340937,MO:341860,similar,06
mo,MO:340937,MO:342741,similar,06
mo,MO:340937,MO:342781,similar,06
mo,MO:340937,MO:342824,similar,06
mo,MO:340937,MO:343259,similar,06
mo,MO:340937,MO:344562,similar,06
mo,MO:340937,MO:344594,similar,06
mo,MO:340937,MO:345112,similar,06
mo,MO:340937,MO:345579,similar,06
mo,MO:340937,MO:345587,similar,06
mo,MO:340937,MO:346555,similar,06
mo,MO:340937,MO:346560,similar,06
mo,MO:340937,MO:347094,similar,06
mo,MO:340937,MO:347155,similar,06
mo,MO:340937,MO:347341,similar,06
mo,MO:340937,MO:347604,similar,06
mo,MO:340937,MO:352149,similar,06
mo,MO:341064,MO:341152,similar,06
mo,MO:341064,MO:341301,similar,06
mo,MO:341064,MO:341304,similar,06
mo,MO:341064,MO:341773,similar,06
mo,MO:341064,MO:341774,similar,06
mo,MO:341064,MO:341860,similar,06
mo,MO:341064,MO:342741,similar,06
mo,MO:341064,MO:342781,similar,06
mo,MO:341064,MO:342824,similar,06
mo,MO:341064,MO:343259,similar,06
mo,MO:341064,MO:344562,similar,06
mo,MO:341064,MO:344594,similar,06
mo,MO:341064,MO:345112,similar,06
mo,MO:341064,MO:345579,similar,06
mo,MO:341064,MO:345587,similar,06
mo,MO:341064,MO:346555,similar,06
mo,MO:341064,MO:346560,similar,06
mo,MO:341064,MO:347094,similar,06
mo,MO:341064,MO:347155,similar,06
mo,MO:341064,MO:347341,similar,06
mo,MO:341064,MO:347604,similar,06
mo,MO:341064,MO:352149,similar,06
mo,MO:341152,MO:341301,similar,06
mo,MO:341152,MO:341304,similar,06
mo,MO:341152,MO:341773,similar,06
mo,MO:341152,MO:341774,similar,06
mo,MO:341152,MO:341860,similar,06
mo,MO:341152,MO:342741,similar,06
mo,MO:341152,MO:342781,similar,06
mo,MO:341152,MO:342824,similar,06
mo,MO:341152,MO:343259,similar,06
mo,MO:341152,MO:344562,similar,06
mo,MO:341152,MO:344594,similar,06
mo,MO:341152,MO:345112,similar,06
mo,MO:341152,MO:345579,similar,06
mo,MO:341152,MO:345587,similar,06
mo,MO:341152,MO:346555,similar,06
mo,MO:341152,MO:346560,similar,06
mo,MO:341152,MO:347094,similar,06
mo,MO:341152,MO:347155,similar,06
mo,MO:341152,MO:347341,similar,06
mo,MO:341152,MO:347604,similar,06
mo,MO:341152,MO:352149,similar,06
mo,MO:341301,MO:341304,similar,06
mo,MO:341301,MO:341773,similar,06
mo,MO:341301,MO:341774,similar,06
mo,MO:341301,MO:341860,similar,06
mo,MO:341301,MO:342741,similar,06
mo,MO:341301,MO:342781,similar,06
mo,MO:341301,MO:342824,similar,06
mo,MO:341301,MO:343259,similar,06
mo,MO:341301,MO:344562,similar,06
mo,MO:341301,MO:344594,similar,06
mo,MO:341301,MO:345112,similar,06
mo,MO:341301,MO:345579,similar,06
mo,MO:341301,MO:345587,similar,06
mo,MO:341301,MO:346555,similar,06
mo,MO:341301,MO:346560,similar,06
mo,MO:341301,MO:347094,similar,06
mo,MO:341301,MO:347155,similar,06
mo,MO:341301,MO:347341,similar,06
mo,MO:341301,MO:347604,similar,06
mo,MO:341301,MO:352149,similar,06
mo,MO:341304,MO:341773,similar,06
mo,MO:341304,MO:341774,similar,06
mo,MO:341304,MO:341860,similar,06
mo,MO:341304,MO:342741,similar,06
mo,MO:341304,MO:342781,similar,06
mo,MO:341304,MO:342824,similar,06
mo,MO:341304,MO:343259,similar,06
mo,MO:341304,MO:344562,similar,06
mo,MO:341304,MO:344594,similar,06
mo,MO:341304,MO:345112,similar,06
mo,MO:341304,MO:345579,similar,06
mo,MO:341304,MO:345587,similar,06
mo,MO:341304,MO:346555,similar,06
mo,MO:341304,MO:346560,similar,06
mo,MO:341304,MO:347094,similar,06
mo,MO:341304,MO:347155,similar,06
mo,MO:341304,MO:347341,similar,06
mo,MO:341304,MO:347604,similar,06
mo,MO:341304,MO:352149,similar,06
mo,MO:341773,MO:341774,similar,06
mo,MO:341773,MO:341860,similar,06
mo,MO:341773,MO:342741,similar,06
mo,MO:341773,MO:342781,similar,06
mo,MO:341773,MO:342824,similar,06
mo,MO:341773,MO:343259,similar,06
mo,MO:341773,MO:344562,similar,06
mo,MO:341773,MO:344594,similar,06
mo,MO:341773,MO:345112,similar,06
mo,MO:341773,MO:345579,similar,06
mo,MO:341773,MO:345587,similar,06
mo,MO:341773,MO:346555,similar,06
mo,MO:341773,MO:346560,similar,06
mo,MO:341773,MO:347094,similar,06
mo,MO:341773,MO:347155,similar,06
mo,MO:341773,MO:347341,similar,06
mo,MO:341773,MO:347604,similar,06
mo,MO:341773,MO:352149,similar,06
mo,MO:341774,MO:341860,similar,06
mo,MO:341774,MO:342741,similar,06
mo,MO:341774,MO:342781,similar,06
mo,MO:341774,MO:342824,similar,06
mo,MO:341774,MO:343259,similar,06
mo,MO:341774,MO:344562,similar,06
mo,MO:341774,MO:344594,similar,06
mo,MO:341774,MO:345112,similar,06
mo,MO:341774,MO:345579,similar,06
mo,MO:341774,MO:345587,similar,06
mo,MO:341774,MO:346555,similar,06
mo,MO:341774,MO:346560,similar,06
mo,MO:341774,MO:347094,similar,06
mo,MO:341774,MO:347155,similar,06
mo,MO:341774,MO:347341,similar,06
mo,MO:341774,MO:347604,similar,06
mo,MO:341774,MO:352149,similar,06
mo,MO:341860,MO:342741,similar,06
mo,MO:341860,MO:342781,similar,06
mo,MO:341860,MO:342824,similar,06
mo,MO:341860,MO:343259,similar,06
mo,MO:341860,MO:344562,similar,06
mo,MO:341860,MO:344594,similar,06
mo,MO:341860,MO:345112,similar,06
mo,MO:341860,MO:345579,similar,06
mo,MO:341860,MO:345587,similar,06
mo,MO:341860,MO:346555,similar,06
mo,MO:341860,MO:346560,similar,06
mo,MO:341860,MO:347094,similar,06
mo,MO:341860,MO:347155,similar,06
mo,MO:341860,MO:347341,similar,06
mo,MO:341860,MO:347604,similar,06
mo,MO:341860,MO:352149,similar,06
mo,MO:342741,MO:342781,similar,06
mo,MO:342741,MO:342824,similar,06
mo,MO:342741,MO:343259,similar,06
mo,MO:342741,MO:344562,similar,06
mo,MO:342741,MO:344594,similar,06
mo,MO:342741,MO:345112,similar,06
mo,MO:342741,MO:345579,similar,06
mo,MO:342741,MO:345587,similar,06
mo,MO:342741,MO:346555,similar,06
mo,MO:342741,MO:346560,similar,06
mo,MO:342741,MO:347094,similar,06
mo,MO:342741,MO:347155,similar,06
mo,MO:342741,MO:347341,similar,06
mo,MO:342741,MO:347604,similar,06
mo,MO:342741,MO:352149,similar,06
mo,MO:342781,MO:342824,similar,06
mo,MO:342781,MO:343259,similar,06
mo,MO:342781,MO:344562,similar,06
mo,MO:342781,MO:344594,similar,06
mo,MO:342781,MO:345112,similar,06
mo,MO:342781,MO:345579,similar,06
mo,MO:342781,MO:345587,similar,06
mo,MO:342781,MO:346555,similar,06
mo,MO:342781,MO:346560,similar,06
mo,MO:342781,MO:347094,similar,06
mo,MO:342781,MO:347155,similar,06
mo,MO:342781,MO:347341,similar,06
mo,MO:342781,MO:347604,similar,06
mo,MO:342781,MO:352149,similar,06
mo,MO:342824,MO:343259,similar,06
mo,MO:342824,MO:344562,similar,06
mo,MO:342824,MO:344594,similar,06
mo,MO:342824,MO:345112,similar,06
mo,MO:342824,MO:345579,similar,06
mo,MO:342824,MO:345587,similar,06
mo,MO:342824,MO:346555,similar,06
mo,MO:342824,MO:346560,similar,06
mo,MO:342824,MO:347094,similar,06
mo,MO:342824,MO:347155,similar,06
mo,MO:342824,MO:347341,similar,06
mo,MO:342824,MO:347604,similar,06
mo,MO:342824,MO:352149,similar,06
mo,MO:343259,MO:344562,similar,06
mo,MO:343259,MO:344594,similar,06
mo,MO:343259,MO:345112,similar,06
mo,MO:343259,MO:345579,similar,06
mo,MO:343259,MO:345587,similar,06
mo,MO:343259,MO:346555,similar,06
mo,MO:343259,MO:346560,similar,06
mo,MO:343259,MO:347094,similar,06
mo,MO:343259,MO:347155,similar,06
mo,MO:343259,MO:347341,similar,06
mo,MO:343259,MO:347604,similar,06
mo,MO:343259,MO:352149,similar,06
mo,MO:344562,MO:344594,similar,06
mo,MO:344562,MO:345112,similar,06
mo,MO:344562,MO:345579,similar,06
mo,MO:344562,MO:345587,similar,06
mo,MO:344562,MO:346555,similar,06
mo,MO:344562,MO:346560,similar,06
mo,MO:344562,MO:347094,similar,06
mo,MO:344562,MO:347155,similar,06
mo,MO:344562,MO:347341,similar,06
mo,MO:344562,MO:347604,similar,06
mo,MO:344562,MO:352149,similar,06
mo,MO:344594,MO:345112,similar,06
mo,MO:344594,MO:345579,similar,06
mo,MO:344594,MO:345587,similar,06
mo,MO:344594,MO:346555,similar,06
mo,MO:344594,MO:346560,similar,06
mo,MO:344594,MO:347094,similar,06
mo,MO:344594,MO:347155,similar,06
mo,MO:344594,MO:347341,similar,06
mo,MO:344594,MO:347604,similar,06
mo,MO:344594,MO:352149,similar,06
mo,MO:345112,MO:345579,similar,06
mo,MO:345112,MO:345587,similar,06
mo,MO:345112,MO:346555,similar,06
mo,MO:345112,MO:346560,similar,06
mo,MO:345112,MO:347094,similar,06
mo,MO:345112,MO:347155,similar,06
mo,MO:345112,MO:347341,similar,06
mo,MO:345112,MO:347604,similar,06
mo,MO:345112,MO:352149,similar,06
mo,MO:345579,MO:345587,similar,06
mo,MO:345579,MO:346555,similar,06
mo,MO:345579,MO:346560,similar,06
mo,MO:345579,MO:347094,similar,06
mo,MO:345579,MO:347155,similar,06
mo,MO:345579,MO:347341,similar,06
mo,MO:345579,MO:347604,similar,06
mo,MO:345579,MO:352149,similar,06
mo,MO:345587,MO:346555,similar,06
mo,MO:345587,MO:346560,similar,06
mo,MO:345587,MO:347094,similar,06
mo,MO:345587,MO:347155,similar,06
mo,MO:345587,MO:347341,similar,06
mo,MO:345587,MO:347604,similar,06
mo,MO:345587,MO:352149,similar,06
mo,MO:346555,MO:346560,similar,06
mo,MO:346555,MO:347094,similar,06
mo,MO:346555,MO:347155,similar,06
mo,MO:346555,MO:347341,similar,06
mo,MO:346555,MO:347604,similar,06
mo,MO:346555,MO:352149,similar,06
mo,MO:346560,MO:347094,similar,06
mo,MO:346560,MO:347155,similar,06
mo,MO:346560,MO:347341,similar,06
mo,MO:346560,MO:347604,similar,06
mo,MO:346560,MO:352149,similar,06
mo,MO:347094,MO:347155,similar,06
mo,MO:347094,MO:347341,similar,06
mo,MO:347094,MO:347604,similar,06
mo,MO:347094,MO:352149,similar,06
mo,MO:347155,MO:347341,similar,06
mo,MO:347155,MO:347604,similar,06
mo,MO:347155,MO:352149,similar,06
mo,MO:347341,MO:347604,similar,06
mo,MO:347341,MO:352149,similar,06
mo,MO:347604,MO:352149,similar,06
mo,MO:340007,MO:340010,strict,06
mo,MO:345549,MO:351200,similar,06
mo,MO:373180,MO:375277,similar,06
mo,MO:373180,MO:376973,similar,06
mo,MO:373180,MO:378459,similar,06
mo,MO:373180,MO:379243,similar,06
mo,MO:373180,MO:381270,similar,06
mo,MO:373180,MO:381271,similar,06
mo,MO:373180,MO:381289,similar,06
mo,MO:373180,MO:385277,similar,06
mo,MO:373180,MO:388006,similar,06
mo,MO:373180,MO:388071,similar,06
mo,MO:373180,MO:397530,similar,06
mo,MO:373180,MO:397532,similar,06
mo,MO:373180,MO:400316,similar,06
mo,MO:373180,MO:405888,similar,06
mo,MO:373180,MO:409374,similar,06
mo,MO:375277,MO:376973,similar,06
mo,MO:375277,MO:378459,similar,06
mo,MO:375277,MO:379243,similar,06
mo,MO:375277,MO:381270,similar,06
mo,MO:375277,MO:381271,similar,06
mo,MO:375277,MO:381289,similar,06
mo,MO:375277,MO:385277,similar,06
mo,MO:375277,MO:388006,similar,06
mo,MO:375277,MO:388071,similar,06
mo,MO:375277,MO:397530,similar,06
mo,MO:375277,MO:397532,similar,06
mo,MO:375277,MO:400316,similar,06
mo,MO:375277,MO:405888,similar,06
mo,MO:375277,MO:409374,similar,06
mo,MO:376973,MO:378459,similar,06
mo,MO:376973,MO:379243,similar,06
mo,MO:376973,MO:381270,similar,06
mo,MO:376973,MO:381271,similar,06
mo,MO:376973,MO:381289,similar,06
mo,MO:376973,MO:385277,similar,06
mo,MO:376973,MO:388006,similar,06
mo,MO:376973,MO:388071,similar,06
mo,MO:376973,MO:397530,similar,06
mo,MO:376973,MO:397532,similar,06
mo,MO:376973,MO:400316,similar,06
mo,MO:376973,MO:405888,similar,06
mo,MO:376973,MO:409374,similar,06
mo,MO:378459,MO:379243,similar,06
mo,MO:378459,MO:381270,similar,06
mo,MO:378459,MO:381271,similar,06
mo,MO:378459,MO:381289,similar,06
mo,MO:378459,MO:385277,similar,06
mo,MO:378459,MO:388006,similar,06
mo,MO:378459,MO:388071,similar,06
mo,MO:378459,MO:397530,similar,06
mo,MO:378459,MO:397532,similar,06
mo,MO:378459,MO:400316,similar,06
mo,MO:378459,MO:405888,similar,06
mo,MO:378459,MO:409374,similar,06
mo,MO:379243,MO:381270,similar,06
mo,MO:379243,MO:381271,similar,06
mo,MO:379243,MO:381289,similar,06
mo,MO:379243,MO:385277,similar,06
mo,MO:379243,MO:388006,similar,06
mo,MO:379243,MO:388071,similar,06
mo,MO:379243,MO:397530,similar,06
mo,MO:379243,MO:397532,similar,06
mo,MO:379243,MO:400316,similar,06
mo,MO:379243,MO:405888,similar,06
mo,MO:379243,MO:409374,similar,06
mo,MO:381270,MO:381271,similar,06
mo,MO:381270,MO:381289,similar,06
mo,MO:381270,MO:385277,similar,06
mo,MO:381270,MO:388006,similar,06
mo,MO:381270,MO:388071,similar,06
mo,MO:381270,MO:397530,similar,06
mo,MO:381270,MO:397532,similar,06
mo,MO:381270,MO:400316,similar,06
mo,MO:381270,MO:405888,similar,06
mo,MO:381270,MO:409374,similar,06
mo,MO:381271,MO:381289,similar,06
mo,MO:381271,MO:385277,similar,06
mo,MO:381271,MO:388006,similar,06
mo,MO:381271,MO:388071,similar,06
mo,MO:381271,MO:397530,similar,06
mo,MO:381271,MO:397532,similar,06
mo,MO:381271,MO:400316,similar,06
mo,MO:381271,MO:405888,similar,06
mo,MO:381271,MO:409374,similar,06
mo,MO:381289,MO:385277,similar,06
mo,MO:381289,MO:388006,similar,06
mo,MO:381289,MO:388071,similar,06
mo,MO:381289,MO:397530,similar,06
mo,MO:381289,MO:397532,similar,06
mo,MO:381289,MO:400316,similar,06
mo,MO:381289,MO:405888,similar,06
mo,MO:381289,MO:409374,similar,06
mo,MO:385277,MO:388006,similar,06
mo,MO:385277,MO:388071,similar,06
mo,MO:385277,MO:397530,similar,06
mo,MO:385277,MO:397532,similar,06
mo,MO:385277,MO:400316,similar,06
mo,MO:385277,MO:405888,similar,06
mo,MO:385277,MO:409374,similar,06
mo,MO:388006,MO:388071,similar,06
mo,MO:388006,MO:397530,similar,06
mo,MO:388006,MO:397532,similar,06
mo,MO:388006,MO:400316,similar,06
mo,MO:388006,MO:405888,similar,06
mo,MO:388006,MO:409374,similar,06
mo,MO:388071,MO:397530,similar,06
mo,MO:388071,MO:397532,similar,06
mo,MO:388071,MO:400316,similar,06
mo,MO:388071,MO:405888,similar,06
mo,MO:388071,MO:409374,similar,06
mo,MO:397530,MO:397532,similar,06
mo,MO:397530,MO:400316,similar,06
mo,MO:397530,MO:405888,similar,06
mo,MO:397530,MO:409374,similar,06
mo,MO:397532,MO:400316,similar,06
mo,MO:397532,MO:405888,similar,06
mo,MO:397532,MO:409374,similar,06
mo,MO:400316,MO:405888,similar,06
mo,MO:400316,MO:409374,similar,06
mo,MO:405888,MO:409374,similar,06
mo,MO:375868,MO:414092,similar,06
mo,MO:375868,MO:414093,similar,06
mo,MO:414092,MO:414093,similar,06
mo,MO:376538,MO:378241,similar,06
mo,MO:376538,MO:379102,similar,06
mo,MO:378241,MO:379102,similar,06
mo,MO:378235,MO:379094,similar,06
mo,MO:378235,MO:381313,similar,06
mo,MO:379094,MO:381313,similar,06
mo,MO:379098,MO:381269,similar,06
mo,MO:381221,MO:381222,strict,06
mo,MO:381221,MO:381224,strict,06
mo,MO:381221,MO:381342,strict,06
mo,MO:381221,MO:410260,strict,06
mo,MO:381222,MO:381224,strict,06
mo,MO:381222,MO:381342,strict,06
mo,MO:381222,MO:410260,strict,06
mo,MO:381224,MO:381342,strict,06
mo,MO:381224,MO:410260,strict,06
mo,MO:381342,MO:410260,strict,06
mo,MO:381235,MO:385224,similar,06
mo,MO:381277,MO:414481,similar,06
mo,MO:381311,MO:381312,strict,06
mo,MO:395865,MO:400318,similar,06
mo,MO:395873,MO:395880,similar,06
mo,MO:404267,MO:425105,similar,06
mo,MO:404267,MO:440629,similar,06
mo,MO:404267,MO:440634,similar,06
mo,MO:404267,MO:440716,similar,06
mo,MO:404267,MO:440722,similar,06
mo,MO:404267,MO:440765,similar,06
mo,MO:404267,MO:440769,similar,06
mo,MO:404267,MO:441734,similar,06
mo,MO:404267,MO:441985,similar,06
mo,MO:404267,MO:442108,similar,06
mo,MO:404267,MO:442111,similar,06
mo,MO:404267,MO:443317,similar,06
mo,MO:404267,MO:459367,similar,06
mo,MO:404267,MO:466421,similar,06
mo,MO:404267,MO:466434,similar,06
mo,MO:404267,MO:466435,similar,06
mo,MO:404267,MO:466469,similar,06
mo,MO:404267,MO:466478,similar,06
mo,MO:404267,MO:466483,similar,06
mo,MO:404267,MO:466484,similar,06
mo,MO:404267,MO:467216,similar,06
mo,MO:404267,MO:467217,similar,06
mo,MO:404267,MO:467220,similar,06
mo,MO:404267,MO:467445,similar,06
mo,MO:404267,MO:467689,similar,06
mo,MO:404267,MO:467690,similar,06
mo,MO:404267,MO:467866,similar,06
mo,MO:404267,MO:468461,similar,06
mo,MO:404267,MO:468532,similar,06
mo,MO:425105,MO:440629,similar,06
mo,MO:425105,MO:440634,similar,06
mo,MO:425105,MO:440716,similar,06
mo,MO:425105,MO:440722,similar,06
mo,MO:425105,MO:440765,similar,06
mo,MO:425105,MO:440769,similar,06
mo,MO:425105,MO:441734,similar,06
mo,MO:425105,MO:441985,similar,06
mo,MO:425105,MO:442108,similar,06
mo,MO:425105,MO:442111,similar,06
mo,MO:425105,MO:443317,similar,06
mo,MO:425105,MO:459367,similar,06
mo,MO:425105,MO:466421,similar,06
mo,MO:425105,MO:466434,similar,06
mo,MO:425105,MO:466435,similar,06
mo,MO:425105,MO:466469,similar,06
mo,MO:425105,MO:466478,similar,06
mo,MO:425105,MO:466483,similar,06
mo,MO:425105,MO:466484,similar,06
mo,MO:425105,MO:467216,similar,06
mo,MO:425105,MO:467217,similar,06
mo,MO:425105,MO:467220,similar,06
mo,MO:425105,MO:467445,similar,06
mo,MO:425105,MO:467689,similar,06
mo,MO:425105,MO:467690,similar,06
mo,MO:425105,MO:467866,similar,06
mo,MO:425105,MO:468461,similar,06
mo,MO:425105,MO:468532,similar,06
mo,MO:440629,MO:440634,similar,06
mo,MO:440629,MO:440716,similar,06
mo,MO:440629,MO:440722,similar,06
mo,MO:440629,MO:440765,similar,06
mo,MO:440629,MO:440769,similar,06
mo,MO:440629,MO:441734,similar,06
mo,MO:440629,MO:441985,similar,06
mo,MO:440629,MO:442108,similar,06
mo,MO:440629,MO:442111,similar,06
mo,MO:440629,MO:443317,similar,06
mo,MO:440629,MO:459367,similar,06
mo,MO:440629,MO:466421,similar,06
mo,MO:440629,MO:466434,similar,06
mo,MO:440629,MO:466435,similar,06
mo,MO:440629,MO:466469,similar,06
mo,MO:440629,MO:466478,similar,06
mo,MO:440629,MO:466483,similar,06
mo,MO:440629,MO:466484,similar,06
mo,MO:440629,MO:467216,similar,06
mo,MO:440629,MO:467217,similar,06
mo,MO:440629,MO:467220,similar,06
mo,MO:440629,MO:467445,similar,06
mo,MO:440629,MO:467689,similar,06
mo,MO:440629,MO:467690,similar,06
mo,MO:440629,MO:467866,similar,06
mo,MO:440629,MO:468461,similar,06
mo,MO:440629,MO:468532,similar,06
mo,MO:440634,MO:440716,similar,06
mo,MO:440634,MO:440722,similar,06
mo,MO:440634,MO:440765,similar,06
mo,MO:440634,MO:440769,similar,06
mo,MO:440634,MO:441734,similar,06
mo,MO:440634,MO:441985,similar,06
mo,MO:440634,MO:442108,similar,06
mo,MO:440634,MO:442111,similar,06
mo,MO:440634,MO:443317,similar,06
mo,MO:440634,MO:459367,similar,06
mo,MO:440634,MO:466421,similar,06
mo,MO:440634,MO:466434,similar,06
mo,MO:440634,MO:466435,similar,06
mo,MO:440634,MO:466469,similar,06
mo,MO:440634,MO:466478,similar,06
mo,MO:440634,MO:466483,similar,06
mo,MO:440634,MO:466484,similar,06
mo,MO:440634,MO:467216,similar,06
mo,MO:440634,MO:467217,similar,06
mo,MO:440634,MO:467220,similar,06
mo,MO:440634,MO:467445,similar,06
mo,MO:440634,MO:467689,similar,06
mo,MO:440634,MO:467690,similar,06
mo,MO:440634,MO:467866,similar,06
mo,MO:440634,MO:468461,similar,06
mo,MO:440634,MO:468532,similar,06
mo,MO:440716,MO:440722,similar,06
mo,MO:440716,MO:440765,similar,06
mo,MO:440716,MO:440769,similar,06
mo,MO:440716,MO:441734,similar,06
mo,MO:440716,MO:441985,similar,06
mo,MO:440716,MO:442108,similar,06
mo,MO:440716,MO:442111,similar,06
mo,MO:440716,MO:443317,similar,06
mo,MO:440716,MO:459367,similar,06
mo,MO:440716,MO:466421,similar,06
mo,MO:440716,MO:466434,similar,06
mo,MO:440716,MO:466435,similar,06
mo,MO:440716,MO:466469,similar,06
mo,MO:440716,MO:466478,similar,06
mo,MO:440716,MO:466483,similar,06
mo,MO:440716,MO:466484,similar,06
mo,MO:440716,MO:467216,similar,06
mo,MO:440716,MO:467217,similar,06
mo,MO:440716,MO:467220,similar,06
mo,MO:440716,MO:467445,similar,06
mo,MO:440716,MO:467689,similar,06
mo,MO:440716,MO:467690,similar,06
mo,MO:440716,MO:467866,similar,06
mo,MO:440716,MO:468461,similar,06
mo,MO:440716,MO:468532,similar,06
mo,MO:440722,MO:440765,similar,06
mo,MO:440722,MO:440769,similar,06
mo,MO:440722,MO:441734,similar,06
mo,MO:440722,MO:441985,similar,06
mo,MO:440722,MO:442108,similar,06
mo,MO:440722,MO:442111,similar,06
mo,MO:440722,MO:443317,similar,06
mo,MO:440722,MO:459367,similar,06
mo,MO:440722,MO:466421,similar,06
mo,MO:440722,MO:466434,similar,06
mo,MO:440722,MO:466435,similar,06
mo,MO:440722,MO:466469,similar,06
mo,MO:440722,MO:466478,similar,06
mo,MO:440722,MO:466483,similar,06
mo,MO:440722,MO:466484,similar,06
mo,MO:440722,MO:467216,similar,06
mo,MO:440722,MO:467217,similar,06
mo,MO:440722,MO:467220,similar,06
mo,MO:440722,MO:467445,similar,06
mo,MO:440722,MO:467689,similar,06
mo,MO:440722,MO:467690,similar,06
mo,MO:440722,MO:467866,similar,06
mo,MO:440722,MO:468461,similar,06
mo,MO:440722,MO:468532,similar,06
mo,MO:440765,MO:440769,similar,06
mo,MO:440765,MO:441734,similar,06
mo,MO:440765,MO:441985,similar,06
mo,MO:440765,MO:442108,similar,06
mo,MO:440765,MO:442111,similar,06
mo,MO:440765,MO:443317,similar,06
mo,MO:440765,MO:459367,similar,06
mo,MO:440765,MO:466421,similar,06
mo,MO:440765,MO:466434,similar,06
mo,MO:440765,MO:466435,similar,06
mo,MO:440765,MO:466469,similar,06
mo,MO:440765,MO:466478,similar,06
mo,MO:440765,MO:466483,similar,06
mo,MO:440765,MO:466484,similar,06
mo,MO:440765,MO:467216,similar,06
mo,MO:440765,MO:467217,similar,06
mo,MO:440765,MO:467220,similar,06
mo,MO:440765,MO:467445,similar,06
mo,MO:440765,MO:467689,similar,06
mo,MO:440765,MO:467690,similar,06
mo,MO:440765,MO:467866,similar,06
mo,MO:440765,MO:468461,similar,06
mo,MO:440765,MO:468532,similar,06
mo,MO:440769,MO:441734,similar,06
mo,MO:440769,MO:441985,similar,06
mo,MO:440769,MO:442108,similar,06
mo,MO:440769,MO:442111,similar,06
mo,MO:440769,MO:443317,similar,06
mo,MO:440769,MO:459367,similar,06
mo,MO:440769,MO:466421,similar,06
mo,MO:440769,MO:466434,similar,06
mo,MO:440769,MO:466435,similar,06
mo,MO:440769,MO:466469,similar,06
mo,MO:440769,MO:466478,similar,06
mo,MO:440769,MO:466483,similar,06
mo,MO:440769,MO:466484,similar,06
mo,MO:440769,MO:467216,similar,06
mo,MO:440769,MO:467217,similar,06
mo,MO:440769,MO:467220,similar,06
mo,MO:440769,MO:467445,similar,06
mo,MO:440769,MO:467689,similar,06
mo,MO:440769,MO:467690,similar,06
mo,MO:440769,MO:467866,similar,06
mo,MO:440769,MO:468461,similar,06
mo,MO:440769,MO:468532,similar,06
mo,MO:441734,MO:441985,similar,06
mo,MO:441734,MO:442108,similar,06
mo,MO:441734,MO:442111,similar,06
mo,MO:441734,MO:443317,similar,06
mo,MO:441734,MO:459367,similar,06
mo,MO:441734,MO:466421,similar,06
mo,MO:441734,MO:466434,similar,06
mo,MO:441734,MO:466435,similar,06
mo,MO:441734,MO:466469,similar,06
mo,MO:441734,MO:466478,similar,06
mo,MO:441734,MO:466483,similar,06
mo,MO:441734,MO:466484,similar,06
mo,MO:441734,MO:467216,similar,06
mo,MO:441734,MO:467217,similar,06
mo,MO:441734,MO:467220,similar,06
mo,MO:441734,MO:467445,similar,06
mo,MO:441734,MO:467689,similar,06
mo,MO:441734,MO:467690,similar,06
mo,MO:441734,MO:467866,similar,06
mo,MO:441734,MO:468461,similar,06
mo,MO:441734,MO:468532,similar,06
mo,MO:441985,MO:442108,similar,06
mo,MO:441985,MO:442111,similar,06
mo,MO:441985,MO:443317,similar,06
mo,MO:441985,MO:459367,similar,06
mo,MO:441985,MO:466421,similar,06
mo,MO:441985,MO:466434,similar,06
mo,MO:441985,MO:466435,similar,06
mo,MO:441985,MO:466469,similar,06
mo,MO:441985,MO:466478,similar,06
mo,MO:441985,MO:466483,similar,06
mo,MO:441985,MO:466484,similar,06
mo,MO:441985,MO:467216,similar,06
mo,MO:441985,MO:467217,similar,06
mo,MO:441985,MO:467220,similar,06
mo,MO:441985,MO:467445,similar,06
mo,MO:441985,MO:467689,similar,06
mo,MO:441985,MO:467690,similar,06
mo,MO:441985,MO:467866,similar,06
mo,MO:441985,MO:468461,similar,06
mo,MO:441985,MO:468532,similar,06
mo,MO:442108,MO:442111,similar,06
mo,MO:442108,MO:443317,similar,06
mo,MO:442108,MO:459367,similar,06
mo,MO:442108,MO:466421,similar,06
mo,MO:442108,MO:466434,similar,06
mo,MO:442108,MO:466435,similar,06
mo,MO:442108,MO:466469,similar,06
mo,MO:442108,MO:466478,similar,06
mo,MO:442108,MO:466483,similar,06
mo,MO:442108,MO:466484,similar,06
mo,MO:442108,MO:467216,similar,06
mo,MO:442108,MO:467217,similar,06
mo,MO:442108,MO:467220,similar,06
mo,MO:442108,MO:467445,similar,06
mo,MO:442108,MO:467689,similar,06
mo,MO:442108,MO:467690,similar,06
mo,MO:442108,MO:467866,similar,06
mo,MO:442108,MO:468461,similar,06
mo,MO:442108,MO:468532,similar,06
mo,MO:442111,MO:443317,similar,06
mo,MO:442111,MO:459367,similar,06
mo,MO:442111,MO:466421,similar,06
mo,MO:442111,MO:466434,similar,06
mo,MO:442111,MO:466435,similar,06
mo,MO:442111,MO:466469,similar,06
mo,MO:442111,MO:466478,similar,06
mo,MO:442111,MO:466483,similar,06
mo,MO:442111,MO:466484,similar,06
mo,MO:442111,MO:467216,similar,06
mo,MO:442111,MO:467217,similar,06
mo,MO:442111,MO:467220,similar,06
mo,MO:442111,MO:467445,similar,06
mo,MO:442111,MO:467689,similar,06
mo,MO:442111,MO:467690,similar,06
mo,MO:442111,MO:467866,similar,06
mo,MO:442111,MO:468461,similar,06
mo,MO:442111,MO:468532,similar,06
mo,MO:443317,MO:459367,similar,06
mo,MO:443317,MO:466421,similar,06
mo,MO:443317,MO:466434,similar,06
mo,MO:443317,MO:466435,similar,06
mo,MO:443317,MO:466469,similar,06
mo,MO:443317,MO:466478,similar,06
mo,MO:443317,MO:466483,similar,06
mo,MO:443317,MO:466484,similar,06
mo,MO:443317,MO:467216,similar,06
mo,MO:443317,MO:467217,similar,06
mo,MO:443317,MO:467220,similar,06
mo,MO:443317,MO:467445,similar,06
mo,MO:443317,MO:467689,similar,06
mo,MO:443317,MO:467690,similar,06
mo,MO:443317,MO:467866,similar,06
mo,MO:443317,MO:468461,similar,06
mo,MO:443317,MO:468532,similar,06
mo,MO:459367,MO:466421,similar,06
mo,MO:459367,MO:466434,similar,06
mo,MO:459367,MO:466435,similar,06
mo,MO:459367,MO:466469,similar,06
mo,MO:459367,MO:466478,similar,06
mo,MO:459367,MO:466483,similar,06
mo,MO:459367,MO:466484,similar,06
mo,MO:459367,MO:467216,similar,06
mo,MO:459367,MO:467217,similar,06
mo,MO:459367,MO:467220,similar,06
mo,MO:459367,MO:467445,similar,06
mo,MO:459367,MO:467689,similar,06
mo,MO:459367,MO:467690,similar,06
mo,MO:459367,MO:467866,similar,06
mo,MO:459367,MO:468461,similar,06
mo,MO:459367,MO:468532,similar,06
mo,MO:466421,MO:466434,similar,06
mo,MO:466421,MO:466435,similar,06
mo,MO:466421,MO:466469,similar,06
mo,MO:466421,MO:466478,similar,06
mo,MO:466421,MO:466483,similar,06
mo,MO:466421,MO:466484,similar,06
mo,MO:466421,MO:467216,similar,06
mo,MO:466421,MO:467217,similar,06
mo,MO:466421,MO:467220,similar,06
mo,MO:466421,MO:467445,similar,06
mo,MO:466421,MO:467689,similar,06
mo,MO:466421,MO:467690,similar,06
mo,MO:466421,MO:467866,similar,06
mo,MO:466421,MO:468461,similar,06
mo,MO:466421,MO:468532,similar,06
mo,MO:466434,MO:466435,similar,06
mo,MO:466434,MO:466469,similar,06
mo,MO:466434,MO:466478,similar,06
mo,MO:466434,MO:466483,similar,06
mo,MO:466434,MO:466484,similar,06
mo,MO:466434,MO:467216,similar,06
mo,MO:466434,MO:467217,similar,06
mo,MO:466434,MO:467220,similar,06
mo,MO:466434,MO:467445,similar,06
mo,MO:466434,MO:467689,similar,06
mo,MO:466434,MO:467690,similar,06
mo,MO:466434,MO:467866,similar,06
mo,MO:466434,MO:468461,similar,06
mo,MO:466434,MO:468532,similar,06
mo,MO:466435,MO:466469,similar,06
mo,MO:466435,MO:466478,similar,06
mo,MO:466435,MO:466483,similar,06
mo,MO:466435,MO:466484,similar,06
mo,MO:466435,MO:467216,similar,06
mo,MO:466435,MO:467217,similar,06
mo,MO:466435,MO:467220,similar,06
mo,MO:466435,MO:467445,similar,06
mo,MO:466435,MO:467689,similar,06
mo,MO:466435,MO:467690,similar,06
mo,MO:466435,MO:467866,similar,06
mo,MO:466435,MO:468461,similar,06
mo,MO:466435,MO:468532,similar,06
mo,MO:466469,MO:466478,similar,06
mo,MO:466469,MO:466483,similar,06
mo,MO:466469,MO:466484,similar,06
mo,MO:466469,MO:467216,similar,06
mo,MO:466469,MO:467217,similar,06
mo,MO:466469,MO:467220,similar,06
mo,MO:466469,MO:467445,similar,06
mo,MO:466469,MO:467689,similar,06
mo,MO:466469,MO:467690,similar,06
mo,MO:466469,MO:467866,similar,06
mo,MO:466469,MO:468461,similar,06
mo,MO:466469,MO:468532,similar,06
mo,MO:466478,MO:466483,similar,06
mo,MO:466478,MO:466484,similar,06
mo,MO:466478,MO:467216,similar,06
mo,MO:466478,MO:467217,similar,06
mo,MO:466478,MO:467220,similar,06
mo,MO:466478,MO:467445,similar,06
mo,MO:466478,MO:467689,similar,06
mo,MO:466478,MO:467690,similar,06
mo,MO:466478,MO:467866,similar,06
mo,MO:466478,MO:468461,similar,06
mo,MO:466478,MO:468532,similar,06
mo,MO:466483,MO:466484,similar,06
mo,MO:466483,MO:467216,similar,06
mo,MO:466483,MO:467217,similar,06
mo,MO:466483,MO:467220,similar,06
mo,MO:466483,MO:467445,similar,06
mo,MO:466483,MO:467689,similar,06
mo,MO:466483,MO:467690,similar,06
mo,MO:466483,MO:467866,similar,06
mo,MO:466483,MO:468461,similar,06
mo,MO:466483,MO:468532,similar,06
mo,MO:466484,MO:467216,similar,06
mo,MO:466484,MO:467217,similar,06
mo,MO:466484,MO:467220,similar,06
mo,MO:466484,MO:467445,similar,06
mo,MO:466484,MO:467689,similar,06
mo,MO:466484,MO:467690,similar,06
mo,MO:466484,MO:467866,similar,06
mo,MO:466484,MO:468461,similar,06
mo,MO:466484,MO:468532,similar,06
mo,MO:467216,MO:467217,similar,06
mo,MO:467216,MO:467220,similar,06
mo,MO:467216,MO:467445,similar,06
mo,MO:467216,MO:467689,similar,06
mo,MO:467216,MO:467690,similar,06
mo,MO:467216,MO:467866,similar,06
mo,MO:467216,MO:468461,similar,06
mo,MO:467216,MO:468532,similar,06
mo,MO:467217,MO:467220,similar,06
mo,MO:467217,MO:467445,similar,06
mo,MO:467217,MO:467689,similar,06
mo,MO:467217,MO:467690,similar,06
mo,MO:467217,MO:467866,similar,06
mo,MO:467217,MO:468461,similar,06
mo,MO:467217,MO:468532,similar,06
mo,MO:467220,MO:467445,similar,06
mo,MO:467220,MO:467689,similar,06
mo,MO:467220,MO:467690,similar,06
mo,MO:467220,MO:467866,similar,06
mo,MO:467220,MO:468461,similar,06
mo,MO:467220,MO:468532,similar,06
mo,MO:467445,MO:467689,similar,06
mo,MO:467445,MO:467690,similar,06
mo,MO:467445,MO:467866,similar,06
mo,MO:467445,MO:468461,similar,06
mo,MO:467445,MO:468532,similar,06
mo,MO:467689,MO:467690,similar,06
mo,MO:467689,MO:467866,similar,06
mo,MO:467689,MO:468461,similar,06
mo,MO:467689,MO:468532,similar,06
mo,MO:467690,MO:467866,similar,06
mo,MO:467690,MO:468461,similar,06
mo,MO:467690,MO:468532,similar,06
mo,MO:467866,MO:468461,similar,06
mo,MO:467866,MO:468532,similar,06
mo,MO:468461,MO:468532,similar,06
mo,MO:438538,MO:441694,similar,06
mo,MO:438593,MO:441714,similar,06
mo,MO:438593,MO:467444,similar,06
mo,MO:441714,MO:467444,similar,06
mo,MO:439471,MO:439668,strict,06
mo,MO:439471,MO:451956,strict,06
mo,MO:439668,MO:451956,strict,06
mo,MO:440720,MO:440775,strict,06
mo,MO:441708,MO:467623,similar,06
mo,MO:441708,MO:467632,similar,06
mo,MO:467623,MO:467632,similar,06
mo,MO:441843,MO:467446,similar,06
mo,MO:442497,MO:468463,similar,06
mo,MO:451707,MO:451708,strict,06
mo,MO:451707,MO:451710,strict,06
mo,MO:451707,MO:451713,strict,06
mo,MO:451707,MO:451715,strict,06
mo,MO:451708,MO:451710,strict,06
mo,MO:451708,MO:451713,strict,06
mo,MO:451708,MO:451715,strict,06
mo,MO:451710,MO:451713,strict,06
mo,MO:451710,MO:451715,strict,06
mo,MO:451713,MO:451715,strict,06
mo,MO:455283,MO:478057,similar,06
mo,MO:64354,MO:168765,similar,06
mo,MO:68956,MO:69258,similar,06
mo,MO:149861,MO:151566,similar,06
mo,MO:152235,MO:152236,strict,06
mo,MO:306907,MO:335106,similar,06
mo,MO:306907,MO:335117,similar,06
mo,MO:306907,MO:344595,similar,06
mo,MO:335106,MO:335117,similar,06
mo,MO:335106,MO:344595,similar,06
mo,MO:335117,MO:344595,similar,06
mo,MO:355972,MO:392358,similar,06
mo,MO:355972,MO:405861,similar,06
mo,MO:392358,MO:405861,similar,06
mo,MO:358824,MO:387987,similar,06
mo,MO:358824,MO:388015,similar,06
mo,MO:358824,MO:388020,similar,06
mo,MO:358824,MO:388063,similar,06
mo,MO:358824,MO:393123,similar,06
mo,MO:358824,MO:411781,similar,06
mo,MO:387987,MO:388015,similar,06
mo,MO:387987,MO:388020,similar,06
mo,MO:387987,MO:388063,similar,06
mo,MO:387987,MO:393123,similar,06
mo,MO:387987,MO:411781,similar,06
mo,MO:388015,MO:388020,similar,06
mo,MO:388015,MO:388063,similar,06
mo,MO:388015,MO:393123,similar,06
mo,MO:388015,MO:411781,similar,06
mo,MO:388020,MO:388063,similar,06
mo,MO:388020,MO:393123,similar,06
mo,MO:388020,MO:411781,similar,06
mo,MO:388063,MO:393123,similar,06
mo,MO:388063,MO:411781,similar,06
mo,MO:393123,MO:411781,similar,06
mo,MO:379096,MO:385189,similar,06
mo,MO:379096,MO:414103,similar,06
mo,MO:385189,MO:414103,similar,06
mo,MO:387901,MO:387990,strict,06
mo,MO:388060,MO:392244,similar,06
mo,MO:392246,MO:392351,strict,06
mo,MO:392247,MO:392951,similar,06
mo,MO:392247,MO:411790,similar,06
mo,MO:392951,MO:411790,similar,06
mo,MO:471050,MO:478102,similar,06
mo,MO:273963,MO:396788,similar,06
mo,MO:72826,MO:75933,similar,06
mo,MO:72826,MO:260687,similar,06
mo,MO:72826,MO:264983,similar,06
mo,MO:72826,MO:274379,similar,06
mo,MO:72826,MO:303598,similar,06
mo,MO:72826,MO:367839,similar,06
mo,MO:72826,MO:399952,similar,06
mo,MO:72826,MO:444796,similar,06
mo,MO:72826,MO:448460,similar,06
mo,MO:72826,MO:449339,similar,06
mo,MO:75933,MO:260687,similar,06
mo,MO:75933,MO:264983,similar,06
mo,MO:75933,MO:274379,similar,06
mo,MO:75933,MO:303598,similar,06
mo,MO:75933,MO:367839,similar,06
mo,MO:75933,MO:399952,similar,06
mo,MO:75933,MO:444796,similar,06
mo,MO:75933,MO:448460,similar,06
mo,MO:75933,MO:449339,similar,06
mo,MO:260687,MO:264983,similar,06
mo,MO:260687,MO:274379,similar,06
mo,MO:260687,MO:303598,similar,06
mo,MO:260687,MO:367839,similar,06
mo,MO:260687,MO:399952,similar,06
mo,MO:260687,MO:444796,similar,06
mo,MO:260687,MO:448460,similar,06
mo,MO:260687,MO:449339,similar,06
mo,MO:264983,MO:274379,similar,06
mo,MO:264983,MO:303598,similar,06
mo,MO:264983,MO:367839,similar,06
mo,MO:264983,MO:399952,similar,06
mo,MO:264983,MO:444796,similar,06
mo,MO:264983,MO:448460,similar,06
mo,MO:264983,MO:449339,similar,06
mo,MO:274379,MO:303598,similar,06
mo,MO:274379,MO:367839,similar,06
mo,MO:274379,MO:399952,similar,06
mo,MO:274379,MO:444796,similar,06
mo,MO:274379,MO:448460,similar,06
mo,MO:274379,MO:449339,similar,06
mo,MO:303598,MO:367839,similar,06
mo,MO:303598,MO:399952,similar,06
mo,MO:303598,MO:444796,similar,06
mo,MO:303598,MO:448460,similar,06
mo,MO:303598,MO:449339,similar,06
mo,MO:367839,MO:399952,similar,06
mo,MO:367839,MO:444796,similar,06
mo,MO:367839,MO:448460,similar,06
mo,MO:367839,MO:449339,similar,06
mo,MO:399952,MO:444796,similar,06
mo,MO:399952,MO:448460,similar,06
mo,MO:399952,MO:449339,similar,06
mo,MO:444796,MO:448460,similar,06
mo,MO:444796,MO:449339,similar,06
mo,MO:448460,MO:449339,similar,06
mo,MO:76121,MO:168908,similar,06
mo,MO:355941,MO:383072,similar,06
mo,MO:355941,MO:398007,similar,06
mo,MO:383072,MO:398007,similar,06
mo,MO:72669,MO:159093,similar,06
mo,MO:69568,MO:74489,similar,06
mo,MO:169031,MO:169127,similar,06
mo,MO:137103,MO:146214,similar,06
mo,MO:159112,MO:194592,similar,06
BBM,BBM:F000664,BBM:F000665,similar,06
mo,MO:359462,MO:377474,similar,06
mo,MO:122879,MO:156042,similar,06
mo,MO:122879,MO:156046,similar,06
mo,MO:156042,MO:156046,similar,06
mo,MO:133148,MO:133150,strict,06
mo,MO:139454,MO:160579,similar,06
mo,MO:164062,MO:164748,similar,06
mo,MO:164062,MO:164749,similar,06
mo,MO:164748,MO:164749,similar,06
mo,MO:235291,MO:236483,similar,06
mo,MO:314995,MO:315960,similar,06
mo,MO:365794,MO:368537,similar,06
mo,MO:365794,MO:368597,similar,06
mo,MO:368537,MO:368597,similar,06
mo,MO:352863,MO:364995,similar,06
BBM,BBM:F000712,BBM:F000729,similar,06
BBM,BBM:F000717,BBM:F000722,similar,06
BBM,BBM:F000720,BBM:F000721,similar,06
mo,MO:132344,MO:132791,similar,06
mo,MO:234205,MO:234524,similar,06
BBM,BBM:F000719,BBM:F000876,similar,06
BBM,BBM:F000719,BBM:F000879,similar,06
BBM,BBM:F000719,BBM:F000884,similar,06
BBM,BBM:F000876,BBM:F000879,similar,06
BBM,BBM:F000876,BBM:F000884,similar,06
BBM,BBM:F000879,BBM:F000884,similar,06
mo,MO:65425,MO:156370,similar,06
mo,MO:65425,MO:278964,similar,06
mo,MO:65425,MO:315949,similar,06
mo,MO:156370,MO:278964,similar,06
mo,MO:156370,MO:315949,similar,06
mo,MO:278964,MO:315949,similar,06
BBM,BBM:F000732,BBM:F000733,similar,06
BBM,BBM:F000734,BBM:F000766,similar,06
BBM,BBM:F000737,BBM:F000740,similar,06
BBM,BBM:F000737,BBM:F000741,similar,06
BBM,BBM:F000737,BBM:F000742,similar,06
BBM,BBM:F000737,BBM:F000743,similar,06
BBM,BBM:F000737,BBM:F000744,similar,06
BBM,BBM:F000740,BBM:F000741,similar,06
BBM,BBM:F000740,BBM:F000742,similar,06
BBM,BBM:F000740,BBM:F000743,similar,06
BBM,BBM:F000740,BBM:F000744,similar,06
BBM,BBM:F000741,BBM:F000742,similar,06
BBM,BBM:F000741,BBM:F000743,similar,06
BBM,BBM:F000741,BBM:F000744,similar,06
BBM,BBM:F000742,BBM:F000743,similar,06
BBM,BBM:F000742,BBM:F000744,similar,06
BBM,BBM:F000743,BBM:F000744,similar,06
mo,MO:78034,MO:95075,similar,06
mo,MO:78034,MO:116384,similar,06
mo,MO:78034,MO:182165,similar,06
mo,MO:78034,MO:295748,similar,06
mo,MO:78034,MO:306469,similar,06
mo,MO:78034,MO:352685,similar,06
mo,MO:78034,MO:388064,similar,06
mo,MO:78034,MO:401777,similar,06
mo,MO:78034,MO:425587,similar,06
mo,MO:78034,MO:447279,similar,06
mo,MO:95075,MO:116384,similar,06
mo,MO:95075,MO:182165,similar,06
mo,MO:95075,MO:295748,similar,06
mo,MO:95075,MO:306469,similar,06
mo,MO:95075,MO:352685,similar,06
mo,MO:95075,MO:388064,similar,06
mo,MO:95075,MO:401777,similar,06
mo,MO:95075,MO:425587,similar,06
mo,MO:95075,MO:447279,similar,06
mo,MO:116384,MO:182165,similar,06
mo,MO:116384,MO:295748,similar,06
mo,MO:116384,MO:306469,similar,06
mo,MO:116384,MO:352685,similar,06
mo,MO:116384,MO:388064,similar,06
mo,MO:116384,MO:401777,similar,06
mo,MO:116384,MO:425587,similar,06
mo,MO:116384,MO:447279,similar,06
mo,MO:182165,MO:295748,similar,06
mo,MO:182165,MO:306469,similar,06
mo,MO:182165,MO:352685,similar,06
mo,MO:182165,MO:388064,similar,06
mo,MO:182165,MO:401777,similar,06
mo,MO:182165,MO:425587,similar,06
mo,MO:182165,MO:447279,similar,06
mo,MO:295748,MO:306469,similar,06
mo,MO:295748,MO:352685,similar,06
mo,MO:295748,MO:388064,similar,06
mo,MO:295748,MO:401777,similar,06
mo,MO:295748,MO:425587,similar,06
mo,MO:295748,MO:447279,similar,06
mo,MO:306469,MO:352685,similar,06
mo,MO:306469,MO:388064,similar,06
mo,MO:306469,MO:401777,similar,06
mo,MO:306469,MO:425587,similar,06
mo,MO:306469,MO:447279,similar,06
mo,MO:352685,MO:388064,similar,06
mo,MO:352685,MO:401777,similar,06
mo,MO:352685,MO:425587,similar,06
mo,MO:352685,MO:447279,similar,06
mo,MO:388064,MO:401777,similar,06
mo,MO:388064,MO:425587,similar,06
mo,MO:388064,MO:447279,similar,06
mo,MO:401777,MO:425587,similar,06
mo,MO:401777,MO:447279,similar,06
mo,MO:425587,MO:447279,similar,06
BBM,BBM:F000745,BBM:F000746,similar,06
mo,MO:65006,MO:75885,similar,06
mo,MO:65006,MO:142886,similar,06
mo,MO:65006,MO:295370,similar,06
mo,MO:65006,MO:303558,similar,06
mo,MO:65006,MO:343581,similar,06
mo,MO:65006,MO:388011,similar,06
mo,MO:75885,MO:142886,similar,06
mo,MO:75885,MO:295370,similar,06
mo,MO:75885,MO:303558,similar,06
mo,MO:75885,MO:343581,similar,06
mo,MO:75885,MO:388011,similar,06
mo,MO:142886,MO:295370,similar,06
mo,MO:142886,MO:303558,similar,06
mo,MO:142886,MO:343581,similar,06
mo,MO:142886,MO:388011,similar,06
mo,MO:295370,MO:303558,similar,06
mo,MO:295370,MO:343581,similar,06
mo,MO:295370,MO:388011,similar,06
mo,MO:303558,MO:343581,similar,06
mo,MO:303558,MO:388011,similar,06
mo,MO:343581,MO:388011,similar,06
mo,MO:379231,MO:388004,similar,06
BBM,BBM:F000755,BBM:F000757,similar,06
BBM,BBM:F000761,BBM:F000762,similar,06
mo,MO:111141,MO:127761,similar,06
mo,MO:248249,MO:248887,similar,06
mo,MO:248249,MO:253030,similar,06
mo,MO:248887,MO:253030,similar,06
mo,MO:260656,MO:262096,similar,06
mo,MO:278871,MO:279735,similar,06
mo,MO:278975,MO:279244,strict,06
mo,MO:294271,MO:406977,similar,06
mo,MO:65429,MO:70189,similar,06
mo,MO:65429,MO:94886,similar,06
mo,MO:65429,MO:172840,similar,06
mo,MO:65429,MO:195468,similar,06
mo,MO:65429,MO:206334,similar,06
mo,MO:65429,MO:316063,similar,06
mo,MO:65429,MO:367793,similar,06
mo,MO:70189,MO:94886,similar,06
mo,MO:70189,MO:172840,similar,06
mo,MO:70189,MO:195468,similar,06
mo,MO:70189,MO:206334,similar,06
mo,MO:70189,MO:316063,similar,06
mo,MO:70189,MO:367793,similar,06
mo,MO:94886,MO:172840,similar,06
mo,MO:94886,MO:195468,similar,06
mo,MO:94886,MO:206334,similar,06
mo,MO:94886,MO:316063,similar,06
mo,MO:94886,MO:367793,similar,06
mo,MO:172840,MO:195468,similar,06
mo,MO:172840,MO:206334,similar,06
mo,MO:172840,MO:316063,similar,06
mo,MO:172840,MO:367793,similar,06
mo,MO:195468,MO:206334,similar,06
mo,MO:195468,MO:316063,similar,06
mo,MO:195468,MO:367793,similar,06
mo,MO:206334,MO:316063,similar,06
mo,MO:206334,MO:367793,similar,06
mo,MO:316063,MO:367793,similar,06
mo,MO:93087,MO:164207,similar,06
mo,MO:93087,MO:235506,similar,06
mo,MO:93087,MO:278870,similar,06
mo,MO:93087,MO:316968,similar,06
mo,MO:93087,MO:319710,similar,06
mo,MO:93087,MO:364472,similar,06
mo,MO:93087,MO:364848,similar,06
mo,MO:93087,MO:368598,similar,06
mo,MO:93087,MO:453037,similar,06
mo,MO:164207,MO:235506,similar,06
mo,MO:164207,MO:278870,similar,06
mo,MO:164207,MO:316968,similar,06
mo,MO:164207,MO:319710,similar,06
mo,MO:164207,MO:364472,similar,06
mo,MO:164207,MO:364848,similar,06
mo,MO:164207,MO:368598,similar,06
mo,MO:164207,MO:453037,similar,06
mo,MO:235506,MO:278870,similar,06
mo,MO:235506,MO:316968,similar,06
mo,MO:235506,MO:319710,similar,06
mo,MO:235506,MO:364472,similar,06
mo,MO:235506,MO:364848,similar,06
mo,MO:235506,MO:368598,similar,06
mo,MO:235506,MO:453037,similar,06
mo,MO:278870,MO:316968,similar,06
mo,MO:278870,MO:319710,similar,06
mo,MO:278870,MO:364472,similar,06
mo,MO:278870,MO:364848,similar,06
mo,MO:278870,MO:368598,similar,06
mo,MO:278870,MO:453037,similar,06
mo,MO:316968,MO:319710,similar,06
mo,MO:316968,MO:364472,similar,06
mo,MO:316968,MO:364848,similar,06
mo,MO:316968,MO:368598,similar,06
mo,MO:316968,MO:453037,similar,06
mo,MO:319710,MO:364472,similar,06
mo,MO:319710,MO:364848,similar,06
mo,MO:319710,MO:368598,similar,06
mo,MO:319710,MO:453037,similar,06
mo,MO:364472,MO:364848,similar,06
mo,MO:364472,MO:368598,similar,06
mo,MO:364472,MO:453037,similar,06
mo,MO:364848,MO:368598,similar,06
mo,MO:364848,MO:453037,similar,06
mo,MO:368598,MO:453037,similar,06
mo,MO:171430,MO:171615,similar,06
mo,MO:308441,MO:349072,similar,06
mo,MO:171428,MO:234922,similar,06
mo,MO:171428,MO:235030,similar,06
mo,MO:234922,MO:235030,similar,06
BBM,BBM:F000950,BBM:F000957,similar,06
mo,MO:171426,MO:171427,strict,06
BBM,BBM:F000789,BBM:F000792,similar,06
BBM,BBM:F000789,BBM:F000793,similar,06
BBM,BBM:F000789,BBM:F000794,similar,06
BBM,BBM:F000789,BBM:F000795,similar,06
BBM,BBM:F000789,BBM:F000796,similar,06
BBM,BBM:F000789,BBM:F000797,similar,06
BBM,BBM:F000789,BBM:F001035,similar,06
BBM,BBM:F000789,BBM:F001040,similar,06
BBM,BBM:F000789,BBM:F001041,similar,06
BBM,BBM:F000792,BBM:F000793,similar,06
BBM,BBM:F000792,BBM:F000794,similar,06
BBM,BBM:F000792,BBM:F000795,similar,06
BBM,BBM:F000792,BBM:F000796,similar,06
BBM,BBM:F000792,BBM:F000797,similar,06
BBM,BBM:F000792,BBM:F001035,similar,06
BBM,BBM:F000792,BBM:F001040,similar,06
BBM,BBM:F000792,BBM:F001041,similar,06
BBM,BBM:F000793,BBM:F000794,similar,06
BBM,BBM:F000793,BBM:F000795,similar,06
BBM,BBM:F000793,BBM:F000796,similar,06
BBM,BBM:F000793,BBM:F000797,similar,06
BBM,BBM:F000793,BBM:F001035,similar,06
BBM,BBM:F000793,BBM:F001040,similar,06
BBM,BBM:F000793,BBM:F001041,similar,06
BBM,BBM:F000794,BBM:F000795,similar,06
BBM,BBM:F000794,BBM:F000796,similar,06
BBM,BBM:F000794,BBM:F000797,similar,06
BBM,BBM:F000794,BBM:F001035,similar,06
BBM,BBM:F000794,BBM:F001040,similar,06
BBM,BBM:F000794,BBM:F001041,similar,06
BBM,BBM:F000795,BBM:F000796,similar,06
BBM,BBM:F000795,BBM:F000797,similar,06
BBM,BBM:F000795,BBM:F001035,similar,06
BBM,BBM:F000795,BBM:F001040,similar,06
BBM,BBM:F000795,BBM:F001041,similar,06
BBM,BBM:F000796,BBM:F000797,similar,06
BBM,BBM:F000796,BBM:F001035,similar,06
BBM,BBM:F000796,BBM:F001040,similar,06
BBM,BBM:F000796,BBM:F001041,similar,06
BBM,BBM:F000797,BBM:F001035,similar,06
BBM,BBM:F000797,BBM:F001040,similar,06
BBM,BBM:F000797,BBM:F001041,similar,06
BBM,BBM:F001035,BBM:F001040,similar,06
BBM,BBM:F001035,BBM:F001041,similar,06
BBM,BBM:F001040,BBM:F001041,similar,06
BBM,BBM:F000984,BBM:F000985,similar,06
mo,MO:375865,MO:381017,similar,06
mo,MO:429084,MO:449358,similar,06
mo,MO:271188,MO:271189,strict,06
mo,MO:382932,MO:396730,similar,06
mo,MO:382932,MO:397675,similar,06
mo,MO:396730,MO:397675,similar,06
BBM,BBM:F000848,BBM:F000849,similar,06
BBM,BBM:F000848,BBM:F000850,similar,06
BBM,BBM:F000849,BBM:F000850,similar,06
BBM,BBM:F000860,BBM:F001046,similar,06
BBM,BBM:F000909,BBM:F000910,similar,06
BBM,BBM:F000999,BBM:F001528,similar,06
mo,MO:73109,MO:73110,similar,06
mo,MO:73109,MO:74546,similar,06
mo,MO:73109,MO:75887,similar,06
mo,MO:73109,MO:151564,similar,06
mo,MO:73109,MO:379228,similar,06
mo,MO:73109,MO:392359,similar,06
mo,MO:73109,MO:393122,similar,06
mo,MO:73110,MO:74546,similar,06
mo,MO:73110,MO:75887,similar,06
mo,MO:73110,MO:151564,similar,06
mo,MO:73110,MO:379228,similar,06
mo,MO:73110,MO:392359,similar,06
mo,MO:73110,MO:393122,similar,06
mo,MO:74546,MO:75887,similar,06
mo,MO:74546,MO:151564,similar,06
mo,MO:74546,MO:379228,similar,06
mo,MO:74546,MO:392359,similar,06
mo,MO:74546,MO:393122,similar,06
mo,MO:75887,MO:151564,similar,06
mo,MO:75887,MO:379228,similar,06
mo,MO:75887,MO:392359,similar,06
mo,MO:75887,MO:393122,similar,06
mo,MO:151564,MO:379228,similar,06
mo,MO:151564,MO:392359,similar,06
mo,MO:151564,MO:393122,similar,06
mo,MO:379228,MO:392359,similar,06
mo,MO:379228,MO:393122,similar,06
mo,MO:392359,MO:393122,similar,06
BBM,BBM:F001519,BBM:F001524,similar,06
mo,MO:65065,MO:73021,similar,06
mo,MO:83437,MO:106001,strict,06
mo,MO:108611,MO:109170,similar,06
mo,MO:109108,MO:120130,similar,06
mo,MO:109475,MO:109476,strict,06
mo,MO:109527,MO:109528,strict,06
mo,MO:110144,MO:112592,similar,06
mo,MO:123269,MO:152317,similar,06
mo,MO:139073,MO:148516,similar,06
mo,MO:148514,MO:148517,strict,06
mo,MO:176038,MO:176040,strict,06
mo,MO:176038,MO:176041,strict,06
mo,MO:176040,MO:176041,strict,06
mo,MO:211280,MO:215784,similar,06
mo,MO:216567,MO:220043,similar,06
mo,MO:223710,MO:225800,similar,06
mo,MO:247827,MO:248888,similar,06
mo,MO:258708,MO:261784,similar,06
mo,MO:284338,MO:303596,similar,06
mo,MO:322798,MO:322800,similar,06
mo,MO:322798,MO:340005,similar,06
mo,MO:322800,MO:340005,similar,06
mo,MO:323942,MO:325268,similar,06
mo,MO:325017,MO:343531,similar,06
mo,MO:325017,MO:349071,similar,06
mo,MO:325017,MO:349076,similar,06
mo,MO:343531,MO:349071,similar,06
mo,MO:343531,MO:349076,similar,06
mo,MO:349071,MO:349076,similar,06
mo,MO:325270,MO:329622,similar,06
mo,MO:325270,MO:329623,similar,06
mo,MO:325270,MO:329631,similar,06
mo,MO:325270,MO:329635,similar,06
mo,MO:329622,MO:329623,similar,06
mo,MO:329622,MO:329631,similar,06
mo,MO:329622,MO:329635,similar,06
mo,MO:329623,MO:329631,similar,06
mo,MO:329623,MO:329635,similar,06
mo,MO:329631,MO:329635,similar,06
mo,MO:329597,MO:330121,similar,06
mo,MO:334749,MO:335477,similar,06
mo,MO:366928,MO:368954,similar,06
mo,MO:366928,MO:373178,similar,06
mo,MO:366928,MO:374084,similar,06
mo,MO:366928,MO:392476,similar,06
mo,MO:366928,MO:405891,similar,06
mo,MO:368954,MO:373178,similar,06
mo,MO:368954,MO:374084,similar,06
mo,MO:368954,MO:392476,similar,06
mo,MO:368954,MO:405891,similar,06
mo,MO:373178,MO:374084,similar,06
mo,MO:373178,MO:392476,similar,06
mo,MO:373178,MO:405891,similar,06
mo,MO:374084,MO:392476,similar,06
mo,MO:374084,MO:405891,similar,06
mo,MO:392476,MO:405891,similar,06
mo,MO:366934,MO:374540,similar,06
mo,MO:366934,MO:375265,similar,06
mo,MO:366934,MO:375898,similar,06
mo,MO:366934,MO:405857,similar,06
mo,MO:374540,MO:375265,similar,06
mo,MO:374540,MO:375898,similar,06
mo,MO:374540,MO:405857,similar,06
mo,MO:375265,MO:375898,similar,06
mo,MO:375265,MO:405857,similar,06
mo,MO:375898,MO:405857,similar,06
mo,MO:368989,MO:373440,similar,06
mo,MO:368989,MO:374083,similar,06
mo,MO:368989,MO:376572,similar,06
mo,MO:368989,MO:378805,similar,06
mo,MO:373440,MO:374083,similar,06
mo,MO:373440,MO:376572,similar,06
mo,MO:373440,MO:378805,similar,06
mo,MO:374083,MO:376572,similar,06
mo,MO:374083,MO:378805,similar,06
mo,MO:376572,MO:378805,similar,06
mo,MO:373462,MO:376974,similar,06
mo,MO:373462,MO:387920,similar,06
mo,MO:373462,MO:388001,similar,06
mo,MO:373462,MO:388010,similar,06
mo,MO:376974,MO:387920,similar,06
mo,MO:376974,MO:388001,similar,06
mo,MO:376974,MO:388010,similar,06
mo,MO:387920,MO:388001,similar,06
mo,MO:387920,MO:388010,similar,06
mo,MO:388001,MO:388010,similar,06
mo,MO:375270,MO:375902,similar,06
mo,MO:375270,MO:379250,similar,06
mo,MO:375270,MO:381018,similar,06
mo,MO:375902,MO:379250,similar,06
mo,MO:375902,MO:381018,similar,06
mo,MO:379250,MO:381018,similar,06
mo,MO:378398,MO:381275,similar,06
mo,MO:380996,MO:408722,strict,06
mo,MO:395875,MO:396758,similar,06
mo,MO:425103,MO:426926,similar,06
mo,MO:426589,MO:426884,strict,06
mo,MO:426589,MO:426885,strict,06
mo,MO:426884,MO:426885,strict,06
mo,MO:426924,MO:426925,strict,06
mo,MO:429146,MO:438592,similar,06
mo,MO:263991,MO:265299,similar,06
mo,MO:394672,MO:396957,similar,06
mo,MO:314354,MO:358844,similar,06
mo,MO:314354,MO:364178,similar,06
mo,MO:358844,MO:364178,similar,06
mo,MO:119288,MO:119849,similar,06
mo,MO:119512,MO:127659,similar,06
mo,MO:123270,MO:129940,similar,06
mo,MO:157951,MO:159218,similar,06
mo,MO:166509,MO:166511,strict,06
mo,MO:202845,MO:218987,similar,06
mo,MO:202845,MO:223707,similar,06
mo,MO:218987,MO:223707,similar,06
mo,MO:227607,MO:265415,similar,06
mo,MO:234299,MO:265043,similar,06
mo,MO:261548,MO:265416,similar,06
mo,MO:265042,MO:265423,similar,06
mo,MO:265042,MO:265506,similar,06
mo,MO:265423,MO:265506,similar,06
mo,MO:306471,MO:308736,similar,06
mo,MO:306471,MO:311025,similar,06
mo,MO:306471,MO:355908,similar,06
mo,MO:308736,MO:311025,similar,06
mo,MO:308736,MO:355908,similar,06
mo,MO:311025,MO:355908,similar,06
BBM,BBM:F001369,BBM:F001370,similar,06
BBM,BBM:F001369,BBM:F001371,similar,06
BBM,BBM:F001369,BBM:F001372,similar,06
BBM,BBM:F001369,BBM:F001408,similar,06
BBM,BBM:F001369,BBM:F001411,similar,06
BBM,BBM:F001370,BBM:F001371,similar,06
BBM,BBM:F001370,BBM:F001372,similar,06
BBM,BBM:F001370,BBM:F001408,similar,06
BBM,BBM:F001370,BBM:F001411,similar,06
BBM,BBM:F001371,BBM:F001372,similar,06
BBM,BBM:F001371,BBM:F001408,similar,06
BBM,BBM:F001371,BBM:F001411,similar,06
BBM,BBM:F001372,BBM:F001408,similar,06
BBM,BBM:F001372,BBM:F001411,similar,06
BBM,BBM:F001408,BBM:F001411,similar,06
BBM,BBM:F001410,BBM:F001412,similar,06
mo,MO:73091,MO:204069,similar,06
mo,MO:73091,MO:471684,similar,06
mo,MO:73091,MO:472572,similar,06
mo,MO:204069,MO:471684,similar,06
mo,MO:204069,MO:472572,similar,06
mo,MO:471684,MO:472572,similar,06
mo,MO:189458,MO:190360,similar,06
mo,MO:306480,MO:343962,similar,06
mo,MO:306480,MO:349077,similar,06
mo,MO:343962,MO:349077,similar,06
mo,MO:330122,MO:498481,similar,06
mo,MO:374165,MO:374335,strict,06
mo,MO:127156,MO:138701,similar,06
mo,MO:127156,MO:152309,similar,06
mo,MO:138701,MO:152309,similar,06
mo,MO:129947,MO:129952,similar,06
mo,MO:238407,MO:493196,similar,06
BBM,BBM:F001416,BBM:F001420,similar,06
BBM,BBM:F001416,BBM:F001425,similar,06
BBM,BBM:F001420,BBM:F001425,similar,06
mo,MO:185358,MO:305861,similar,06
mo,MO:185358,MO:329642,similar,06
mo,MO:185358,MO:442862,similar,06
mo,MO:305861,MO:329642,similar,06
mo,MO:305861,MO:442862,similar,06
mo,MO:329642,MO:442862,similar,06
mo,MO:71119,MO:71120,similar,06
mo,MO:71119,MO:392350,similar,06
mo,MO:71119,MO:441648,similar,06
mo,MO:71120,MO:392350,similar,06
mo,MO:71120,MO:441648,similar,06
mo,MO:392350,MO:441648,similar,06
BBM,BBM:F001421,BBM:F001424,similar,06
mo,MO:65527,MO:326814,similar,06
mo,MO:65527,MO:375879,similar,06
mo,MO:65527,MO:376015,similar,06
mo,MO:65527,MO:378227,similar,06
mo,MO:65527,MO:381020,similar,06
mo,MO:65527,MO:426914,similar,06
mo,MO:326814,MO:375879,similar,06
mo,MO:326814,MO:376015,similar,06
mo,MO:326814,MO:378227,similar,06
mo,MO:326814,MO:381020,similar,06
mo,MO:326814,MO:426914,similar,06
mo,MO:375879,MO:376015,similar,06
mo,MO:375879,MO:378227,similar,06
mo,MO:375879,MO:381020,similar,06
mo,MO:375879,MO:426914,similar,06
mo,MO:376015,MO:378227,similar,06
mo,MO:376015,MO:381020,similar,06
mo,MO:376015,MO:426914,similar,06
mo,MO:378227,MO:381020,similar,06
mo,MO:378227,MO:426914,similar,06
mo,MO:381020,MO:426914,similar,06
mo,MO:64186,MO:65529,similar,06
mo,MO:107915,MO:112590,similar,06
mo,MO:203517,MO:203754,similar,06
mo,MO:203517,MO:203755,similar,06
mo,MO:203517,MO:203756,similar,06
mo,MO:203754,MO:203755,similar,06
mo,MO:203754,MO:203756,similar,06
mo,MO:203755,MO:203756,similar,06
mo,MO:220642,MO:220643,strict,06
mo,MO:282460,MO:284337,similar,06
mo,MO:282460,MO:289939,similar,06
mo,MO:282460,MO:297495,similar,06
mo,MO:284337,MO:289939,similar,06
mo,MO:284337,MO:297495,similar,06
mo,MO:289939,MO:297495,similar,06
mo,MO:297498,MO:297500,similar,06
mo,MO:297498,MO:297501,similar,06
mo,MO:297498,MO:298329,similar,06
mo,MO:297500,MO:297501,similar,06
mo,MO:297500,MO:298329,similar,06
mo,MO:297501,MO:298329,similar,06
mo,MO:323930,MO:326810,similar,06
mo,MO:325014,MO:330018,similar,06
mo,MO:325014,MO:333121,similar,06
mo,MO:325014,MO:334680,similar,06
mo,MO:330018,MO:333121,similar,06
mo,MO:330018,MO:334680,similar,06
mo,MO:333121,MO:334680,similar,06
mo,MO:326751,MO:344401,similar,06
mo,MO:339999,MO:344543,similar,06
mo,MO:366941,MO:368979,similar,06
mo,MO:366941,MO:392950,similar,06
mo,MO:366941,MO:396552,similar,06
mo,MO:368979,MO:392950,similar,06
mo,MO:368979,MO:396552,similar,06
mo,MO:392950,MO:396552,similar,06
mo,MO:370689,MO:371221,similar,06
mo,MO:370689,MO:371603,similar,06
mo,MO:370689,MO:373177,similar,06
mo,MO:370689,MO:373465,similar,06
mo,MO:370689,MO:373466,similar,06
mo,MO:370689,MO:373793,similar,06
mo,MO:370689,MO:376570,similar,06
mo,MO:370689,MO:376573,similar,06
mo,MO:370689,MO:376574,similar,06
mo,MO:370689,MO:377483,similar,06
mo,MO:370689,MO:377711,similar,06
mo,MO:370689,MO:377712,similar,06
mo,MO:370689,MO:378432,similar,06
mo,MO:370689,MO:378453,similar,06
mo,MO:370689,MO:378766,similar,06
mo,MO:370689,MO:378779,similar,06
mo,MO:370689,MO:396726,similar,06
mo,MO:371221,MO:371603,similar,06
mo,MO:371221,MO:373177,similar,06
mo,MO:371221,MO:373465,similar,06
mo,MO:371221,MO:373466,similar,06
mo,MO:371221,MO:373793,similar,06
mo,MO:371221,MO:376570,similar,06
mo,MO:371221,MO:376573,similar,06
mo,MO:371221,MO:376574,similar,06
mo,MO:371221,MO:377483,similar,06
mo,MO:371221,MO:377711,similar,06
mo,MO:371221,MO:377712,similar,06
mo,MO:371221,MO:378432,similar,06
mo,MO:371221,MO:378453,similar,06
mo,MO:371221,MO:378766,similar,06
mo,MO:371221,MO:378779,similar,06
mo,MO:371221,MO:396726,similar,06
mo,MO:371603,MO:373177,similar,06
mo,MO:371603,MO:373465,similar,06
mo,MO:371603,MO:373466,similar,06
mo,MO:371603,MO:373793,similar,06
mo,MO:371603,MO:376570,similar,06
mo,MO:371603,MO:376573,similar,06
mo,MO:371603,MO:376574,similar,06
mo,MO:371603,MO:377483,similar,06
mo,MO:371603,MO:377711,similar,06
mo,MO:371603,MO:377712,similar,06
mo,MO:371603,MO:378432,similar,06
mo,MO:371603,MO:378453,similar,06
mo,MO:371603,MO:378766,similar,06
mo,MO:371603,MO:378779,similar,06
mo,MO:371603,MO:396726,similar,06
mo,MO:373177,MO:373465,similar,06
mo,MO:373177,MO:373466,similar,06
mo,MO:373177,MO:373793,similar,06
mo,MO:373177,MO:376570,similar,06
mo,MO:373177,MO:376573,similar,06
mo,MO:373177,MO:376574,similar,06
mo,MO:373177,MO:377483,similar,06
mo,MO:373177,MO:377711,similar,06
mo,MO:373177,MO:377712,similar,06
mo,MO:373177,MO:378432,similar,06
mo,MO:373177,MO:378453,similar,06
mo,MO:373177,MO:378766,similar,06
mo,MO:373177,MO:378779,similar,06
mo,MO:373177,MO:396726,similar,06
mo,MO:373465,MO:373466,similar,06
mo,MO:373465,MO:373793,similar,06
mo,MO:373465,MO:376570,similar,06
mo,MO:373465,MO:376573,similar,06
mo,MO:373465,MO:376574,similar,06
mo,MO:373465,MO:377483,similar,06
mo,MO:373465,MO:377711,similar,06
mo,MO:373465,MO:377712,similar,06
mo,MO:373465,MO:378432,similar,06
mo,MO:373465,MO:378453,similar,06
mo,MO:373465,MO:378766,similar,06
mo,MO:373465,MO:378779,similar,06
mo,MO:373465,MO:396726,similar,06
mo,MO:373466,MO:373793,similar,06
mo,MO:373466,MO:376570,similar,06
mo,MO:373466,MO:376573,similar,06
mo,MO:373466,MO:376574,similar,06
mo,MO:373466,MO:377483,similar,06
mo,MO:373466,MO:377711,similar,06
mo,MO:373466,MO:377712,similar,06
mo,MO:373466,MO:378432,similar,06
mo,MO:373466,MO:378453,similar,06
mo,MO:373466,MO:378766,similar,06
mo,MO:373466,MO:378779,similar,06
mo,MO:373466,MO:396726,similar,06
mo,MO:373793,MO:376570,similar,06
mo,MO:373793,MO:376573,similar,06
mo,MO:373793,MO:376574,similar,06
mo,MO:373793,MO:377483,similar,06
mo,MO:373793,MO:377711,similar,06
mo,MO:373793,MO:377712,similar,06
mo,MO:373793,MO:378432,similar,06
mo,MO:373793,MO:378453,similar,06
mo,MO:373793,MO:378766,similar,06
mo,MO:373793,MO:378779,similar,06
mo,MO:373793,MO:396726,similar,06
mo,MO:376570,MO:376573,similar,06
mo,MO:376570,MO:376574,similar,06
mo,MO:376570,MO:377483,similar,06
mo,MO:376570,MO:377711,similar,06
mo,MO:376570,MO:377712,similar,06
mo,MO:376570,MO:378432,similar,06
mo,MO:376570,MO:378453,similar,06
mo,MO:376570,MO:378766,similar,06
mo,MO:376570,MO:378779,similar,06
mo,MO:376570,MO:396726,similar,06
mo,MO:376573,MO:376574,similar,06
mo,MO:376573,MO:377483,similar,06
mo,MO:376573,MO:377711,similar,06
mo,MO:376573,MO:377712,similar,06
mo,MO:376573,MO:378432,similar,06
mo,MO:376573,MO:378453,similar,06
mo,MO:376573,MO:378766,similar,06
mo,MO:376573,MO:378779,similar,06
mo,MO:376573,MO:396726,similar,06
mo,MO:376574,MO:377483,similar,06
mo,MO:376574,MO:377711,similar,06
mo,MO:376574,MO:377712,similar,06
mo,MO:376574,MO:378432,similar,06
mo,MO:376574,MO:378453,similar,06
mo,MO:376574,MO:378766,similar,06
mo,MO:376574,MO:378779,similar,06
mo,MO:376574,MO:396726,similar,06
mo,MO:377483,MO:377711,similar,06
mo,MO:377483,MO:377712,similar,06
mo,MO:377483,MO:378432,similar,06
mo,MO:377483,MO:378453,similar,06
mo,MO:377483,MO:378766,similar,06
mo,MO:377483,MO:378779,similar,06
mo,MO:377483,MO:396726,similar,06
mo,MO:377711,MO:377712,similar,06
mo,MO:377711,MO:378432,similar,06
mo,MO:377711,MO:378453,similar,06
mo,MO:377711,MO:378766,similar,06
mo,MO:377711,MO:378779,similar,06
mo,MO:377711,MO:396726,similar,06
mo,MO:377712,MO:378432,similar,06
mo,MO:377712,MO:378453,similar,06
mo,MO:377712,MO:378766,similar,06
mo,MO:377712,MO:378779,similar,06
mo,MO:377712,MO:396726,similar,06
mo,MO:378432,MO:378453,similar,06
mo,MO:378432,MO:378766,similar,06
mo,MO:378432,MO:378779,similar,06
mo,MO:378432,MO:396726,similar,06
mo,MO:378453,MO:378766,similar,06
mo,MO:378453,MO:378779,similar,06
mo,MO:378453,MO:396726,similar,06
mo,MO:378766,MO:378779,similar,06
mo,MO:378766,MO:396726,similar,06
mo,MO:378779,MO:396726,similar,06
mo,MO:373151,MO:377001,similar,06
mo,MO:373151,MO:379240,similar,06
mo,MO:377001,MO:379240,similar,06
mo,MO:374404,MO:395870,similar,06
mo,MO:374404,MO:396823,similar,06
mo,MO:395870,MO:396823,similar,06
mo,MO:378226,MO:379218,similar,06
mo,MO:378226,MO:381226,similar,06
mo,MO:379218,MO:381226,similar,06
mo,MO:464906,MO:469531,strict,06
mo,MO:92204,MO:94777,similar,06
mo,MO:73214,MO:191208,similar,06
BBM,BBM:F001176,BBM:F001179,similar,06
BBM,BBM:F001191,BBM:F001196,similar,06
BBM,BBM:F001214,BBM:F001217,similar,06
BBM,BBM:F001256,BBM:F001260,similar,06
BBM,BBM:F001256,BBM:F001266,similar,06
BBM,BBM:F001260,BBM:F001266,similar,06
BBM,BBM:F001261,BBM:F001268,similar,06
BBM,BBM:F001274,BBM:F001277,similar,06
BBM,BBM:F001283,BBM:F001306,similar,06
BBM,BBM:F001298,BBM:F001300,similar,06
BBM,BBM:F001302,BBM:F001308,similar,06
BBM,BBM:F001307,BBM:F001309,similar,06
BBM,BBM:F000942,BBM:F001235,similar,06
BBM,BBM:F001223,BBM:F001232,similar,06
BBM,BBM:F001108,BBM:F001160,similar,06
BBM,BBM:F001157,BBM:F001158,similar,06
BBM,BBM:F000954,BBM:F000955,similar,06
mo,MO:316353,MO:365015,similar,06
BBM,BBM:F000978,BBM:F000981,similar,06
mo,MO:93767,MO:98025,similar,06
mo,MO:163433,MO:164264,similar,06
mo,MO:95524,MO:102706,similar,06
mo,MO:203529,MO:223679,similar,06
mo,MO:203757,MO:204291,similar,06
mo,MO:206668,MO:211723,similar,06
mo,MO:218859,MO:218903,similar,06
mo,MO:243221,MO:251326,similar,06
mo,MO:243221,MO:260680,similar,06
mo,MO:251326,MO:260680,similar,06
mo,MO:308391,MO:315796,similar,06
mo,MO:319855,MO:344432,similar,06
mo,MO:319855,MO:350911,similar,06
mo,MO:344432,MO:350911,similar,06
mo,MO:329595,MO:344430,similar,06
mo,MO:329595,MO:351373,similar,06
mo,MO:344430,MO:351373,similar,06
mo,MO:348790,MO:351382,strict,06
mo,MO:364179,MO:373295,similar,06
mo,MO:373412,MO:374175,strict,06
BBM,BBM:F001003,BBM:F001406,similar,06
mo,MO:64202,MO:102271,similar,06
mo,MO:64202,MO:480293,similar,06
mo,MO:102271,MO:480293,similar,06
mo,MO:172838,MO:174531,similar,06
mo,MO:357691,MO:372876,similar,06
mo,MO:357691,MO:377000,similar,06
mo,MO:372876,MO:377000,similar,06
mo,MO:380989,MO:411782,similar,06
mo,MO:403117,MO:442106,similar,06
mo,MO:394279,MO:395885,similar,06
BBM,BBM:F001034,BBM:F001045,similar,06
BBM,BBM:F001036,BBM:F001037,similar,06
BBM,BBM:F001036,BBM:F001042,similar,06
BBM,BBM:F001037,BBM:F001042,similar,06
BBM,BBM:F001052,BBM:F001055,similar,06
mo,MO:69841,MO:159049,similar,06
BBM,BBM:F001061,BBM:F001068,similar,06
BBM,BBM:F001063,BBM:F001069,similar,06
BBM,BBM:F001065,BBM:F001067,similar,06
mo,MO:319858,MO:323933,similar,06
mo,MO:319858,MO:325264,similar,06
mo,MO:319858,MO:329628,similar,06
mo,MO:323933,MO:325264,similar,06
mo,MO:323933,MO:329628,similar,06
mo,MO:325264,MO:329628,similar,06
mo,MO:375275,MO:414255,similar,06
mo,MO:426581,MO:430976,similar,06
BBM,BBM:F001107,BBM:F001110,similar,06
BBM,BBM:F001111,BBM:F001113,similar,06
BBM,BBM:F001111,BBM:F001115,similar,06
BBM,BBM:F001111,BBM:F001155,similar,06
BBM,BBM:F001113,BBM:F001115,similar,06
BBM,BBM:F001113,BBM:F001155,similar,06
BBM,BBM:F001115,BBM:F001155,similar,06
BBM,BBM:F001133,BBM:F001134,similar,06
BBM,BBM:F001147,BBM:F001148,similar,06
BBM,BBM:F001168,BBM:F001170,similar,06
BBM,BBM:F001169,BBM:F001171,similar,06
BBM,BBM:F001252,BBM:F001254,similar,06
mo,MO:94883,MO:94888,similar,06
mo,MO:132570,MO:132646,strict,06
mo,MO:294287,MO:295285,similar,06
mo,MO:128414,MO:141665,similar,06
mo,MO:370219,MO:374489,similar,06
mo,MO:376997,MO:378219,similar,06
mo,MO:376997,MO:378231,similar,06
mo,MO:378219,MO:378231,similar,06
BBM,BBM:F001346,BBM:F001347,similar,06
mo,MO:265213,MO:330017,similar,06
mo,MO:265213,MO:337939,similar,06
mo,MO:265213,MO:374842,similar,06
mo,MO:330017,MO:337939,similar,06
mo,MO:330017,MO:374842,similar,06
mo,MO:337939,MO:374842,similar,06
BBM,BBM:F001428,BBM:F001431,similar,06
BBM,BBM:F001428,BBM:F001433,similar,06
BBM,BBM:F001431,BBM:F001433,similar,06
mo,MO:141660,MO:142901,similar,06
mo,MO:141660,MO:146222,similar,06
mo,MO:142901,MO:146222,similar,06
mo,MO:202842,MO:205867,similar,06
mo,MO:211250,MO:215554,similar,06
mo,MO:211250,MO:227049,similar,06
mo,MO:215554,MO:227049,similar,06
mo,MO:248808,MO:253245,similar,06
mo,MO:291972,MO:292623,similar,06
mo,MO:322965,MO:330330,similar,06
mo,MO:322965,MO:334738,similar,06
mo,MO:330330,MO:334738,similar,06
mo,MO:366793,MO:366943,strict,06
mo,MO:373175,MO:373176,similar,06
mo,MO:373175,MO:373804,similar,06
mo,MO:373175,MO:374082,similar,06
mo,MO:373175,MO:376571,similar,06
mo,MO:373175,MO:376575,similar,06
mo,MO:373175,MO:378451,similar,06
mo,MO:373176,MO:373804,similar,06
mo,MO:373176,MO:374082,similar,06
mo,MO:373176,MO:376571,similar,06
mo,MO:373176,MO:376575,similar,06
mo,MO:373176,MO:378451,similar,06
mo,MO:373804,MO:374082,similar,06
mo,MO:373804,MO:376571,similar,06
mo,MO:373804,MO:376575,similar,06
mo,MO:373804,MO:378451,similar,06
mo,MO:374082,MO:376571,similar,06
mo,MO:374082,MO:376575,similar,06
mo,MO:374082,MO:378451,similar,06
mo,MO:376571,MO:376575,similar,06
mo,MO:376571,MO:378451,similar,06
mo,MO:376575,MO:378451,similar,06
mo,MO:383388,MO:385251,similar,06
mo,MO:383388,MO:391811,similar,06
mo,MO:385251,MO:391811,similar,06
mo,MO:426915,MO:429072,similar,06
mo,MO:520793,MO:531800,similar,06
mo,MO:375903,MO:379100,similar,06
mo,MO:375903,MO:381274,similar,06
mo,MO:375903,MO:407472,similar,06
mo,MO:375903,MO:414396,similar,06
mo,MO:379100,MO:381274,similar,06
mo,MO:379100,MO:407472,similar,06
mo,MO:379100,MO:414396,similar,06
mo,MO:381274,MO:407472,similar,06
mo,MO:381274,MO:414396,similar,06
mo,MO:407472,MO:414396,similar,06
mo,MO:373468,MO:374166,similar,06
mo,MO:373468,MO:389255,similar,06
mo,MO:374166,MO:389255,similar,06
mo,MO:387886,MO:388119,similar,06
mo,MO:329632,MO:336359,similar,06
mo,MO:375870,MO:378230,similar,06
mo,MO:375870,MO:383397,similar,06
mo,MO:378230,MO:383397,similar,06
BBM,BBM:F001470,BBM:F001472,similar,06
BBM,BBM:F001470,BBM:F001474,similar,06
BBM,BBM:F001472,BBM:F001474,similar,06
mo,MO:146033,MO:261555,similar,06
mo,MO:146033,MO:265292,similar,06
mo,MO:146033,MO:291973,similar,06
mo,MO:146033,MO:333226,similar,06
mo,MO:146033,MO:334815,similar,06
mo,MO:146033,MO:335478,similar,06
mo,MO:146033,MO:337941,similar,06
mo,MO:146033,MO:374163,similar,06
mo,MO:261555,MO:265292,similar,06
mo,MO:261555,MO:291973,similar,06
mo,MO:261555,MO:333226,similar,06
mo,MO:261555,MO:334815,similar,06
mo,MO:261555,MO:335478,similar,06
mo,MO:261555,MO:337941,similar,06
mo,MO:261555,MO:374163,similar,06
mo,MO:265292,MO:291973,similar,06
mo,MO:265292,MO:333226,similar,06
mo,MO:265292,MO:334815,similar,06
mo,MO:265292,MO:335478,similar,06
mo,MO:265292,MO:337941,similar,06
mo,MO:265292,MO:374163,similar,06
mo,MO:291973,MO:333226,similar,06
mo,MO:291973,MO:334815,similar,06
mo,MO:291973,MO:335478,similar,06
mo,MO:291973,MO:337941,similar,06
mo,MO:291973,MO:374163,similar,06
mo,MO:333226,MO:334815,similar,06
mo,MO:333226,MO:335478,similar,06
mo,MO:333226,MO:337941,similar,06
mo,MO:333226,MO:374163,similar,06
mo,MO:334815,MO:335478,similar,06
mo,MO:334815,MO:337941,similar,06
mo,MO:334815,MO:374163,similar,06
mo,MO:335478,MO:337941,similar,06
mo,MO:335478,MO:374163,similar,06
mo,MO:337941,MO:374163,similar,06
mo,MO:274066,MO:302977,similar,06
mo,MO:274066,MO:302978,similar,06
mo,MO:302977,MO:302978,similar,06
mo,MO:336357,MO:457175,similar,06
mo,MO:63092,MO:107854,similar,06
mo,MO:63092,MO:107916,similar,06
mo,MO:63092,MO:436731,similar,06
mo,MO:107854,MO:107916,similar,06
mo,MO:107854,MO:436731,similar,06
mo,MO:107916,MO:436731,similar,06
mo,MO:63316,MO:107766,similar,06
mo,MO:63316,MO:107945,similar,06
mo,MO:63316,MO:107952,similar,06
mo,MO:107766,MO:107945,similar,06
mo,MO:107766,MO:107952,similar,06
mo,MO:107945,MO:107952,similar,06
mo,MO:132377,MO:132378,strict,06
mo,MO:223699,MO:437285,similar,06
mo,MO:309361,MO:310984,similar,06
mo,MO:309361,MO:343798,similar,06
mo,MO:309361,MO:349136,similar,06
mo,MO:310984,MO:343798,similar,06
mo,MO:310984,MO:349136,similar,06
mo,MO:343798,MO:349136,similar,06
mo,MO:436729,MO:441989,similar,06
mo,MO:231100,MO:252264,similar,06
mo,MO:231100,MO:260889,similar,06
mo,MO:231100,MO:263996,similar,06
mo,MO:252264,MO:260889,similar,06
mo,MO:252264,MO:263996,similar,06
mo,MO:260889,MO:263996,similar,06
mo,MO:449328,MO:469613,similar,06
mo,MO:200186,MO:200691,similar,06
mo,MO:200186,MO:202170,similar,06
mo,MO:200186,MO:202331,similar,06
mo,MO:200691,MO:202170,similar,06
mo,MO:200691,MO:202331,similar,06
mo,MO:202170,MO:202331,similar,06
mo,MO:274269,MO:275437,similar,06
mo,MO:375288,MO:378425,similar,06
mo,MO:364418,MO:364480,similar,06
mo,MO:469555,MO:472573,similar,06
mo,MO:172571,MO:174296,similar,06
mo,MO:197518,MO:204592,similar,06
mo,MO:274262,MO:302209,similar,06
mo,MO:355962,MO:372637,similar,06
mo,MO:355962,MO:389266,similar,06
mo,MO:372637,MO:389266,similar,06
mo,MO:383380,MO:392250,similar,06
mo,MO:389262,MO:391805,similar,06
mo,MO:389262,MO:397522,similar,06
mo,MO:391805,MO:397522,similar,06
mo,MO:316069,MO:316356,strict,06
mo,MO:387902,MO:388089,similar,06
mo,MO:290442,MO:291974,similar,06
mo,MO:374078,MO:378221,similar,06
mo,MO:374078,MO:394287,similar,06
mo,MO:378221,MO:394287,similar,06
mo,MO:109472,MO:109474,strict,06
mo,MO:379219,MO:379242,similar,06
mo,MO:379219,MO:407476,similar,06
mo,MO:379242,MO:407476,similar,06
mo,MO:367647,MO:368583,similar,06
mo,MO:390156,MO:392357,similar,06
mo,MO:63912,MO:461509,similar,06
mo,MO:266528,MO:266566,similar,06
mo,MO:98714,MO:114633,similar,06
mo,MO:168959,MO:169166,similar,06
mo,MO:285023,MO:285026,strict,06
mo,MO:64000,MO:165193,similar,06
mo,MO:347617,MO:349800,similar,06
mo,MO:234949,MO:235021,strict,06
mo,MO:65464,MO:68150,similar,06
mo,MO:144356,MO:144538,similar,06
mo,MO:164776,MO:166514,similar,06
mo,MO:165088,MO:172797,similar,06
mo,MO:367795,MO:373736,similar,06
mo,MO:367795,MO:374837,similar,06
mo,MO:367795,MO:376999,similar,06
mo,MO:367795,MO:378424,similar,06
mo,MO:373736,MO:374837,similar,06
mo,MO:373736,MO:376999,similar,06
mo,MO:373736,MO:378424,similar,06
mo,MO:374837,MO:376999,similar,06
mo,MO:374837,MO:378424,similar,06
mo,MO:376999,MO:378424,similar,06
mo,MO:374243,MO:383396,similar,06
mo,MO:381167,MO:381168,strict,06
mo,MO:389108,MO:389261,strict,06
mo,MO:441957,MO:442104,similar,06
mo,MO:441957,MO:443318,similar,06
mo,MO:442104,MO:443318,similar,06
mo,MO:278552,MO:298720,similar,06
mo,MO:357975,MO:364551,similar,06
mo,MO:391813,MO:392249,similar,06
mo,MO:202373,MO:216284,similar,06
mo,MO:340808,MO:367411,similar,06
mo,MO:67936,MO:361632,strict,06
mo,MO:129746,MO:151558,similar,06
mo,MO:164801,MO:167549,similar,06
mo,MO:223858,MO:226459,similar,06
mo,MO:316355,MO:348425,similar,06
mo,MO:316355,MO:352150,similar,06
mo,MO:348425,MO:352150,similar,06
mo,MO:319671,MO:367414,similar,06
mo,MO:342268,MO:352289,similar,06
mo,MO:359420,MO:389101,similar,06
mo,MO:385261,MO:400440,similar,06
mo,MO:74491,MO:79361,similar,06
mo,MO:128297,MO:160380,similar,06
mo,MO:141731,MO:153801,similar,06
mo,MO:261388,MO:265046,similar,06
mo,MO:314635,MO:315948,similar,06
mo,MO:364173,MO:364177,strict,06
mo,MO:163124,MO:192511,similar,06
mo,MO:135112,MO:136701,similar,06
mo,MO:137896,MO:145346,similar,06
mo,MO:288809,MO:303562,similar,06
mo,MO:134502,MO:137908,strict,06
mo,MO:273961,MO:274607,similar,06
mo,MO:273961,MO:274804,similar,06
mo,MO:274607,MO:274804,similar,06
mo,MO:313785,MO:324334,similar,06
mo,MO:324336,MO:365014,similar,06
mo,MO:65001,MO:65428,similar,06
mo,MO:203970,MO:204021,similar,06
mo,MO:167885,MO:167886,strict,06
mo,MO:257766,MO:259516,similar,06
mo,MO:375290,MO:379227,similar,06
mo,MO:375290,MO:379249,similar,06
mo,MO:379227,MO:379249,similar,06
mo,MO:167543,MO:185346,similar,06
mo,MO:170871,MO:192969,similar,06
mo,MO:207625,MO:212104,similar,06
mo,MO:65161,MO:67613,similar,06
mo,MO:313786,MO:365013,similar,06
mo,MO:129738,MO:149940,similar,06
mo,MO:129738,MO:151874,similar,06
mo,MO:149940,MO:151874,similar,06
mo,MO:194787,MO:285075,similar,06
mo,MO:348424,MO:352793,similar,06
mo,MO:352796,MO:355508,similar,06
mo,MO:84958,MO:122947,similar,06
mo,MO:96583,MO:103652,similar,06
mo,MO:119498,MO:119846,similar,06
mo,MO:316375,MO:365016,similar,06
mo,MO:368703,MO:368704,strict,06
mo,MO:162369,MO:166885,similar,06
mo,MO:207391,MO:422307,similar,06
mo,MO:267036,MO:267038,similar,06
mo,MO:309986,MO:313784,similar,06
mo,MO:353895,MO:353961,strict,06
mo,MO:96652,MO:104494,similar,06
mo,MO:321968,MO:322119,similar,06
mo,MO:327344,MO:329637,similar,06
mo,MO:375276,MO:375881,similar,06
mo,MO:375276,MO:379251,similar,06
mo,MO:375276,MO:381021,similar,06
mo,MO:375881,MO:379251,similar,06
mo,MO:375881,MO:381021,similar,06
mo,MO:379251,MO:381021,similar,06
mo,MO:380973,MO:380987,similar,06
mo,MO:380973,MO:382936,similar,06
mo,MO:380973,MO:387914,similar,06
mo,MO:380987,MO:382936,similar,06
mo,MO:380987,MO:387914,similar,06
mo,MO:382936,MO:387914,similar,06
mo,MO:466719,MO:469297,similar,06
mo,MO:302565,MO:303450,similar,06
mo,MO:302571,MO:303464,similar,06
mo,MO:306913,MO:353948,similar,06
mo,MO:306914,MO:353950,similar,06
mo,MO:347653,MO:351208,similar,06
mo,MO:347653,MO:354983,similar,06
mo,MO:347653,MO:457176,similar,06
mo,MO:351208,MO:354983,similar,06
mo,MO:351208,MO:457176,similar,06
mo,MO:354983,MO:457176,similar,06
mo,MO:385285,MO:387904,similar,06
mo,MO:385285,MO:389107,similar,06
mo,MO:387904,MO:389107,similar,06
mo,MO:68801,MO:68838,similar,06
mo,MO:235589,MO:235972,similar,06
mo,MO:235589,MO:263292,similar,06
mo,MO:235972,MO:263292,similar,06
mo,MO:306477,MO:364996,similar,06
mo,MO:358930,MO:363630,similar,06
mo,MO:358930,MO:364175,similar,06
mo,MO:358930,MO:364849,similar,06
mo,MO:363630,MO:364175,similar,06
mo,MO:363630,MO:364849,similar,06
mo,MO:364175,MO:364849,similar,06
mo,MO:71608,MO:71647,similar,06
mo,MO:151887,MO:154379,similar,06
mo,MO:166823,MO:418041,similar,06
mo,MO:191205,MO:256645,similar,06
mo,MO:202887,MO:203279,similar,06
mo,MO:202887,MO:224193,similar,06
mo,MO:203279,MO:224193,similar,06
mo,MO:244285,MO:259675,similar,06
mo,MO:244285,MO:260682,similar,06
mo,MO:244285,MO:262097,similar,06
mo,MO:244285,MO:265142,similar,06
mo,MO:244285,MO:269403,similar,06
mo,MO:244285,MO:269434,similar,06
mo,MO:259675,MO:260682,similar,06
mo,MO:259675,MO:262097,similar,06
mo,MO:259675,MO:265142,similar,06
mo,MO:259675,MO:269403,similar,06
mo,MO:259675,MO:269434,similar,06
mo,MO:260682,MO:262097,similar,06
mo,MO:260682,MO:265142,similar,06
mo,MO:260682,MO:269403,similar,06
mo,MO:260682,MO:269434,similar,06
mo,MO:262097,MO:265142,similar,06
mo,MO:262097,MO:269403,similar,06
mo,MO:262097,MO:269434,similar,06
mo,MO:265142,MO:269403,similar,06
mo,MO:265142,MO:269434,similar,06
mo,MO:269403,MO:269434,similar,06
mo,MO:256634,MO:265045,similar,06
mo,MO:261227,MO:262090,similar,06
mo,MO:289725,MO:289868,similar,06
mo,MO:294284,MO:297358,similar,06
mo,MO:299719,MO:299720,strict,06
mo,MO:299721,MO:305545,similar,06
mo,MO:300132,MO:303591,similar,06
mo,MO:300132,MO:303592,similar,06
mo,MO:300132,MO:303594,similar,06
mo,MO:303591,MO:303592,similar,06
mo,MO:303591,MO:303594,similar,06
mo,MO:303592,MO:303594,similar,06
mo,MO:301613,MO:305216,similar,06
mo,MO:301613,MO:305469,similar,06
mo,MO:301613,MO:305476,similar,06
mo,MO:301613,MO:305544,similar,06
mo,MO:305216,MO:305469,similar,06
mo,MO:305216,MO:305476,similar,06
mo,MO:305216,MO:305544,similar,06
mo,MO:305469,MO:305476,similar,06
mo,MO:305469,MO:305544,similar,06
mo,MO:305476,MO:305544,similar,06
mo,MO:337950,MO:337951,strict,06
mo,MO:342259,MO:342262,strict,06
mo,MO:342259,MO:342266,strict,06
mo,MO:342259,MO:342267,strict,06
mo,MO:342262,MO:342266,strict,06
mo,MO:342262,MO:342267,strict,06
mo,MO:342266,MO:342267,strict,06
mo,MO:343795,MO:351196,similar,06
mo,MO:366925,MO:405887,similar,06
mo,MO:366925,MO:408653,similar,06
mo,MO:366925,MO:411578,similar,06
mo,MO:405887,MO:408653,similar,06
mo,MO:405887,MO:411578,similar,06
mo,MO:408653,MO:411578,similar,06
mo,MO:388000,MO:393108,similar,06
mo,MO:388000,MO:405895,similar,06
mo,MO:393108,MO:405895,similar,06
mo,MO:441693,MO:441757,similar,06
mo,MO:441693,MO:441847,similar,06
mo,MO:441693,MO:467628,similar,06
mo,MO:441757,MO:441847,similar,06
mo,MO:441757,MO:467628,similar,06
mo,MO:441847,MO:467628,similar,06
mo,MO:147982,MO:149527,similar,06
mo,MO:149531,MO:149532,strict,06
mo,MO:149531,MO:149537,strict,06
mo,MO:149532,MO:149537,strict,06
mo,MO:350349,MO:351374,similar,06
mo,MO:350349,MO:351612,similar,06
mo,MO:351374,MO:351612,similar,06
mo,MO:245611,MO:252053,similar,06
mo,MO:68727,MO:68840,similar,06
mo,MO:68727,MO:74488,similar,06
mo,MO:68840,MO:74488,similar,06
mo,MO:132373,MO:132781,similar,06
mo,MO:195860,MO:195911,similar,06
mo,MO:253845,MO:265417,similar,06
mo,MO:273609,MO:274428,similar,06
mo,MO:273609,MO:274432,similar,06
mo,MO:273609,MO:279372,similar,06
mo,MO:274428,MO:274432,similar,06
mo,MO:274428,MO:279372,similar,06
mo,MO:274432,MO:279372,similar,06
mo,MO:300672,MO:301951,similar,06
mo,MO:307841,MO:314357,similar,06
mo,MO:308428,MO:316062,similar,06
mo,MO:308428,MO:316071,similar,06
mo,MO:308428,MO:318720,similar,06
mo,MO:316062,MO:316071,similar,06
mo,MO:316062,MO:318720,similar,06
mo,MO:316071,MO:318720,similar,06
mo,MO:318722,MO:354982,similar,06
mo,MO:318722,MO:355910,similar,06
mo,MO:354982,MO:355910,similar,06
mo,MO:364170,MO:367809,similar,06
mo,MO:364170,MO:375411,similar,06
mo,MO:367809,MO:375411,similar,06
mo,MO:364225,MO:400189,similar,06
mo,MO:227371,MO:264933,similar,06
mo,MO:204897,MO:214792,similar,06
mo,MO:273962,MO:300664,similar,06
mo,MO:311024,MO:319032,similar,06
mo,MO:196475,MO:422306,similar,06
mo,MO:261386,MO:263008,strict,06
mo,MO:75008,MO:79215,similar,06
mo,MO:75008,MO:80094,similar,06
mo,MO:79215,MO:80094,similar,06
mo,MO:368619,MO:368701,strict,06
mo,MO:152838,MO:154963,similar,06
mo,MO:352795,MO:353952,similar,06
mo,MO:352795,MO:355898,similar,06
mo,MO:353952,MO:355898,similar,06
mo,MO:381229,MO:393258,similar,06
mo,MO:381229,MO:395869,similar,06
mo,MO:381229,MO:397542,similar,06
mo,MO:381229,MO:408651,similar,06
mo,MO:381229,MO:409375,similar,06
mo,MO:393258,MO:395869,similar,06
mo,MO:393258,MO:397542,similar,06
mo,MO:393258,MO:408651,similar,06
mo,MO:393258,MO:409375,similar,06
mo,MO:395869,MO:397542,similar,06
mo,MO:395869,MO:408651,similar,06
mo,MO:395869,MO:409375,similar,06
mo,MO:397542,MO:408651,similar,06
mo,MO:397542,MO:409375,similar,06
mo,MO:408651,MO:409375,similar,06
mo,MO:163235,MO:190563,similar,06
mo,MO:69707,MO:93224,similar,06
mo,MO:203573,MO:204903,similar,06
mo,MO:203573,MO:206543,similar,06
mo,MO:203573,MO:225792,similar,06
mo,MO:204903,MO:206543,similar,06
mo,MO:204903,MO:225792,similar,06
mo,MO:206543,MO:225792,similar,06
mo,MO:242927,MO:265041,similar,06
mo,MO:274716,MO:278324,similar,06
mo,MO:274716,MO:298337,similar,06
mo,MO:278324,MO:298337,similar,06
mo,MO:399231,MO:401773,similar,06
mo,MO:314264,MO:355894,similar,06
mo,MO:136694,MO:144649,similar,06
mo,MO:136694,MO:157516,similar,06
mo,MO:144649,MO:157516,similar,06
mo,MO:86944,MO:88548,similar,06
mo,MO:88419,MO:100200,similar,06
mo,MO:135114,MO:141946,similar,06
mo,MO:274381,MO:276752,similar,06
mo,MO:69962,MO:159702,similar,06
mo,MO:274906,MO:279758,similar,06
mo,MO:367865,MO:376972,similar,06
mo,MO:84741,MO:156815,similar,06
mo,MO:258710,MO:265134,similar,06
mo,MO:258710,MO:265144,similar,06
mo,MO:265134,MO:265144,similar,06
mo,MO:359470,MO:394676,similar,06
mo,MO:71651,MO:85115,similar,06
mo,MO:72824,MO:120142,similar,06
mo,MO:132782,MO:151390,similar,06
mo,MO:441710,MO:441758,similar,06
mo,MO:106171,MO:223081,similar,06
mo,MO:72980,MO:77976,similar,06
mo,MO:453052,MO:453054,strict,06
mo,MO:242357,MO:247784,similar,06
mo,MO:323981,MO:326763,similar,06
mo,MO:378237,MO:382935,similar,06
mo,MO:306472,MO:351378,similar,06
mo,MO:306472,MO:352858,similar,06
mo,MO:351378,MO:352858,similar,06
mo,MO:379097,MO:395883,similar,06
mo,MO:379097,MO:411788,similar,06
mo,MO:395883,MO:411788,similar,06
mo,MO:442097,MO:444797,similar,06
mo,MO:248807,MO:255252,similar,06
mo,MO:253008,MO:262032,similar,06
mo,MO:310835,MO:323931,similar,06
mo,MO:343961,MO:353897,similar,06
mo,MO:375272,MO:378506,similar,06
mo,MO:375272,MO:407475,similar,06
mo,MO:378506,MO:407475,similar,06
mo,MO:333107,MO:333517,similar,06
mo,MO:383059,MO:387881,similar,06
mo,MO:383059,MO:388018,similar,06
mo,MO:387881,MO:388018,similar,06
mo,MO:199694,MO:202260,similar,06
mo,MO:199694,MO:224981,similar,06
mo,MO:199694,MO:225746,similar,06
mo,MO:202260,MO:224981,similar,06
mo,MO:202260,MO:225746,similar,06
mo,MO:224981,MO:225746,similar,06
mo,MO:358855,MO:395871,similar,06
mo,MO:358855,MO:397534,similar,06
mo,MO:395871,MO:397534,similar,06
mo,MO:375381,MO:375880,similar,06
mo,MO:375381,MO:379222,similar,06
mo,MO:375381,MO:381288,similar,06
mo,MO:375381,MO:383384,similar,06
mo,MO:375381,MO:385257,similar,06
mo,MO:375381,MO:407473,similar,06
mo,MO:375381,MO:414095,similar,06
mo,MO:375880,MO:379222,similar,06
mo,MO:375880,MO:381288,similar,06
mo,MO:375880,MO:383384,similar,06
mo,MO:375880,MO:385257,similar,06
mo,MO:375880,MO:407473,similar,06
mo,MO:375880,MO:414095,similar,06
mo,MO:379222,MO:381288,similar,06
mo,MO:379222,MO:383384,similar,06
mo,MO:379222,MO:385257,similar,06
mo,MO:379222,MO:407473,similar,06
mo,MO:379222,MO:414095,similar,06
mo,MO:381288,MO:383384,similar,06
mo,MO:381288,MO:385257,similar,06
mo,MO:381288,MO:407473,similar,06
mo,MO:381288,MO:414095,similar,06
mo,MO:383384,MO:385257,similar,06
mo,MO:383384,MO:407473,similar,06
mo,MO:383384,MO:414095,similar,06
mo,MO:385257,MO:407473,similar,06
mo,MO:385257,MO:414095,similar,06
mo,MO:407473,MO:414095,similar,06
mo,MO:425590,MO:426916,similar,06
mo,MO:306790,MO:306915,similar,06
mo,MO:319033,MO:324401,similar,06
mo,MO:294952,MO:295745,similar,06
mo,MO:385225,MO:385253,strict,06
mo,MO:397531,MO:414104,similar,06
mo,MO:79990,MO:80494,similar,06
mo,MO:84370,MO:84729,similar,06
mo,MO:253246,MO:253253,similar,06
mo,MO:336356,MO:340006,similar,06
mo,MO:336356,MO:345111,similar,06
mo,MO:340006,MO:345111,similar,06
mo,MO:109367,MO:109369,strict,06
mo,MO:85402,MO:85403,strict,06
mo,MO:204901,MO:422308,similar,06
mo,MO:359460,MO:383020,similar,06
mo,MO:404265,MO:441725,similar,06
mo,MO:449330,MO:453572,similar,06
mo,MO:449330,MO:469612,similar,06
mo,MO:453572,MO:469612,similar,06
mo,MO:398011,MO:400494,similar,06
mo,MO:263224,MO:265137,similar,06
mo,MO:364174,MO:373738,similar,06
mo,MO:364174,MO:396556,similar,06
mo,MO:373738,MO:396556,similar,06
mo,MO:401776,MO:429706,similar,06
mo,MO:294178,MO:295431,similar,06
mo,MO:294178,MO:301917,similar,06
mo,MO:295431,MO:301917,similar,06
mo,MO:322753,MO:343610,similar,06
mo,MO:307148,MO:329640,similar,06
mo,MO:307148,MO:345531,similar,06
mo,MO:329640,MO:345531,similar,06
mo,MO:375289,MO:381011,similar,06
mo,MO:375289,MO:381022,similar,06
mo,MO:375289,MO:392356,similar,06
mo,MO:381011,MO:381022,similar,06
mo,MO:381011,MO:392356,similar,06
mo,MO:381022,MO:392356,similar,06
mo,MO:94638,MO:94776,similar,06
mo,MO:378427,MO:379223,similar,06
mo,MO:163928,MO:164061,similar,06
mo,MO:104784,MO:104800,strict,06
mo,MO:159179,MO:165753,similar,06
mo,MO:159179,MO:166736,similar,06
mo,MO:165753,MO:166736,similar,06
mo,MO:202330,MO:204893,similar,06
mo,MO:202330,MO:224145,similar,06
mo,MO:204893,MO:224145,similar,06
mo,MO:306489,MO:313325,similar,06
mo,MO:349918,MO:355506,similar,06
mo,MO:333685,MO:334874,similar,06
mo,MO:378234,MO:379245,similar,06
mo,MO:144964,MO:146180,similar,06
mo,MO:273960,MO:280199,similar,06
mo,MO:394679,MO:397496,similar,06
mo,MO:127336,MO:129022,similar,06
mo,MO:204317,MO:422303,similar,06
mo,MO:241105,MO:241478,similar,06
mo,MO:241105,MO:241485,similar,06
mo,MO:241478,MO:241485,similar,06
mo,MO:292425,MO:308635,similar,06
mo,MO:148125,MO:153598,similar,06
mo,MO:220180,MO:220733,similar,06
mo,MO:306783,MO:311001,similar,06
mo,MO:306783,MO:350780,similar,06
mo,MO:306783,MO:365007,similar,06
mo,MO:311001,MO:350780,similar,06
mo,MO:311001,MO:365007,similar,06
mo,MO:350780,MO:365007,similar,06
mo,MO:373150,MO:396761,similar,06
mo,MO:155785,MO:160704,similar,06
mo,MO:159689,MO:163335,similar,06
mo,MO:363621,MO:367838,similar,06
mo,MO:324475,MO:324500,similar,06
mo,MO:388081,MO:409309,similar,06
mo,MO:167106,MO:170836,similar,06
mo,MO:168886,MO:168993,similar,06
mo,MO:169697,MO:171937,similar,06
mo,MO:381290,MO:383389,similar,06
mo,MO:301934,MO:303559,similar,06
mo,MO:311021,MO:324333,similar,06
mo,MO:347645,MO:351206,similar,06
mo,MO:235904,MO:263994,similar,06
mo,MO:239413,MO:263226,similar,06
mo,MO:246160,MO:246161,strict,06
mo,MO:363627,MO:400438,similar,06
mo,MO:268754,MO:536493,strict,06
mo,MO:268893,MO:273193,similar,06
mo,MO:274286,MO:280674,similar,06
mo,MO:274815,MO:279519,similar,06
mo,MO:275035,MO:275621,strict,06
mo,MO:275282,MO:298362,similar,06
mo,MO:275782,MO:288815,similar,06
mo,MO:316648,MO:341957,similar,06
mo,MO:316648,MO:352861,similar,06
mo,MO:341957,MO:352861,similar,06
mo,MO:367835,MO:381280,similar,06
mo,MO:367835,MO:398348,similar,06
mo,MO:381280,MO:398348,similar,06
mo,MO:294283,MO:306965,similar,06
mo,MO:329636,MO:336930,similar,06
mo,MO:361893,MO:366040,similar,06
mo,MO:401068,MO:403116,similar,06
mo,MO:401068,MO:404253,similar,06
mo,MO:403116,MO:404253,similar,06
mo,MO:472091,MO:472583,similar,06
